entry_id,group,mechanism,historical_training_path,current_public_path,original_text,vlm_formalized_text,semantic_surface_text,semantic_text,vlm_alphabetic_token_length,semantic_alphabetic_token_length,removed_template_context,rules_applied,source_training_mixture_weight,semantic_analysis_weight
cmr_versius:00,cmr_versius,CMR_STATE_PROMPT,cmr-surgical-60hz/cholecystectomy_phase_gesture_prompts_v1,cmr_surgical/cholecystectomy,arm left: -1. left instrument: Tool #3 (None). arm right: -1. right instrument: Tool #3 (None). do a cholecystectomy,arm left 1 left instrument tool 3 none arm right 1 right instrument tool 3 none do a cholecystectomy,cholecystectomy,cholecystectomy,15,1,arm left: -1. left instrument: Tool #3 (None). arm right: -1. right instrument: Tool #3 (None),strip_cmr_state_template | strip_cmr_do_carrier,0.0016597836366662167,0.0016604091274955185
cmr_versius:00,cmr_versius,CMR_STATE_PROMPT,cmr-surgical-60hz/cholecystectomy_phase_gesture_prompts_v1,cmr_surgical/cholecystectomy,arm left: 1. left instrument: Tool #13 (Blue). arm right: -1. right instrument: Tool #3 (None). do a cholecystectomy,arm left 1 left instrument tool 13 blue arm right 1 right instrument tool 3 none do a cholecystectomy,cholecystectomy,cholecystectomy,15,1,arm left: 1. left instrument: Tool #13 (Blue). arm right: -1. right instrument: Tool #3 (None),strip_cmr_state_template | strip_cmr_do_carrier,6.908958560335592e-05,6.911562207054387e-05
cmr_versius:00,cmr_versius,CMR_STATE_PROMPT,cmr-surgical-60hz/cholecystectomy_phase_gesture_prompts_v1,cmr_surgical/cholecystectomy,arm left: 1. left instrument: Tool #13 (Blue). arm right: 2. right instrument: Tool #9 (Cyan). do a cholecystectomy,arm left 1 left instrument tool 13 blue arm right 2 right instrument tool 9 cyan do a cholecystectomy,cholecystectomy,cholecystectomy,15,1,arm left: 1. left instrument: Tool #13 (Blue). arm right: 2. right instrument: Tool #9 (Cyan),strip_cmr_state_template | strip_cmr_do_carrier,0.0002579701678799908,0.0002580673841500382
cmr_versius:00,cmr_versius,CMR_STATE_PROMPT,cmr-surgical-60hz/cholecystectomy_phase_gesture_prompts_v1,cmr_surgical/cholecystectomy,arm left: -1. left instrument: Tool #3 (None). arm right: 2. right instrument: Tool #9 (Cyan). do a cholecystectomy,arm left 1 left instrument tool 3 none arm right 2 right instrument tool 9 cyan do a cholecystectomy,cholecystectomy,cholecystectomy,15,1,arm left: -1. left instrument: Tool #3 (None). arm right: 2. right instrument: Tool #9 (Cyan),strip_cmr_state_template | strip_cmr_do_carrier,2.7674693124742934e-05,2.7685122355620302e-05
cmr_versius:00,cmr_versius,CMR_STATE_PROMPT,cmr-surgical-60hz/cholecystectomy_phase_gesture_prompts_v1,cmr_surgical/cholecystectomy,arm left: -1. left instrument: Tool #3 (None). arm right: 0. right instrument: Tool #14 (White). do a cholecystectomy,arm left 1 left instrument tool 3 none arm right 0 right instrument tool 14 white do a cholecystectomy,cholecystectomy,cholecystectomy,15,1,arm left: -1. left instrument: Tool #3 (None). arm right: 0. right instrument: Tool #14 (White),strip_cmr_state_template | strip_cmr_do_carrier,0.00025064168428721415,0.00025073613881218906
cmr_versius:00,cmr_versius,CMR_STATE_PROMPT,cmr-surgical-60hz/cholecystectomy_phase_gesture_prompts_v1,cmr_surgical/cholecystectomy,arm left: 1. left instrument: Tool #13 (Blue). arm right: 0. right instrument: Tool #14 (White). do a cholecystectomy,arm left 1 left instrument tool 13 blue arm right 0 right instrument tool 14 white do a cholecystectomy,cholecystectomy,cholecystectomy,15,1,arm left: 1. left instrument: Tool #13 (Blue). arm right: 0. right instrument: Tool #14 (White),strip_cmr_state_template | strip_cmr_do_carrier,0.00011503172663349116,0.00011507507643433178
cmr_versius:00,cmr_versius,CMR_STATE_PROMPT,cmr-surgical-60hz/cholecystectomy_phase_gesture_prompts_v1,cmr_surgical/cholecystectomy,arm left: 1. left instrument: Tool #0 (Blue). arm right: -1. right instrument: Tool #3 (None). do a cholecystectomy,arm left 1 left instrument tool 0 blue arm right 1 right instrument tool 3 none do a cholecystectomy,cholecystectomy,cholecystectomy,15,1,arm left: 1. left instrument: Tool #0 (Blue). arm right: -1. right instrument: Tool #3 (None),strip_cmr_state_template | strip_cmr_do_carrier,0.0001588366290765953,0.00015889648679096835
cmr_versius:00,cmr_versius,CMR_STATE_PROMPT,cmr-surgical-60hz/cholecystectomy_phase_gesture_prompts_v1,cmr_surgical/cholecystectomy,arm left: 1. left instrument: Tool #0 (Blue). arm right: 2. right instrument: Tool #8 (Green). do a cholecystectomy,arm left 1 left instrument tool 0 blue arm right 2 right instrument tool 8 green do a cholecystectomy,cholecystectomy,cholecystectomy,15,1,arm left: 1. left instrument: Tool #0 (Blue). arm right: 2. right instrument: Tool #8 (Green),strip_cmr_state_template | strip_cmr_do_carrier,0.005758284773177248,0.0057604547875324714
cmr_versius:00,cmr_versius,CMR_STATE_PROMPT,cmr-surgical-60hz/cholecystectomy_phase_gesture_prompts_v1,cmr_surgical/cholecystectomy,arm left: -1. left instrument: Tool #3 (None). arm right: 2. right instrument: Tool #8 (Green). do a cholecystectomy,arm left 1 left instrument tool 3 none arm right 2 right instrument tool 8 green do a cholecystectomy,cholecystectomy,cholecystectomy,15,1,arm left: -1. left instrument: Tool #3 (None). arm right: 2. right instrument: Tool #8 (Green),strip_cmr_state_template | strip_cmr_do_carrier,0.00013416878353148836,0.00013421934514796873
cmr_versius:00,cmr_versius,CMR_STATE_PROMPT,cmr-surgical-60hz/cholecystectomy_phase_gesture_prompts_v1,cmr_surgical/cholecystectomy,arm left: 0. left instrument: Tool #14 (White). arm right: 0. right instrument: Tool #14 (White). do a cholecystectomy,arm left 0 left instrument tool 14 white arm right 0 right instrument tool 14 white do a cholecystectomy,cholecystectomy,cholecystectomy,15,1,arm left: 0. left instrument: Tool #14 (White). arm right: 0. right instrument: Tool #14 (White),strip_cmr_state_template | strip_cmr_do_carrier,0.0006081792522901213,0.0006084084451418132
cmr_versius:00,cmr_versius,CMR_STATE_PROMPT,cmr-surgical-60hz/cholecystectomy_phase_gesture_prompts_v1,cmr_surgical/cholecystectomy,arm left: 1. left instrument: Tool #0 (Blue). arm right: 2. right instrument: Tool #9 (Cyan). do a cholecystectomy,arm left 1 left instrument tool 0 blue arm right 2 right instrument tool 9 cyan do a cholecystectomy,cholecystectomy,cholecystectomy,15,1,arm left: 1. left instrument: Tool #0 (Blue). arm right: 2. right instrument: Tool #9 (Cyan),strip_cmr_state_template | strip_cmr_do_carrier,0.00030754165316559636,0.00030765755049066566
cmr_versius:00,cmr_versius,CMR_STATE_PROMPT,cmr-surgical-60hz/cholecystectomy_phase_gesture_prompts_v1,cmr_surgical/cholecystectomy,arm left: 1. left instrument: Tool #0 (Blue). arm right: 0. right instrument: Tool #14 (White). do a cholecystectomy,arm left 1 left instrument tool 0 blue arm right 0 right instrument tool 14 white do a cholecystectomy,cholecystectomy,cholecystectomy,15,1,arm left: 1. left instrument: Tool #0 (Blue). arm right: 0. right instrument: Tool #14 (White),strip_cmr_state_template | strip_cmr_do_carrier,7.328106322064029e-05,7.330867924961746e-05
cmr_versius:00,cmr_versius,CMR_STATE_PROMPT,cmr-surgical-60hz/cholecystectomy_phase_gesture_prompts_v1,cmr_surgical/cholecystectomy,arm left: -1. left instrument: Tool #3 (None). arm right: 2. right instrument: Tool #9 (Orange). do a cholecystectomy,arm left 1 left instrument tool 3 none arm right 2 right instrument tool 9 orange do a cholecystectomy,cholecystectomy,cholecystectomy,15,1,arm left: -1. left instrument: Tool #3 (None). arm right: 2. right instrument: Tool #9 (Orange),strip_cmr_state_template | strip_cmr_do_carrier,9.701516375199572e-06,9.705172399628876e-06
cmr_versius:00,cmr_versius,CMR_STATE_PROMPT,cmr-surgical-60hz/cholecystectomy_phase_gesture_prompts_v1,cmr_surgical/cholecystectomy,arm left: 1. left instrument: Tool #13 (Green). arm right: 2. right instrument: Tool #9 (Orange). do a cholecystectomy,arm left 1 left instrument tool 13 green arm right 2 right instrument tool 9 orange do a cholecystectomy,cholecystectomy,cholecystectomy,15,1,arm left: 1. left instrument: Tool #13 (Green). arm right: 2. right instrument: Tool #9 (Orange),strip_cmr_state_template | strip_cmr_do_carrier,0.0002011833802153966,0.00020125919633778313
cmr_versius:00,cmr_versius,CMR_STATE_PROMPT,cmr-surgical-60hz/cholecystectomy_phase_gesture_prompts_v1,cmr_surgical/cholecystectomy,arm left: 1. left instrument: Tool #13 (Green). arm right: -1. right instrument: Tool #3 (None). do a cholecystectomy,arm left 1 left instrument tool 13 green arm right 1 right instrument tool 3 none do a cholecystectomy,cholecystectomy,cholecystectomy,15,1,arm left: 1. left instrument: Tool #13 (Green). arm right: -1. right instrument: Tool #3 (None),strip_cmr_state_template | strip_cmr_do_carrier,2.2136359063380706e-05,2.2144701168509593e-05
cmr_versius:00,cmr_versius,CMR_STATE_PROMPT,cmr-surgical-60hz/cholecystectomy_phase_gesture_prompts_v1,cmr_surgical/cholecystectomy,arm left: 1. left instrument: Tool #13 (Green). arm right: 0. right instrument: Tool #14 (White). do a cholecystectomy,arm left 1 left instrument tool 13 green arm right 0 right instrument tool 14 white do a cholecystectomy,cholecystectomy,cholecystectomy,15,1,arm left: 1. left instrument: Tool #13 (Green). arm right: 0. right instrument: Tool #14 (White),strip_cmr_state_template | strip_cmr_do_carrier,6.286273249144969e-05,6.28864223639184e-05
cmr_versius:00,cmr_versius,CMR_STATE_PROMPT,cmr-surgical-60hz/cholecystectomy_phase_gesture_prompts_v1,cmr_surgical/cholecystectomy,arm left: 1. left instrument: Tool #13 (Cyan). arm right: -1. right instrument: Tool #3 (None). do a cholecystectomy,arm left 1 left instrument tool 13 cyan arm right 1 right instrument tool 3 none do a cholecystectomy,cholecystectomy,cholecystectomy,15,1,arm left: 1. left instrument: Tool #13 (Cyan). arm right: -1. right instrument: Tool #3 (None),strip_cmr_state_template | strip_cmr_do_carrier,9.8958107922024e-06,9.899540036642635e-06
cmr_versius:00,cmr_versius,CMR_STATE_PROMPT,cmr-surgical-60hz/cholecystectomy_phase_gesture_prompts_v1,cmr_surgical/cholecystectomy,arm left: 1. left instrument: Tool #13 (Cyan). arm right: 2. right instrument: Tool #9 (Blue). do a cholecystectomy,arm left 1 left instrument tool 13 cyan arm right 2 right instrument tool 9 blue do a cholecystectomy,cholecystectomy,cholecystectomy,15,1,arm left: 1. left instrument: Tool #13 (Cyan). arm right: 2. right instrument: Tool #9 (Blue),strip_cmr_state_template | strip_cmr_do_carrier,0.00024973812093047283,0.0002498322349468532
cmr_versius:00,cmr_versius,CMR_STATE_PROMPT,cmr-surgical-60hz/cholecystectomy_phase_gesture_prompts_v1,cmr_surgical/cholecystectomy,arm left: -1. left instrument: Tool #3 (None). arm right: 2. right instrument: Tool #9 (Blue). do a cholecystectomy,arm left 1 left instrument tool 3 none arm right 2 right instrument tool 9 blue do a cholecystectomy,cholecystectomy,cholecystectomy,15,1,arm left: -1. left instrument: Tool #3 (None). arm right: 2. right instrument: Tool #9 (Blue),strip_cmr_state_template | strip_cmr_do_carrier,5.134843034207807e-05,5.136778104030674e-05
cmr_versius:00,cmr_versius,CMR_STATE_PROMPT,cmr-surgical-60hz/cholecystectomy_phase_gesture_prompts_v1,cmr_surgical/cholecystectomy,arm left: 1. left instrument: Tool #13 (Cyan). arm right: 0. right instrument: Tool #14 (White). do a cholecystectomy,arm left 1 left instrument tool 13 cyan arm right 0 right instrument tool 14 white do a cholecystectomy,cholecystectomy,cholecystectomy,15,1,arm left: 1. left instrument: Tool #13 (Cyan). arm right: 0. right instrument: Tool #14 (White),strip_cmr_state_template | strip_cmr_do_carrier,2.6673039382718637e-05,2.668309113955907e-05
cmr_versius:00,cmr_versius,CMR_STATE_PROMPT,cmr-surgical-60hz/cholecystectomy_phase_gesture_prompts_v1,cmr_surgical/cholecystectomy,arm left: 1. left instrument: Tool #13 (Blue). arm right: 3. right instrument: Tool #8 (Pink). do a cholecystectomy,arm left 1 left instrument tool 13 blue arm right 3 right instrument tool 8 pink do a cholecystectomy,cholecystectomy,cholecystectomy,15,1,arm left: 1. left instrument: Tool #13 (Blue). arm right: 3. right instrument: Tool #8 (Pink),strip_cmr_state_template | strip_cmr_do_carrier,0.0015061175027061722,0.0015066850843264404
cmr_versius:00,cmr_versius,CMR_STATE_PROMPT,cmr-surgical-60hz/cholecystectomy_phase_gesture_prompts_v1,cmr_surgical/cholecystectomy,arm left: -1. left instrument: Tool #3 (None). arm right: 3. right instrument: Tool #8 (Pink). do a cholecystectomy,arm left 1 left instrument tool 3 none arm right 3 right instrument tool 8 pink do a cholecystectomy,cholecystectomy,cholecystectomy,15,1,arm left: -1. left instrument: Tool #3 (None). arm right: 3. right instrument: Tool #8 (Pink),strip_cmr_state_template | strip_cmr_do_carrier,4.971296180284067e-05,4.973169617340451e-05
cmr_versius:00,cmr_versius,CMR_STATE_PROMPT,cmr-surgical-60hz/cholecystectomy_phase_gesture_prompts_v1,cmr_surgical/cholecystectomy,arm left: 1. left instrument: Tool #0 (Orange). arm right: -1. right instrument: Tool #3 (None). do a cholecystectomy,arm left 1 left instrument tool 0 orange arm right 1 right instrument tool 3 none do a cholecystectomy,cholecystectomy,cholecystectomy,15,1,arm left: 1. left instrument: Tool #0 (Orange). arm right: -1. right instrument: Tool #3 (None),strip_cmr_state_template | strip_cmr_do_carrier,3.794777462957219e-05,3.79620752796683e-05
cmr_versius:00,cmr_versius,CMR_STATE_PROMPT,cmr-surgical-60hz/cholecystectomy_phase_gesture_prompts_v1,cmr_surgical/cholecystectomy,arm left: 1. left instrument: Tool #0 (Orange). arm right: 2. right instrument: Tool #9 (Blue). do a cholecystectomy,arm left 1 left instrument tool 0 orange arm right 2 right instrument tool 9 blue do a cholecystectomy,cholecystectomy,cholecystectomy,15,1,arm left: 1. left instrument: Tool #0 (Orange). arm right: 2. right instrument: Tool #9 (Blue),strip_cmr_state_template | strip_cmr_do_carrier,0.0003165791730865727,0.0003166984762084611
cmr_versius:00,cmr_versius,CMR_STATE_PROMPT,cmr-surgical-60hz/cholecystectomy_phase_gesture_prompts_v1,cmr_surgical/cholecystectomy,arm left: 1. left instrument: Tool #0 (Orange). arm right: 0. right instrument: Tool #14 (White). do a cholecystectomy,arm left 1 left instrument tool 0 orange arm right 0 right instrument tool 14 white do a cholecystectomy,cholecystectomy,cholecystectomy,15,1,arm left: 1. left instrument: Tool #0 (Orange). arm right: 0. right instrument: Tool #14 (White),strip_cmr_state_template | strip_cmr_do_carrier,5.4981547304674685e-05,5.500226714602038e-05
cmr_versius:00,cmr_versius,CMR_STATE_PROMPT,cmr-surgical-60hz/cholecystectomy_phase_gesture_prompts_v1,cmr_surgical/cholecystectomy,arm left: -1. left instrument: Tool #3 (None). arm right: 2. right instrument: Tool #8 (Blue). do a cholecystectomy,arm left 1 left instrument tool 3 none arm right 2 right instrument tool 8 blue do a cholecystectomy,cholecystectomy,cholecystectomy,15,1,arm left: -1. left instrument: Tool #3 (None). arm right: 2. right instrument: Tool #8 (Blue),strip_cmr_state_template | strip_cmr_do_carrier,7.745179094873015e-05,7.748097871988371e-05
cmr_versius:00,cmr_versius,CMR_STATE_PROMPT,cmr-surgical-60hz/cholecystectomy_phase_gesture_prompts_v1,cmr_surgical/cholecystectomy,arm left: 1. left instrument: Tool #0 (Orange). arm right: 2. right instrument: Tool #8 (Blue). do a cholecystectomy,arm left 1 left instrument tool 0 orange arm right 2 right instrument tool 8 blue do a cholecystectomy,cholecystectomy,cholecystectomy,15,1,arm left: 1. left instrument: Tool #0 (Orange). arm right: 2. right instrument: Tool #8 (Blue),strip_cmr_state_template | strip_cmr_do_carrier,0.00018394965406260186,0.00018401897564110622
cmr_versius:00,cmr_versius,CMR_STATE_PROMPT,cmr-surgical-60hz/cholecystectomy_phase_gesture_prompts_v1,cmr_surgical/cholecystectomy,arm left: 1. left instrument: Tool #0 (Cyan). arm right: -1. right instrument: Tool #3 (None). do a cholecystectomy,arm left 1 left instrument tool 0 cyan arm right 1 right instrument tool 3 none do a cholecystectomy,cholecystectomy,cholecystectomy,15,1,arm left: 1. left instrument: Tool #0 (Cyan). arm right: -1. right instrument: Tool #3 (None),strip_cmr_state_template | strip_cmr_do_carrier,5.9440887127924106e-05,5.9463287475151746e-05
cmr_versius:00,cmr_versius,CMR_STATE_PROMPT,cmr-surgical-60hz/cholecystectomy_phase_gesture_prompts_v1,cmr_surgical/cholecystectomy,arm left: 1. left instrument: Tool #0 (Cyan). arm right: 2. right instrument: Tool #9 (Purple). do a cholecystectomy,arm left 1 left instrument tool 0 cyan arm right 2 right instrument tool 9 purple do a cholecystectomy,cholecystectomy,cholecystectomy,15,1,arm left: 1. left instrument: Tool #0 (Cyan). arm right: 2. right instrument: Tool #9 (Purple),strip_cmr_state_template | strip_cmr_do_carrier,4.735879255604909e-05,4.7376639755995055e-05
cmr_versius:00,cmr_versius,CMR_STATE_PROMPT,cmr-surgical-60hz/cholecystectomy_phase_gesture_prompts_v1,cmr_surgical/cholecystectomy,arm left: 0. left instrument: Tool #14 (White). arm right: -1. right instrument: Tool #3 (None). do a cholecystectomy,arm left 0 left instrument tool 14 white arm right 1 right instrument tool 3 none do a cholecystectomy,cholecystectomy,cholecystectomy,15,1,arm left: 0. left instrument: Tool #14 (White). arm right: -1. right instrument: Tool #3 (None),strip_cmr_state_template | strip_cmr_do_carrier,0.000133910353093339,0.0001339608173200961
cmr_versius:00,cmr_versius,CMR_STATE_PROMPT,cmr-surgical-60hz/cholecystectomy_phase_gesture_prompts_v1,cmr_surgical/cholecystectomy,arm left: 1. left instrument: Tool #0 (Cyan). arm right: 0. right instrument: Tool #14 (White). do a cholecystectomy,arm left 1 left instrument tool 0 cyan arm right 0 right instrument tool 14 white do a cholecystectomy,cholecystectomy,cholecystectomy,15,1,arm left: 1. left instrument: Tool #0 (Cyan). arm right: 0. right instrument: Tool #14 (White),strip_cmr_state_template | strip_cmr_do_carrier,1.2636682519436502e-05,1.2641444663642589e-05
cmr_versius:00,cmr_versius,CMR_STATE_PROMPT,cmr-surgical-60hz/cholecystectomy_phase_gesture_prompts_v1,cmr_surgical/cholecystectomy,arm left: 1. left instrument: Tool #0 (Orange). arm right: 2. right instrument: Tool #13 (Blue). do a cholecystectomy,arm left 1 left instrument tool 0 orange arm right 2 right instrument tool 13 blue do a cholecystectomy,cholecystectomy,cholecystectomy,15,1,arm left: 1. left instrument: Tool #0 (Orange). arm right: 2. right instrument: Tool #13 (Blue),strip_cmr_state_template | strip_cmr_do_carrier,4.809258409210832e-05,4.8110707821998474e-05
cmr_versius:00,cmr_versius,CMR_STATE_PROMPT,cmr-surgical-60hz/cholecystectomy_phase_gesture_prompts_v1,cmr_surgical/cholecystectomy,arm left: -1. left instrument: Tool #3 (None). arm right: 2. right instrument: Tool #8 (Pink). do a cholecystectomy,arm left 1 left instrument tool 3 none arm right 2 right instrument tool 8 pink do a cholecystectomy,cholecystectomy,cholecystectomy,15,1,arm left: -1. left instrument: Tool #3 (None). arm right: 2. right instrument: Tool #8 (Pink),strip_cmr_state_template | strip_cmr_do_carrier,6.320793519350325e-05,6.323175515589428e-05
cmr_versius:00,cmr_versius,CMR_STATE_PROMPT,cmr-surgical-60hz/cholecystectomy_phase_gesture_prompts_v1,cmr_surgical/cholecystectomy,arm left: 1. left instrument: Tool #0 (Green). arm right: 2. right instrument: Tool #8 (Pink). do a cholecystectomy,arm left 1 left instrument tool 0 green arm right 2 right instrument tool 8 pink do a cholecystectomy,cholecystectomy,cholecystectomy,15,1,arm left: 1. left instrument: Tool #0 (Green). arm right: 2. right instrument: Tool #8 (Pink),strip_cmr_state_template | strip_cmr_do_carrier,0.001723287729369132,0.001723937151768026
cmr_versius:00,cmr_versius,CMR_STATE_PROMPT,cmr-surgical-60hz/cholecystectomy_phase_gesture_prompts_v1,cmr_surgical/cholecystectomy,arm left: 1. left instrument: Tool #0 (Green). arm right: -1. right instrument: Tool #3 (None). do a cholecystectomy,arm left 1 left instrument tool 0 green arm right 1 right instrument tool 3 none do a cholecystectomy,cholecystectomy,cholecystectomy,15,1,arm left: 1. left instrument: Tool #0 (Green). arm right: -1. right instrument: Tool #3 (None),strip_cmr_state_template | strip_cmr_do_carrier,0.00012068324190864147,0.00012072872148766413
cmr_versius:00,cmr_versius,CMR_STATE_PROMPT,cmr-surgical-60hz/cholecystectomy_phase_gesture_prompts_v1,cmr_surgical/cholecystectomy,arm left: 1. left instrument: Tool #0 (Pink). arm right: 2. right instrument: Tool #8 (Green). do a cholecystectomy,arm left 1 left instrument tool 0 pink arm right 2 right instrument tool 8 green do a cholecystectomy,cholecystectomy,cholecystectomy,15,1,arm left: 1. left instrument: Tool #0 (Pink). arm right: 2. right instrument: Tool #8 (Green),strip_cmr_state_template | strip_cmr_do_carrier,0.0019312299144012383,0.0019319576999836758
cmr_versius:00,cmr_versius,CMR_STATE_PROMPT,cmr-surgical-60hz/cholecystectomy_phase_gesture_prompts_v1,cmr_surgical/cholecystectomy,arm left: 1. left instrument: Tool #0 (Pink). arm right: -1. right instrument: Tool #3 (None). do a cholecystectomy,arm left 1 left instrument tool 0 pink arm right 1 right instrument tool 3 none do a cholecystectomy,cholecystectomy,cholecystectomy,15,1,arm left: 1. left instrument: Tool #0 (Pink). arm right: -1. right instrument: Tool #3 (None),strip_cmr_state_template | strip_cmr_do_carrier,9.9435355373497e-05,9.947282766899414e-05
cmr_versius:00,cmr_versius,CMR_STATE_PROMPT,cmr-surgical-60hz/cholecystectomy_phase_gesture_prompts_v1,cmr_surgical/cholecystectomy,arm left: 2. left instrument: Tool #0 (Pink). arm right: -1. right instrument: Tool #3 (None). do a cholecystectomy,arm left 2 left instrument tool 0 pink arm right 1 right instrument tool 3 none do a cholecystectomy,cholecystectomy,cholecystectomy,15,1,arm left: 2. left instrument: Tool #0 (Pink). arm right: -1. right instrument: Tool #3 (None),strip_cmr_state_template | strip_cmr_do_carrier,7.828367287007237e-06,7.831317413661254e-06
cmr_versius:00,cmr_versius,CMR_STATE_PROMPT,cmr-surgical-60hz/cholecystectomy_phase_gesture_prompts_v1,cmr_surgical/cholecystectomy,arm left: -1. left instrument: Tool #3 (None). arm right: 1. right instrument: Tool #8 (Blue). do a cholecystectomy,arm left 1 left instrument tool 3 none arm right 1 right instrument tool 8 blue do a cholecystectomy,cholecystectomy,cholecystectomy,15,1,arm left: -1. left instrument: Tool #3 (None). arm right: 1. right instrument: Tool #8 (Blue),strip_cmr_state_template | strip_cmr_do_carrier,2.9374297685126915e-05,2.9385367413381458e-05
cmr_versius:00,cmr_versius,CMR_STATE_PROMPT,cmr-surgical-60hz/cholecystectomy_phase_gesture_prompts_v1,cmr_surgical/cholecystectomy,arm left: 2. left instrument: Tool #0 (Pink). arm right: 1. right instrument: Tool #8 (Blue). do a cholecystectomy,arm left 2 left instrument tool 0 pink arm right 1 right instrument tool 8 blue do a cholecystectomy,cholecystectomy,cholecystectomy,15,1,arm left: 2. left instrument: Tool #0 (Pink). arm right: 1. right instrument: Tool #8 (Blue),strip_cmr_state_template | strip_cmr_do_carrier,0.000547008578944803,0.0005472147195779079
cmr_versius:00,cmr_versius,CMR_STATE_PROMPT,cmr-surgical-60hz/cholecystectomy_phase_gesture_prompts_v1,cmr_surgical/cholecystectomy,arm left: 0. left instrument: Tool #14 (White). arm right: 2. right instrument: Tool #8 (Green). do a cholecystectomy,arm left 0 left instrument tool 14 white arm right 2 right instrument tool 8 green do a cholecystectomy,cholecystectomy,cholecystectomy,15,1,arm left: 0. left instrument: Tool #14 (White). arm right: 2. right instrument: Tool #8 (Green),strip_cmr_state_template | strip_cmr_do_carrier,3.029483822393644e-06,3.030625485865054e-06
cmr_versius:00,cmr_versius,CMR_STATE_PROMPT,cmr-surgical-60hz/cholecystectomy_phase_gesture_prompts_v1,cmr_surgical/cholecystectomy,arm left: 1. left instrument: Tool #0 (Green). arm right: 2. right instrument: Tool #9 (Cyan). do a cholecystectomy,arm left 1 left instrument tool 0 green arm right 2 right instrument tool 9 cyan do a cholecystectomy,cholecystectomy,cholecystectomy,15,1,arm left: 1. left instrument: Tool #0 (Green). arm right: 2. right instrument: Tool #9 (Cyan),strip_cmr_state_template | strip_cmr_do_carrier,0.00018498337581519944,0.00018505308695259692
cmr_versius:00,cmr_versius,CMR_STATE_PROMPT,cmr-surgical-60hz/cholecystectomy_phase_gesture_prompts_v1,cmr_surgical/cholecystectomy,arm left: 1. left instrument: Tool #0 (Green). arm right: 0. right instrument: Tool #17 (White). do a cholecystectomy,arm left 1 left instrument tool 0 green arm right 0 right instrument tool 17 white do a cholecystectomy,cholecystectomy,cholecystectomy,15,1,arm left: 1. left instrument: Tool #0 (Green). arm right: 0. right instrument: Tool #17 (White),strip_cmr_state_template | strip_cmr_do_carrier,9.999560238174788e-06,1.0003328580679112e-05
cmr_versius:00,cmr_versius,CMR_STATE_PROMPT,cmr-surgical-60hz/cholecystectomy_phase_gesture_prompts_v1,cmr_surgical/cholecystectomy,arm left: 1. left instrument: Tool #0 (Green). arm right: 2. right instrument: Tool #8 (Blue). do a cholecystectomy,arm left 1 left instrument tool 0 green arm right 2 right instrument tool 8 blue do a cholecystectomy,cholecystectomy,cholecystectomy,15,1,arm left: 1. left instrument: Tool #0 (Green). arm right: 2. right instrument: Tool #8 (Blue),strip_cmr_state_template | strip_cmr_do_carrier,0.002725350810116632,0.002726377860812096
cmr_versius:00,cmr_versius,CMR_STATE_PROMPT,cmr-surgical-60hz/cholecystectomy_phase_gesture_prompts_v1,cmr_surgical/cholecystectomy,arm left: 2. left instrument: Tool #0 (Green). arm right: -1. right instrument: Tool #3 (None). do a cholecystectomy,arm left 2 left instrument tool 0 green arm right 1 right instrument tool 3 none do a cholecystectomy,cholecystectomy,cholecystectomy,15,1,arm left: 2. left instrument: Tool #0 (Green). arm right: -1. right instrument: Tool #3 (None),strip_cmr_state_template | strip_cmr_do_carrier,9.144287532649707e-05,9.147733564931156e-05
cmr_versius:00,cmr_versius,CMR_STATE_PROMPT,cmr-surgical-60hz/cholecystectomy_phase_gesture_prompts_v1,cmr_surgical/cholecystectomy,arm left: 2. left instrument: Tool #0 (Green). arm right: 1. right instrument: Tool #8 (Pink). do a cholecystectomy,arm left 2 left instrument tool 0 green arm right 1 right instrument tool 8 pink do a cholecystectomy,cholecystectomy,cholecystectomy,15,1,arm left: 2. left instrument: Tool #0 (Green). arm right: 1. right instrument: Tool #8 (Pink),strip_cmr_state_template | strip_cmr_do_carrier,0.0009436728925542413,0.0009440285164603421
cmr_versius:00,cmr_versius,CMR_STATE_PROMPT,cmr-surgical-60hz/cholecystectomy_phase_gesture_prompts_v1,cmr_surgical/cholecystectomy,arm left: -1. left instrument: Tool #3 (None). arm right: 1. right instrument: Tool #8 (Pink). do a cholecystectomy,arm left 1 left instrument tool 3 none arm right 1 right instrument tool 8 pink do a cholecystectomy,cholecystectomy,cholecystectomy,15,1,arm left: -1. left instrument: Tool #3 (None). arm right: 1. right instrument: Tool #8 (Pink),strip_cmr_state_template | strip_cmr_do_carrier,3.170394433559775e-05,3.171589199310957e-05
cmr_versius:00,cmr_versius,CMR_STATE_PROMPT,cmr-surgical-60hz/cholecystectomy_phase_gesture_prompts_v1,cmr_surgical/cholecystectomy,arm left: 2. left instrument: Tool #0 (Purple). arm right: 1. right instrument: Tool #8 (Pink). do a cholecystectomy,arm left 2 left instrument tool 0 purple arm right 1 right instrument tool 8 pink do a cholecystectomy,cholecystectomy,cholecystectomy,15,1,arm left: 2. left instrument: Tool #0 (Purple). arm right: 1. right instrument: Tool #8 (Pink),strip_cmr_state_template | strip_cmr_do_carrier,0.0004195552140980727,0.00041971332382575457
cmr_versius:00,cmr_versius,CMR_STATE_PROMPT,cmr-surgical-60hz/cholecystectomy_phase_gesture_prompts_v1,cmr_surgical/cholecystectomy,arm left: 2. left instrument: Tool #0 (Purple). arm right: -1. right instrument: Tool #3 (None). do a cholecystectomy,arm left 2 left instrument tool 0 purple arm right 1 right instrument tool 3 none do a cholecystectomy,cholecystectomy,cholecystectomy,15,1,arm left: 2. left instrument: Tool #0 (Purple). arm right: -1. right instrument: Tool #3 (None),strip_cmr_state_template | strip_cmr_do_carrier,1.688852345074116e-05,1.6894887904701018e-05
cmr_versius:00,cmr_versius,CMR_STATE_PROMPT,cmr-surgical-60hz/cholecystectomy_phase_gesture_prompts_v1,cmr_surgical/cholecystectomy,arm left: -1. left instrument: Tool #3 (None). arm right: 2. right instrument: Tool #0 (Purple). do a cholecystectomy,arm left 1 left instrument tool 3 none arm right 2 right instrument tool 0 purple do a cholecystectomy,cholecystectomy,cholecystectomy,15,1,arm left: -1. left instrument: Tool #3 (None). arm right: 2. right instrument: Tool #0 (Purple),strip_cmr_state_template | strip_cmr_do_carrier,2.395669025180528e-07,2.3965718350240464e-07
cmr_versius:00,cmr_versius,CMR_STATE_PROMPT,cmr-surgical-60hz/cholecystectomy_phase_gesture_prompts_v1,cmr_surgical/cholecystectomy,arm left: 1. left instrument: Tool #13 (Orange). arm right: -1. right instrument: Tool #3 (None). do a cholecystectomy,arm left 1 left instrument tool 13 orange arm right 1 right instrument tool 3 none do a cholecystectomy,cholecystectomy,cholecystectomy,15,1,arm left: 1. left instrument: Tool #13 (Orange). arm right: -1. right instrument: Tool #3 (None),strip_cmr_state_template | strip_cmr_do_carrier,7.3058473500190434e-06,7.308600564604828e-06
cmr_versius:00,cmr_versius,CMR_STATE_PROMPT,cmr-surgical-60hz/cholecystectomy_phase_gesture_prompts_v1,cmr_surgical/cholecystectomy,arm left: 1. left instrument: Tool #13 (Orange). arm right: 0. right instrument: Tool #14 (White). do a cholecystectomy,arm left 1 left instrument tool 13 orange arm right 0 right instrument tool 14 white do a cholecystectomy,cholecystectomy,cholecystectomy,15,1,arm left: 1. left instrument: Tool #13 (Orange). arm right: 0. right instrument: Tool #14 (White),strip_cmr_state_template | strip_cmr_do_carrier,3.8028887832786964e-06,3.804321905046045e-06
cmr_versius:00,cmr_versius,CMR_STATE_PROMPT,cmr-surgical-60hz/cholecystectomy_phase_gesture_prompts_v1,cmr_surgical/cholecystectomy,arm left: 1. left instrument: Tool #13 (Orange). arm right: 2. right instrument: Tool #9 (Blue). do a cholecystectomy,arm left 1 left instrument tool 13 orange arm right 2 right instrument tool 9 blue do a cholecystectomy,cholecystectomy,cholecystectomy,15,1,arm left: 1. left instrument: Tool #13 (Orange). arm right: 2. right instrument: Tool #9 (Blue),strip_cmr_state_template | strip_cmr_do_carrier,0.00013244842908190994,0.00013249834238140032
cmr_versius:00,cmr_versius,CMR_STATE_PROMPT,cmr-surgical-60hz/cholecystectomy_phase_gesture_prompts_v1,cmr_surgical/cholecystectomy,arm left: 3. left instrument: Tool #18 (Blue). arm right: 1. right instrument: Tool #0 (Purple). do a cholecystectomy,arm left 3 left instrument tool 18 blue arm right 1 right instrument tool 0 purple do a cholecystectomy,cholecystectomy,cholecystectomy,15,1,arm left: 3. left instrument: Tool #18 (Blue). arm right: 1. right instrument: Tool #0 (Purple),strip_cmr_state_template | strip_cmr_do_carrier,2.554877265909061e-05,2.555840073509109e-05
cmr_versius:00,cmr_versius,CMR_STATE_PROMPT,cmr-surgical-60hz/cholecystectomy_phase_gesture_prompts_v1,cmr_surgical/cholecystectomy,arm left: 3. left instrument: Tool #18 (Blue). arm right: -1. right instrument: Tool #3 (None). do a cholecystectomy,arm left 3 left instrument tool 18 blue arm right 1 right instrument tool 3 none do a cholecystectomy,cholecystectomy,cholecystectomy,15,1,arm left: 3. left instrument: Tool #18 (Blue). arm right: -1. right instrument: Tool #3 (None),strip_cmr_state_template | strip_cmr_do_carrier,4.625527572161554e-05,4.627270706033437e-05
cmr_versius:00,cmr_versius,CMR_STATE_PROMPT,cmr-surgical-60hz/cholecystectomy_phase_gesture_prompts_v1,cmr_surgical/cholecystectomy,arm left: 3. left instrument: Tool #18 (Blue). arm right: 2. right instrument: Tool #9 (Cyan). do a cholecystectomy,arm left 3 left instrument tool 18 blue arm right 2 right instrument tool 9 cyan do a cholecystectomy,cholecystectomy,cholecystectomy,15,1,arm left: 3. left instrument: Tool #18 (Blue). arm right: 2. right instrument: Tool #9 (Cyan),strip_cmr_state_template | strip_cmr_do_carrier,9.08826283182462e-05,9.09168775115146e-05
cmr_versius:00,cmr_versius,CMR_STATE_PROMPT,cmr-surgical-60hz/cholecystectomy_phase_gesture_prompts_v1,cmr_surgical/cholecystectomy,arm left: -1. left instrument: Tool #3 (None). arm right: 1. right instrument: Tool #0 (Purple). do a cholecystectomy,arm left 1 left instrument tool 3 none arm right 1 right instrument tool 0 purple do a cholecystectomy,cholecystectomy,cholecystectomy,15,1,arm left: -1. left instrument: Tool #3 (None). arm right: 1. right instrument: Tool #0 (Purple),strip_cmr_state_template | strip_cmr_do_carrier,5.696787760665508e-07,5.698934599820961e-07
cmr_versius:00,cmr_versius,CMR_STATE_PROMPT,cmr-surgical-60hz/cholecystectomy_phase_gesture_prompts_v1,cmr_surgical/cholecystectomy,arm left: 1. left instrument: Tool #0 (Purple). arm right: 2. right instrument: Tool #9 (Cyan). do a cholecystectomy,arm left 1 left instrument tool 0 purple arm right 2 right instrument tool 9 cyan do a cholecystectomy,cholecystectomy,cholecystectomy,15,1,arm left: 1. left instrument: Tool #0 (Purple). arm right: 2. right instrument: Tool #9 (Cyan),strip_cmr_state_template | strip_cmr_do_carrier,1.5281350214950754e-05,1.5287109004354172e-05
cmr_versius:00,cmr_versius,CMR_STATE_PROMPT,cmr-surgical-60hz/cholecystectomy_phase_gesture_prompts_v1,cmr_surgical/cholecystectomy,arm left: 3. left instrument: Tool #18 (Blue). arm right: 0. right instrument: Tool #14 (White). do a cholecystectomy,arm left 3 left instrument tool 18 blue arm right 0 right instrument tool 14 white do a cholecystectomy,cholecystectomy,cholecystectomy,15,1,arm left: 3. left instrument: Tool #18 (Blue). arm right: 0. right instrument: Tool #14 (White),strip_cmr_state_template | strip_cmr_do_carrier,5.270471855397162e-06,5.272458037052902e-06
cmr_versius:00,cmr_versius,CMR_STATE_PROMPT,cmr-surgical-60hz/cholecystectomy_phase_gesture_prompts_v1,cmr_surgical/cholecystectomy,arm left: -1. left instrument: Tool #3 (None). arm right: 2. right instrument: Tool #8 (Purple). do a cholecystectomy,arm left 1 left instrument tool 3 none arm right 2 right instrument tool 8 purple do a cholecystectomy,cholecystectomy,cholecystectomy,15,1,arm left: -1. left instrument: Tool #3 (None). arm right: 2. right instrument: Tool #8 (Purple),strip_cmr_state_template | strip_cmr_do_carrier,3.3954364136416933e-07,3.3967159866482546e-07
cmr_versius:00,cmr_versius,CMR_STATE_PROMPT,cmr-surgical-60hz/cholecystectomy_phase_gesture_prompts_v1,cmr_surgical/cholecystectomy,arm left: 1. left instrument: Tool #12 (Cyan). arm right: 2. right instrument: Tool #8 (Purple). do a cholecystectomy,arm left 1 left instrument tool 12 cyan arm right 2 right instrument tool 8 purple do a cholecystectomy,cholecystectomy,cholecystectomy,15,1,arm left: 1. left instrument: Tool #12 (Cyan). arm right: 2. right instrument: Tool #8 (Purple),strip_cmr_state_template | strip_cmr_do_carrier,0.00010441910148729775,0.00010445845191161897
cmr_versius:00,cmr_versius,CMR_STATE_PROMPT,cmr-surgical-60hz/cholecystectomy_phase_gesture_prompts_v1,cmr_surgical/cholecystectomy,arm left: 1. left instrument: Tool #12 (Cyan). arm right: -1. right instrument: Tool #3 (None). do a cholecystectomy,arm left 1 left instrument tool 12 cyan arm right 1 right instrument tool 3 none do a cholecystectomy,cholecystectomy,cholecystectomy,15,1,arm left: 1. left instrument: Tool #12 (Cyan). arm right: -1. right instrument: Tool #3 (None),strip_cmr_state_template | strip_cmr_do_carrier,4.050001100049287e-06,4.051527346296557e-06
cmr_versius:00,cmr_versius,CMR_STATE_PROMPT,cmr-surgical-60hz/cholecystectomy_phase_gesture_prompts_v1,cmr_surgical/cholecystectomy,arm left: 1. left instrument: Tool #0 (Green). arm right: 0. right instrument: Tool #14 (White). do a cholecystectomy,arm left 1 left instrument tool 0 green arm right 0 right instrument tool 14 white do a cholecystectomy,cholecystectomy,cholecystectomy,15,1,arm left: 1. left instrument: Tool #0 (Green). arm right: 0. right instrument: Tool #14 (White),strip_cmr_state_template | strip_cmr_do_carrier,7.110987026947274e-05,7.11366680825996e-05
cmr_versius:00,cmr_versius,CMR_STATE_PROMPT,cmr-surgical-60hz/cholecystectomy_phase_gesture_prompts_v1,cmr_surgical/cholecystectomy,arm left: 1. left instrument: Tool #4 (Cyan). arm right: 2. right instrument: Tool #8 (Pink). do a cholecystectomy,arm left 1 left instrument tool 4 cyan arm right 2 right instrument tool 8 pink do a cholecystectomy,cholecystectomy,cholecystectomy,15,1,arm left: 1. left instrument: Tool #4 (Cyan). arm right: 2. right instrument: Tool #8 (Pink),strip_cmr_state_template | strip_cmr_do_carrier,3.085697158575045e-05,3.086860006088452e-05
cmr_versius:00,cmr_versius,CMR_STATE_PROMPT,cmr-surgical-60hz/cholecystectomy_phase_gesture_prompts_v1,cmr_surgical/cholecystectomy,arm left: 1. left instrument: Tool #0 (Cyan). arm right: 2. right instrument: Tool #8 (Pink). do a cholecystectomy,arm left 1 left instrument tool 0 cyan arm right 2 right instrument tool 8 pink do a cholecystectomy,cholecystectomy,cholecystectomy,15,1,arm left: 1. left instrument: Tool #0 (Cyan). arm right: 2. right instrument: Tool #8 (Pink),strip_cmr_state_template | strip_cmr_do_carrier,0.00027915769110111496,0.0002792628919067233
cmr_versius:00,cmr_versius,CMR_STATE_PROMPT,cmr-surgical-60hz/cholecystectomy_phase_gesture_prompts_v1,cmr_surgical/cholecystectomy,arm left: 1. left instrument: Tool #4 (Cyan). arm right: -1. right instrument: Tool #3 (None). do a cholecystectomy,arm left 1 left instrument tool 4 cyan arm right 1 right instrument tool 3 none do a cholecystectomy,cholecystectomy,cholecystectomy,15,1,arm left: 1. left instrument: Tool #4 (Cyan). arm right: -1. right instrument: Tool #3 (None),strip_cmr_state_template | strip_cmr_do_carrier,3.2086874108914007e-06,3.2098966073826014e-06
cmr_versius:00,cmr_versius,CMR_STATE_PROMPT,cmr-surgical-60hz/cholecystectomy_phase_gesture_prompts_v1,cmr_surgical/cholecystectomy,arm left: -1. left instrument: Tool #3 (None). arm right: 0. right instrument: Tool #17 (White). do a cholecystectomy,arm left 1 left instrument tool 3 none arm right 0 right instrument tool 17 white do a cholecystectomy,cholecystectomy,cholecystectomy,15,1,arm left: -1. left instrument: Tool #3 (None). arm right: 0. right instrument: Tool #17 (White),strip_cmr_state_template | strip_cmr_do_carrier,1.7233726152794727e-05,1.7240220696676918e-05
cmr_versius:00,cmr_versius,CMR_STATE_PROMPT,cmr-surgical-60hz/cholecystectomy_phase_gesture_prompts_v1,cmr_surgical/cholecystectomy,arm left: 1. left instrument: Tool #0 (Cyan). arm right: 0. right instrument: Tool #17 (White). do a cholecystectomy,arm left 1 left instrument tool 0 cyan arm right 0 right instrument tool 17 white do a cholecystectomy,cholecystectomy,cholecystectomy,15,1,arm left: 1. left instrument: Tool #0 (Cyan). arm right: 0. right instrument: Tool #17 (White),strip_cmr_state_template | strip_cmr_do_carrier,0.00016369776220879234,0.00016375945184518646
cmr_versius:00,cmr_versius,CMR_STATE_PROMPT,cmr-surgical-60hz/cholecystectomy_phase_gesture_prompts_v1,cmr_surgical/cholecystectomy,arm left: -1. left instrument: Tool #3 (None). arm right: 1. right instrument: Tool #9 (Cyan). do a cholecystectomy,arm left 1 left instrument tool 3 none arm right 1 right instrument tool 9 cyan do a cholecystectomy,cholecystectomy,cholecystectomy,15,1,arm left: -1. left instrument: Tool #3 (None). arm right: 1. right instrument: Tool #9 (Cyan),strip_cmr_state_template | strip_cmr_do_carrier,1.905783004834557e-05,1.906501200728184e-05
cmr_versius:00,cmr_versius,CMR_STATE_PROMPT,cmr-surgical-60hz/cholecystectomy_phase_gesture_prompts_v1,cmr_surgical/cholecystectomy,arm left: 2. left instrument: Tool #13 (Blue). arm right: 1. right instrument: Tool #9 (Cyan). do a cholecystectomy,arm left 2 left instrument tool 13 blue arm right 1 right instrument tool 9 cyan do a cholecystectomy,cholecystectomy,cholecystectomy,15,1,arm left: 2. left instrument: Tool #13 (Blue). arm right: 1. right instrument: Tool #9 (Cyan),strip_cmr_state_template | strip_cmr_do_carrier,0.00013510818760592927,0.00013515910323760814
cmr_versius:00,cmr_versius,CMR_STATE_PROMPT,cmr-surgical-60hz/cholecystectomy_phase_gesture_prompts_v1,cmr_surgical/cholecystectomy,arm left: 2. left instrument: Tool #13 (Blue). arm right: -1. right instrument: Tool #3 (None). do a cholecystectomy,arm left 2 left instrument tool 13 blue arm right 1 right instrument tool 3 none do a cholecystectomy,cholecystectomy,cholecystectomy,15,1,arm left: 2. left instrument: Tool #13 (Blue). arm right: -1. right instrument: Tool #3 (None),strip_cmr_state_template | strip_cmr_do_carrier,3.4471225012715724e-05,3.4484215522227896e-05
cmr_versius:00,cmr_versius,CMR_STATE_PROMPT,cmr-surgical-60hz/cholecystectomy_phase_gesture_prompts_v1,cmr_surgical/cholecystectomy,arm left: 0. left instrument: Tool #14 (White). arm right: 1. right instrument: Tool #9 (Cyan). do a cholecystectomy,arm left 0 left instrument tool 14 white arm right 1 right instrument tool 9 cyan do a cholecystectomy,cholecystectomy,cholecystectomy,15,1,arm left: 0. left instrument: Tool #14 (White). arm right: 1. right instrument: Tool #9 (Cyan),strip_cmr_state_template | strip_cmr_do_carrier,8.899816110867505e-06,8.903170013892481e-06
cmr_versius:00,cmr_versius,CMR_STATE_PROMPT,cmr-surgical-60hz/cholecystectomy_phase_gesture_prompts_v1,cmr_surgical/cholecystectomy,arm left: 2. left instrument: Tool #13 (Blue). arm right: 0. right instrument: Tool #14 (White). do a cholecystectomy,arm left 2 left instrument tool 13 blue arm right 0 right instrument tool 14 white do a cholecystectomy,cholecystectomy,cholecystectomy,15,1,arm left: 2. left instrument: Tool #13 (Blue). arm right: 0. right instrument: Tool #14 (White),strip_cmr_state_template | strip_cmr_do_carrier,1.556618960298403e-05,1.5572055734345222e-05
cmr_versius:00,cmr_versius,CMR_STATE_PROMPT,cmr-surgical-60hz/cholecystectomy_phase_gesture_prompts_v1,cmr_surgical/cholecystectomy,arm left: 2. left instrument: Tool #0 (Green). arm right: 1. right instrument: Tool #9 (Orange). do a cholecystectomy,arm left 2 left instrument tool 0 green arm right 1 right instrument tool 9 orange do a cholecystectomy,cholecystectomy,cholecystectomy,15,1,arm left: 2. left instrument: Tool #0 (Green). arm right: 1. right instrument: Tool #9 (Orange),strip_cmr_state_template | strip_cmr_do_carrier,0.0007608173235582573,0.0007611040381927114
cmr_versius:00,cmr_versius,CMR_STATE_PROMPT,cmr-surgical-60hz/cholecystectomy_phase_gesture_prompts_v1,cmr_surgical/cholecystectomy,arm left: 2. left instrument: Tool #0 (Green). arm right: 0. right instrument: Tool #14 (White). do a cholecystectomy,arm left 2 left instrument tool 0 green arm right 0 right instrument tool 14 white do a cholecystectomy,cholecystectomy,cholecystectomy,15,1,arm left: 2. left instrument: Tool #0 (Green). arm right: 0. right instrument: Tool #14 (White),strip_cmr_state_template | strip_cmr_do_carrier,8.145274685613796e-06,8.148344239081758e-06
cmr_versius:00,cmr_versius,CMR_STATE_PROMPT,cmr-surgical-60hz/cholecystectomy_phase_gesture_prompts_v1,cmr_surgical/cholecystectomy,arm left: 1. left instrument: Tool #0 (Purple). arm right: -1. right instrument: Tool #3 (None). do a cholecystectomy,arm left 1 left instrument tool 0 purple arm right 1 right instrument tool 3 none do a cholecystectomy,cholecystectomy,cholecystectomy,15,1,arm left: 1. left instrument: Tool #0 (Purple). arm right: -1. right instrument: Tool #3 (None),strip_cmr_state_template | strip_cmr_do_carrier,3.4748518986496465e-05,3.4761613994470834e-05
cmr_versius:00,cmr_versius,CMR_STATE_PROMPT,cmr-surgical-60hz/cholecystectomy_phase_gesture_prompts_v1,cmr_surgical/cholecystectomy,arm left: 1. left instrument: Tool #0 (Purple). arm right: 2. right instrument: Tool #8 (Blue). do a cholecystectomy,arm left 1 left instrument tool 0 purple arm right 2 right instrument tool 8 blue do a cholecystectomy,cholecystectomy,cholecystectomy,15,1,arm left: 1. left instrument: Tool #0 (Purple). arm right: 2. right instrument: Tool #8 (Blue),strip_cmr_state_template | strip_cmr_do_carrier,0.0004301319985265666,0.00043029409412416393
cmr_versius:00,cmr_versius,CMR_STATE_PROMPT,cmr-surgical-60hz/cholecystectomy_phase_gesture_prompts_v1,cmr_surgical/cholecystectomy,arm left: 2. left instrument: Tool #0 (Green). arm right: 1. right instrument: Tool #8 (Blue). do a cholecystectomy,arm left 2 left instrument tool 0 green arm right 1 right instrument tool 8 blue do a cholecystectomy,cholecystectomy,cholecystectomy,15,1,arm left: 2. left instrument: Tool #0 (Green). arm right: 1. right instrument: Tool #8 (Blue),strip_cmr_state_template | strip_cmr_do_carrier,0.0011510793531744178,0.0011515131383758766
cmr_versius:00,cmr_versius,CMR_STATE_PROMPT,cmr-surgical-60hz/cholecystectomy_phase_gesture_prompts_v1,cmr_surgical/cholecystectomy,arm left: 1. left instrument: Tool #0 (Pink). arm right: 0. right instrument: Tool #14 (White). do a cholecystectomy,arm left 1 left instrument tool 0 pink arm right 0 right instrument tool 14 white do a cholecystectomy,cholecystectomy,cholecystectomy,15,1,arm left: 1. left instrument: Tool #0 (Pink). arm right: 0. right instrument: Tool #14 (White),strip_cmr_state_template | strip_cmr_do_carrier,8.852657271789149e-06,8.855993402966811e-06
cmr_versius:00,cmr_versius,CMR_STATE_PROMPT,cmr-surgical-60hz/cholecystectomy_phase_gesture_prompts_v1,cmr_surgical/cholecystectomy,arm left: 2. left instrument: Tool #0 (Blue). arm right: 1. right instrument: Tool #9 (Purple). do a cholecystectomy,arm left 2 left instrument tool 0 blue arm right 1 right instrument tool 9 purple do a cholecystectomy,cholecystectomy,cholecystectomy,15,1,arm left: 2. left instrument: Tool #0 (Blue). arm right: 1. right instrument: Tool #9 (Purple),strip_cmr_state_template | strip_cmr_do_carrier,0.00015375856528463783,0.00015381650932649217
cmr_versius:00,cmr_versius,CMR_STATE_PROMPT,cmr-surgical-60hz/cholecystectomy_phase_gesture_prompts_v1,cmr_surgical/cholecystectomy,arm left: 2. left instrument: Tool #0 (Blue). arm right: -1. right instrument: Tool #3 (None). do a cholecystectomy,arm left 2 left instrument tool 0 blue arm right 1 right instrument tool 3 none do a cholecystectomy,cholecystectomy,cholecystectomy,15,1,arm left: 2. left instrument: Tool #0 (Blue). arm right: -1. right instrument: Tool #3 (None),strip_cmr_state_template | strip_cmr_do_carrier,7.308865515720059e-05,7.311619867704072e-05
cmr_versius:00,cmr_versius,CMR_STATE_PROMPT,cmr-surgical-60hz/cholecystectomy_phase_gesture_prompts_v1,cmr_surgical/cholecystectomy,arm left: 0. left instrument: Tool #14 (White). arm right: 1. right instrument: Tool #9 (Purple). do a cholecystectomy,arm left 0 left instrument tool 14 white arm right 1 right instrument tool 9 purple do a cholecystectomy,cholecystectomy,cholecystectomy,15,1,arm left: 0. left instrument: Tool #14 (White). arm right: 1. right instrument: Tool #9 (Purple),strip_cmr_state_template | strip_cmr_do_carrier,2.556009078046941e-06,2.556972312171325e-06
cmr_versius:00,cmr_versius,CMR_STATE_PROMPT,cmr-surgical-60hz/cholecystectomy_phase_gesture_prompts_v1,cmr_surgical/cholecystectomy,arm left: -1. left instrument: Tool #3 (None). arm right: 1. right instrument: Tool #9 (Purple). do a cholecystectomy,arm left 1 left instrument tool 3 none arm right 1 right instrument tool 9 purple do a cholecystectomy,cholecystectomy,cholecystectomy,15,1,arm left: -1. left instrument: Tool #3 (None). arm right: 1. right instrument: Tool #9 (Purple),strip_cmr_state_template | strip_cmr_do_carrier,3.3350730996213965e-06,3.336329924663397e-06
cmr_versius:00,cmr_versius,CMR_STATE_PROMPT,cmr-surgical-60hz/cholecystectomy_phase_gesture_prompts_v1,cmr_surgical/cholecystectomy,arm left: 2. left instrument: Tool #0 (Blue). arm right: 0. right instrument: Tool #14 (White). do a cholecystectomy,arm left 2 left instrument tool 0 blue arm right 0 right instrument tool 14 white do a cholecystectomy,cholecystectomy,cholecystectomy,15,1,arm left: 2. left instrument: Tool #0 (Blue). arm right: 0. right instrument: Tool #14 (White),strip_cmr_state_template | strip_cmr_do_carrier,8.456145752818323e-05,8.459332458303776e-05
cmr_versius:00,cmr_versius,CMR_STATE_PROMPT,cmr-surgical-60hz/cholecystectomy_phase_gesture_prompts_v1,cmr_surgical/cholecystectomy,arm left: 1. left instrument: Tool #0 (Purple). arm right: 2. right instrument: Tool #8 (Green). do a cholecystectomy,arm left 1 left instrument tool 0 purple arm right 2 right instrument tool 8 green do a cholecystectomy,cholecystectomy,cholecystectomy,15,1,arm left: 1. left instrument: Tool #0 (Purple). arm right: 2. right instrument: Tool #8 (Green),strip_cmr_state_template | strip_cmr_do_carrier,0.00031899370564738455,0.00031911391868785544
cmr_versius:00,cmr_versius,CMR_STATE_PROMPT,cmr-surgical-60hz/cholecystectomy_phase_gesture_prompts_v1,cmr_surgical/cholecystectomy,arm left: 0. left instrument: Tool #17 (White). arm right: -1. right instrument: Tool #3 (None). do a cholecystectomy,arm left 0 left instrument tool 17 white arm right 1 right instrument tool 3 none do a cholecystectomy,cholecystectomy,cholecystectomy,15,1,arm left: 0. left instrument: Tool #17 (White). arm right: -1. right instrument: Tool #3 (None),strip_cmr_state_template | strip_cmr_do_carrier,3.04080194377245e-06,3.041947872487215e-06
cmr_versius:00,cmr_versius,CMR_STATE_PROMPT,cmr-surgical-60hz/cholecystectomy_phase_gesture_prompts_v1,cmr_surgical/cholecystectomy,arm left: 0. left instrument: Tool #17 (White). arm right: 0. right instrument: Tool #17 (White). do a cholecystectomy,arm left 0 left instrument tool 17 white arm right 0 right instrument tool 17 white do a cholecystectomy,cholecystectomy,cholecystectomy,15,1,arm left: 0. left instrument: Tool #17 (White). arm right: 0. right instrument: Tool #17 (White),strip_cmr_state_template | strip_cmr_do_carrier,1.2444274455996807e-05,1.2448964091065854e-05
cmr_versius:00,cmr_versius,CMR_STATE_PROMPT,cmr-surgical-60hz/cholecystectomy_phase_gesture_prompts_v1,cmr_surgical/cholecystectomy,arm left: 2. left instrument: Tool #8 (Green). arm right: 0. right instrument: Tool #17 (White). do a cholecystectomy,arm left 2 left instrument tool 8 green arm right 0 right instrument tool 17 white do a cholecystectomy,cholecystectomy,cholecystectomy,15,1,arm left: 2. left instrument: Tool #8 (Green). arm right: 0. right instrument: Tool #17 (White),strip_cmr_state_template | strip_cmr_do_carrier,9.43176781567137e-08,9.43532218513404e-08
cmr_versius:00,cmr_versius,CMR_STATE_PROMPT,cmr-surgical-60hz/cholecystectomy_phase_gesture_prompts_v1,cmr_surgical/cholecystectomy,arm left: 1. left instrument: Tool #0 (Purple). arm right: 0. right instrument: Tool #17 (White). do a cholecystectomy,arm left 1 left instrument tool 0 purple arm right 0 right instrument tool 17 white do a cholecystectomy,cholecystectomy,cholecystectomy,15,1,arm left: 1. left instrument: Tool #0 (Purple). arm right: 0. right instrument: Tool #17 (White),strip_cmr_state_template | strip_cmr_do_carrier,1.4157083491322727e-05,1.4162418599886195e-05
cmr_versius:00,cmr_versius,CMR_STATE_PROMPT,cmr-surgical-60hz/cholecystectomy_phase_gesture_prompts_v1,cmr_surgical/cholecystectomy,arm left: 2. left instrument: Tool #13 (Cyan). arm right: -1. right instrument: Tool #3 (None). do a cholecystectomy,arm left 2 left instrument tool 13 cyan arm right 1 right instrument tool 3 none do a cholecystectomy,cholecystectomy,cholecystectomy,15,1,arm left: 2. left instrument: Tool #13 (Cyan). arm right: -1. right instrument: Tool #3 (None),strip_cmr_state_template | strip_cmr_do_carrier,5.408175665505964e-06,5.4102137409558595e-06
cmr_versius:00,cmr_versius,CMR_STATE_PROMPT,cmr-surgical-60hz/cholecystectomy_phase_gesture_prompts_v1,cmr_surgical/cholecystectomy,arm left: 2. left instrument: Tool #13 (Cyan). arm right: 1. right instrument: Tool #9 (Purple). do a cholecystectomy,arm left 2 left instrument tool 13 cyan arm right 1 right instrument tool 9 purple do a cholecystectomy,cholecystectomy,cholecystectomy,15,1,arm left: 2. left instrument: Tool #13 (Cyan). arm right: 1. right instrument: Tool #9 (Purple),strip_cmr_state_template | strip_cmr_do_carrier,0.00016049096115146403,0.00016055144230224083
cmr_versius:00,cmr_versius,CMR_STATE_PROMPT,cmr-surgical-60hz/cholecystectomy_phase_gesture_prompts_v1,cmr_surgical/cholecystectomy,arm left: 2. left instrument: Tool #13 (Cyan). arm right: 0. right instrument: Tool #14 (White). do a cholecystectomy,arm left 2 left instrument tool 13 cyan arm right 0 right instrument tool 14 white do a cholecystectomy,cholecystectomy,cholecystectomy,15,1,arm left: 2. left instrument: Tool #13 (Cyan). arm right: 0. right instrument: Tool #14 (White),strip_cmr_state_template | strip_cmr_do_carrier,3.528801610555287e-05,3.530131442346051e-05
cmr_versius:00,cmr_versius,CMR_STATE_PROMPT,cmr-surgical-60hz/cholecystectomy_phase_gesture_prompts_v1,cmr_surgical/cholecystectomy,arm left: 1. left instrument: Tool #13 (Green). arm right: 2. right instrument: Tool #9 (Blue). do a cholecystectomy,arm left 1 left instrument tool 13 green arm right 2 right instrument tool 9 blue do a cholecystectomy,cholecystectomy,cholecystectomy,15,1,arm left: 1. left instrument: Tool #13 (Green). arm right: 2. right instrument: Tool #9 (Blue),strip_cmr_state_template | strip_cmr_do_carrier,0.0002696599009107339,0.0002697615224662933
cmr_versius:00,cmr_versius,CMR_STATE_PROMPT,cmr-surgical-60hz/cholecystectomy_phase_gesture_prompts_v1,cmr_surgical/cholecystectomy,arm left: 2. left instrument: Tool #0 (Purple). arm right: 1. right instrument: Tool #8 (Blue). do a cholecystectomy,arm left 2 left instrument tool 0 purple arm right 1 right instrument tool 8 blue do a cholecystectomy,cholecystectomy,cholecystectomy,15,1,arm left: 2. left instrument: Tool #0 (Purple). arm right: 1. right instrument: Tool #8 (Blue),strip_cmr_state_template | strip_cmr_do_carrier,0.00028865170858436974,0.0002887604872182792
cmr_versius:00,cmr_versius,CMR_STATE_PROMPT,cmr-surgical-60hz/cholecystectomy_phase_gesture_prompts_v1,cmr_surgical/cholecystectomy,arm left: 1. left instrument: Tool #0 (Green). arm right: 2. right instrument: Tool #9 (Orange). do a cholecystectomy,arm left 1 left instrument tool 0 green arm right 2 right instrument tool 9 orange do a cholecystectomy,cholecystectomy,cholecystectomy,15,1,arm left: 1. left instrument: Tool #0 (Green). arm right: 2. right instrument: Tool #9 (Orange),strip_cmr_state_template | strip_cmr_do_carrier,0.00036128009347216556,0.00036141624217268537
cmr_versius:00,cmr_versius,CMR_STATE_PROMPT,cmr-surgical-60hz/cholecystectomy_phase_gesture_prompts_v1,cmr_surgical/cholecystectomy,arm left: 0. left instrument: Tool #14 (White). arm right: 2. right instrument: Tool #9 (Orange). do a cholecystectomy,arm left 0 left instrument tool 14 white arm right 2 right instrument tool 9 orange do a cholecystectomy,cholecystectomy,cholecystectomy,15,1,arm left: 0. left instrument: Tool #14 (White). arm right: 2. right instrument: Tool #9 (Orange),strip_cmr_state_template | strip_cmr_do_carrier,7.809503751375894e-07,7.812446769290985e-07
cmr_versius:00,cmr_versius,CMR_STATE_PROMPT,cmr-surgical-60hz/cholecystectomy_phase_gesture_prompts_v1,cmr_surgical/cholecystectomy,arm left: 1. left instrument: Tool #0 (Green). arm right: 2. right instrument: Tool #18 (Orange). do a cholecystectomy,arm left 1 left instrument tool 0 green arm right 2 right instrument tool 18 orange do a cholecystectomy,cholecystectomy,cholecystectomy,15,1,arm left: 1. left instrument: Tool #0 (Green). arm right: 2. right instrument: Tool #18 (Orange),strip_cmr_state_template | strip_cmr_do_carrier,2.9249798349960055e-05,2.926082116053769e-05
cmr_versius:00,cmr_versius,CMR_STATE_PROMPT,cmr-surgical-60hz/cholecystectomy_phase_gesture_prompts_v1,cmr_surgical/cholecystectomy,arm left: 2. left instrument: Tool #0 (Pink). arm right: 0. right instrument: Tool #14 (White). do a cholecystectomy,arm left 2 left instrument tool 0 pink arm right 0 right instrument tool 14 white do a cholecystectomy,cholecystectomy,cholecystectomy,15,1,arm left: 2. left instrument: Tool #0 (Pink). arm right: 0. right instrument: Tool #14 (White),strip_cmr_state_template | strip_cmr_do_carrier,1.961807705659645e-07,1.9625470145078806e-07
cmr_versius:00,cmr_versius,CMR_STATE_PROMPT,cmr-surgical-60hz/cholecystectomy_phase_gesture_prompts_v1,cmr_surgical/cholecystectomy,arm left: 2. left instrument: Tool #8 (Green). arm right: -1. right instrument: Tool #3 (None). do a cholecystectomy,arm left 2 left instrument tool 8 green arm right 1 right instrument tool 3 none do a cholecystectomy,cholecystectomy,cholecystectomy,15,1,arm left: 2. left instrument: Tool #8 (Green). arm right: -1. right instrument: Tool #3 (None),strip_cmr_state_template | strip_cmr_do_carrier,1.1431302592593698e-06,1.1435610488382455e-06
cmr_versius:00,cmr_versius,CMR_STATE_PROMPT,cmr-surgical-60hz/cholecystectomy_phase_gesture_prompts_v1,cmr_surgical/cholecystectomy,arm left: 2. left instrument: Tool #8 (Green). arm right: 1. right instrument: Tool #0 (Blue). do a cholecystectomy,arm left 2 left instrument tool 8 green arm right 1 right instrument tool 0 blue do a cholecystectomy,cholecystectomy,cholecystectomy,15,1,arm left: 2. left instrument: Tool #8 (Green). arm right: 1. right instrument: Tool #0 (Blue),strip_cmr_state_template | strip_cmr_do_carrier,1.0412671668501193e-06,1.0416595692387982e-06
cmr_versius:00,cmr_versius,CMR_STATE_PROMPT,cmr-surgical-60hz/cholecystectomy_phase_gesture_prompts_v1,cmr_surgical/cholecystectomy,arm left: 1. left instrument: Tool #13 (Blue). arm right: 2. right instrument: Tool #8 (Green). do a cholecystectomy,arm left 1 left instrument tool 13 blue arm right 2 right instrument tool 8 green do a cholecystectomy,cholecystectomy,cholecystectomy,15,1,arm left: 1. left instrument: Tool #13 (Blue). arm right: 2. right instrument: Tool #8 (Green),strip_cmr_state_template | strip_cmr_do_carrier,0.0004144828093668046,0.00041463900755458945
cmr_versius:00,cmr_versius,CMR_STATE_PROMPT,cmr-surgical-60hz/cholecystectomy_phase_gesture_prompts_v1,cmr_surgical/cholecystectomy,arm left: -1. left instrument: Tool #3 (None). arm right: 1. right instrument: Tool #9 (Orange). do a cholecystectomy,arm left 1 left instrument tool 3 none arm right 1 right instrument tool 9 orange do a cholecystectomy,cholecystectomy,cholecystectomy,15,1,arm left: -1. left instrument: Tool #3 (None). arm right: 1. right instrument: Tool #9 (Orange),strip_cmr_state_template | strip_cmr_do_carrier,2.9064935700772898e-05,2.9075888845709063e-05
cmr_versius:00,cmr_versius,CMR_STATE_PROMPT,cmr-surgical-60hz/cholecystectomy_phase_gesture_prompts_v1,cmr_surgical/cholecystectomy,arm left: 1. left instrument: Tool #13 (Green). arm right: 2. right instrument: Tool #8 (Blue). do a cholecystectomy,arm left 1 left instrument tool 13 green arm right 2 right instrument tool 8 blue do a cholecystectomy,cholecystectomy,cholecystectomy,15,1,arm left: 1. left instrument: Tool #13 (Green). arm right: 2. right instrument: Tool #8 (Blue),strip_cmr_state_template | strip_cmr_do_carrier,0.00019276458426312836,0.00019283722775533253
cmr_versius:00,cmr_versius,CMR_STATE_PROMPT,cmr-surgical-60hz/cholecystectomy_phase_gesture_prompts_v1,cmr_surgical/cholecystectomy,arm left: 1. left instrument: Tool #0 (Purple). arm right: 0. right instrument: Tool #14 (White). do a cholecystectomy,arm left 1 left instrument tool 0 purple arm right 0 right instrument tool 14 white do a cholecystectomy,cholecystectomy,cholecystectomy,15,1,arm left: 1. left instrument: Tool #0 (Purple). arm right: 0. right instrument: Tool #14 (White),strip_cmr_state_template | strip_cmr_do_carrier,2.4371688035694824e-06,2.4380872526386365e-06
cmr_versius:00,cmr_versius,CMR_STATE_PROMPT,cmr-surgical-60hz/cholecystectomy_phase_gesture_prompts_v1,cmr_surgical/cholecystectomy,arm left: 0. left instrument: Tool #14 (White). arm right: 2. right instrument: Tool #8 (Blue). do a cholecystectomy,arm left 0 left instrument tool 14 white arm right 2 right instrument tool 8 blue do a cholecystectomy,cholecystectomy,cholecystectomy,15,1,arm left: 0. left instrument: Tool #14 (White). arm right: 2. right instrument: Tool #8 (Blue),strip_cmr_state_template | strip_cmr_do_carrier,5.300653512407311e-06,5.3026510680453315e-06
cmr_versius:00,cmr_versius,CMR_STATE_PROMPT,cmr-surgical-60hz/cholecystectomy_phase_gesture_prompts_v1,cmr_surgical/cholecystectomy,arm left: 1. left instrument: Tool #0 (Pink). arm right: 2. right instrument: Tool #8 (Blue). do a cholecystectomy,arm left 1 left instrument tool 0 pink arm right 2 right instrument tool 8 blue do a cholecystectomy,cholecystectomy,cholecystectomy,15,1,arm left: 1. left instrument: Tool #0 (Pink). arm right: 2. right instrument: Tool #8 (Blue),strip_cmr_state_template | strip_cmr_do_carrier,0.0012864591756934385,0.0012869439788924168
cmr_versius:00,cmr_versius,CMR_STATE_PROMPT,cmr-surgical-60hz/cholecystectomy_phase_gesture_prompts_v1,cmr_surgical/cholecystectomy,arm left: 1. left instrument: Tool #0 (Blue). arm right: 2. right instrument: Tool #8 (Pink). do a cholecystectomy,arm left 1 left instrument tool 0 blue arm right 2 right instrument tool 8 pink do a cholecystectomy,cholecystectomy,cholecystectomy,15,1,arm left: 1. left instrument: Tool #0 (Blue). arm right: 2. right instrument: Tool #8 (Pink),strip_cmr_state_template | strip_cmr_do_carrier,0.0006583581434230561,0.0006586062462311633
cmr_versius:00,cmr_versius,CMR_STATE_PROMPT,cmr-surgical-60hz/cholecystectomy_phase_gesture_prompts_v1,cmr_surgical/cholecystectomy,arm left: 2. left instrument: Tool #0 (Blue). arm right: 1. right instrument: Tool #8 (Green). do a cholecystectomy,arm left 2 left instrument tool 0 blue arm right 1 right instrument tool 8 green do a cholecystectomy,cholecystectomy,cholecystectomy,15,1,arm left: 2. left instrument: Tool #0 (Blue). arm right: 1. right instrument: Tool #8 (Green),strip_cmr_state_template | strip_cmr_do_carrier,0.00045807832656440085,0.00045825095375871605
cmr_versius:00,cmr_versius,CMR_STATE_PROMPT,cmr-surgical-60hz/cholecystectomy_phase_gesture_prompts_v1,cmr_surgical/cholecystectomy,arm left: -1. left instrument: Tool #3 (None). arm right: 1. right instrument: Tool #8 (Green). do a cholecystectomy,arm left 1 left instrument tool 3 none arm right 1 right instrument tool 8 green do a cholecystectomy,cholecystectomy,cholecystectomy,15,1,arm left: -1. left instrument: Tool #3 (None). arm right: 1. right instrument: Tool #8 (Green),strip_cmr_state_template | strip_cmr_do_carrier,2.393971306973707e-05,2.394873477030722e-05
cmr_versius:00,cmr_versius,CMR_STATE_PROMPT,cmr-surgical-60hz/cholecystectomy_phase_gesture_prompts_v1,cmr_surgical/cholecystectomy,arm left: 0. left instrument: Tool #14 (White). arm right: 1. right instrument: Tool #8 (Green). do a cholecystectomy,arm left 0 left instrument tool 14 white arm right 1 right instrument tool 8 green do a cholecystectomy,cholecystectomy,cholecystectomy,15,1,arm left: 0. left instrument: Tool #14 (White). arm right: 1. right instrument: Tool #8 (Green),strip_cmr_state_template | strip_cmr_do_carrier,5.377994008495815e-06,5.38002070996343e-06
cmr_versius:00,cmr_versius,CMR_STATE_PROMPT,cmr-surgical-60hz/cholecystectomy_phase_gesture_prompts_v1,cmr_surgical/cholecystectomy,arm left: 1. left instrument: Tool #0 (Cyan). arm right: 2. right instrument: Tool #9 (Blue). do a cholecystectomy,arm left 1 left instrument tool 0 cyan arm right 2 right instrument tool 9 blue do a cholecystectomy,cholecystectomy,cholecystectomy,15,1,arm left: 1. left instrument: Tool #0 (Cyan). arm right: 2. right instrument: Tool #9 (Blue),strip_cmr_state_template | strip_cmr_do_carrier,7.541830180767141e-05,7.544672325676882e-05
cmr_versius:00,cmr_versius,CMR_STATE_PROMPT,cmr-surgical-60hz/cholecystectomy_phase_gesture_prompts_v1,cmr_surgical/cholecystectomy,arm left: 1. left instrument: Tool #0 (Blue). arm right: 2. right instrument: Tool #9 (Green). do a cholecystectomy,arm left 1 left instrument tool 0 blue arm right 2 right instrument tool 9 green do a cholecystectomy,cholecystectomy,cholecystectomy,15,1,arm left: 1. left instrument: Tool #0 (Blue). arm right: 2. right instrument: Tool #9 (Green),strip_cmr_state_template | strip_cmr_do_carrier,0.0001593987624384093,0.00015945883199320232
cmr_versius:00,cmr_versius,CMR_STATE_PROMPT,cmr-surgical-60hz/cholecystectomy_phase_gesture_prompts_v1,cmr_surgical/cholecystectomy,arm left: -1. left instrument: Tool #3 (None). arm right: 2. right instrument: Tool #9 (Green). do a cholecystectomy,arm left 1 left instrument tool 3 none arm right 2 right instrument tool 9 green do a cholecystectomy,cholecystectomy,cholecystectomy,15,1,arm left: -1. left instrument: Tool #3 (None). arm right: 2. right instrument: Tool #9 (Green),strip_cmr_state_template | strip_cmr_do_carrier,8.516886337551249e-06,8.52009593317604e-06
cmr_versius:00,cmr_versius,CMR_STATE_PROMPT,cmr-surgical-60hz/cholecystectomy_phase_gesture_prompts_v1,cmr_surgical/cholecystectomy,arm left: 0. left instrument: Tool #17 (White). arm right: 2. right instrument: Tool #9 (Green). do a cholecystectomy,arm left 0 left instrument tool 17 white arm right 2 right instrument tool 9 green do a cholecystectomy,cholecystectomy,cholecystectomy,15,1,arm left: 0. left instrument: Tool #17 (White). arm right: 2. right instrument: Tool #9 (Green),strip_cmr_state_template | strip_cmr_do_carrier,4.357476730840173e-07,4.359118849531927e-07
cmr_versius:00,cmr_versius,CMR_STATE_PROMPT,cmr-surgical-60hz/cholecystectomy_phase_gesture_prompts_v1,cmr_surgical/cholecystectomy,arm left: 1. left instrument: Tool #0 (Blue). arm right: 0. right instrument: Tool #17 (White). do a cholecystectomy,arm left 1 left instrument tool 0 blue arm right 0 right instrument tool 17 white do a cholecystectomy,cholecystectomy,cholecystectomy,15,1,arm left: 1. left instrument: Tool #0 (Blue). arm right: 0. right instrument: Tool #17 (White),strip_cmr_state_template | strip_cmr_do_carrier,6.690518817724643e-05,6.693040145246683e-05
cmr_versius:00,cmr_versius,CMR_STATE_PROMPT,cmr-surgical-60hz/cholecystectomy_phase_gesture_prompts_v1,cmr_surgical/cholecystectomy,arm left: 1. left instrument: Tool #0 (Blue). arm right: 2. right instrument: Tool #18 (Green). do a cholecystectomy,arm left 1 left instrument tool 0 blue arm right 2 right instrument tool 18 green do a cholecystectomy,cholecystectomy,cholecystectomy,15,1,arm left: 1. left instrument: Tool #0 (Blue). arm right: 2. right instrument: Tool #18 (Green),strip_cmr_state_template | strip_cmr_do_carrier,1.947282783223511e-05,1.948016618342774e-05
cmr_versius:00,cmr_versius,CMR_STATE_PROMPT,cmr-surgical-60hz/cholecystectomy_phase_gesture_prompts_v1,cmr_surgical/cholecystectomy,arm left: 2. left instrument: Tool #0 (Blue). arm right: 1. right instrument: Tool #9 (Cyan). do a cholecystectomy,arm left 2 left instrument tool 0 blue arm right 1 right instrument tool 9 cyan do a cholecystectomy,cholecystectomy,cholecystectomy,15,1,arm left: 2. left instrument: Tool #0 (Blue). arm right: 1. right instrument: Tool #9 (Cyan),strip_cmr_state_template | strip_cmr_do_carrier,0.00016760062773091714,0.0001676637881653949
cmr_versius:00,cmr_versius,CMR_STATE_PROMPT,cmr-surgical-60hz/cholecystectomy_phase_gesture_prompts_v1,cmr_surgical/cholecystectomy,arm left: 3. left instrument: Tool #0 (Blue). arm right: 1. right instrument: Tool #9 (Cyan). do a cholecystectomy,arm left 3 left instrument tool 0 blue arm right 1 right instrument tool 9 cyan do a cholecystectomy,cholecystectomy,cholecystectomy,15,1,arm left: 3. left instrument: Tool #0 (Blue). arm right: 1. right instrument: Tool #9 (Cyan),strip_cmr_state_template | strip_cmr_do_carrier,0.00010443041960867656,0.00010446977429824113
cmr_versius:00,cmr_versius,CMR_STATE_PROMPT,cmr-surgical-60hz/cholecystectomy_phase_gesture_prompts_v1,cmr_surgical/cholecystectomy,arm left: 3. left instrument: Tool #0 (Blue). arm right: -1. right instrument: Tool #3 (None). do a cholecystectomy,arm left 3 left instrument tool 0 blue arm right 1 right instrument tool 3 none do a cholecystectomy,cholecystectomy,cholecystectomy,15,1,arm left: 3. left instrument: Tool #0 (Blue). arm right: -1. right instrument: Tool #3 (None),strip_cmr_state_template | strip_cmr_do_carrier,1.4834284420487932e-05,1.483987473277882e-05
cmr_versius:00,cmr_versius,CMR_STATE_PROMPT,cmr-surgical-60hz/cholecystectomy_phase_gesture_prompts_v1,cmr_surgical/cholecystectomy,arm left: 3. left instrument: Tool #0 (Blue). arm right: 0. right instrument: Tool #14 (White). do a cholecystectomy,arm left 3 left instrument tool 0 blue arm right 0 right instrument tool 14 white do a cholecystectomy,cholecystectomy,cholecystectomy,15,1,arm left: 3. left instrument: Tool #0 (Blue). arm right: 0. right instrument: Tool #14 (White),strip_cmr_state_template | strip_cmr_do_carrier,1.0878600998595359e-05,1.0882700608333603e-05
cmr_versius:00,cmr_versius,CMR_STATE_PROMPT,cmr-surgical-60hz/cholecystectomy_phase_gesture_prompts_v1,cmr_surgical/cholecystectomy,arm left: -1. left instrument: Tool #3 (None). arm right: 1. right instrument: Tool #9 (Blue). do a cholecystectomy,arm left 1 left instrument tool 3 none arm right 1 right instrument tool 9 blue do a cholecystectomy,cholecystectomy,cholecystectomy,15,1,arm left: -1. left instrument: Tool #3 (None). arm right: 1. right instrument: Tool #9 (Blue),strip_cmr_state_template | strip_cmr_do_carrier,1.0972918676752073e-05,1.0977053830184944e-05
cmr_versius:00,cmr_versius,CMR_STATE_PROMPT,cmr-surgical-60hz/cholecystectomy_phase_gesture_prompts_v1,cmr_surgical/cholecystectomy,arm left: 2. left instrument: Tool #0 (Orange). arm right: 1. right instrument: Tool #9 (Blue). do a cholecystectomy,arm left 2 left instrument tool 0 orange arm right 1 right instrument tool 9 blue do a cholecystectomy,cholecystectomy,cholecystectomy,15,1,arm left: 2. left instrument: Tool #0 (Orange). arm right: 1. right instrument: Tool #9 (Blue),strip_cmr_state_template | strip_cmr_do_carrier,0.00022668499403540886,0.00022677042046194857
cmr_versius:00,cmr_versius,CMR_STATE_PROMPT,cmr-surgical-60hz/cholecystectomy_phase_gesture_prompts_v1,cmr_surgical/cholecystectomy,arm left: 2. left instrument: Tool #0 (Orange). arm right: -1. right instrument: Tool #3 (None). do a cholecystectomy,arm left 2 left instrument tool 0 orange arm right 1 right instrument tool 3 none do a cholecystectomy,cholecystectomy,cholecystectomy,15,1,arm left: 2. left instrument: Tool #0 (Orange). arm right: -1. right instrument: Tool #3 (None),strip_cmr_state_template | strip_cmr_do_carrier,3.041745120554017e-05,3.0428914047057282e-05
cmr_versius:00,cmr_versius,CMR_STATE_PROMPT,cmr-surgical-60hz/cholecystectomy_phase_gesture_prompts_v1,cmr_surgical/cholecystectomy,arm left: 2. left instrument: Tool #0 (Orange). arm right: 0. right instrument: Tool #14 (White). do a cholecystectomy,arm left 2 left instrument tool 0 orange arm right 0 right instrument tool 14 white do a cholecystectomy,cholecystectomy,cholecystectomy,15,1,arm left: 2. left instrument: Tool #0 (Orange). arm right: 0. right instrument: Tool #14 (White),strip_cmr_state_template | strip_cmr_do_carrier,2.4637663888096757e-05,2.4646948612007146e-05
cmr_versius:00,cmr_versius,CMR_STATE_PROMPT,cmr-surgical-60hz/cholecystectomy_phase_gesture_prompts_v1,cmr_surgical/cholecystectomy,arm left: 2. left instrument: Tool #0 (Blue). arm right: 1. right instrument: Tool #9 (Orange). do a cholecystectomy,arm left 2 left instrument tool 0 blue arm right 1 right instrument tool 9 orange do a cholecystectomy,cholecystectomy,cholecystectomy,15,1,arm left: 2. left instrument: Tool #0 (Blue). arm right: 1. right instrument: Tool #9 (Orange),strip_cmr_state_template | strip_cmr_do_carrier,0.00016211133886219638,0.00016217243065364686
cmr_versius:00,cmr_versius,CMR_STATE_PROMPT,cmr-surgical-60hz/cholecystectomy_phase_gesture_prompts_v1,cmr_surgical/cholecystectomy,arm left: 2. left instrument: Tool #0 (Blue). arm right: 1. right instrument: Tool #13 (Orange). do a cholecystectomy,arm left 2 left instrument tool 0 blue arm right 1 right instrument tool 13 orange do a cholecystectomy,cholecystectomy,cholecystectomy,15,1,arm left: 2. left instrument: Tool #0 (Blue). arm right: 1. right instrument: Tool #13 (Orange),strip_cmr_state_template | strip_cmr_do_carrier,4.510271369454049e-05,4.5119710689310976e-05
cmr_versius:00,cmr_versius,CMR_STATE_PROMPT,cmr-surgical-60hz/cholecystectomy_phase_gesture_prompts_v1,cmr_surgical/cholecystectomy,arm left: -1. left instrument: Tool #3 (None). arm right: 1. right instrument: Tool #13 (Orange). do a cholecystectomy,arm left 1 left instrument tool 3 none arm right 1 right instrument tool 13 orange do a cholecystectomy,cholecystectomy,cholecystectomy,15,1,arm left: -1. left instrument: Tool #3 (None). arm right: 1. right instrument: Tool #13 (Orange),strip_cmr_state_template | strip_cmr_do_carrier,2.9427115584894677e-06,2.943820521761821e-06
cmr_versius:00,cmr_versius,CMR_STATE_PROMPT,cmr-surgical-60hz/cholecystectomy_phase_gesture_prompts_v1,cmr_surgical/cholecystectomy,arm left: -1. left instrument: Tool #3 (None). arm right: 3. right instrument: Tool #2 (Pink). do a cholecystectomy,arm left 1 left instrument tool 3 none arm right 3 right instrument tool 2 pink do a cholecystectomy,cholecystectomy,cholecystectomy,15,1,arm left: -1. left instrument: Tool #3 (None). arm right: 3. right instrument: Tool #2 (Pink),strip_cmr_state_template | strip_cmr_do_carrier,1.1816118719473093e-05,1.1820571633535927e-05
cmr_versius:00,cmr_versius,CMR_STATE_PROMPT,cmr-surgical-60hz/cholecystectomy_phase_gesture_prompts_v1,cmr_surgical/cholecystectomy,arm left: 1. left instrument: Tool #13 (Blue). arm right: 3. right instrument: Tool #2 (Pink). do a cholecystectomy,arm left 1 left instrument tool 13 blue arm right 3 right instrument tool 2 pink do a cholecystectomy,cholecystectomy,cholecystectomy,15,1,arm left: 1. left instrument: Tool #13 (Blue). arm right: 3. right instrument: Tool #2 (Pink),strip_cmr_state_template | strip_cmr_do_carrier,0.0001651445953917163,0.000165206830268386
cmr_versius:00,cmr_versius,CMR_STATE_PROMPT,cmr-surgical-60hz/cholecystectomy_phase_gesture_prompts_v1,cmr_surgical/cholecystectomy,arm left: 0. left instrument: Tool #14 (White). arm right: 3. right instrument: Tool #8 (Pink). do a cholecystectomy,arm left 0 left instrument tool 14 white arm right 3 right instrument tool 8 pink do a cholecystectomy,cholecystectomy,cholecystectomy,15,1,arm left: 0. left instrument: Tool #14 (White). arm right: 3. right instrument: Tool #8 (Pink),strip_cmr_state_template | strip_cmr_do_carrier,1.5656734574014476e-07,1.566263482732251e-07
cmr_versius:00,cmr_versius,CMR_STATE_PROMPT,cmr-surgical-60hz/cholecystectomy_phase_gesture_prompts_v1,cmr_surgical/cholecystectomy,arm left: 2. left instrument: Tool #0 (Cyan). arm right: 1. right instrument: Tool #9 (Blue). do a cholecystectomy,arm left 2 left instrument tool 0 cyan arm right 1 right instrument tool 9 blue do a cholecystectomy,cholecystectomy,cholecystectomy,15,1,arm left: 2. left instrument: Tool #0 (Cyan). arm right: 1. right instrument: Tool #9 (Blue),strip_cmr_state_template | strip_cmr_do_carrier,6.715984590826956e-05,6.718515515146546e-05
cmr_versius:00,cmr_versius,CMR_STATE_PROMPT,cmr-surgical-60hz/cholecystectomy_phase_gesture_prompts_v1,cmr_surgical/cholecystectomy,arm left: 0. left instrument: Tool #14 (White). arm right: 1. right instrument: Tool #9 (Blue). do a cholecystectomy,arm left 0 left instrument tool 14 white arm right 1 right instrument tool 9 blue do a cholecystectomy,cholecystectomy,cholecystectomy,15,1,arm left: 0. left instrument: Tool #14 (White). arm right: 1. right instrument: Tool #9 (Blue),strip_cmr_state_template | strip_cmr_do_carrier,5.112018156093884e-07,5.113944624342651e-07
cmr_versius:00,cmr_versius,CMR_STATE_PROMPT,cmr-surgical-60hz/cholecystectomy_phase_gesture_prompts_v1,cmr_surgical/cholecystectomy,arm left: 2. left instrument: Tool #0 (Cyan). arm right: -1. right instrument: Tool #3 (None). do a cholecystectomy,arm left 2 left instrument tool 0 cyan arm right 1 right instrument tool 3 none do a cholecystectomy,cholecystectomy,cholecystectomy,15,1,arm left: 2. left instrument: Tool #0 (Cyan). arm right: -1. right instrument: Tool #3 (None),strip_cmr_state_template | strip_cmr_do_carrier,1.6411275999268186e-07,1.6417460602133234e-07
cmr_versius:00,cmr_versius,CMR_STATE_PROMPT,cmr-surgical-60hz/cholecystectomy_phase_gesture_prompts_v1,cmr_surgical/cholecystectomy,arm left: 0. left instrument: Tool #14 (White). arm right: 2. right instrument: Tool #8 (Pink). do a cholecystectomy,arm left 0 left instrument tool 14 white arm right 2 right instrument tool 8 pink do a cholecystectomy,cholecystectomy,cholecystectomy,15,1,arm left: 0. left instrument: Tool #14 (White). arm right: 2. right instrument: Tool #8 (Pink),strip_cmr_state_template | strip_cmr_do_carrier,3.9424789469506323e-07,3.943964673386029e-07
cmr_versius:00,cmr_versius,CMR_STATE_PROMPT,cmr-surgical-60hz/cholecystectomy_phase_gesture_prompts_v1,cmr_surgical/cholecystectomy,arm left: 2. left instrument: Tool #0 (Purple). arm right: 1. right instrument: Tool #9 (Cyan). do a cholecystectomy,arm left 2 left instrument tool 0 purple arm right 1 right instrument tool 9 cyan do a cholecystectomy,cholecystectomy,cholecystectomy,15,1,arm left: 2. left instrument: Tool #0 (Purple). arm right: 1. right instrument: Tool #9 (Cyan),strip_cmr_state_template | strip_cmr_do_carrier,8.919434187924101e-05,8.92279548403756e-05
cmr_versius:00,cmr_versius,CMR_STATE_PROMPT,cmr-surgical-60hz/cholecystectomy_phase_gesture_prompts_v1,cmr_surgical/cholecystectomy,arm left: 2. left instrument: Tool #0 (Purple). arm right: 0. right instrument: Tool #14 (White). do a cholecystectomy,arm left 2 left instrument tool 0 purple arm right 0 right instrument tool 14 white do a cholecystectomy,cholecystectomy,cholecystectomy,15,1,arm left: 2. left instrument: Tool #0 (Purple). arm right: 0. right instrument: Tool #14 (White),strip_cmr_state_template | strip_cmr_do_carrier,1.0884260059284763e-05,1.0888361801644686e-05
cmr_versius:00,cmr_versius,CMR_STATE_PROMPT,cmr-surgical-60hz/cholecystectomy_phase_gesture_prompts_v1,cmr_surgical/cholecystectomy,arm left: 0. left instrument: Tool #14 (White). arm right: 2. right instrument: Tool #9 (Cyan). do a cholecystectomy,arm left 0 left instrument tool 14 white arm right 2 right instrument tool 9 cyan do a cholecystectomy,cholecystectomy,cholecystectomy,15,1,arm left: 0. left instrument: Tool #14 (White). arm right: 2. right instrument: Tool #9 (Cyan),strip_cmr_state_template | strip_cmr_do_carrier,5.809968974453565e-07,5.81215846604257e-07
cmr_versius:00,cmr_versius,CMR_STATE_PROMPT,cmr-surgical-60hz/cholecystectomy_phase_gesture_prompts_v1,cmr_surgical/cholecystectomy,arm left: -1. left instrument: Tool #3 (None). arm right: 1. right instrument: Tool #9 (Green). do a cholecystectomy,arm left 1 left instrument tool 3 none arm right 1 right instrument tool 9 green do a cholecystectomy,cholecystectomy,cholecystectomy,15,1,arm left: -1. left instrument: Tool #3 (None). arm right: 1. right instrument: Tool #9 (Green),strip_cmr_state_template | strip_cmr_do_carrier,9.079019699365261e-06,9.082441135410028e-06
cmr_versius:00,cmr_versius,CMR_STATE_PROMPT,cmr-surgical-60hz/cholecystectomy_phase_gesture_prompts_v1,cmr_surgical/cholecystectomy,arm left: 2. left instrument: Tool #0 (Blue). arm right: 1. right instrument: Tool #9 (Green). do a cholecystectomy,arm left 2 left instrument tool 0 blue arm right 1 right instrument tool 9 green do a cholecystectomy,cholecystectomy,cholecystectomy,15,1,arm left: 2. left instrument: Tool #0 (Blue). arm right: 1. right instrument: Tool #9 (Green),strip_cmr_state_template | strip_cmr_do_carrier,0.00024915901038659056,0.0002492529061646859
cmr_versius:00,cmr_versius,CMR_STATE_PROMPT,cmr-surgical-60hz/cholecystectomy_phase_gesture_prompts_v1,cmr_surgical/cholecystectomy,arm left: 2. left instrument: Tool #0 (Blue). arm right: 1. right instrument: Tool #18 (Green). do a cholecystectomy,arm left 2 left instrument tool 0 blue arm right 1 right instrument tool 18 green do a cholecystectomy,cholecystectomy,cholecystectomy,15,1,arm left: 2. left instrument: Tool #0 (Blue). arm right: 1. right instrument: Tool #18 (Green),strip_cmr_state_template | strip_cmr_do_carrier,2.3541692467915742e-05,2.3550564174094567e-05
cmr_versius:00,cmr_versius,CMR_STATE_PROMPT,cmr-surgical-60hz/cholecystectomy_phase_gesture_prompts_v1,cmr_surgical/cholecystectomy,arm left: 2. left instrument: Tool #0 (Green). arm right: 1. right instrument: Tool #8 (Orange). do a cholecystectomy,arm left 2 left instrument tool 0 green arm right 1 right instrument tool 8 orange do a cholecystectomy,cholecystectomy,cholecystectomy,15,1,arm left: 2. left instrument: Tool #0 (Green). arm right: 1. right instrument: Tool #8 (Orange),strip_cmr_state_template | strip_cmr_do_carrier,0.0001363777035539186,0.00013642909760372713
cmr_versius:00,cmr_versius,CMR_STATE_PROMPT,cmr-surgical-60hz/cholecystectomy_phase_gesture_prompts_v1,cmr_surgical/cholecystectomy,arm left: -1. left instrument: Tool #3 (None). arm right: 1. right instrument: Tool #8 (Orange). do a cholecystectomy,arm left 1 left instrument tool 3 none arm right 1 right instrument tool 8 orange do a cholecystectomy,cholecystectomy,cholecystectomy,15,1,arm left: -1. left instrument: Tool #3 (None). arm right: 1. right instrument: Tool #8 (Orange),strip_cmr_state_template | strip_cmr_do_carrier,1.2072662804059354e-07,1.2077212396971573e-07
cmr_versius:00,cmr_versius,CMR_STATE_PROMPT,cmr-surgical-60hz/cholecystectomy_phase_gesture_prompts_v1,cmr_surgical/cholecystectomy,arm left: 2. left instrument: Tool #0 (Green). arm right: 1. right instrument: Tool #18 (Orange). do a cholecystectomy,arm left 2 left instrument tool 0 green arm right 1 right instrument tool 18 orange do a cholecystectomy,cholecystectomy,cholecystectomy,15,1,arm left: 2. left instrument: Tool #0 (Green). arm right: 1. right instrument: Tool #18 (Orange),strip_cmr_state_template | strip_cmr_do_carrier,0.00013112420888058968,0.0001311736231466075
cmr_versius:00,cmr_versius,CMR_STATE_PROMPT,cmr-surgical-60hz/cholecystectomy_phase_gesture_prompts_v1,cmr_surgical/cholecystectomy,arm left: -1. left instrument: Tool #3 (None). arm right: 1. right instrument: Tool #18 (Orange). do a cholecystectomy,arm left 1 left instrument tool 3 none arm right 1 right instrument tool 18 orange do a cholecystectomy,cholecystectomy,cholecystectomy,15,1,arm left: -1. left instrument: Tool #3 (None). arm right: 1. right instrument: Tool #18 (Orange),strip_cmr_state_template | strip_cmr_do_carrier,5.1308816917252254e-06,5.132815268712918e-06
cmr_versius:00,cmr_versius,CMR_STATE_PROMPT,cmr-surgical-60hz/cholecystectomy_phase_gesture_prompts_v1,cmr_surgical/cholecystectomy,arm left: 2. left instrument: Tool #8 (Blue). arm right: -1. right instrument: Tool #3 (None). do a cholecystectomy,arm left 2 left instrument tool 8 blue arm right 1 right instrument tool 3 none do a cholecystectomy,cholecystectomy,cholecystectomy,15,1,arm left: 2. left instrument: Tool #8 (Blue). arm right: -1. right instrument: Tool #3 (None),strip_cmr_state_template | strip_cmr_do_carrier,3.9424789469506323e-07,3.943964673386029e-07
cmr_versius:00,cmr_versius,CMR_STATE_PROMPT,cmr-surgical-60hz/cholecystectomy_phase_gesture_prompts_v1,cmr_surgical/cholecystectomy,arm left: -1. left instrument: Tool #3 (None). arm right: 1. right instrument: Tool #0 (Green). do a cholecystectomy,arm left 1 left instrument tool 3 none arm right 1 right instrument tool 0 green do a cholecystectomy,cholecystectomy,cholecystectomy,15,1,arm left: -1. left instrument: Tool #3 (None). arm right: 1. right instrument: Tool #0 (Green),strip_cmr_state_template | strip_cmr_do_carrier,9.69585731451017e-07,9.699511206317794e-07
cmr_versius:01,cmr_versius,CMR_STATE_PROMPT,cmr-surgical-60hz/hysterectomy_phase_prompts_v1,cmr_surgical/hysterectomy,arm left: -1. left instrument: Tool #3 (None). arm right: -1. right instrument: Tool #3 (None). do a hysterectomy,arm left 1 left instrument tool 3 none arm right 1 right instrument tool 3 none do a hysterectomy,hysterectomy,hysterectomy,15,1,arm left: -1. left instrument: Tool #3 (None). arm right: -1. right instrument: Tool #3 (None),strip_cmr_state_template | strip_cmr_do_carrier,0.0020148708313906124,0.002015630137121445
cmr_versius:01,cmr_versius,CMR_STATE_PROMPT,cmr-surgical-60hz/hysterectomy_phase_prompts_v1,cmr_surgical/hysterectomy,arm left: -1. left instrument: Tool #3 (None). arm right: 0. right instrument: Tool #17 (White). do a hysterectomy,arm left 1 left instrument tool 3 none arm right 0 right instrument tool 17 white do a hysterectomy,hysterectomy,hysterectomy,15,1,arm left: -1. left instrument: Tool #3 (None). arm right: 0. right instrument: Tool #17 (White),strip_cmr_state_template | strip_cmr_do_carrier,8.634594799890826e-05,8.637848754046512e-05
cmr_versius:01,cmr_versius,CMR_STATE_PROMPT,cmr-surgical-60hz/hysterectomy_phase_prompts_v1,cmr_surgical/hysterectomy,arm left: -1. left instrument: Tool #3 (None). arm right: 1. right instrument: Tool #9 (Cyan). do a hysterectomy,arm left 1 left instrument tool 3 none arm right 1 right instrument tool 9 cyan do a hysterectomy,hysterectomy,hysterectomy,15,1,arm left: -1. left instrument: Tool #3 (None). arm right: 1. right instrument: Tool #9 (Cyan),strip_cmr_state_template | strip_cmr_do_carrier,0.00013273515482350635,0.0001327851761758284
cmr_versius:01,cmr_versius,CMR_STATE_PROMPT,cmr-surgical-60hz/hysterectomy_phase_prompts_v1,cmr_surgical/hysterectomy,arm left: 2. left instrument: Tool #0 (Green). arm right: -1. right instrument: Tool #3 (None). do a hysterectomy,arm left 2 left instrument tool 0 green arm right 1 right instrument tool 3 none do a hysterectomy,hysterectomy,hysterectomy,15,1,arm left: 2. left instrument: Tool #0 (Green). arm right: -1. right instrument: Tool #3 (None),strip_cmr_state_template | strip_cmr_do_carrier,9.302741231952987e-05,9.306246977641408e-05
cmr_versius:01,cmr_versius,CMR_STATE_PROMPT,cmr-surgical-60hz/hysterectomy_phase_prompts_v1,cmr_surgical/hysterectomy,arm left: 2. left instrument: Tool #0 (Green). arm right: 1. right instrument: Tool #9 (Cyan). do a hysterectomy,arm left 2 left instrument tool 0 green arm right 1 right instrument tool 9 cyan do a hysterectomy,hysterectomy,hysterectomy,15,1,arm left: 2. left instrument: Tool #0 (Green). arm right: 1. right instrument: Tool #9 (Cyan),strip_cmr_state_template | strip_cmr_do_carrier,0.0001889692408941022,0.0001890404541080346
cmr_versius:01,cmr_versius,CMR_STATE_PROMPT,cmr-surgical-60hz/hysterectomy_phase_prompts_v1,cmr_surgical/hysterectomy,arm left: 3. left instrument: Tool #12 (Pink). arm right: 1. right instrument: Tool #9 (Cyan). do a hysterectomy,arm left 3 left instrument tool 12 pink arm right 1 right instrument tool 9 cyan do a hysterectomy,hysterectomy,hysterectomy,15,1,arm left: 3. left instrument: Tool #12 (Pink). arm right: 1. right instrument: Tool #9 (Cyan),strip_cmr_state_template | strip_cmr_do_carrier,0.0005765300122078545,0.0005767472780173775
cmr_versius:01,cmr_versius,CMR_STATE_PROMPT,cmr-surgical-60hz/hysterectomy_phase_prompts_v1,cmr_surgical/hysterectomy,arm left: 0. left instrument: Tool #17 (White). arm right: 0. right instrument: Tool #17 (White). do a hysterectomy,arm left 0 left instrument tool 17 white arm right 0 right instrument tool 17 white do a hysterectomy,hysterectomy,hysterectomy,15,1,arm left: 0. left instrument: Tool #17 (White). arm right: 0. right instrument: Tool #17 (White),strip_cmr_state_template | strip_cmr_do_carrier,6.247603001100716e-05,6.24995741543279e-05
cmr_versius:01,cmr_versius,CMR_STATE_PROMPT,cmr-surgical-60hz/hysterectomy_phase_prompts_v1,cmr_surgical/hysterectomy,arm left: 3. left instrument: Tool #12 (Pink). arm right: -1. right instrument: Tool #3 (None). do a hysterectomy,arm left 3 left instrument tool 12 pink arm right 1 right instrument tool 3 none do a hysterectomy,hysterectomy,hysterectomy,15,1,arm left: 3. left instrument: Tool #12 (Pink). arm right: -1. right instrument: Tool #3 (None),strip_cmr_state_template | strip_cmr_do_carrier,0.0002075988686836163,0.00020767710248811137
cmr_versius:01,cmr_versius,CMR_STATE_PROMPT,cmr-surgical-60hz/hysterectomy_phase_prompts_v1,cmr_surgical/hysterectomy,arm left: 3. left instrument: Tool #2 (Pink). arm right: -1. right instrument: Tool #3 (None). do a hysterectomy,arm left 3 left instrument tool 2 pink arm right 1 right instrument tool 3 none do a hysterectomy,hysterectomy,hysterectomy,15,1,arm left: 3. left instrument: Tool #2 (Pink). arm right: -1. right instrument: Tool #3 (None),strip_cmr_state_template | strip_cmr_do_carrier,2.166665702616027e-05,2.1674822123689915e-05
cmr_versius:01,cmr_versius,CMR_STATE_PROMPT,cmr-surgical-60hz/hysterectomy_phase_prompts_v1,cmr_surgical/hysterectomy,arm left: 3. left instrument: Tool #2 (Pink). arm right: 1. right instrument: Tool #2 (Cyan). do a hysterectomy,arm left 3 left instrument tool 2 pink arm right 1 right instrument tool 2 cyan do a hysterectomy,hysterectomy,hysterectomy,15,1,arm left: 3. left instrument: Tool #2 (Pink). arm right: 1. right instrument: Tool #2 (Cyan),strip_cmr_state_template | strip_cmr_do_carrier,6.935933416288414e-05,6.938547228503873e-05
cmr_versius:01,cmr_versius,CMR_STATE_PROMPT,cmr-surgical-60hz/hysterectomy_phase_prompts_v1,cmr_surgical/hysterectomy,arm left: -1. left instrument: Tool #3 (None). arm right: 1. right instrument: Tool #2 (Cyan). do a hysterectomy,arm left 1 left instrument tool 3 none arm right 1 right instrument tool 2 cyan do a hysterectomy,hysterectomy,hysterectomy,15,1,arm left: -1. left instrument: Tool #3 (None). arm right: 1. right instrument: Tool #2 (Cyan),strip_cmr_state_template | strip_cmr_do_carrier,7.518439396584277e-05,7.52127272665775e-05
cmr_versius:01,cmr_versius,CMR_STATE_PROMPT,cmr-surgical-60hz/hysterectomy_phase_prompts_v1,cmr_surgical/hysterectomy,arm left: 2. left instrument: Tool #0 (Green). arm right: 1. right instrument: Tool #2 (Cyan). do a hysterectomy,arm left 2 left instrument tool 0 green arm right 1 right instrument tool 2 cyan do a hysterectomy,hysterectomy,hysterectomy,15,1,arm left: 2. left instrument: Tool #0 (Green). arm right: 1. right instrument: Tool #2 (Cyan),strip_cmr_state_template | strip_cmr_do_carrier,2.874991465572947e-05,2.8760749084725583e-05
cmr_versius:01,cmr_versius,CMR_STATE_PROMPT,cmr-surgical-60hz/hysterectomy_phase_prompts_v1,cmr_surgical/hysterectomy,arm left: 0. left instrument: Tool #17 (White). arm right: -1. right instrument: Tool #3 (None). do a hysterectomy,arm left 0 left instrument tool 17 white arm right 1 right instrument tool 3 none do a hysterectomy,hysterectomy,hysterectomy,15,1,arm left: 0. left instrument: Tool #17 (White). arm right: -1. right instrument: Tool #3 (None),strip_cmr_state_template | strip_cmr_do_carrier,4.4393444754802004e-05,4.4410174460988906e-05
cmr_versius:01,cmr_versius,CMR_STATE_PROMPT,cmr-surgical-60hz/hysterectomy_phase_prompts_v1,cmr_surgical/hysterectomy,arm left: 3. left instrument: Tool #12 (Cyan). arm right: -1. right instrument: Tool #3 (None). do a hysterectomy,arm left 3 left instrument tool 12 cyan arm right 1 right instrument tool 3 none do a hysterectomy,hysterectomy,hysterectomy,15,1,arm left: 3. left instrument: Tool #12 (Cyan). arm right: -1. right instrument: Tool #3 (None),strip_cmr_state_template | strip_cmr_do_carrier,0.00021126971271747557,0.0002113493298825655
cmr_versius:01,cmr_versius,CMR_STATE_PROMPT,cmr-surgical-60hz/hysterectomy_phase_prompts_v1,cmr_surgical/hysterectomy,arm left: 3. left instrument: Tool #12 (Cyan). arm right: 0. right instrument: Tool #14 (White). do a hysterectomy,arm left 3 left instrument tool 12 cyan arm right 0 right instrument tool 14 white do a hysterectomy,hysterectomy,hysterectomy,15,1,arm left: 3. left instrument: Tool #12 (Cyan). arm right: 0. right instrument: Tool #14 (White),strip_cmr_state_template | strip_cmr_do_carrier,2.2245767570042494e-05,2.2254150905857147e-05
cmr_versius:01,cmr_versius,CMR_STATE_PROMPT,cmr-surgical-60hz/hysterectomy_phase_prompts_v1,cmr_surgical/hysterectomy,arm left: 3. left instrument: Tool #12 (Cyan). arm right: 1. right instrument: Tool #2 (Green). do a hysterectomy,arm left 3 left instrument tool 12 cyan arm right 1 right instrument tool 2 green do a hysterectomy,hysterectomy,hysterectomy,15,1,arm left: 3. left instrument: Tool #12 (Cyan). arm right: 1. right instrument: Tool #2 (Green),strip_cmr_state_template | strip_cmr_do_carrier,0.0002312650604866989,0.0002313522129150497
cmr_versius:01,cmr_versius,CMR_STATE_PROMPT,cmr-surgical-60hz/hysterectomy_phase_prompts_v1,cmr_surgical/hysterectomy,arm left: -1. left instrument: Tool #3 (None). arm right: 1. right instrument: Tool #2 (Green). do a hysterectomy,arm left 1 left instrument tool 3 none arm right 1 right instrument tool 2 green do a hysterectomy,hysterectomy,hysterectomy,15,1,arm left: -1. left instrument: Tool #3 (None). arm right: 1. right instrument: Tool #2 (Green),strip_cmr_state_template | strip_cmr_do_carrier,6.476606323665217e-05,6.479047038087843e-05
cmr_versius:01,cmr_versius,CMR_STATE_PROMPT,cmr-surgical-60hz/hysterectomy_phase_prompts_v1,cmr_surgical/hysterectomy,arm left: 2. left instrument: Tool #0 (Pink). arm right: 1. right instrument: Tool #2 (Green). do a hysterectomy,arm left 2 left instrument tool 0 pink arm right 1 right instrument tool 2 green do a hysterectomy,hysterectomy,hysterectomy,15,1,arm left: 2. left instrument: Tool #0 (Pink). arm right: 1. right instrument: Tool #2 (Green),strip_cmr_state_template | strip_cmr_do_carrier,0.00010514534760910445,0.0001051849717198743
cmr_versius:01,cmr_versius,CMR_STATE_PROMPT,cmr-surgical-60hz/hysterectomy_phase_prompts_v1,cmr_surgical/hysterectomy,arm left: 2. left instrument: Tool #0 (Pink). arm right: -1. right instrument: Tool #3 (None). do a hysterectomy,arm left 2 left instrument tool 0 pink arm right 1 right instrument tool 3 none do a hysterectomy,hysterectomy,hysterectomy,15,1,arm left: 2. left instrument: Tool #0 (Pink). arm right: -1. right instrument: Tool #3 (None),strip_cmr_state_template | strip_cmr_do_carrier,2.3575646832052157e-05,2.3584531333961048e-05
cmr_versius:01,cmr_versius,CMR_STATE_PROMPT,cmr-surgical-60hz/hysterectomy_phase_prompts_v1,cmr_surgical/hysterectomy,arm left: -1. left instrument: Tool #3 (None). arm right: 1. right instrument: Tool #9 (Green). do a hysterectomy,arm left 1 left instrument tool 3 none arm right 1 right instrument tool 9 green do a hysterectomy,hysterectomy,hysterectomy,15,1,arm left: -1. left instrument: Tool #3 (None). arm right: 1. right instrument: Tool #9 (Green),strip_cmr_state_template | strip_cmr_do_carrier,0.00012424467743583898,0.00012429149914477074
cmr_versius:01,cmr_versius,CMR_STATE_PROMPT,cmr-surgical-60hz/hysterectomy_phase_prompts_v1,cmr_surgical/hysterectomy,arm left: 3. left instrument: Tool #12 (Cyan). arm right: 1. right instrument: Tool #9 (Green). do a hysterectomy,arm left 3 left instrument tool 12 cyan arm right 1 right instrument tool 9 green do a hysterectomy,hysterectomy,hysterectomy,15,1,arm left: 3. left instrument: Tool #12 (Cyan). arm right: 1. right instrument: Tool #9 (Green),strip_cmr_state_template | strip_cmr_do_carrier,0.0005833454076314586,0.0005835652418283554
cmr_versius:01,cmr_versius,CMR_STATE_PROMPT,cmr-surgical-60hz/hysterectomy_phase_prompts_v1,cmr_surgical/hysterectomy,arm left: 2. left instrument: Tool #0 (Pink). arm right: 1. right instrument: Tool #9 (Green). do a hysterectomy,arm left 2 left instrument tool 0 pink arm right 1 right instrument tool 9 green do a hysterectomy,hysterectomy,hysterectomy,15,1,arm left: 2. left instrument: Tool #0 (Pink). arm right: 1. right instrument: Tool #9 (Green),strip_cmr_state_template | strip_cmr_do_carrier,0.00013048096231556088,0.00013053013417358136
cmr_versius:01,cmr_versius,CMR_STATE_PROMPT,cmr-surgical-60hz/hysterectomy_phase_prompts_v1,cmr_surgical/hysterectomy,arm left: -1. left instrument: Tool #3 (None). arm right: 2. right instrument: Tool #9 (Green). do a hysterectomy,arm left 1 left instrument tool 3 none arm right 2 right instrument tool 9 green do a hysterectomy,hysterectomy,hysterectomy,15,1,arm left: -1. left instrument: Tool #3 (None). arm right: 2. right instrument: Tool #9 (Green),strip_cmr_state_template | strip_cmr_do_carrier,5.939938734953516e-05,5.942177205753717e-05
cmr_versius:01,cmr_versius,CMR_STATE_PROMPT,cmr-surgical-60hz/hysterectomy_phase_prompts_v1,cmr_surgical/hysterectomy,arm left: 1. left instrument: Tool #18 (Pink). arm right: 2. right instrument: Tool #9 (Green). do a hysterectomy,arm left 1 left instrument tool 18 pink arm right 2 right instrument tool 9 green do a hysterectomy,hysterectomy,hysterectomy,15,1,arm left: 1. left instrument: Tool #18 (Pink). arm right: 2. right instrument: Tool #9 (Green),strip_cmr_state_template | strip_cmr_do_carrier,0.0007293793550750616,0.0007296542222852228
cmr_versius:01,cmr_versius,CMR_STATE_PROMPT,cmr-surgical-60hz/hysterectomy_phase_prompts_v1,cmr_surgical/hysterectomy,arm left: 1. left instrument: Tool #18 (Pink). arm right: -1. right instrument: Tool #3 (None). do a hysterectomy,arm left 1 left instrument tool 18 pink arm right 1 right instrument tool 3 none do a hysterectomy,hysterectomy,hysterectomy,15,1,arm left: 1. left instrument: Tool #18 (Pink). arm right: -1. right instrument: Tool #3 (None),strip_cmr_state_template | strip_cmr_do_carrier,4.527625822234885e-05,4.5293320617517454e-05
cmr_versius:01,cmr_versius,CMR_STATE_PROMPT,cmr-surgical-60hz/hysterectomy_phase_prompts_v1,cmr_surgical/hysterectomy,arm left: -1. left instrument: Tool #3 (None). arm right: 0. right instrument: Tool #14 (White). do a hysterectomy,arm left 1 left instrument tool 3 none arm right 0 right instrument tool 14 white do a hysterectomy,hysterectomy,hysterectomy,15,1,arm left: -1. left instrument: Tool #3 (None). arm right: 0. right instrument: Tool #14 (White),strip_cmr_state_template | strip_cmr_do_carrier,9.629834939800469e-05,9.633463951021856e-05
cmr_versius:01,cmr_versius,CMR_STATE_PROMPT,cmr-surgical-60hz/hysterectomy_phase_prompts_v1,cmr_surgical/hysterectomy,arm left: -1. left instrument: Tool #3 (None). arm right: 2. right instrument: Tool #2 (Green). do a hysterectomy,arm left 1 left instrument tool 3 none arm right 2 right instrument tool 2 green do a hysterectomy,hysterectomy,hysterectomy,15,1,arm left: -1. left instrument: Tool #3 (None). arm right: 2. right instrument: Tool #2 (Green),strip_cmr_state_template | strip_cmr_do_carrier,1.8259902491139772e-05,1.82667837504195e-05
cmr_versius:01,cmr_versius,CMR_STATE_PROMPT,cmr-surgical-60hz/hysterectomy_phase_prompts_v1,cmr_surgical/hysterectomy,arm left: 0. left instrument: Tool #14 (White). arm right: 2. right instrument: Tool #2 (Green). do a hysterectomy,arm left 0 left instrument tool 14 white arm right 2 right instrument tool 2 green do a hysterectomy,hysterectomy,hysterectomy,15,1,arm left: 0. left instrument: Tool #14 (White). arm right: 2. right instrument: Tool #2 (Green),strip_cmr_state_template | strip_cmr_do_carrier,7.554846020352768e-06,7.557693070292367e-06
cmr_versius:01,cmr_versius,CMR_STATE_PROMPT,cmr-surgical-60hz/hysterectomy_phase_prompts_v1,cmr_surgical/hysterectomy,arm left: 1. left instrument: Tool #18 (Pink). arm right: 2. right instrument: Tool #2 (Green). do a hysterectomy,arm left 1 left instrument tool 18 pink arm right 2 right instrument tool 2 green do a hysterectomy,hysterectomy,hysterectomy,15,1,arm left: 1. left instrument: Tool #18 (Pink). arm right: 2. right instrument: Tool #2 (Green),strip_cmr_state_template | strip_cmr_do_carrier,1.6796092126147578e-05,1.68024217472867e-05
cmr_versius:01,cmr_versius,CMR_STATE_PROMPT,cmr-surgical-60hz/hysterectomy_phase_prompts_v1,cmr_surgical/hysterectomy,arm left: 1. left instrument: Tool #2 (Pink). arm right: 2. right instrument: Tool #2 (Green). do a hysterectomy,arm left 1 left instrument tool 2 pink arm right 2 right instrument tool 2 green do a hysterectomy,hysterectomy,hysterectomy,15,1,arm left: 1. left instrument: Tool #2 (Pink). arm right: 2. right instrument: Tool #2 (Green),strip_cmr_state_template | strip_cmr_do_carrier,0.00015869703891292335,0.00015875684402262837
cmr_versius:01,cmr_versius,CMR_STATE_PROMPT,cmr-surgical-60hz/hysterectomy_phase_prompts_v1,cmr_surgical/hysterectomy,arm left: 1. left instrument: Tool #2 (Pink). arm right: -1. right instrument: Tool #3 (None). do a hysterectomy,arm left 1 left instrument tool 2 pink arm right 1 right instrument tool 3 none do a hysterectomy,hysterectomy,hysterectomy,15,1,arm left: 1. left instrument: Tool #2 (Pink). arm right: -1. right instrument: Tool #3 (None),strip_cmr_state_template | strip_cmr_do_carrier,1.5083283090821658e-05,1.508896723846636e-05
cmr_versius:01,cmr_versius,CMR_STATE_PROMPT,cmr-surgical-60hz/hysterectomy_phase_prompts_v1,cmr_surgical/hysterectomy,arm left: 1. left instrument: Tool #2 (Pink). arm right: 0. right instrument: Tool #14 (White). do a hysterectomy,arm left 1 left instrument tool 2 pink arm right 0 right instrument tool 14 white do a hysterectomy,hysterectomy,hysterectomy,15,1,arm left: 1. left instrument: Tool #2 (Pink). arm right: 0. right instrument: Tool #14 (White),strip_cmr_state_template | strip_cmr_do_carrier,1.0965373262499537e-05,1.0969505572436837e-05
cmr_versius:01,cmr_versius,CMR_STATE_PROMPT,cmr-surgical-60hz/hysterectomy_phase_prompts_v1,cmr_surgical/hysterectomy,arm left: -1. left instrument: Tool #3 (None). arm right: 1. right instrument: Tool #18 (Purple). do a hysterectomy,arm left 1 left instrument tool 3 none arm right 1 right instrument tool 18 purple do a hysterectomy,hysterectomy,hysterectomy,15,1,arm left: -1. left instrument: Tool #3 (None). arm right: 1. right instrument: Tool #18 (Purple),strip_cmr_state_template | strip_cmr_do_carrier,4.402371945642769e-05,4.404030983133165e-05
cmr_versius:01,cmr_versius,CMR_STATE_PROMPT,cmr-surgical-60hz/hysterectomy_phase_prompts_v1,cmr_surgical/hysterectomy,arm left: 2. left instrument: Tool #9 (Pink). arm right: 1. right instrument: Tool #18 (Purple). do a hysterectomy,arm left 2 left instrument tool 9 pink arm right 1 right instrument tool 18 purple do a hysterectomy,hysterectomy,hysterectomy,15,1,arm left: 2. left instrument: Tool #9 (Pink). arm right: 1. right instrument: Tool #18 (Purple),strip_cmr_state_template | strip_cmr_do_carrier,0.000564987414755036,0.0005652003307272106
cmr_versius:01,cmr_versius,CMR_STATE_PROMPT,cmr-surgical-60hz/hysterectomy_phase_prompts_v1,cmr_surgical/hysterectomy,arm left: -1. left instrument: Tool #3 (None). arm right: 1. right instrument: Tool #2 (Purple). do a hysterectomy,arm left 1 left instrument tool 3 none arm right 1 right instrument tool 2 purple do a hysterectomy,hysterectomy,hysterectomy,15,1,arm left: -1. left instrument: Tool #3 (None). arm right: 1. right instrument: Tool #2 (Purple),strip_cmr_state_template | strip_cmr_do_carrier,3.2947051333703233e-05,3.295946745711023e-05
cmr_versius:01,cmr_versius,CMR_STATE_PROMPT,cmr-surgical-60hz/hysterectomy_phase_prompts_v1,cmr_surgical/hysterectomy,arm left: 2. left instrument: Tool #2 (Pink). arm right: 1. right instrument: Tool #2 (Purple). do a hysterectomy,arm left 2 left instrument tool 2 pink arm right 1 right instrument tool 2 purple do a hysterectomy,hysterectomy,hysterectomy,15,1,arm left: 2. left instrument: Tool #2 (Pink). arm right: 1. right instrument: Tool #2 (Purple),strip_cmr_state_template | strip_cmr_do_carrier,8.32711916909994e-05,8.330257250811143e-05
cmr_versius:01,cmr_versius,CMR_STATE_PROMPT,cmr-surgical-60hz/hysterectomy_phase_prompts_v1,cmr_surgical/hysterectomy,arm left: 2. left instrument: Tool #2 (Pink). arm right: -1. right instrument: Tool #3 (None). do a hysterectomy,arm left 2 left instrument tool 2 pink arm right 1 right instrument tool 3 none do a hysterectomy,hysterectomy,hysterectomy,15,1,arm left: 2. left instrument: Tool #2 (Pink). arm right: -1. right instrument: Tool #3 (None),strip_cmr_state_template | strip_cmr_do_carrier,0.0001004596453582789,0.00010049750365829969
cmr_versius:01,cmr_versius,CMR_STATE_PROMPT,cmr-surgical-60hz/hysterectomy_phase_prompts_v1,cmr_surgical/hysterectomy,arm left: -1. left instrument: Tool #3 (None). arm right: 1. right instrument: Tool #9 (Pink). do a hysterectomy,arm left 1 left instrument tool 3 none arm right 1 right instrument tool 9 pink do a hysterectomy,hysterectomy,hysterectomy,15,1,arm left: -1. left instrument: Tool #3 (None). arm right: 1. right instrument: Tool #9 (Pink),strip_cmr_state_template | strip_cmr_do_carrier,0.00015770670329227787,0.0001577661351931893
cmr_versius:01,cmr_versius,CMR_STATE_PROMPT,cmr-surgical-60hz/hysterectomy_phase_prompts_v1,cmr_surgical/hysterectomy,arm left: 3. left instrument: Tool #12 (Cyan). arm right: 1. right instrument: Tool #9 (Pink). do a hysterectomy,arm left 3 left instrument tool 12 cyan arm right 1 right instrument tool 9 pink do a hysterectomy,hysterectomy,hysterectomy,15,1,arm left: 3. left instrument: Tool #12 (Cyan). arm right: 1. right instrument: Tool #9 (Pink),strip_cmr_state_template | strip_cmr_do_carrier,0.0010198721447370503,0.00102025648439404
cmr_versius:01,cmr_versius,CMR_STATE_PROMPT,cmr-surgical-60hz/hysterectomy_phase_prompts_v1,cmr_surgical/hysterectomy,arm left: 2. left instrument: Tool #0 (Green). arm right: 1. right instrument: Tool #9 (Pink). do a hysterectomy,arm left 2 left instrument tool 0 green arm right 1 right instrument tool 9 pink do a hysterectomy,hysterectomy,hysterectomy,15,1,arm left: 2. left instrument: Tool #0 (Green). arm right: 1. right instrument: Tool #9 (Pink),strip_cmr_state_template | strip_cmr_do_carrier,9.710193601589991e-05,9.7138528960392e-05
cmr_versius:01,cmr_versius,CMR_STATE_PROMPT,cmr-surgical-60hz/hysterectomy_phase_prompts_v1,cmr_surgical/hysterectomy,arm left: 2. left instrument: Tool #0 (Green). arm right: 0. right instrument: Tool #17 (White). do a hysterectomy,arm left 2 left instrument tool 0 green arm right 0 right instrument tool 17 white do a hysterectomy,hysterectomy,hysterectomy,15,1,arm left: 2. left instrument: Tool #0 (Green). arm right: 0. right instrument: Tool #17 (White),strip_cmr_state_template | strip_cmr_do_carrier,5.964649966630574e-06,5.966897749878767e-06
cmr_versius:01,cmr_versius,CMR_STATE_PROMPT,cmr-surgical-60hz/hysterectomy_phase_prompts_v1,cmr_surgical/hysterectomy,arm left: 3. left instrument: Tool #12 (Cyan). arm right: 0. right instrument: Tool #17 (White). do a hysterectomy,arm left 3 left instrument tool 12 cyan arm right 0 right instrument tool 17 white do a hysterectomy,hysterectomy,hysterectomy,15,1,arm left: 3. left instrument: Tool #12 (Cyan). arm right: 0. right instrument: Tool #17 (White),strip_cmr_state_template | strip_cmr_do_carrier,1.3849607860531841e-05,1.3854827096650827e-05
cmr_versius:01,cmr_versius,CMR_STATE_PROMPT,cmr-surgical-60hz/hysterectomy_phase_prompts_v1,cmr_surgical/hysterectomy,arm left: 2. left instrument: Tool #0 (Green). arm right: 1. right instrument: Tool #2 (Pink). do a hysterectomy,arm left 2 left instrument tool 0 green arm right 1 right instrument tool 2 pink do a hysterectomy,hysterectomy,hysterectomy,15,1,arm left: 2. left instrument: Tool #0 (Green). arm right: 1. right instrument: Tool #2 (Pink),strip_cmr_state_template | strip_cmr_do_carrier,9.29632762983833e-05,9.299830958555517e-05
cmr_versius:01,cmr_versius,CMR_STATE_PROMPT,cmr-surgical-60hz/hysterectomy_phase_prompts_v1,cmr_surgical/hysterectomy,arm left: -1. left instrument: Tool #3 (None). arm right: 1. right instrument: Tool #2 (Pink). do a hysterectomy,arm left 1 left instrument tool 3 none arm right 1 right instrument tool 2 pink do a hysterectomy,hysterectomy,hysterectomy,15,1,arm left: -1. left instrument: Tool #3 (None). arm right: 1. right instrument: Tool #2 (Pink),strip_cmr_state_template | strip_cmr_do_carrier,7.336029007029193e-05,7.338793595597258e-05
cmr_versius:01,cmr_versius,CMR_STATE_PROMPT,cmr-surgical-60hz/hysterectomy_phase_prompts_v1,cmr_surgical/hysterectomy,arm left: 3. left instrument: Tool #12 (Cyan). arm right: 1. right instrument: Tool #2 (Pink). do a hysterectomy,arm left 3 left instrument tool 12 cyan arm right 1 right instrument tool 2 pink do a hysterectomy,hysterectomy,hysterectomy,15,1,arm left: 3. left instrument: Tool #12 (Cyan). arm right: 1. right instrument: Tool #2 (Pink),strip_cmr_state_template | strip_cmr_do_carrier,0.00018581903044366792,0.0001858890564981998
cmr_versius:01,cmr_versius,CMR_STATE_PROMPT,cmr-surgical-60hz/hysterectomy_phase_prompts_v1,cmr_surgical/hysterectomy,arm left: 2. left instrument: Tool #12 (Cyan). arm right: -1. right instrument: Tool #3 (None). do a hysterectomy,arm left 2 left instrument tool 12 cyan arm right 1 right instrument tool 3 none do a hysterectomy,hysterectomy,hysterectomy,15,1,arm left: 2. left instrument: Tool #12 (Cyan). arm right: -1. right instrument: Tool #3 (None),strip_cmr_state_template | strip_cmr_do_carrier,4.636845693540359e-05,4.638593092655597e-05
cmr_versius:01,cmr_versius,CMR_STATE_PROMPT,cmr-surgical-60hz/hysterectomy_phase_prompts_v1,cmr_surgical/hysterectomy,arm left: 1. left instrument: Tool #0 (Orange). arm right: -1. right instrument: Tool #3 (None). do a hysterectomy,arm left 1 left instrument tool 0 orange arm right 1 right instrument tool 3 none do a hysterectomy,hysterectomy,hysterectomy,15,1,arm left: 1. left instrument: Tool #0 (Orange). arm right: -1. right instrument: Tool #3 (None),strip_cmr_state_template | strip_cmr_do_carrier,2.2638129111174425e-05,2.2646660308758727e-05
cmr_versius:01,cmr_versius,CMR_STATE_PROMPT,cmr-surgical-60hz/hysterectomy_phase_prompts_v1,cmr_surgical/hysterectomy,arm left: 2. left instrument: Tool #12 (Cyan). arm right: 3. right instrument: Tool #9 (Pink). do a hysterectomy,arm left 2 left instrument tool 12 cyan arm right 3 right instrument tool 9 pink do a hysterectomy,hysterectomy,hysterectomy,15,1,arm left: 2. left instrument: Tool #12 (Cyan). arm right: 3. right instrument: Tool #9 (Pink),strip_cmr_state_template | strip_cmr_do_carrier,0.0002778032892427846,0.00027790797964093807
cmr_versius:01,cmr_versius,CMR_STATE_PROMPT,cmr-surgical-60hz/hysterectomy_phase_prompts_v1,cmr_surgical/hysterectomy,arm left: -1. left instrument: Tool #3 (None). arm right: 3. right instrument: Tool #9 (Pink). do a hysterectomy,arm left 1 left instrument tool 3 none arm right 3 right instrument tool 9 pink do a hysterectomy,hysterectomy,hysterectomy,15,1,arm left: -1. left instrument: Tool #3 (None). arm right: 3. right instrument: Tool #9 (Pink),strip_cmr_state_template | strip_cmr_do_carrier,0.00017522904154023214,0.00017529507674873132
cmr_versius:01,cmr_versius,CMR_STATE_PROMPT,cmr-surgical-60hz/hysterectomy_phase_prompts_v1,cmr_surgical/hysterectomy,arm left: 1. left instrument: Tool #0 (Orange). arm right: 3. right instrument: Tool #9 (Pink). do a hysterectomy,arm left 1 left instrument tool 0 orange arm right 3 right instrument tool 9 pink do a hysterectomy,hysterectomy,hysterectomy,15,1,arm left: 1. left instrument: Tool #0 (Orange). arm right: 3. right instrument: Tool #9 (Pink),strip_cmr_state_template | strip_cmr_do_carrier,0.0001137339153820548,0.00011377677610165736
cmr_versius:01,cmr_versius,CMR_STATE_PROMPT,cmr-surgical-60hz/hysterectomy_phase_prompts_v1,cmr_surgical/hysterectomy,arm left: 0. left instrument: Tool #14 (White). arm right: -1. right instrument: Tool #3 (None). do a hysterectomy,arm left 0 left instrument tool 14 white arm right 1 right instrument tool 3 none do a hysterectomy,hysterectomy,hysterectomy,15,1,arm left: 0. left instrument: Tool #14 (White). arm right: -1. right instrument: Tool #3 (None),strip_cmr_state_template | strip_cmr_do_carrier,0.00010699774680810229,0.00010703806899703461
cmr_versius:01,cmr_versius,CMR_STATE_PROMPT,cmr-surgical-60hz/hysterectomy_phase_prompts_v1,cmr_surgical/hysterectomy,arm left: 0. left instrument: Tool #14 (White). arm right: 0. right instrument: Tool #14 (White). do a hysterectomy,arm left 0 left instrument tool 14 white arm right 0 right instrument tool 14 white do a hysterectomy,hysterectomy,hysterectomy,15,1,arm left: 0. left instrument: Tool #14 (White). arm right: 0. right instrument: Tool #14 (White),strip_cmr_state_template | strip_cmr_do_carrier,0.00011359809792550914,0.00011364090746219144
cmr_versius:01,cmr_versius,CMR_STATE_PROMPT,cmr-surgical-60hz/hysterectomy_phase_prompts_v1,cmr_surgical/hysterectomy,arm left: 1. left instrument: Tool #12 (Orange). arm right: 0. right instrument: Tool #14 (White). do a hysterectomy,arm left 1 left instrument tool 12 orange arm right 0 right instrument tool 14 white do a hysterectomy,hysterectomy,hysterectomy,15,1,arm left: 1. left instrument: Tool #12 (Orange). arm right: 0. right instrument: Tool #14 (White),strip_cmr_state_template | strip_cmr_do_carrier,2.103284222894716e-06,2.1040768472848914e-06
cmr_versius:01,cmr_versius,CMR_STATE_PROMPT,cmr-surgical-60hz/hysterectomy_phase_prompts_v1,cmr_surgical/hysterectomy,arm left: 1. left instrument: Tool #12 (Orange). arm right: -1. right instrument: Tool #3 (None). do a hysterectomy,arm left 1 left instrument tool 12 orange arm right 1 right instrument tool 3 none do a hysterectomy,hysterectomy,hysterectomy,15,1,arm left: 1. left instrument: Tool #12 (Orange). arm right: -1. right instrument: Tool #3 (None),strip_cmr_state_template | strip_cmr_do_carrier,4.571577860255914e-05,4.57330066313447e-05
cmr_versius:01,cmr_versius,CMR_STATE_PROMPT,cmr-surgical-60hz/hysterectomy_phase_prompts_v1,cmr_surgical/hysterectomy,arm left: 1. left instrument: Tool #12 (Orange). arm right: 3. right instrument: Tool #9 (Pink). do a hysterectomy,arm left 1 left instrument tool 12 orange arm right 3 right instrument tool 9 pink do a hysterectomy,hysterectomy,hysterectomy,15,1,arm left: 1. left instrument: Tool #12 (Orange). arm right: 3. right instrument: Tool #9 (Pink),strip_cmr_state_template | strip_cmr_do_carrier,1.3038475828384105e-05,1.30433893887293e-05
cmr_versius:01,cmr_versius,CMR_STATE_PROMPT,cmr-surgical-60hz/hysterectomy_phase_prompts_v1,cmr_surgical/hysterectomy,arm left: -1. left instrument: Tool #3 (None). arm right: 2. right instrument: Tool #13 (Orange). do a hysterectomy,arm left 1 left instrument tool 3 none arm right 2 right instrument tool 13 orange do a hysterectomy,hysterectomy,hysterectomy,15,1,arm left: -1. left instrument: Tool #3 (None). arm right: 2. right instrument: Tool #13 (Orange),strip_cmr_state_template | strip_cmr_do_carrier,0.00014660739892679577,0.00014666264804572351
cmr_versius:01,cmr_versius,CMR_STATE_PROMPT,cmr-surgical-60hz/hysterectomy_phase_prompts_v1,cmr_surgical/hysterectomy,arm left: 1. left instrument: Tool #18 (Cyan). arm right: 2. right instrument: Tool #13 (Orange). do a hysterectomy,arm left 1 left instrument tool 18 cyan arm right 2 right instrument tool 13 orange do a hysterectomy,hysterectomy,hysterectomy,15,1,arm left: 1. left instrument: Tool #18 (Cyan). arm right: 2. right instrument: Tool #13 (Orange),strip_cmr_state_template | strip_cmr_do_carrier,0.00027625082026032507,0.000276354925609265
cmr_versius:01,cmr_versius,CMR_STATE_PROMPT,cmr-surgical-60hz/hysterectomy_phase_prompts_v1,cmr_surgical/hysterectomy,arm left: 1. left instrument: Tool #18 (Cyan). arm right: -1. right instrument: Tool #3 (None). do a hysterectomy,arm left 1 left instrument tool 18 cyan arm right 1 right instrument tool 3 none do a hysterectomy,hysterectomy,hysterectomy,15,1,arm left: 1. left instrument: Tool #18 (Cyan). arm right: -1. right instrument: Tool #3 (None),strip_cmr_state_template | strip_cmr_do_carrier,0.00022087691141451846,0.00022096014906034306
cmr_versius:01,cmr_versius,CMR_STATE_PROMPT,cmr-surgical-60hz/hysterectomy_phase_prompts_v1,cmr_surgical/hysterectomy,arm left: 1. left instrument: Tool #18 (Cyan). arm right: 3. right instrument: Tool #9 (Pink). do a hysterectomy,arm left 1 left instrument tool 18 cyan arm right 3 right instrument tool 9 pink do a hysterectomy,hysterectomy,hysterectomy,15,1,arm left: 1. left instrument: Tool #18 (Cyan). arm right: 3. right instrument: Tool #9 (Pink),strip_cmr_state_template | strip_cmr_do_carrier,0.0007913856830488483,0.0007916839173947309
cmr_versius:01,cmr_versius,CMR_STATE_PROMPT,cmr-surgical-60hz/hysterectomy_phase_prompts_v1,cmr_surgical/hysterectomy,arm left: 1. left instrument: Tool #18 (Cyan). arm right: 3. right instrument: Tool #8 (Pink). do a hysterectomy,arm left 1 left instrument tool 18 cyan arm right 3 right instrument tool 8 pink do a hysterectomy,hysterectomy,hysterectomy,15,1,arm left: 1. left instrument: Tool #18 (Cyan). arm right: 3. right instrument: Tool #8 (Pink),strip_cmr_state_template | strip_cmr_do_carrier,0.00027918598640456197,0.0002792911978732787
cmr_versius:01,cmr_versius,CMR_STATE_PROMPT,cmr-surgical-60hz/hysterectomy_phase_prompts_v1,cmr_surgical/hysterectomy,arm left: -1. left instrument: Tool #3 (None). arm right: 3. right instrument: Tool #8 (Pink). do a hysterectomy,arm left 1 left instrument tool 3 none arm right 3 right instrument tool 8 pink do a hysterectomy,hysterectomy,hysterectomy,15,1,arm left: -1. left instrument: Tool #3 (None). arm right: 3. right instrument: Tool #8 (Pink),strip_cmr_state_template | strip_cmr_do_carrier,1.0454171446890148e-05,1.0458111110002572e-05
cmr_versius:01,cmr_versius,CMR_STATE_PROMPT,cmr-surgical-60hz/hysterectomy_phase_prompts_v1,cmr_surgical/hysterectomy,arm left: -1. left instrument: Tool #3 (None). arm right: 3. right instrument: Tool #2 (Pink). do a hysterectomy,arm left 1 left instrument tool 3 none arm right 3 right instrument tool 2 pink do a hysterectomy,hysterectomy,hysterectomy,15,1,arm left: -1. left instrument: Tool #3 (None). arm right: 3. right instrument: Tool #2 (Pink),strip_cmr_state_template | strip_cmr_do_carrier,5.4260960243557404e-05,5.4281408531076146e-05
cmr_versius:01,cmr_versius,CMR_STATE_PROMPT,cmr-surgical-60hz/hysterectomy_phase_prompts_v1,cmr_surgical/hysterectomy,arm left: 1. left instrument: Tool #0 (Cyan). arm right: -1. right instrument: Tool #3 (None). do a hysterectomy,arm left 1 left instrument tool 0 cyan arm right 1 right instrument tool 3 none do a hysterectomy,hysterectomy,hysterectomy,15,1,arm left: 1. left instrument: Tool #0 (Cyan). arm right: -1. right instrument: Tool #3 (None),strip_cmr_state_template | strip_cmr_do_carrier,0.00012607444039207922,0.00012612195164868673
cmr_versius:01,cmr_versius,CMR_STATE_PROMPT,cmr-surgical-60hz/hysterectomy_phase_prompts_v1,cmr_surgical/hysterectomy,arm left: 1. left instrument: Tool #0 (Cyan). arm right: 3. right instrument: Tool #2 (Pink). do a hysterectomy,arm left 1 left instrument tool 0 cyan arm right 3 right instrument tool 2 pink do a hysterectomy,hysterectomy,hysterectomy,15,1,arm left: 1. left instrument: Tool #0 (Cyan). arm right: 3. right instrument: Tool #2 (Pink),strip_cmr_state_template | strip_cmr_do_carrier,0.00036587713710552384,0.0003660150182057198
cmr_versius:01,cmr_versius,CMR_STATE_PROMPT,cmr-surgical-60hz/hysterectomy_phase_prompts_v1,cmr_surgical/hysterectomy,arm left: 1. left instrument: Tool #0 (Cyan). arm right: 2. right instrument: Tool #13 (Orange). do a hysterectomy,arm left 1 left instrument tool 0 cyan arm right 2 right instrument tool 13 orange do a hysterectomy,hysterectomy,hysterectomy,15,1,arm left: 1. left instrument: Tool #0 (Cyan). arm right: 2. right instrument: Tool #13 (Orange),strip_cmr_state_template | strip_cmr_do_carrier,6.899149521807295e-05,6.901749471981849e-05
cmr_versius:01,cmr_versius,CMR_STATE_PROMPT,cmr-surgical-60hz/hysterectomy_phase_prompts_v1,cmr_surgical/hysterectomy,arm left: -1. left instrument: Tool #3 (None). arm right: 2. right instrument: Tool #9 (Pink). do a hysterectomy,arm left 1 left instrument tool 3 none arm right 2 right instrument tool 9 pink do a hysterectomy,hysterectomy,hysterectomy,15,1,arm left: -1. left instrument: Tool #3 (None). arm right: 2. right instrument: Tool #9 (Pink),strip_cmr_state_template | strip_cmr_do_carrier,8.724951135564959e-05,8.728239140580097e-05
cmr_versius:01,cmr_versius,CMR_STATE_PROMPT,cmr-surgical-60hz/hysterectomy_phase_prompts_v1,cmr_surgical/hysterectomy,arm left: 1. left instrument: Tool #1 (Cyan). arm right: 2. right instrument: Tool #9 (Pink). do a hysterectomy,arm left 1 left instrument tool 1 cyan arm right 2 right instrument tool 9 pink do a hysterectomy,hysterectomy,hysterectomy,15,1,arm left: 1. left instrument: Tool #1 (Cyan). arm right: 2. right instrument: Tool #9 (Pink),strip_cmr_state_template | strip_cmr_do_carrier,0.0008027868039844319,0.000803089334852121
cmr_versius:01,cmr_versius,CMR_STATE_PROMPT,cmr-surgical-60hz/hysterectomy_phase_prompts_v1,cmr_surgical/hysterectomy,arm left: 1. left instrument: Tool #1 (Cyan). arm right: -1. right instrument: Tool #3 (None). do a hysterectomy,arm left 1 left instrument tool 1 cyan arm right 1 right instrument tool 3 none do a hysterectomy,hysterectomy,hysterectomy,15,1,arm left: 1. left instrument: Tool #1 (Cyan). arm right: -1. right instrument: Tool #3 (None),strip_cmr_state_template | strip_cmr_do_carrier,0.00018430051582534485,0.0001843699696263932
cmr_versius:01,cmr_versius,CMR_STATE_PROMPT,cmr-surgical-60hz/hysterectomy_phase_prompts_v1,cmr_surgical/hysterectomy,arm left: -1. left instrument: Tool #3 (None). arm right: 3. right instrument: Tool #13 (Orange). do a hysterectomy,arm left 1 left instrument tool 3 none arm right 3 right instrument tool 13 orange do a hysterectomy,hysterectomy,hysterectomy,15,1,arm left: -1. left instrument: Tool #3 (None). arm right: 3. right instrument: Tool #13 (Orange),strip_cmr_state_template | strip_cmr_do_carrier,0.00014181040181574534,0.00014186384318236436
cmr_versius:01,cmr_versius,CMR_STATE_PROMPT,cmr-surgical-60hz/hysterectomy_phase_prompts_v1,cmr_surgical/hysterectomy,arm left: 1. left instrument: Tool #1 (Cyan). arm right: 3. right instrument: Tool #13 (Orange). do a hysterectomy,arm left 1 left instrument tool 1 cyan arm right 3 right instrument tool 13 orange do a hysterectomy,hysterectomy,hysterectomy,15,1,arm left: 1. left instrument: Tool #1 (Cyan). arm right: 3. right instrument: Tool #13 (Orange),strip_cmr_state_template | strip_cmr_do_carrier,0.0002009570177878205,0.00020103274860533996
cmr_versius:01,cmr_versius,CMR_STATE_PROMPT,cmr-surgical-60hz/hysterectomy_phase_prompts_v1,cmr_surgical/hysterectomy,arm left: -1. left instrument: Tool #3 (None). arm right: 2. right instrument: Tool #8 (Pink). do a hysterectomy,arm left 1 left instrument tool 3 none arm right 2 right instrument tool 8 pink do a hysterectomy,hysterectomy,hysterectomy,15,1,arm left: -1. left instrument: Tool #3 (None). arm right: 2. right instrument: Tool #8 (Pink),strip_cmr_state_template | strip_cmr_do_carrier,2.8853664101701856e-05,2.886453762876206e-05
cmr_versius:01,cmr_versius,CMR_STATE_PROMPT,cmr-surgical-60hz/hysterectomy_phase_prompts_v1,cmr_surgical/hysterectomy,arm left: 1. left instrument: Tool #1 (Cyan). arm right: 2. right instrument: Tool #8 (Pink). do a hysterectomy,arm left 1 left instrument tool 1 cyan arm right 2 right instrument tool 8 pink do a hysterectomy,hysterectomy,hysterectomy,15,1,arm left: 1. left instrument: Tool #1 (Cyan). arm right: 2. right instrument: Tool #8 (Pink),strip_cmr_state_template | strip_cmr_do_carrier,0.0002572495808188735,0.00025734652553509394
cmr_versius:01,cmr_versius,CMR_STATE_PROMPT,cmr-surgical-60hz/hysterectomy_phase_prompts_v1,cmr_surgical/hysterectomy,arm left: 1. left instrument: Tool #1 (Cyan). arm right: 3. right instrument: Tool #2 (Orange). do a hysterectomy,arm left 1 left instrument tool 1 cyan arm right 3 right instrument tool 2 orange do a hysterectomy,hysterectomy,hysterectomy,15,1,arm left: 1. left instrument: Tool #1 (Cyan). arm right: 3. right instrument: Tool #2 (Orange),strip_cmr_state_template | strip_cmr_do_carrier,1.697718206820847e-07,1.6983579933241276e-07
cmr_versius:01,cmr_versius,CMR_STATE_PROMPT,cmr-surgical-60hz/hysterectomy_phase_prompts_v1,cmr_surgical/hysterectomy,arm left: -1. left instrument: Tool #3 (None). arm right: 1. right instrument: Tool #0 (Cyan). do a hysterectomy,arm left 1 left instrument tool 3 none arm right 1 right instrument tool 0 cyan do a hysterectomy,hysterectomy,hysterectomy,15,1,arm left: -1. left instrument: Tool #3 (None). arm right: 1. right instrument: Tool #0 (Cyan),strip_cmr_state_template | strip_cmr_do_carrier,2.0240573732430765e-06,2.0248201409297655e-06
cmr_versius:01,cmr_versius,CMR_STATE_PROMPT,cmr-surgical-60hz/hysterectomy_phase_prompts_v1,cmr_surgical/hysterectomy,arm left: -1. left instrument: Tool #3 (None). arm right: 2. right instrument: Tool #2 (Pink). do a hysterectomy,arm left 1 left instrument tool 3 none arm right 2 right instrument tool 2 pink do a hysterectomy,hysterectomy,hysterectomy,15,1,arm left: -1. left instrument: Tool #3 (None). arm right: 2. right instrument: Tool #2 (Pink),strip_cmr_state_template | strip_cmr_do_carrier,4.935455462584516e-05,4.9373153930369424e-05
cmr_versius:01,cmr_versius,CMR_STATE_PROMPT,cmr-surgical-60hz/hysterectomy_phase_prompts_v1,cmr_surgical/hysterectomy,arm left: 1. left instrument: Tool #0 (Cyan). arm right: 2. right instrument: Tool #2 (Pink). do a hysterectomy,arm left 1 left instrument tool 0 cyan arm right 2 right instrument tool 2 pink do a hysterectomy,hysterectomy,hysterectomy,15,1,arm left: 1. left instrument: Tool #0 (Cyan). arm right: 2. right instrument: Tool #2 (Pink),strip_cmr_state_template | strip_cmr_do_carrier,0.0005479196877157969,0.0005481261717009918
cmr_versius:01,cmr_versius,CMR_STATE_PROMPT,cmr-surgical-60hz/hysterectomy_phase_prompts_v1,cmr_surgical/hysterectomy,arm left: 1. left instrument: Tool #0 (Cyan). arm right: 3. right instrument: Tool #13 (Orange). do a hysterectomy,arm left 1 left instrument tool 0 cyan arm right 3 right instrument tool 13 orange do a hysterectomy,hysterectomy,hysterectomy,15,1,arm left: 1. left instrument: Tool #0 (Cyan). arm right: 3. right instrument: Tool #13 (Orange),strip_cmr_state_template | strip_cmr_do_carrier,0.00010002767039232115,0.00010006536590222055
cmr_versius:01,cmr_versius,CMR_STATE_PROMPT,cmr-surgical-60hz/hysterectomy_phase_prompts_v1,cmr_surgical/hysterectomy,arm left: 3. left instrument: Tool #18 (Cyan). arm right: 2. right instrument: Tool #9 (Pink). do a hysterectomy,arm left 3 left instrument tool 18 cyan arm right 2 right instrument tool 9 pink do a hysterectomy,hysterectomy,hysterectomy,15,1,arm left: 3. left instrument: Tool #18 (Cyan). arm right: 2. right instrument: Tool #9 (Pink),strip_cmr_state_template | strip_cmr_do_carrier,0.0004277155796121916,0.0004278767645803326
cmr_versius:01,cmr_versius,CMR_STATE_PROMPT,cmr-surgical-60hz/hysterectomy_phase_prompts_v1,cmr_surgical/hysterectomy,arm left: 3. left instrument: Tool #18 (Cyan). arm right: -1. right instrument: Tool #3 (None). do a hysterectomy,arm left 3 left instrument tool 18 cyan arm right 1 right instrument tool 3 none do a hysterectomy,hysterectomy,hysterectomy,15,1,arm left: 3. left instrument: Tool #18 (Cyan). arm right: -1. right instrument: Tool #3 (None),strip_cmr_state_template | strip_cmr_do_carrier,7.338481266661266e-05,7.341246779365392e-05
cmr_versius:01,cmr_versius,CMR_STATE_PROMPT,cmr-surgical-60hz/hysterectomy_phase_prompts_v1,cmr_surgical/hysterectomy,arm left: 3. left instrument: Tool #18 (Cyan). arm right: 1. right instrument: Tool #13 (Orange). do a hysterectomy,arm left 3 left instrument tool 18 cyan arm right 1 right instrument tool 13 orange do a hysterectomy,hysterectomy,hysterectomy,15,1,arm left: 3. left instrument: Tool #18 (Cyan). arm right: 1. right instrument: Tool #13 (Orange),strip_cmr_state_template | strip_cmr_do_carrier,0.00017182605971233792,0.00017189081250433495
cmr_versius:01,cmr_versius,CMR_STATE_PROMPT,cmr-surgical-60hz/hysterectomy_phase_prompts_v1,cmr_surgical/hysterectomy,arm left: -1. left instrument: Tool #3 (None). arm right: 1. right instrument: Tool #13 (Orange). do a hysterectomy,arm left 1 left instrument tool 3 none arm right 1 right instrument tool 13 orange do a hysterectomy,hysterectomy,hysterectomy,15,1,arm left: -1. left instrument: Tool #3 (None). arm right: 1. right instrument: Tool #13 (Orange),strip_cmr_state_template | strip_cmr_do_carrier,7.425819436634383e-05,7.428617862799732e-05
cmr_versius:01,cmr_versius,CMR_STATE_PROMPT,cmr-surgical-60hz/hysterectomy_phase_prompts_v1,cmr_surgical/hysterectomy,arm left: 0. left instrument: Tool #17 (White). arm right: 1. right instrument: Tool #13 (Orange). do a hysterectomy,arm left 0 left instrument tool 17 white arm right 1 right instrument tool 13 orange do a hysterectomy,hysterectomy,hysterectomy,15,1,arm left: 0. left instrument: Tool #17 (White). arm right: 1. right instrument: Tool #13 (Orange),strip_cmr_state_template | strip_cmr_do_carrier,2.3673737217335143e-06,2.368265868468645e-06
cmr_versius:01,cmr_versius,CMR_STATE_PROMPT,cmr-surgical-60hz/hysterectomy_phase_prompts_v1,cmr_surgical/hysterectomy,arm left: 0. left instrument: Tool #17 (White). arm right: 2. right instrument: Tool #9 (Pink). do a hysterectomy,arm left 0 left instrument tool 17 white arm right 2 right instrument tool 9 pink do a hysterectomy,hysterectomy,hysterectomy,15,1,arm left: 0. left instrument: Tool #17 (White). arm right: 2. right instrument: Tool #9 (Pink),strip_cmr_state_template | strip_cmr_do_carrier,1.1054031879966847e-06,1.1058197600977097e-06
cmr_versius:01,cmr_versius,CMR_STATE_PROMPT,cmr-surgical-60hz/hysterectomy_phase_prompts_v1,cmr_surgical/hysterectomy,arm left: 3. left instrument: Tool #18 (Cyan). arm right: 2. right instrument: Tool #8 (Pink). do a hysterectomy,arm left 3 left instrument tool 18 cyan arm right 2 right instrument tool 8 pink do a hysterectomy,hysterectomy,hysterectomy,15,1,arm left: 3. left instrument: Tool #18 (Cyan). arm right: 2. right instrument: Tool #8 (Pink),strip_cmr_state_template | strip_cmr_do_carrier,0.00013434044170573359,0.00013439106801173818
cmr_versius:01,cmr_versius,CMR_STATE_PROMPT,cmr-surgical-60hz/hysterectomy_phase_prompts_v1,cmr_surgical/hysterectomy,arm left: 3. left instrument: Tool #0 (Cyan). arm right: 2. right instrument: Tool #2 (Pink). do a hysterectomy,arm left 3 left instrument tool 0 cyan arm right 2 right instrument tool 2 pink do a hysterectomy,hysterectomy,hysterectomy,15,1,arm left: 3. left instrument: Tool #0 (Cyan). arm right: 2. right instrument: Tool #2 (Pink),strip_cmr_state_template | strip_cmr_do_carrier,0.00029373920414414294,0.0002938499000049406
cmr_versius:01,cmr_versius,CMR_STATE_PROMPT,cmr-surgical-60hz/hysterectomy_phase_prompts_v1,cmr_surgical/hysterectomy,arm left: 3. left instrument: Tool #0 (Cyan). arm right: -1. right instrument: Tool #3 (None). do a hysterectomy,arm left 3 left instrument tool 0 cyan arm right 1 right instrument tool 3 none do a hysterectomy,hysterectomy,hysterectomy,15,1,arm left: 3. left instrument: Tool #0 (Cyan). arm right: -1. right instrument: Tool #3 (None),strip_cmr_state_template | strip_cmr_do_carrier,3.174921682111297e-05,3.176118153959821e-05
cmr_versius:01,cmr_versius,CMR_STATE_PROMPT,cmr-surgical-60hz/hysterectomy_phase_prompts_v1,cmr_surgical/hysterectomy,arm left: 3. left instrument: Tool #0 (Cyan). arm right: 1. right instrument: Tool #13 (Orange). do a hysterectomy,arm left 3 left instrument tool 0 cyan arm right 1 right instrument tool 13 orange do a hysterectomy,hysterectomy,hysterectomy,15,1,arm left: 3. left instrument: Tool #0 (Cyan). arm right: 1. right instrument: Tool #13 (Orange),strip_cmr_state_template | strip_cmr_do_carrier,3.325264061093099e-05,3.326517189590858e-05
cmr_versius:01,cmr_versius,CMR_STATE_PROMPT,cmr-surgical-60hz/hysterectomy_phase_prompts_v1,cmr_surgical/hysterectomy,arm left: 3. left instrument: Tool #0 (Green). arm right: -1. right instrument: Tool #3 (None). do a hysterectomy,arm left 3 left instrument tool 0 green arm right 1 right instrument tool 3 none do a hysterectomy,hysterectomy,hysterectomy,15,1,arm left: 3. left instrument: Tool #0 (Green). arm right: -1. right instrument: Tool #3 (None),strip_cmr_state_template | strip_cmr_do_carrier,3.4559883630183034e-05,3.457290755076815e-05
cmr_versius:01,cmr_versius,CMR_STATE_PROMPT,cmr-surgical-60hz/hysterectomy_phase_prompts_v1,cmr_surgical/hysterectomy,arm left: 3. left instrument: Tool #0 (Green). arm right: 1. right instrument: Tool #10 (Pink). do a hysterectomy,arm left 3 left instrument tool 0 green arm right 1 right instrument tool 10 pink do a hysterectomy,hysterectomy,hysterectomy,15,1,arm left: 3. left instrument: Tool #0 (Green). arm right: 1. right instrument: Tool #10 (Pink),strip_cmr_state_template | strip_cmr_do_carrier,0.00011741230483016664,0.00011745655175385964
cmr_versius:01,cmr_versius,CMR_STATE_PROMPT,cmr-surgical-60hz/hysterectomy_phase_prompts_v1,cmr_surgical/hysterectomy,arm left: 3. left instrument: Tool #0 (Green). arm right: 2. right instrument: Tool #12 (Blue). do a hysterectomy,arm left 3 left instrument tool 0 green arm right 2 right instrument tool 12 blue do a hysterectomy,hysterectomy,hysterectomy,15,1,arm left: 3. left instrument: Tool #0 (Green). arm right: 2. right instrument: Tool #12 (Blue),strip_cmr_state_template | strip_cmr_do_carrier,0.00011285676097519736,0.00011289929113843989
cmr_versius:01,cmr_versius,CMR_STATE_PROMPT,cmr-surgical-60hz/hysterectomy_phase_prompts_v1,cmr_surgical/hysterectomy,arm left: -1. left instrument: Tool #3 (None). arm right: 1. right instrument: Tool #10 (Pink). do a hysterectomy,arm left 1 left instrument tool 3 none arm right 1 right instrument tool 10 pink do a hysterectomy,hysterectomy,hysterectomy,15,1,arm left: -1. left instrument: Tool #3 (None). arm right: 1. right instrument: Tool #10 (Pink),strip_cmr_state_template | strip_cmr_do_carrier,4.7587041337188335e-05,4.7604974552875296e-05
cmr_versius:01,cmr_versius,CMR_STATE_PROMPT,cmr-surgical-60hz/hysterectomy_phase_prompts_v1,cmr_surgical/hysterectomy,arm left: -1. left instrument: Tool #3 (None). arm right: 2. right instrument: Tool #12 (Blue). do a hysterectomy,arm left 1 left instrument tool 3 none arm right 2 right instrument tool 12 blue do a hysterectomy,hysterectomy,hysterectomy,15,1,arm left: -1. left instrument: Tool #3 (None). arm right: 2. right instrument: Tool #12 (Blue),strip_cmr_state_template | strip_cmr_do_carrier,0.00010715054144671619,0.0001071909212164338
cmr_versius:01,cmr_versius,CMR_STATE_PROMPT,cmr-surgical-60hz/hysterectomy_phase_prompts_v1,cmr_surgical/hysterectomy,arm left: 3. left instrument: Tool #0 (Green). arm right: 1. right instrument: Tool #9 (Pink). do a hysterectomy,arm left 3 left instrument tool 0 green arm right 1 right instrument tool 9 pink do a hysterectomy,hysterectomy,hysterectomy,15,1,arm left: 3. left instrument: Tool #0 (Green). arm right: 1. right instrument: Tool #9 (Pink),strip_cmr_state_template | strip_cmr_do_carrier,7.984557362034757e-05,7.987566349047075e-05
cmr_versius:01,cmr_versius,CMR_STATE_PROMPT,cmr-surgical-60hz/hysterectomy_phase_prompts_v1,cmr_surgical/hysterectomy,arm left: -1. left instrument: Tool #3 (None). arm right: 2. right instrument: Tool #2 (Purple). do a hysterectomy,arm left 1 left instrument tool 3 none arm right 2 right instrument tool 2 purple do a hysterectomy,hysterectomy,hysterectomy,15,1,arm left: -1. left instrument: Tool #3 (None). arm right: 2. right instrument: Tool #2 (Purple),strip_cmr_state_template | strip_cmr_do_carrier,1.905217098765617e-07,1.9059350813970764e-07
cmr_versius:01,cmr_versius,CMR_STATE_PROMPT,cmr-surgical-60hz/hysterectomy_phase_prompts_v1,cmr_surgical/hysterectomy,arm left: 1. left instrument: Tool #18 (Cyan). arm right: 2. right instrument: Tool #2 (Purple). do a hysterectomy,arm left 1 left instrument tool 18 cyan arm right 2 right instrument tool 2 purple do a hysterectomy,hysterectomy,hysterectomy,15,1,arm left: 1. left instrument: Tool #18 (Cyan). arm right: 2. right instrument: Tool #2 (Purple),strip_cmr_state_template | strip_cmr_do_carrier,0.00011706521577454991,0.0001171093318974467
cmr_versius:01,cmr_versius,CMR_STATE_PROMPT,cmr-surgical-60hz/hysterectomy_phase_prompts_v1,cmr_surgical/hysterectomy,arm left: 1. left instrument: Tool #18 (Cyan). arm right: 0. right instrument: Tool #14 (White). do a hysterectomy,arm left 1 left instrument tool 18 cyan arm right 0 right instrument tool 14 white do a hysterectomy,hysterectomy,hysterectomy,15,1,arm left: 1. left instrument: Tool #18 (Cyan). arm right: 0. right instrument: Tool #14 (White),strip_cmr_state_template | strip_cmr_do_carrier,6.317398082936685e-05,6.319778799602782e-05
cmr_versius:01,cmr_versius,CMR_STATE_PROMPT,cmr-surgical-60hz/hysterectomy_phase_prompts_v1,cmr_surgical/hysterectomy,arm left: 1. left instrument: Tool #18 (Cyan). arm right: 2. right instrument: Tool #10 (Purple). do a hysterectomy,arm left 1 left instrument tool 18 cyan arm right 2 right instrument tool 10 purple do a hysterectomy,hysterectomy,hysterectomy,15,1,arm left: 1. left instrument: Tool #18 (Cyan). arm right: 2. right instrument: Tool #10 (Purple),strip_cmr_state_template | strip_cmr_do_carrier,0.00020051372470048393,0.00020058928846263864
cmr_versius:01,cmr_versius,CMR_STATE_PROMPT,cmr-surgical-60hz/hysterectomy_phase_prompts_v1,cmr_surgical/hysterectomy,arm left: -1. left instrument: Tool #3 (None). arm right: 2. right instrument: Tool #10 (Purple). do a hysterectomy,arm left 1 left instrument tool 3 none arm right 2 right instrument tool 10 purple do a hysterectomy,hysterectomy,hysterectomy,15,1,arm left: -1. left instrument: Tool #3 (None). arm right: 2. right instrument: Tool #10 (Purple),strip_cmr_state_template | strip_cmr_do_carrier,5.328948815854325e-06,5.330957034600734e-06
cmr_versius:01,cmr_versius,CMR_STATE_PROMPT,cmr-surgical-60hz/hysterectomy_phase_prompts_v1,cmr_surgical/hysterectomy,arm left: -1. left instrument: Tool #3 (None). arm right: 2. right instrument: Tool #8 (Purple). do a hysterectomy,arm left 1 left instrument tool 3 none arm right 2 right instrument tool 8 purple do a hysterectomy,hysterectomy,hysterectomy,15,1,arm left: -1. left instrument: Tool #3 (None). arm right: 2. right instrument: Tool #8 (Purple),strip_cmr_state_template | strip_cmr_do_carrier,5.1855859450561194e-06,5.187540137386696e-06
cmr_versius:01,cmr_versius,CMR_STATE_PROMPT,cmr-surgical-60hz/hysterectomy_phase_prompts_v1,cmr_surgical/hysterectomy,arm left: 1. left instrument: Tool #18 (Cyan). arm right: 2. right instrument: Tool #8 (Purple). do a hysterectomy,arm left 1 left instrument tool 18 cyan arm right 2 right instrument tool 8 purple do a hysterectomy,hysterectomy,hysterectomy,15,1,arm left: 1. left instrument: Tool #18 (Cyan). arm right: 2. right instrument: Tool #8 (Purple),strip_cmr_state_template | strip_cmr_do_carrier,9.663789303936887e-05,9.66743111088834e-05
cmr_versius:01,cmr_versius,CMR_STATE_PROMPT,cmr-surgical-60hz/hysterectomy_phase_prompts_v1,cmr_surgical/hysterectomy,arm left: -1. left instrument: Tool #3 (None). arm right: 2. right instrument: Tool #2 (Orange). do a hysterectomy,arm left 1 left instrument tool 3 none arm right 2 right instrument tool 2 orange do a hysterectomy,hysterectomy,hysterectomy,15,1,arm left: -1. left instrument: Tool #3 (None). arm right: 2. right instrument: Tool #2 (Orange),strip_cmr_state_template | strip_cmr_do_carrier,3.221514615120714e-05,3.222728645554384e-05
cmr_versius:01,cmr_versius,CMR_STATE_PROMPT,cmr-surgical-60hz/hysterectomy_phase_prompts_v1,cmr_surgical/hysterectomy,arm left: 3. left instrument: Tool #12 (Cyan). arm right: 2. right instrument: Tool #2 (Orange). do a hysterectomy,arm left 3 left instrument tool 12 cyan arm right 2 right instrument tool 2 orange do a hysterectomy,hysterectomy,hysterectomy,15,1,arm left: 3. left instrument: Tool #12 (Cyan). arm right: 2. right instrument: Tool #2 (Orange),strip_cmr_state_template | strip_cmr_do_carrier,9.674352883890438e-05,9.677998671735689e-05
cmr_versius:01,cmr_versius,CMR_STATE_PROMPT,cmr-surgical-60hz/hysterectomy_phase_prompts_v1,cmr_surgical/hysterectomy,arm left: 3. left instrument: Tool #12 (Cyan). arm right: 1. right instrument: Tool #0 (Pink). do a hysterectomy,arm left 3 left instrument tool 12 cyan arm right 1 right instrument tool 0 pink do a hysterectomy,hysterectomy,hysterectomy,15,1,arm left: 3. left instrument: Tool #12 (Cyan). arm right: 1. right instrument: Tool #0 (Pink),strip_cmr_state_template | strip_cmr_do_carrier,4.181857214112372e-05,4.183433150444731e-05
cmr_versius:01,cmr_versius,CMR_STATE_PROMPT,cmr-surgical-60hz/hysterectomy_phase_prompts_v1,cmr_surgical/hysterectomy,arm left: -1. left instrument: Tool #3 (None). arm right: 1. right instrument: Tool #0 (Pink). do a hysterectomy,arm left 1 left instrument tool 3 none arm right 1 right instrument tool 0 pink do a hysterectomy,hysterectomy,hysterectomy,15,1,arm left: -1. left instrument: Tool #3 (None). arm right: 1. right instrument: Tool #0 (Pink),strip_cmr_state_template | strip_cmr_do_carrier,2.910643547916185e-06,2.911740426332365e-06
cmr_versius:01,cmr_versius,CMR_STATE_PROMPT,cmr-surgical-60hz/hysterectomy_phase_prompts_v1,cmr_surgical/hysterectomy,arm left: 3. left instrument: Tool #12 (Cyan). arm right: 2. right instrument: Tool #9 (Orange). do a hysterectomy,arm left 3 left instrument tool 12 cyan arm right 2 right instrument tool 9 orange do a hysterectomy,hysterectomy,hysterectomy,15,1,arm left: 3. left instrument: Tool #12 (Cyan). arm right: 2. right instrument: Tool #9 (Orange),strip_cmr_state_template | strip_cmr_do_carrier,0.00022966354631159786,0.0002297500952080139
cmr_versius:01,cmr_versius,CMR_STATE_PROMPT,cmr-surgical-60hz/hysterectomy_phase_prompts_v1,cmr_surgical/hysterectomy,arm left: -1. left instrument: Tool #3 (None). arm right: 2. right instrument: Tool #9 (Orange). do a hysterectomy,arm left 1 left instrument tool 3 none arm right 2 right instrument tool 9 orange do a hysterectomy,hysterectomy,hysterectomy,15,1,arm left: -1. left instrument: Tool #3 (None). arm right: 2. right instrument: Tool #9 (Orange),strip_cmr_state_template | strip_cmr_do_carrier,0.0001923420410649863,0.00019241452532143852
cmr_versius:01,cmr_versius,CMR_STATE_PROMPT,cmr-surgical-60hz/hysterectomy_phase_prompts_v1,cmr_surgical/hysterectomy,arm left: 2. left instrument: Tool #18 (Green). arm right: -1. right instrument: Tool #3 (None). do a hysterectomy,arm left 2 left instrument tool 18 green arm right 1 right instrument tool 3 none do a hysterectomy,hysterectomy,hysterectomy,15,1,arm left: 2. left instrument: Tool #18 (Green). arm right: -1. right instrument: Tool #3 (None),strip_cmr_state_template | strip_cmr_do_carrier,3.150021815077925e-05,3.1512089033910675e-05
cmr_versius:01,cmr_versius,CMR_STATE_PROMPT,cmr-surgical-60hz/hysterectomy_phase_prompts_v1,cmr_surgical/hysterectomy,arm left: 2. left instrument: Tool #18 (Green). arm right: 1. right instrument: Tool #9 (Purple). do a hysterectomy,arm left 2 left instrument tool 18 green arm right 1 right instrument tool 9 purple do a hysterectomy,hysterectomy,hysterectomy,15,1,arm left: 2. left instrument: Tool #18 (Green). arm right: 1. right instrument: Tool #9 (Purple),strip_cmr_state_template | strip_cmr_do_carrier,0.00042388816823259217,0.0004240479108376052
cmr_versius:01,cmr_versius,CMR_STATE_PROMPT,cmr-surgical-60hz/hysterectomy_phase_prompts_v1,cmr_surgical/hysterectomy,arm left: -1. left instrument: Tool #3 (None). arm right: 1. right instrument: Tool #9 (Purple). do a hysterectomy,arm left 1 left instrument tool 3 none arm right 1 right instrument tool 9 purple do a hysterectomy,hysterectomy,hysterectomy,15,1,arm left: -1. left instrument: Tool #3 (None). arm right: 1. right instrument: Tool #9 (Purple),strip_cmr_state_template | strip_cmr_do_carrier,2.789916919875592e-05,2.79096830236265e-05
cmr_versius:01,cmr_versius,CMR_STATE_PROMPT,cmr-surgical-60hz/hysterectomy_phase_prompts_v1,cmr_surgical/hysterectomy,arm left: 2. left instrument: Tool #18 (Green). arm right: 1. right instrument: Tool #2 (Purple). do a hysterectomy,arm left 2 left instrument tool 18 green arm right 1 right instrument tool 2 purple do a hysterectomy,hysterectomy,hysterectomy,15,1,arm left: 2. left instrument: Tool #18 (Green). arm right: 1. right instrument: Tool #2 (Purple),strip_cmr_state_template | strip_cmr_do_carrier,9.377440833053104e-05,9.380974729347669e-05
cmr_versius:01,cmr_versius,CMR_STATE_PROMPT,cmr-surgical-60hz/hysterectomy_phase_prompts_v1,cmr_surgical/hysterectomy,arm left: 3. left instrument: Tool #18 (Pink). arm right: -1. right instrument: Tool #3 (None). do a hysterectomy,arm left 3 left instrument tool 18 pink arm right 1 right instrument tool 3 none do a hysterectomy,hysterectomy,hysterectomy,15,1,arm left: 3. left instrument: Tool #18 (Pink). arm right: -1. right instrument: Tool #3 (None),strip_cmr_state_template | strip_cmr_do_carrier,2.6871106506847735e-05,2.6881232905446884e-05
cmr_versius:01,cmr_versius,CMR_STATE_PROMPT,cmr-surgical-60hz/hysterectomy_phase_prompts_v1,cmr_surgical/hysterectomy,arm left: 3. left instrument: Tool #18 (Pink). arm right: 1. right instrument: Tool #0 (Blue). do a hysterectomy,arm left 3 left instrument tool 18 pink arm right 1 right instrument tool 0 blue do a hysterectomy,hysterectomy,hysterectomy,15,1,arm left: 3. left instrument: Tool #18 (Pink). arm right: 1. right instrument: Tool #0 (Blue),strip_cmr_state_template | strip_cmr_do_carrier,6.252696155721179e-05,6.255052489412762e-05
cmr_versius:01,cmr_versius,CMR_STATE_PROMPT,cmr-surgical-60hz/hysterectomy_phase_prompts_v1,cmr_surgical/hysterectomy,arm left: 3. left instrument: Tool #18 (Pink). arm right: 2. right instrument: Tool #9 (Green). do a hysterectomy,arm left 3 left instrument tool 18 pink arm right 2 right instrument tool 9 green do a hysterectomy,hysterectomy,hysterectomy,15,1,arm left: 3. left instrument: Tool #18 (Pink). arm right: 2. right instrument: Tool #9 (Green),strip_cmr_state_template | strip_cmr_do_carrier,0.00020147199231055615,0.00020154791719664825
cmr_versius:01,cmr_versius,CMR_STATE_PROMPT,cmr-surgical-60hz/hysterectomy_phase_prompts_v1,cmr_surgical/hysterectomy,arm left: 1. left instrument: Tool #0 (Blue). arm right: -1. right instrument: Tool #3 (None). do a hysterectomy,arm left 1 left instrument tool 0 blue arm right 1 right instrument tool 3 none do a hysterectomy,hysterectomy,hysterectomy,15,1,arm left: 1. left instrument: Tool #0 (Blue). arm right: -1. right instrument: Tool #3 (None),strip_cmr_state_template | strip_cmr_do_carrier,1.2374479374160837e-06,1.2379142706895862e-06
cmr_versius:01,cmr_versius,CMR_STATE_PROMPT,cmr-surgical-60hz/hysterectomy_phase_prompts_v1,cmr_surgical/hysterectomy,arm left: 3. left instrument: Tool #2 (Pink). arm right: 2. right instrument: Tool #2 (Green). do a hysterectomy,arm left 3 left instrument tool 2 pink arm right 2 right instrument tool 2 green do a hysterectomy,hysterectomy,hysterectomy,15,1,arm left: 3. left instrument: Tool #2 (Pink). arm right: 2. right instrument: Tool #2 (Green),strip_cmr_state_template | strip_cmr_do_carrier,6.154417135081883e-05,6.156736432243666e-05
cmr_versius:01,cmr_versius,CMR_STATE_PROMPT,cmr-surgical-60hz/hysterectomy_phase_prompts_v1,cmr_surgical/hysterectomy,arm left: 3. left instrument: Tool #2 (Pink). arm right: 1. right instrument: Tool #0 (Blue). do a hysterectomy,arm left 3 left instrument tool 2 pink arm right 1 right instrument tool 0 blue do a hysterectomy,hysterectomy,hysterectomy,15,1,arm left: 3. left instrument: Tool #2 (Pink). arm right: 1. right instrument: Tool #0 (Blue),strip_cmr_state_template | strip_cmr_do_carrier,3.6957439008926704e-05,3.697136645022923e-05
cmr_versius:01,cmr_versius,CMR_STATE_PROMPT,cmr-surgical-60hz/hysterectomy_phase_prompts_v1,cmr_surgical/hysterectomy,arm left: 1. left instrument: Tool #18 (Cyan). arm right: 3. right instrument: Tool #13 (Orange). do a hysterectomy,arm left 1 left instrument tool 18 cyan arm right 3 right instrument tool 13 orange do a hysterectomy,hysterectomy,hysterectomy,15,1,arm left: 1. left instrument: Tool #18 (Cyan). arm right: 3. right instrument: Tool #13 (Orange),strip_cmr_state_template | strip_cmr_do_carrier,0.0002373183690707968,0.00023740780269346874
cmr_versius:01,cmr_versius,CMR_STATE_PROMPT,cmr-surgical-60hz/hysterectomy_phase_prompts_v1,cmr_surgical/hysterectomy,arm left: 1. left instrument: Tool #18 (Cyan). arm right: 2. right instrument: Tool #9 (Pink). do a hysterectomy,arm left 1 left instrument tool 18 cyan arm right 2 right instrument tool 9 pink do a hysterectomy,hysterectomy,hysterectomy,15,1,arm left: 1. left instrument: Tool #18 (Cyan). arm right: 2. right instrument: Tool #9 (Pink),strip_cmr_state_template | strip_cmr_do_carrier,0.0007743537967273089,0.0007746456125928158
cmr_versius:01,cmr_versius,CMR_STATE_PROMPT,cmr-surgical-60hz/hysterectomy_phase_prompts_v1,cmr_surgical/hysterectomy,arm left: 1. left instrument: Tool #18 (Cyan). arm right: 2. right instrument: Tool #8 (Pink). do a hysterectomy,arm left 1 left instrument tool 18 cyan arm right 2 right instrument tool 8 pink do a hysterectomy,hysterectomy,hysterectomy,15,1,arm left: 1. left instrument: Tool #18 (Cyan). arm right: 2. right instrument: Tool #8 (Pink),strip_cmr_state_template | strip_cmr_do_carrier,0.00013256349664926114,0.000132613453312059
cmr_versius:01,cmr_versius,CMR_STATE_PROMPT,cmr-surgical-60hz/hysterectomy_phase_prompts_v1,cmr_surgical/hysterectomy,arm left: 1. left instrument: Tool #18 (Cyan). arm right: 2. right instrument: Tool #2 (Pink). do a hysterectomy,arm left 1 left instrument tool 18 cyan arm right 2 right instrument tool 2 pink do a hysterectomy,hysterectomy,hysterectomy,15,1,arm left: 1. left instrument: Tool #18 (Cyan). arm right: 2. right instrument: Tool #2 (Pink),strip_cmr_state_template | strip_cmr_do_carrier,1.3144111627919622e-05,1.31490649972028e-05
cmr_versius:01,cmr_versius,CMR_STATE_PROMPT,cmr-surgical-60hz/hysterectomy_phase_prompts_v1,cmr_surgical/hysterectomy,arm left: 1. left instrument: Tool #1 (Cyan). arm right: 2. right instrument: Tool #2 (Pink). do a hysterectomy,arm left 1 left instrument tool 1 cyan arm right 2 right instrument tool 2 pink do a hysterectomy,hysterectomy,hysterectomy,15,1,arm left: 1. left instrument: Tool #1 (Cyan). arm right: 2. right instrument: Tool #2 (Pink),strip_cmr_state_template | strip_cmr_do_carrier,1.5349258943223588e-05,1.5355043324087137e-05
cmr_versius:01,cmr_versius,CMR_STATE_PROMPT,cmr-surgical-60hz/hysterectomy_phase_prompts_v1,cmr_surgical/hysterectomy,arm left: 3. left instrument: Tool #18 (Blue). arm right: 2. right instrument: Tool #13 (Orange). do a hysterectomy,arm left 3 left instrument tool 18 blue arm right 2 right instrument tool 13 orange do a hysterectomy,hysterectomy,hysterectomy,15,1,arm left: 3. left instrument: Tool #18 (Blue). arm right: 2. right instrument: Tool #13 (Orange),strip_cmr_state_template | strip_cmr_do_carrier,6.38266591622113e-05,6.385071229123909e-05
cmr_versius:01,cmr_versius,CMR_STATE_PROMPT,cmr-surgical-60hz/hysterectomy_phase_prompts_v1,cmr_surgical/hysterectomy,arm left: 3. left instrument: Tool #18 (Blue). arm right: -1. right instrument: Tool #3 (None). do a hysterectomy,arm left 3 left instrument tool 18 blue arm right 1 right instrument tool 3 none do a hysterectomy,hysterectomy,hysterectomy,15,1,arm left: 3. left instrument: Tool #18 (Blue). arm right: -1. right instrument: Tool #3 (None),strip_cmr_state_template | strip_cmr_do_carrier,2.9487478898914974e-05,2.9498591279603066e-05
cmr_versius:01,cmr_versius,CMR_STATE_PROMPT,cmr-surgical-60hz/hysterectomy_phase_prompts_v1,cmr_surgical/hysterectomy,arm left: 3. left instrument: Tool #18 (Blue). arm right: 1. right instrument: Tool #9 (Green). do a hysterectomy,arm left 3 left instrument tool 18 blue arm right 1 right instrument tool 9 green do a hysterectomy,hysterectomy,hysterectomy,15,1,arm left: 3. left instrument: Tool #18 (Blue). arm right: 1. right instrument: Tool #9 (Green),strip_cmr_state_template | strip_cmr_do_carrier,0.00029624805438311155,0.00029635969570618624
cmr_versius:01,cmr_versius,CMR_STATE_PROMPT,cmr-surgical-60hz/hysterectomy_phase_prompts_v1,cmr_surgical/hysterectomy,arm left: 3. left instrument: Tool #18 (Blue). arm right: 0. right instrument: Tool #14 (White). do a hysterectomy,arm left 3 left instrument tool 18 blue arm right 0 right instrument tool 14 white do a hysterectomy,hysterectomy,hysterectomy,15,1,arm left: 3. left instrument: Tool #18 (Blue). arm right: 0. right instrument: Tool #14 (White),strip_cmr_state_template | strip_cmr_do_carrier,3.6142534269652695e-06,3.615615461343365e-06
cmr_versius:01,cmr_versius,CMR_STATE_PROMPT,cmr-surgical-60hz/hysterectomy_phase_prompts_v1,cmr_surgical/hysterectomy,arm left: 3. left instrument: Tool #2 (Blue). arm right: -1. right instrument: Tool #3 (None). do a hysterectomy,arm left 3 left instrument tool 2 blue arm right 1 right instrument tool 3 none do a hysterectomy,hysterectomy,hysterectomy,15,1,arm left: 3. left instrument: Tool #2 (Blue). arm right: -1. right instrument: Tool #3 (None),strip_cmr_state_template | strip_cmr_do_carrier,8.081138664467232e-06,8.084184048222849e-06
cmr_versius:01,cmr_versius,CMR_STATE_PROMPT,cmr-surgical-60hz/hysterectomy_phase_prompts_v1,cmr_surgical/hysterectomy,arm left: 3. left instrument: Tool #2 (Blue). arm right: 2. right instrument: Tool #13 (Orange). do a hysterectomy,arm left 3 left instrument tool 2 blue arm right 2 right instrument tool 13 orange do a hysterectomy,hysterectomy,hysterectomy,15,1,arm left: 3. left instrument: Tool #2 (Blue). arm right: 2. right instrument: Tool #13 (Orange),strip_cmr_state_template | strip_cmr_do_carrier,2.4839503719352122e-05,2.484886450676901e-05
cmr_versius:01,cmr_versius,CMR_STATE_PROMPT,cmr-surgical-60hz/hysterectomy_phase_prompts_v1,cmr_surgical/hysterectomy,arm left: 3. left instrument: Tool #2 (Blue). arm right: 1. right instrument: Tool #2 (Green). do a hysterectomy,arm left 3 left instrument tool 2 blue arm right 1 right instrument tool 2 green do a hysterectomy,hysterectomy,hysterectomy,15,1,arm left: 3. left instrument: Tool #2 (Blue). arm right: 1. right instrument: Tool #2 (Green),strip_cmr_state_template | strip_cmr_do_carrier,7.714242896437616e-05,7.717150015221134e-05
cmr_versius:01,cmr_versius,CMR_STATE_PROMPT,cmr-surgical-60hz/hysterectomy_phase_prompts_v1,cmr_surgical/hysterectomy,arm left: 3. left instrument: Tool #2 (Blue). arm right: 0. right instrument: Tool #14 (White). do a hysterectomy,arm left 3 left instrument tool 2 blue arm right 0 right instrument tool 14 white do a hysterectomy,hysterectomy,hysterectomy,15,1,arm left: 3. left instrument: Tool #2 (Blue). arm right: 0. right instrument: Tool #14 (White),strip_cmr_state_template | strip_cmr_do_carrier,6.375875043393846e-07,6.378277797150612e-07
cmr_versius:01,cmr_versius,CMR_STATE_PROMPT,cmr-surgical-60hz/hysterectomy_phase_prompts_v1,cmr_surgical/hysterectomy,arm left: 2. left instrument: Tool #0 (Blue). arm right: 1. right instrument: Tool #9 (Green). do a hysterectomy,arm left 2 left instrument tool 0 blue arm right 1 right instrument tool 9 green do a hysterectomy,hysterectomy,hysterectomy,15,1,arm left: 2. left instrument: Tool #0 (Blue). arm right: 1. right instrument: Tool #9 (Green),strip_cmr_state_template | strip_cmr_do_carrier,7.360362967993625e-05,7.363136726834903e-05
cmr_versius:01,cmr_versius,CMR_STATE_PROMPT,cmr-surgical-60hz/hysterectomy_phase_prompts_v1,cmr_surgical/hysterectomy,arm left: 3. left instrument: Tool #12 (Pink). arm right: 1. right instrument: Tool #9 (Green). do a hysterectomy,arm left 3 left instrument tool 12 pink arm right 1 right instrument tool 9 green do a hysterectomy,hysterectomy,hysterectomy,15,1,arm left: 3. left instrument: Tool #12 (Pink). arm right: 1. right instrument: Tool #9 (Green),strip_cmr_state_template | strip_cmr_do_carrier,0.00046296775500004496,0.0004631422247794896
cmr_versius:01,cmr_versius,CMR_STATE_PROMPT,cmr-surgical-60hz/hysterectomy_phase_prompts_v1,cmr_surgical/hysterectomy,arm left: 2. left instrument: Tool #0 (Blue). arm right: -1. right instrument: Tool #3 (None). do a hysterectomy,arm left 2 left instrument tool 0 blue arm right 1 right instrument tool 3 none do a hysterectomy,hysterectomy,hysterectomy,15,1,arm left: 2. left instrument: Tool #0 (Blue). arm right: -1. right instrument: Tool #3 (None),strip_cmr_state_template | strip_cmr_do_carrier,2.0719707537466867e-05,2.0727515776302463e-05
cmr_versius:01,cmr_versius,CMR_STATE_PROMPT,cmr-surgical-60hz/hysterectomy_phase_prompts_v1,cmr_surgical/hysterectomy,arm left: 3. left instrument: Tool #12 (Pink). arm right: 0. right instrument: Tool #17 (White). do a hysterectomy,arm left 3 left instrument tool 12 pink arm right 0 right instrument tool 17 white do a hysterectomy,hysterectomy,hysterectomy,15,1,arm left: 3. left instrument: Tool #12 (Pink). arm right: 0. right instrument: Tool #17 (White),strip_cmr_state_template | strip_cmr_do_carrier,2.076875273010836e-06,2.077657945166516e-06
cmr_versius:01,cmr_versius,CMR_STATE_PROMPT,cmr-surgical-60hz/hysterectomy_phase_prompts_v1,cmr_surgical/hysterectomy,arm left: 3. left instrument: Tool #12 (Pink). arm right: 1. right instrument: Tool #2 (Green). do a hysterectomy,arm left 3 left instrument tool 12 pink arm right 1 right instrument tool 2 green do a hysterectomy,hysterectomy,hysterectomy,15,1,arm left: 3. left instrument: Tool #12 (Pink). arm right: 1. right instrument: Tool #2 (Green),strip_cmr_state_template | strip_cmr_do_carrier,1.9140829605123482e-05,1.9148042842511026e-05
cmr_versius:01,cmr_versius,CMR_STATE_PROMPT,cmr-surgical-60hz/hysterectomy_phase_prompts_v1,cmr_surgical/hysterectomy,arm left: 2. left instrument: Tool #0 (Blue). arm right: 1. right instrument: Tool #2 (Green). do a hysterectomy,arm left 2 left instrument tool 0 blue arm right 1 right instrument tool 2 green do a hysterectomy,hysterectomy,hysterectomy,15,1,arm left: 2. left instrument: Tool #0 (Blue). arm right: 1. right instrument: Tool #2 (Green),strip_cmr_state_template | strip_cmr_do_carrier,6.215534990527433e-06,6.217877320003333e-06
cmr_versius:01,cmr_versius,CMR_STATE_PROMPT,cmr-surgical-60hz/hysterectomy_phase_prompts_v1,cmr_surgical/hysterectomy,arm left: 3. left instrument: Tool #2 (Pink). arm right: 1. right instrument: Tool #2 (Green). do a hysterectomy,arm left 3 left instrument tool 2 pink arm right 1 right instrument tool 2 green do a hysterectomy,hysterectomy,hysterectomy,15,1,arm left: 3. left instrument: Tool #2 (Pink). arm right: 1. right instrument: Tool #2 (Green),strip_cmr_state_template | strip_cmr_do_carrier,5.274055927167118e-05,5.2760434594832536e-05
cmr_versius:01,cmr_versius,CMR_STATE_PROMPT,cmr-surgical-60hz/hysterectomy_phase_prompts_v1,cmr_surgical/hysterectomy,arm left: 0. left instrument: Tool #17 (White). arm right: 1. right instrument: Tool #2 (Green). do a hysterectomy,arm left 0 left instrument tool 17 white arm right 1 right instrument tool 2 green do a hysterectomy,hysterectomy,hysterectomy,15,1,arm left: 0. left instrument: Tool #17 (White). arm right: 1. right instrument: Tool #2 (Green),strip_cmr_state_template | strip_cmr_do_carrier,1.0476807689647758e-05,1.0480755883246892e-05
cmr_versius:01,cmr_versius,CMR_STATE_PROMPT,cmr-surgical-60hz/hysterectomy_phase_prompts_v1,cmr_surgical/hysterectomy,arm left: 2. left instrument: Tool #9 (Green). arm right: 1. right instrument: Tool #18 (Purple). do a hysterectomy,arm left 2 left instrument tool 9 green arm right 1 right instrument tool 18 purple do a hysterectomy,hysterectomy,hysterectomy,15,1,arm left: 2. left instrument: Tool #9 (Green). arm right: 1. right instrument: Tool #18 (Purple),strip_cmr_state_template | strip_cmr_do_carrier,0.00034160165310154883,0.0003417303859656217
cmr_versius:01,cmr_versius,CMR_STATE_PROMPT,cmr-surgical-60hz/hysterectomy_phase_prompts_v1,cmr_surgical/hysterectomy,arm left: 2. left instrument: Tool #9 (Green). arm right: -1. right instrument: Tool #3 (None). do a hysterectomy,arm left 2 left instrument tool 9 green arm right 1 right instrument tool 3 none do a hysterectomy,hysterectomy,hysterectomy,15,1,arm left: 2. left instrument: Tool #9 (Green). arm right: -1. right instrument: Tool #3 (None),strip_cmr_state_template | strip_cmr_do_carrier,1.6513139091677438e-05,1.651936208173268e-05
cmr_versius:01,cmr_versius,CMR_STATE_PROMPT,cmr-surgical-60hz/hysterectomy_phase_prompts_v1,cmr_surgical/hysterectomy,arm left: 2. left instrument: Tool #9 (Green). arm right: 0. right instrument: Tool #14 (White). do a hysterectomy,arm left 2 left instrument tool 9 green arm right 0 right instrument tool 14 white do a hysterectomy,hysterectomy,hysterectomy,15,1,arm left: 2. left instrument: Tool #9 (Green). arm right: 0. right instrument: Tool #14 (White),strip_cmr_state_template | strip_cmr_do_carrier,3.061551832966927e-06,3.0627055812945097e-06
cmr_versius:01,cmr_versius,CMR_STATE_PROMPT,cmr-surgical-60hz/hysterectomy_phase_prompts_v1,cmr_surgical/hysterectomy,arm left: 0. left instrument: Tool #14 (White). arm right: 1. right instrument: Tool #18 (Purple). do a hysterectomy,arm left 0 left instrument tool 14 white arm right 1 right instrument tool 18 purple do a hysterectomy,hysterectomy,hysterectomy,15,1,arm left: 0. left instrument: Tool #14 (White). arm right: 1. right instrument: Tool #18 (Purple),strip_cmr_state_template | strip_cmr_do_carrier,1.3317656155727976e-06,1.3322674925409266e-06
cmr_versius:01,cmr_versius,CMR_STATE_PROMPT,cmr-surgical-60hz/hysterectomy_phase_prompts_v1,cmr_surgical/hysterectomy,arm left: 2. left instrument: Tool #2 (Green). arm right: -1. right instrument: Tool #3 (None). do a hysterectomy,arm left 2 left instrument tool 2 green arm right 1 right instrument tool 3 none do a hysterectomy,hysterectomy,hysterectomy,15,1,arm left: 2. left instrument: Tool #2 (Green). arm right: -1. right instrument: Tool #3 (None),strip_cmr_state_template | strip_cmr_do_carrier,5.100700034715077e-06,5.10262223772049e-06
cmr_versius:01,cmr_versius,CMR_STATE_PROMPT,cmr-surgical-60hz/hysterectomy_phase_prompts_v1,cmr_surgical/hysterectomy,arm left: 2. left instrument: Tool #2 (Green). arm right: 1. right instrument: Tool #2 (Purple). do a hysterectomy,arm left 2 left instrument tool 2 green arm right 1 right instrument tool 2 purple do a hysterectomy,hysterectomy,hysterectomy,15,1,arm left: 2. left instrument: Tool #2 (Green). arm right: 1. right instrument: Tool #2 (Purple),strip_cmr_state_template | strip_cmr_do_carrier,5.616051828163362e-05,5.6181682419162143e-05
cmr_versius:01,cmr_versius,CMR_STATE_PROMPT,cmr-surgical-60hz/hysterectomy_phase_prompts_v1,cmr_surgical/hysterectomy,arm left: -1. left instrument: Tool #3 (None). arm right: 1. right instrument: Tool #2 (Orange). do a hysterectomy,arm left 1 left instrument tool 3 none arm right 1 right instrument tool 2 orange do a hysterectomy,hysterectomy,hysterectomy,15,1,arm left: -1. left instrument: Tool #3 (None). arm right: 1. right instrument: Tool #2 (Orange),strip_cmr_state_template | strip_cmr_do_carrier,0.00016610097664822537,0.00016616357193795857
cmr_versius:01,cmr_versius,CMR_STATE_PROMPT,cmr-surgical-60hz/hysterectomy_phase_prompts_v1,cmr_surgical/hysterectomy,arm left: 2. left instrument: Tool #2 (Pink). arm right: 1. right instrument: Tool #2 (Orange). do a hysterectomy,arm left 2 left instrument tool 2 pink arm right 1 right instrument tool 2 orange do a hysterectomy,hysterectomy,hysterectomy,15,1,arm left: 2. left instrument: Tool #2 (Pink). arm right: 1. right instrument: Tool #2 (Orange),strip_cmr_state_template | strip_cmr_do_carrier,0.00038548012333361513,0.0003856253918353023
cmr_versius:01,cmr_versius,CMR_STATE_PROMPT,cmr-surgical-60hz/hysterectomy_phase_prompts_v1,cmr_surgical/hysterectomy,arm left: -1. left instrument: Tool #3 (None). arm right: 1. right instrument: Tool #9 (Orange). do a hysterectomy,arm left 1 left instrument tool 3 none arm right 1 right instrument tool 9 orange do a hysterectomy,hysterectomy,hysterectomy,15,1,arm left: -1. left instrument: Tool #3 (None). arm right: 1. right instrument: Tool #9 (Orange),strip_cmr_state_template | strip_cmr_do_carrier,0.00018869949233457398,0.00018877060389353974
cmr_versius:01,cmr_versius,CMR_STATE_PROMPT,cmr-surgical-60hz/hysterectomy_phase_prompts_v1,cmr_surgical/hysterectomy,arm left: 2. left instrument: Tool #18 (Pink). arm right: 1. right instrument: Tool #9 (Orange). do a hysterectomy,arm left 2 left instrument tool 18 pink arm right 1 right instrument tool 9 orange do a hysterectomy,hysterectomy,hysterectomy,15,1,arm left: 2. left instrument: Tool #18 (Pink). arm right: 1. right instrument: Tool #9 (Orange),strip_cmr_state_template | strip_cmr_do_carrier,0.0005742475243964621,0.0005744639300485751
cmr_versius:01,cmr_versius,CMR_STATE_PROMPT,cmr-surgical-60hz/hysterectomy_phase_prompts_v1,cmr_surgical/hysterectomy,arm left: 2. left instrument: Tool #18 (Pink). arm right: -1. right instrument: Tool #3 (None). do a hysterectomy,arm left 2 left instrument tool 18 pink arm right 1 right instrument tool 3 none do a hysterectomy,hysterectomy,hysterectomy,15,1,arm left: 2. left instrument: Tool #18 (Pink). arm right: -1. right instrument: Tool #3 (None),strip_cmr_state_template | strip_cmr_do_carrier,3.280368846290503e-06,3.28160505598962e-06
cmr_versius:01,cmr_versius,CMR_STATE_PROMPT,cmr-surgical-60hz/hysterectomy_phase_prompts_v1,cmr_surgical/hysterectomy,arm left: 3. left instrument: Tool #12 (Pink). arm right: 2. right instrument: Tool #0 (Orange). do a hysterectomy,arm left 3 left instrument tool 12 pink arm right 2 right instrument tool 0 orange do a hysterectomy,hysterectomy,hysterectomy,15,1,arm left: 3. left instrument: Tool #12 (Pink). arm right: 2. right instrument: Tool #0 (Orange),strip_cmr_state_template | strip_cmr_do_carrier,8.425398189739235e-05,8.428573307980238e-05
cmr_versius:01,cmr_versius,CMR_STATE_PROMPT,cmr-surgical-60hz/hysterectomy_phase_prompts_v1,cmr_surgical/hysterectomy,arm left: -1. left instrument: Tool #3 (None). arm right: 2. right instrument: Tool #0 (Orange). do a hysterectomy,arm left 1 left instrument tool 3 none arm right 2 right instrument tool 0 orange do a hysterectomy,hysterectomy,hysterectomy,15,1,arm left: -1. left instrument: Tool #3 (None). arm right: 2. right instrument: Tool #0 (Orange),strip_cmr_state_template | strip_cmr_do_carrier,9.252564227173615e-06,9.256051063616495e-06
cmr_versius:01,cmr_versius,CMR_STATE_PROMPT,cmr-surgical-60hz/hysterectomy_phase_prompts_v1,cmr_surgical/hysterectomy,arm left: -1. left instrument: Tool #3 (None). arm right: 1. right instrument: Tool #2 (Blue). do a hysterectomy,arm left 1 left instrument tool 3 none arm right 1 right instrument tool 2 blue do a hysterectomy,hysterectomy,hysterectomy,15,1,arm left: -1. left instrument: Tool #3 (None). arm right: 1. right instrument: Tool #2 (Blue),strip_cmr_state_template | strip_cmr_do_carrier,1.7448770458992036e-05,1.7455346042497975e-05
cmr_versius:01,cmr_versius,CMR_STATE_PROMPT,cmr-surgical-60hz/hysterectomy_phase_prompts_v1,cmr_surgical/hysterectomy,arm left: 2. left instrument: Tool #2 (Green). arm right: 1. right instrument: Tool #2 (Blue). do a hysterectomy,arm left 2 left instrument tool 2 green arm right 1 right instrument tool 2 blue do a hysterectomy,hysterectomy,hysterectomy,15,1,arm left: 2. left instrument: Tool #2 (Green). arm right: 1. right instrument: Tool #2 (Blue),strip_cmr_state_template | strip_cmr_do_carrier,3.1132379205968065e-05,3.114411146869045e-05
cmr_versius:01,cmr_versius,CMR_STATE_PROMPT,cmr-surgical-60hz/hysterectomy_phase_prompts_v1,cmr_surgical/hysterectomy,arm left: 3. left instrument: Tool #0 (Purple). arm right: 1. right instrument: Tool #2 (Blue). do a hysterectomy,arm left 3 left instrument tool 0 purple arm right 1 right instrument tool 2 blue do a hysterectomy,hysterectomy,hysterectomy,15,1,arm left: 3. left instrument: Tool #0 (Purple). arm right: 1. right instrument: Tool #2 (Blue),strip_cmr_state_template | strip_cmr_do_carrier,2.5635544922994787e-06,2.5645205699194324e-06
cmr_versius:01,cmr_versius,CMR_STATE_PROMPT,cmr-surgical-60hz/hysterectomy_phase_prompts_v1,cmr_surgical/hysterectomy,arm left: 3. left instrument: Tool #0 (Purple). arm right: -1. right instrument: Tool #3 (None). do a hysterectomy,arm left 3 left instrument tool 0 purple arm right 1 right instrument tool 3 none do a hysterectomy,hysterectomy,hysterectomy,15,1,arm left: 3. left instrument: Tool #0 (Purple). arm right: -1. right instrument: Tool #3 (None),strip_cmr_state_template | strip_cmr_do_carrier,3.205291974477758e-05,3.206499891395952e-05
cmr_versius:01,cmr_versius,CMR_STATE_PROMPT,cmr-surgical-60hz/hysterectomy_phase_prompts_v1,cmr_surgical/hysterectomy,arm left: 3. left instrument: Tool #0 (Purple). arm right: 1. right instrument: Tool #9 (Blue). do a hysterectomy,arm left 3 left instrument tool 0 purple arm right 1 right instrument tool 9 blue do a hysterectomy,hysterectomy,hysterectomy,15,1,arm left: 3. left instrument: Tool #0 (Purple). arm right: 1. right instrument: Tool #9 (Blue),strip_cmr_state_template | strip_cmr_do_carrier,4.158466429929508e-05,4.1600335514255994e-05
cmr_versius:01,cmr_versius,CMR_STATE_PROMPT,cmr-surgical-60hz/hysterectomy_phase_prompts_v1,cmr_surgical/hysterectomy,arm left: -1. left instrument: Tool #3 (None). arm right: 1. right instrument: Tool #9 (Blue). do a hysterectomy,arm left 1 left instrument tool 3 none arm right 1 right instrument tool 9 blue do a hysterectomy,hysterectomy,hysterectomy,15,1,arm left: -1. left instrument: Tool #3 (None). arm right: 1. right instrument: Tool #9 (Blue),strip_cmr_state_template | strip_cmr_do_carrier,2.357187412492589e-05,2.3580757205086997e-05
cmr_versius:01,cmr_versius,CMR_STATE_PROMPT,cmr-surgical-60hz/hysterectomy_phase_prompts_v1,cmr_surgical/hysterectomy,arm left: 2. left instrument: Tool #12 (Green). arm right: 1. right instrument: Tool #9 (Blue). do a hysterectomy,arm left 2 left instrument tool 12 green arm right 1 right instrument tool 9 blue do a hysterectomy,hysterectomy,hysterectomy,15,1,arm left: 2. left instrument: Tool #12 (Green). arm right: 1. right instrument: Tool #9 (Blue),strip_cmr_state_template | strip_cmr_do_carrier,0.00020352057228011997,0.00020359726917525936
cmr_versius:01,cmr_versius,CMR_STATE_PROMPT,cmr-surgical-60hz/hysterectomy_phase_prompts_v1,cmr_surgical/hysterectomy,arm left: 2. left instrument: Tool #12 (Green). arm right: -1. right instrument: Tool #3 (None). do a hysterectomy,arm left 2 left instrument tool 12 green arm right 1 right instrument tool 3 none do a hysterectomy,hysterectomy,hysterectomy,15,1,arm left: 2. left instrument: Tool #12 (Green). arm right: -1. right instrument: Tool #3 (None),strip_cmr_state_template | strip_cmr_do_carrier,1.3423291955263495e-05,1.3428350533882768e-05
cmr_versius:01,cmr_versius,CMR_STATE_PROMPT,cmr-surgical-60hz/hysterectomy_phase_prompts_v1,cmr_surgical/hysterectomy,arm left: 2. left instrument: Tool #12 (Green). arm right: 1. right instrument: Tool #2 (Blue). do a hysterectomy,arm left 2 left instrument tool 12 green arm right 1 right instrument tool 2 blue do a hysterectomy,hysterectomy,hysterectomy,15,1,arm left: 2. left instrument: Tool #12 (Green). arm right: 1. right instrument: Tool #2 (Blue),strip_cmr_state_template | strip_cmr_do_carrier,8.75268053294303e-06,8.755978987804389e-06
cmr_versius:01,cmr_versius,CMR_STATE_PROMPT,cmr-surgical-60hz/hysterectomy_phase_prompts_v1,cmr_surgical/hysterectomy,arm left: -1. left instrument: Tool #3 (None). arm right: 2. right instrument: Tool #2 (Cyan). do a hysterectomy,arm left 1 left instrument tool 3 none arm right 2 right instrument tool 2 cyan do a hysterectomy,hysterectomy,hysterectomy,15,1,arm left: -1. left instrument: Tool #3 (None). arm right: 2. right instrument: Tool #2 (Cyan),strip_cmr_state_template | strip_cmr_do_carrier,9.878833610134195e-06,9.882556456709397e-06
cmr_versius:01,cmr_versius,CMR_STATE_PROMPT,cmr-surgical-60hz/hysterectomy_phase_prompts_v1,cmr_surgical/hysterectomy,arm left: 1. left instrument: Tool #12 (Pink). arm right: 2. right instrument: Tool #2 (Cyan). do a hysterectomy,arm left 1 left instrument tool 12 pink arm right 2 right instrument tool 2 cyan do a hysterectomy,hysterectomy,hysterectomy,15,1,arm left: 1. left instrument: Tool #12 (Pink). arm right: 2. right instrument: Tool #2 (Cyan),strip_cmr_state_template | strip_cmr_do_carrier,0.0001572502057299994,0.0001573094655994288
cmr_versius:01,cmr_versius,CMR_STATE_PROMPT,cmr-surgical-60hz/hysterectomy_phase_prompts_v1,cmr_surgical/hysterectomy,arm left: 1. left instrument: Tool #12 (Pink). arm right: -1. right instrument: Tool #3 (None). do a hysterectomy,arm left 1 left instrument tool 12 pink arm right 1 right instrument tool 3 none do a hysterectomy,hysterectomy,hysterectomy,15,1,arm left: 1. left instrument: Tool #12 (Pink). arm right: -1. right instrument: Tool #3 (None),strip_cmr_state_template | strip_cmr_do_carrier,5.2440629055132815e-06,5.2460391349345265e-06
cmr_versius:01,cmr_versius,CMR_STATE_PROMPT,cmr-surgical-60hz/hysterectomy_phase_prompts_v1,cmr_surgical/hysterectomy,arm left: 1. left instrument: Tool #12 (Pink). arm right: 3. right instrument: Tool #0 (Orange). do a hysterectomy,arm left 1 left instrument tool 12 pink arm right 3 right instrument tool 0 orange do a hysterectomy,hysterectomy,hysterectomy,15,1,arm left: 1. left instrument: Tool #12 (Pink). arm right: 3. right instrument: Tool #0 (Orange),strip_cmr_state_template | strip_cmr_do_carrier,4.7849244482464e-05,4.786727650962202e-05
cmr_versius:01,cmr_versius,CMR_STATE_PROMPT,cmr-surgical-60hz/hysterectomy_phase_prompts_v1,cmr_surgical/hysterectomy,arm left: 1. left instrument: Tool #12 (Pink). arm right: 0. right instrument: Tool #17 (White). do a hysterectomy,arm left 1 left instrument tool 12 pink arm right 0 right instrument tool 17 white do a hysterectomy,hysterectomy,hysterectomy,15,1,arm left: 1. left instrument: Tool #12 (Pink). arm right: 0. right instrument: Tool #17 (White),strip_cmr_state_template | strip_cmr_do_carrier,2.6974855952820123e-07,2.698502144948336e-07
cmr_versius:01,cmr_versius,CMR_STATE_PROMPT,cmr-surgical-60hz/hysterectomy_phase_prompts_v1,cmr_surgical/hysterectomy,arm left: 2. left instrument: Tool #0 (Orange). arm right: -1. right instrument: Tool #3 (None). do a hysterectomy,arm left 2 left instrument tool 0 orange arm right 1 right instrument tool 3 none do a hysterectomy,hysterectomy,hysterectomy,15,1,arm left: 2. left instrument: Tool #0 (Orange). arm right: -1. right instrument: Tool #3 (None),strip_cmr_state_template | strip_cmr_do_carrier,2.471877709131153e-05,2.4728092382799298e-05
cmr_versius:01,cmr_versius,CMR_STATE_PROMPT,cmr-surgical-60hz/hysterectomy_phase_prompts_v1,cmr_surgical/hysterectomy,arm left: 2. left instrument: Tool #0 (Orange). arm right: 3. right instrument: Tool #2 (Pink). do a hysterectomy,arm left 2 left instrument tool 0 orange arm right 3 right instrument tool 2 pink do a hysterectomy,hysterectomy,hysterectomy,15,1,arm left: 2. left instrument: Tool #0 (Orange). arm right: 3. right instrument: Tool #2 (Pink),strip_cmr_state_template | strip_cmr_do_carrier,7.164936738852912e-05,7.167636851158924e-05
cmr_versius:01,cmr_versius,CMR_STATE_PROMPT,cmr-surgical-60hz/hysterectomy_phase_prompts_v1,cmr_surgical/hysterectomy,arm left: 1. left instrument: Tool #12 (Cyan). arm right: 3. right instrument: Tool #2 (Pink). do a hysterectomy,arm left 1 left instrument tool 12 cyan arm right 3 right instrument tool 2 pink do a hysterectomy,hysterectomy,hysterectomy,15,1,arm left: 1. left instrument: Tool #12 (Cyan). arm right: 3. right instrument: Tool #2 (Pink),strip_cmr_state_template | strip_cmr_do_carrier,1.565862092757761e-05,1.5664521891759536e-05
cmr_versius:01,cmr_versius,CMR_STATE_PROMPT,cmr-surgical-60hz/hysterectomy_phase_prompts_v1,cmr_surgical/hysterectomy,arm left: 1. left instrument: Tool #12 (Cyan). arm right: -1. right instrument: Tool #3 (None). do a hysterectomy,arm left 1 left instrument tool 12 cyan arm right 1 right instrument tool 3 none do a hysterectomy,hysterectomy,hysterectomy,15,1,arm left: 1. left instrument: Tool #12 (Cyan). arm right: -1. right instrument: Tool #3 (None),strip_cmr_state_template | strip_cmr_do_carrier,5.812798504798266e-05,5.8149890626981095e-05
cmr_versius:01,cmr_versius,CMR_STATE_PROMPT,cmr-surgical-60hz/hysterectomy_phase_prompts_v1,cmr_surgical/hysterectomy,arm left: 1. left instrument: Tool #12 (Cyan). arm right: 3. right instrument: Tool #9 (Pink). do a hysterectomy,arm left 1 left instrument tool 12 cyan arm right 3 right instrument tool 9 pink do a hysterectomy,hysterectomy,hysterectomy,15,1,arm left: 1. left instrument: Tool #12 (Cyan). arm right: 3. right instrument: Tool #9 (Pink),strip_cmr_state_template | strip_cmr_do_carrier,0.00033230381638886004,0.0003324290453555166
cmr_versius:01,cmr_versius,CMR_STATE_PROMPT,cmr-surgical-60hz/hysterectomy_phase_prompts_v1,cmr_surgical/hysterectomy,arm left: 2. left instrument: Tool #0 (Orange). arm right: 3. right instrument: Tool #9 (Pink). do a hysterectomy,arm left 2 left instrument tool 0 orange arm right 3 right instrument tool 9 pink do a hysterectomy,hysterectomy,hysterectomy,15,1,arm left: 2. left instrument: Tool #0 (Orange). arm right: 3. right instrument: Tool #9 (Pink),strip_cmr_state_template | strip_cmr_do_carrier,0.0001492426348544944,0.00014929887706425002
cmr_versius:01,cmr_versius,CMR_STATE_PROMPT,cmr-surgical-60hz/hysterectomy_phase_prompts_v1,cmr_surgical/hysterectomy,arm left: 1. left instrument: Tool #12 (None). arm right: 3. right instrument: Tool #9 (None). do a hysterectomy,arm left 1 left instrument tool 12 none arm right 3 right instrument tool 9 none do a hysterectomy,hysterectomy,hysterectomy,15,1,arm left: 1. left instrument: Tool #12 (None). arm right: 3. right instrument: Tool #9 (None),strip_cmr_state_template | strip_cmr_do_carrier,3.772707126268548e-09,3.774128874053617e-09
cmr_versius:01,cmr_versius,CMR_STATE_PROMPT,cmr-surgical-60hz/hysterectomy_phase_prompts_v1,cmr_surgical/hysterectomy,arm left: 1. left instrument: Tool #0 (Green). arm right: 2. right instrument: Tool #9 (Orange). do a hysterectomy,arm left 1 left instrument tool 0 green arm right 2 right instrument tool 9 orange do a hysterectomy,hysterectomy,hysterectomy,15,1,arm left: 1. left instrument: Tool #0 (Green). arm right: 2. right instrument: Tool #9 (Orange),strip_cmr_state_template | strip_cmr_do_carrier,0.00018389872251639726,0.00018396802490130653
cmr_versius:01,cmr_versius,CMR_STATE_PROMPT,cmr-surgical-60hz/hysterectomy_phase_prompts_v1,cmr_surgical/hysterectomy,arm left: 3. left instrument: Tool #12 (Pink). arm right: 2. right instrument: Tool #9 (Orange). do a hysterectomy,arm left 3 left instrument tool 12 pink arm right 2 right instrument tool 9 orange do a hysterectomy,hysterectomy,hysterectomy,15,1,arm left: 3. left instrument: Tool #12 (Pink). arm right: 2. right instrument: Tool #9 (Orange),strip_cmr_state_template | strip_cmr_do_carrier,0.00031048436472408587,0.0003106013710124275
cmr_versius:01,cmr_versius,CMR_STATE_PROMPT,cmr-surgical-60hz/hysterectomy_phase_prompts_v1,cmr_surgical/hysterectomy,arm left: 1. left instrument: Tool #0 (Green). arm right: -1. right instrument: Tool #3 (None). do a hysterectomy,arm left 1 left instrument tool 0 green arm right 1 right instrument tool 3 none do a hysterectomy,hysterectomy,hysterectomy,15,1,arm left: 1. left instrument: Tool #0 (Green). arm right: -1. right instrument: Tool #3 (None),strip_cmr_state_template | strip_cmr_do_carrier,3.3045141718986216e-05,3.305759480783563e-05
cmr_versius:01,cmr_versius,CMR_STATE_PROMPT,cmr-surgical-60hz/hysterectomy_phase_prompts_v1,cmr_surgical/hysterectomy,arm left: 1. left instrument: Tool #18 (Blue). arm right: -1. right instrument: Tool #3 (None). do a hysterectomy,arm left 1 left instrument tool 18 blue arm right 1 right instrument tool 3 none do a hysterectomy,hysterectomy,hysterectomy,15,1,arm left: 1. left instrument: Tool #18 (Blue). arm right: -1. right instrument: Tool #3 (None),strip_cmr_state_template | strip_cmr_do_carrier,7.030251094445126e-05,7.032900450355212e-05
cmr_versius:01,cmr_versius,CMR_STATE_PROMPT,cmr-surgical-60hz/hysterectomy_phase_prompts_v1,cmr_surgical/hysterectomy,arm left: 1. left instrument: Tool #18 (Blue). arm right: 2. right instrument: Tool #13 (Orange). do a hysterectomy,arm left 1 left instrument tool 18 blue arm right 2 right instrument tool 13 orange do a hysterectomy,hysterectomy,hysterectomy,15,1,arm left: 1. left instrument: Tool #18 (Blue). arm right: 2. right instrument: Tool #13 (Orange),strip_cmr_state_template | strip_cmr_do_carrier,6.706552823011286e-05,6.709080192961413e-05
cmr_versius:01,cmr_versius,CMR_STATE_PROMPT,cmr-surgical-60hz/hysterectomy_phase_prompts_v1,cmr_surgical/hysterectomy,arm left: -1. left instrument: Tool #3 (None). arm right: 3. right instrument: Tool #9 (Green). do a hysterectomy,arm left 1 left instrument tool 3 none arm right 3 right instrument tool 9 green do a hysterectomy,hysterectomy,hysterectomy,15,1,arm left: -1. left instrument: Tool #3 (None). arm right: 3. right instrument: Tool #9 (Green),strip_cmr_state_template | strip_cmr_do_carrier,0.0001391336661096578,0.00013918609874622332
cmr_versius:01,cmr_versius,CMR_STATE_PROMPT,cmr-surgical-60hz/hysterectomy_phase_prompts_v1,cmr_surgical/hysterectomy,arm left: 1. left instrument: Tool #18 (Blue). arm right: 3. right instrument: Tool #9 (Green). do a hysterectomy,arm left 1 left instrument tool 18 blue arm right 3 right instrument tool 9 green do a hysterectomy,hysterectomy,hysterectomy,15,1,arm left: 1. left instrument: Tool #18 (Blue). arm right: 3. right instrument: Tool #9 (Green),strip_cmr_state_template | strip_cmr_do_carrier,0.0002892327054818151,0.00028934170306488347
cmr_versius:01,cmr_versius,CMR_STATE_PROMPT,cmr-surgical-60hz/hysterectomy_phase_prompts_v1,cmr_surgical/hysterectomy,arm left: 1. left instrument: Tool #18 (Blue). arm right: 0. right instrument: Tool #14 (White). do a hysterectomy,arm left 1 left instrument tool 18 blue arm right 0 right instrument tool 14 white do a hysterectomy,hysterectomy,hysterectomy,15,1,arm left: 1. left instrument: Tool #18 (Blue). arm right: 0. right instrument: Tool #14 (White),strip_cmr_state_template | strip_cmr_do_carrier,6.609782885222496e-06,6.612273787341936e-06
cmr_versius:01,cmr_versius,CMR_STATE_PROMPT,cmr-surgical-60hz/hysterectomy_phase_prompts_v1,cmr_surgical/hysterectomy,arm left: 0. left instrument: Tool #14 (White). arm right: 3. right instrument: Tool #9 (Green). do a hysterectomy,arm left 0 left instrument tool 14 white arm right 3 right instrument tool 9 green do a hysterectomy,hysterectomy,hysterectomy,15,1,arm left: 0. left instrument: Tool #14 (White). arm right: 3. right instrument: Tool #9 (Green),strip_cmr_state_template | strip_cmr_do_carrier,3.50861762742975e-07,3.5099398528698635e-07
cmr_versius:01,cmr_versius,CMR_STATE_PROMPT,cmr-surgical-60hz/hysterectomy_phase_prompts_v1,cmr_surgical/hysterectomy,arm left: 1. left instrument: Tool #2 (Blue). arm right: -1. right instrument: Tool #3 (None). do a hysterectomy,arm left 1 left instrument tool 2 blue arm right 1 right instrument tool 3 none do a hysterectomy,hysterectomy,hysterectomy,15,1,arm left: 1. left instrument: Tool #2 (Blue). arm right: -1. right instrument: Tool #3 (None),strip_cmr_state_template | strip_cmr_do_carrier,3.0034521432223914e-05,3.004583996634084e-05
cmr_versius:01,cmr_versius,CMR_STATE_PROMPT,cmr-surgical-60hz/hysterectomy_phase_prompts_v1,cmr_surgical/hysterectomy,arm left: 1. left instrument: Tool #2 (Blue). arm right: 0. right instrument: Tool #14 (White). do a hysterectomy,arm left 1 left instrument tool 2 blue arm right 0 right instrument tool 14 white do a hysterectomy,hysterectomy,hysterectomy,15,1,arm left: 1. left instrument: Tool #2 (Blue). arm right: 0. right instrument: Tool #14 (White),strip_cmr_state_template | strip_cmr_do_carrier,8.413136891578863e-07,8.416307389139565e-07
cmr_versius:01,cmr_versius,CMR_STATE_PROMPT,cmr-surgical-60hz/hysterectomy_phase_prompts_v1,cmr_surgical/hysterectomy,arm left: 1. left instrument: Tool #2 (Blue). arm right: 2. right instrument: Tool #13 (Orange). do a hysterectomy,arm left 1 left instrument tool 2 blue arm right 2 right instrument tool 13 orange do a hysterectomy,hysterectomy,hysterectomy,15,1,arm left: 1. left instrument: Tool #2 (Blue). arm right: 2. right instrument: Tool #13 (Orange),strip_cmr_state_template | strip_cmr_do_carrier,1.9610531642343915e-05,1.96179218873307e-05
cmr_versius:01,cmr_versius,CMR_STATE_PROMPT,cmr-surgical-60hz/hysterectomy_phase_prompts_v1,cmr_surgical/hysterectomy,arm left: 1. left instrument: Tool #2 (Blue). arm right: 3. right instrument: Tool #2 (Green). do a hysterectomy,arm left 1 left instrument tool 2 blue arm right 3 right instrument tool 2 green do a hysterectomy,hysterectomy,hysterectomy,15,1,arm left: 1. left instrument: Tool #2 (Blue). arm right: 3. right instrument: Tool #2 (Green),strip_cmr_state_template | strip_cmr_do_carrier,0.00011932884005031106,0.00011937380922187887
cmr_versius:01,cmr_versius,CMR_STATE_PROMPT,cmr-surgical-60hz/hysterectomy_phase_prompts_v1,cmr_surgical/hysterectomy,arm left: -1. left instrument: Tool #3 (None). arm right: 3. right instrument: Tool #2 (Green). do a hysterectomy,arm left 1 left instrument tool 3 none arm right 3 right instrument tool 2 green do a hysterectomy,hysterectomy,hysterectomy,15,1,arm left: -1. left instrument: Tool #3 (None). arm right: 3. right instrument: Tool #2 (Green),strip_cmr_state_template | strip_cmr_do_carrier,2.236272149095682e-05,2.2371148900952813e-05
cmr_versius:01,cmr_versius,CMR_STATE_PROMPT,cmr-surgical-60hz/hysterectomy_phase_prompts_v1,cmr_surgical/hysterectomy,arm left: 2. left instrument: Tool #12 (Pink). arm right: -1. right instrument: Tool #3 (None). do a hysterectomy,arm left 2 left instrument tool 12 pink arm right 1 right instrument tool 3 none do a hysterectomy,hysterectomy,hysterectomy,15,1,arm left: 2. left instrument: Tool #12 (Pink). arm right: -1. right instrument: Tool #3 (None),strip_cmr_state_template | strip_cmr_do_carrier,0.000125397239462914,0.00012544449551579411
cmr_versius:01,cmr_versius,CMR_STATE_PROMPT,cmr-surgical-60hz/hysterectomy_phase_prompts_v1,cmr_surgical/hysterectomy,arm left: 2. left instrument: Tool #12 (Pink). arm right: 1. right instrument: Tool #9 (Orange). do a hysterectomy,arm left 2 left instrument tool 12 pink arm right 1 right instrument tool 9 orange do a hysterectomy,hysterectomy,hysterectomy,15,1,arm left: 2. left instrument: Tool #12 (Pink). arm right: 1. right instrument: Tool #9 (Orange),strip_cmr_state_template | strip_cmr_do_carrier,0.00018451933283866842,0.00018458886910108834
cmr_versius:01,cmr_versius,CMR_STATE_PROMPT,cmr-surgical-60hz/hysterectomy_phase_prompts_v1,cmr_surgical/hysterectomy,arm left: 3. left instrument: Tool #0 (Blue). arm right: 1. right instrument: Tool #9 (Orange). do a hysterectomy,arm left 3 left instrument tool 0 blue arm right 1 right instrument tool 9 orange do a hysterectomy,hysterectomy,hysterectomy,15,1,arm left: 3. left instrument: Tool #0 (Blue). arm right: 1. right instrument: Tool #9 (Orange),strip_cmr_state_template | strip_cmr_do_carrier,2.3313443686776496e-05,2.3322229377214327e-05
cmr_versius:01,cmr_versius,CMR_STATE_PROMPT,cmr-surgical-60hz/hysterectomy_phase_prompts_v1,cmr_surgical/hysterectomy,arm left: 2. left instrument: Tool #12 (Pink). arm right: 3. right instrument: Tool #0 (Blue). do a hysterectomy,arm left 2 left instrument tool 12 pink arm right 3 right instrument tool 0 blue do a hysterectomy,hysterectomy,hysterectomy,15,1,arm left: 2. left instrument: Tool #12 (Pink). arm right: 3. right instrument: Tool #0 (Blue),strip_cmr_state_template | strip_cmr_do_carrier,1.81127669132153e-05,1.8119592724331416e-05
cmr_versius:01,cmr_versius,CMR_STATE_PROMPT,cmr-surgical-60hz/hysterectomy_phase_prompts_v1,cmr_surgical/hysterectomy,arm left: 2. left instrument: Tool #12 (Pink). arm right: 1. right instrument: Tool #2 (Orange). do a hysterectomy,arm left 2 left instrument tool 12 pink arm right 1 right instrument tool 2 orange do a hysterectomy,hysterectomy,hysterectomy,15,1,arm left: 2. left instrument: Tool #12 (Pink). arm right: 1. right instrument: Tool #2 (Orange),strip_cmr_state_template | strip_cmr_do_carrier,1.6373548928005502e-05,1.6379719313392697e-05
cmr_versius:01,cmr_versius,CMR_STATE_PROMPT,cmr-surgical-60hz/hysterectomy_phase_prompts_v1,cmr_surgical/hysterectomy,arm left: 3. left instrument: Tool #2 (Blue). arm right: 1. right instrument: Tool #2 (Orange). do a hysterectomy,arm left 3 left instrument tool 2 blue arm right 1 right instrument tool 2 orange do a hysterectomy,hysterectomy,hysterectomy,15,1,arm left: 3. left instrument: Tool #2 (Blue). arm right: 1. right instrument: Tool #2 (Orange),strip_cmr_state_template | strip_cmr_do_carrier,1.244993351668621e-07,1.2454625284376935e-07
cmr_versius:01,cmr_versius,CMR_STATE_PROMPT,cmr-surgical-60hz/hysterectomy_phase_prompts_v1,cmr_surgical/hysterectomy,arm left: 2. left instrument: Tool #18 (Orange). arm right: 1. right instrument: Tool #9 (Cyan). do a hysterectomy,arm left 2 left instrument tool 18 orange arm right 1 right instrument tool 9 cyan do a hysterectomy,hysterectomy,hysterectomy,15,1,arm left: 2. left instrument: Tool #18 (Orange). arm right: 1. right instrument: Tool #9 (Cyan),strip_cmr_state_template | strip_cmr_do_carrier,0.0009043197845201342,0.0009046605781750889
cmr_versius:01,cmr_versius,CMR_STATE_PROMPT,cmr-surgical-60hz/hysterectomy_phase_prompts_v1,cmr_surgical/hysterectomy,arm left: 2. left instrument: Tool #18 (Orange). arm right: -1. right instrument: Tool #3 (None). do a hysterectomy,arm left 2 left instrument tool 18 orange arm right 1 right instrument tool 3 none do a hysterectomy,hysterectomy,hysterectomy,15,1,arm left: 2. left instrument: Tool #18 (Orange). arm right: -1. right instrument: Tool #3 (None),strip_cmr_state_template | strip_cmr_do_carrier,5.06391614023396e-05,5.065824481198468e-05
cmr_versius:01,cmr_versius,CMR_STATE_PROMPT,cmr-surgical-60hz/hysterectomy_phase_prompts_v1,cmr_surgical/hysterectomy,arm left: 2. left instrument: Tool #2 (Orange). arm right: 1. right instrument: Tool #2 (Cyan). do a hysterectomy,arm left 2 left instrument tool 2 orange arm right 1 right instrument tool 2 cyan do a hysterectomy,hysterectomy,hysterectomy,15,1,arm left: 2. left instrument: Tool #2 (Orange). arm right: 1. right instrument: Tool #2 (Cyan),strip_cmr_state_template | strip_cmr_do_carrier,0.0003395040279393435,0.00033963197031164794
cmr_versius:01,cmr_versius,CMR_STATE_PROMPT,cmr-surgical-60hz/hysterectomy_phase_prompts_v1,cmr_surgical/hysterectomy,arm left: 0. left instrument: Tool #17 (White). arm right: 1. right instrument: Tool #2 (Cyan). do a hysterectomy,arm left 0 left instrument tool 17 white arm right 1 right instrument tool 2 cyan do a hysterectomy,hysterectomy,hysterectomy,15,1,arm left: 0. left instrument: Tool #17 (White). arm right: 1. right instrument: Tool #2 (Cyan),strip_cmr_state_template | strip_cmr_do_carrier,3.572376377863689e-05,3.57372263084137e-05
cmr_versius:01,cmr_versius,CMR_STATE_PROMPT,cmr-surgical-60hz/hysterectomy_phase_prompts_v1,cmr_surgical/hysterectomy,arm left: 3. left instrument: Tool #12 (Orange). arm right: -1. right instrument: Tool #3 (None). do a hysterectomy,arm left 3 left instrument tool 12 orange arm right 1 right instrument tool 3 none do a hysterectomy,hysterectomy,hysterectomy,15,1,arm left: 3. left instrument: Tool #12 (Orange). arm right: -1. right instrument: Tool #3 (None),strip_cmr_state_template | strip_cmr_do_carrier,9.131837599133022e-06,9.13527893964678e-06
cmr_versius:01,cmr_versius,CMR_STATE_PROMPT,cmr-surgical-60hz/hysterectomy_phase_prompts_v1,cmr_surgical/hysterectomy,arm left: 3. left instrument: Tool #12 (Orange). arm right: 1. right instrument: Tool #9 (Blue). do a hysterectomy,arm left 3 left instrument tool 12 orange arm right 1 right instrument tool 9 blue do a hysterectomy,hysterectomy,hysterectomy,15,1,arm left: 3. left instrument: Tool #12 (Orange). arm right: 1. right instrument: Tool #9 (Blue),strip_cmr_state_template | strip_cmr_do_carrier,0.00041721236297265993,0.00041736958979496727
cmr_versius:01,cmr_versius,CMR_STATE_PROMPT,cmr-surgical-60hz/hysterectomy_phase_prompts_v1,cmr_surgical/hysterectomy,arm left: 2. left instrument: Tool #13 (Pink). arm right: 1. right instrument: Tool #9 (Blue). do a hysterectomy,arm left 2 left instrument tool 13 pink arm right 1 right instrument tool 9 blue do a hysterectomy,hysterectomy,hysterectomy,15,1,arm left: 2. left instrument: Tool #13 (Pink). arm right: 1. right instrument: Tool #9 (Blue),strip_cmr_state_template | strip_cmr_do_carrier,9.02393817532174e-05,9.027338853848845e-05
cmr_versius:01,cmr_versius,CMR_STATE_PROMPT,cmr-surgical-60hz/hysterectomy_phase_prompts_v1,cmr_surgical/hysterectomy,arm left: 2. left instrument: Tool #13 (Pink). arm right: -1. right instrument: Tool #3 (None). do a hysterectomy,arm left 2 left instrument tool 13 pink arm right 1 right instrument tool 3 none do a hysterectomy,hysterectomy,hysterectomy,15,1,arm left: 2. left instrument: Tool #13 (Pink). arm right: -1. right instrument: Tool #3 (None),strip_cmr_state_template | strip_cmr_do_carrier,2.6465540490773865e-06,2.647551405148612e-06
cmr_versius:01,cmr_versius,CMR_STATE_PROMPT,cmr-surgical-60hz/hysterectomy_phase_prompts_v1,cmr_surgical/hysterectomy,arm left: 3. left instrument: Tool #12 (Orange). arm right: 1. right instrument: Tool #2 (Blue). do a hysterectomy,arm left 3 left instrument tool 12 orange arm right 1 right instrument tool 2 blue do a hysterectomy,hysterectomy,hysterectomy,15,1,arm left: 3. left instrument: Tool #12 (Orange). arm right: 1. right instrument: Tool #2 (Blue),strip_cmr_state_template | strip_cmr_do_carrier,1.649616190960923e-05,1.650237850179944e-05
cmr_versius:01,cmr_versius,CMR_STATE_PROMPT,cmr-surgical-60hz/hysterectomy_phase_prompts_v1,cmr_surgical/hysterectomy,arm left: 3. left instrument: Tool #2 (Orange). arm right: 1. right instrument: Tool #2 (Blue). do a hysterectomy,arm left 3 left instrument tool 2 orange arm right 1 right instrument tool 2 blue do a hysterectomy,hysterectomy,hysterectomy,15,1,arm left: 3. left instrument: Tool #2 (Orange). arm right: 1. right instrument: Tool #2 (Blue),strip_cmr_state_template | strip_cmr_do_carrier,9.390079401926105e-05,9.39361806107575e-05
cmr_versius:01,cmr_versius,CMR_STATE_PROMPT,cmr-surgical-60hz/hysterectomy_phase_prompts_v1,cmr_surgical/hysterectomy,arm left: 3. left instrument: Tool #2 (Orange). arm right: -1. right instrument: Tool #3 (None). do a hysterectomy,arm left 3 left instrument tool 2 orange arm right 1 right instrument tool 3 none do a hysterectomy,hysterectomy,hysterectomy,15,1,arm left: 3. left instrument: Tool #2 (Orange). arm right: -1. right instrument: Tool #3 (None),strip_cmr_state_template | strip_cmr_do_carrier,5.762810135375208e-06,5.7649818551169e-06
cmr_versius:01,cmr_versius,CMR_STATE_PROMPT,cmr-surgical-60hz/hysterectomy_phase_prompts_v1,cmr_surgical/hysterectomy,arm left: 3. left instrument: Tool #12 (Pink). arm right: 1. right instrument: Tool #9 (Orange). do a hysterectomy,arm left 3 left instrument tool 12 pink arm right 1 right instrument tool 9 orange do a hysterectomy,hysterectomy,hysterectomy,15,1,arm left: 3. left instrument: Tool #12 (Pink). arm right: 1. right instrument: Tool #9 (Orange),strip_cmr_state_template | strip_cmr_do_carrier,0.0010857039977368735,0.0010861131461818389
cmr_versius:01,cmr_versius,CMR_STATE_PROMPT,cmr-surgical-60hz/hysterectomy_phase_prompts_v1,cmr_surgical/hysterectomy,arm left: 3. left instrument: Tool #12 (Pink). arm right: 2. right instrument: Tool #0 (Cyan). do a hysterectomy,arm left 3 left instrument tool 12 pink arm right 2 right instrument tool 0 cyan do a hysterectomy,hysterectomy,hysterectomy,15,1,arm left: 3. left instrument: Tool #12 (Pink). arm right: 2. right instrument: Tool #0 (Cyan),strip_cmr_state_template | strip_cmr_do_carrier,0.00010579802594194891,0.00010583789601508558
cmr_versius:01,cmr_versius,CMR_STATE_PROMPT,cmr-surgical-60hz/hysterectomy_phase_prompts_v1,cmr_surgical/hysterectomy,arm left: 3. left instrument: Tool #12 (Pink). arm right: 1. right instrument: Tool #2 (Orange). do a hysterectomy,arm left 3 left instrument tool 12 pink arm right 1 right instrument tool 2 orange do a hysterectomy,hysterectomy,hysterectomy,15,1,arm left: 3. left instrument: Tool #12 (Pink). arm right: 1. right instrument: Tool #2 (Orange),strip_cmr_state_template | strip_cmr_do_carrier,0.00017583456103399827,0.00017590082443301694
cmr_versius:01,cmr_versius,CMR_STATE_PROMPT,cmr-surgical-60hz/hysterectomy_phase_prompts_v1,cmr_surgical/hysterectomy,arm left: 2. left instrument: Tool #0 (Cyan). arm right: 0. right instrument: Tool #14 (White). do a hysterectomy,arm left 2 left instrument tool 0 cyan arm right 0 right instrument tool 14 white do a hysterectomy,hysterectomy,hysterectomy,15,1,arm left: 2. left instrument: Tool #0 (Cyan). arm right: 0. right instrument: Tool #14 (White),strip_cmr_state_template | strip_cmr_do_carrier,2.9049844872267824e-06,2.906079233021285e-06
cmr_versius:01,cmr_versius,CMR_STATE_PROMPT,cmr-surgical-60hz/hysterectomy_phase_prompts_v1,cmr_surgical/hysterectomy,arm left: 2. left instrument: Tool #0 (Cyan). arm right: -1. right instrument: Tool #3 (None). do a hysterectomy,arm left 2 left instrument tool 0 cyan arm right 1 right instrument tool 3 none do a hysterectomy,hysterectomy,hysterectomy,15,1,arm left: 2. left instrument: Tool #0 (Cyan). arm right: -1. right instrument: Tool #3 (None),strip_cmr_state_template | strip_cmr_do_carrier,7.044398746168634e-05,7.047053433632914e-05
cmr_versius:01,cmr_versius,CMR_STATE_PROMPT,cmr-surgical-60hz/hysterectomy_phase_prompts_v1,cmr_surgical/hysterectomy,arm left: 2. left instrument: Tool #0 (Cyan). arm right: 1. right instrument: Tool #2 (Orange). do a hysterectomy,arm left 2 left instrument tool 0 cyan arm right 1 right instrument tool 2 orange do a hysterectomy,hysterectomy,hysterectomy,15,1,arm left: 2. left instrument: Tool #0 (Cyan). arm right: 1. right instrument: Tool #2 (Orange),strip_cmr_state_template | strip_cmr_do_carrier,9.816583942550763e-06,9.82028333028751e-06
cmr_versius:01,cmr_versius,CMR_STATE_PROMPT,cmr-surgical-60hz/hysterectomy_phase_prompts_v1,cmr_surgical/hysterectomy,arm left: 3. left instrument: Tool #2 (Pink). arm right: 1. right instrument: Tool #2 (Orange). do a hysterectomy,arm left 3 left instrument tool 2 pink arm right 1 right instrument tool 2 orange do a hysterectomy,hysterectomy,hysterectomy,15,1,arm left: 3. left instrument: Tool #2 (Pink). arm right: 1. right instrument: Tool #2 (Orange),strip_cmr_state_template | strip_cmr_do_carrier,0.00016945114057635187,0.00016951499837811822
cmr_versius:01,cmr_versius,CMR_STATE_PROMPT,cmr-surgical-60hz/hysterectomy_phase_prompts_v1,cmr_surgical/hysterectomy,arm left: 2. left instrument: Tool #9 (Cyan). arm right: 1. right instrument: Tool #2 (Orange). do a hysterectomy,arm left 2 left instrument tool 9 cyan arm right 1 right instrument tool 2 orange do a hysterectomy,hysterectomy,hysterectomy,15,1,arm left: 2. left instrument: Tool #9 (Cyan). arm right: 1. right instrument: Tool #2 (Orange),strip_cmr_state_template | strip_cmr_do_carrier,1.72431579206104e-05,1.7249656018862053e-05
cmr_versius:01,cmr_versius,CMR_STATE_PROMPT,cmr-surgical-60hz/hysterectomy_phase_prompts_v1,cmr_surgical/hysterectomy,arm left: 2. left instrument: Tool #0 (Cyan). arm right: 1. right instrument: Tool #9 (Orange). do a hysterectomy,arm left 2 left instrument tool 0 cyan arm right 1 right instrument tool 9 orange do a hysterectomy,hysterectomy,hysterectomy,15,1,arm left: 2. left instrument: Tool #0 (Cyan). arm right: 1. right instrument: Tool #9 (Orange),strip_cmr_state_template | strip_cmr_do_carrier,0.00011504304475486998,0.00011508639882095395
cmr_versius:01,cmr_versius,CMR_STATE_PROMPT,cmr-surgical-60hz/hysterectomy_phase_prompts_v1,cmr_surgical/hysterectomy,arm left: 3. left instrument: Tool #12 (Pink). arm right: 0. right instrument: Tool #14 (White). do a hysterectomy,arm left 3 left instrument tool 12 pink arm right 0 right instrument tool 14 white do a hysterectomy,hysterectomy,hysterectomy,15,1,arm left: 3. left instrument: Tool #12 (Pink). arm right: 0. right instrument: Tool #14 (White),strip_cmr_state_template | strip_cmr_do_carrier,1.1921754519008615e-06,1.192624724200943e-06
cmr_versius:01,cmr_versius,CMR_STATE_PROMPT,cmr-surgical-60hz/hysterectomy_phase_prompts_v1,cmr_surgical/hysterectomy,arm left: -1. left instrument: Tool #3 (None). arm right: 1. right instrument: Tool #0 (Orange). do a hysterectomy,arm left 1 left instrument tool 3 none arm right 1 right instrument tool 0 orange do a hysterectomy,hysterectomy,hysterectomy,15,1,arm left: -1. left instrument: Tool #3 (None). arm right: 1. right instrument: Tool #0 (Orange),strip_cmr_state_template | strip_cmr_do_carrier,9.854311013813449e-06,9.858024619028048e-06
cmr_versius:01,cmr_versius,CMR_STATE_PROMPT,cmr-surgical-60hz/hysterectomy_phase_prompts_v1,cmr_surgical/hysterectomy,arm left: 3. left instrument: Tool #12 (Cyan). arm right: 1. right instrument: Tool #0 (Orange). do a hysterectomy,arm left 3 left instrument tool 12 cyan arm right 1 right instrument tool 0 orange do a hysterectomy,hysterectomy,hysterectomy,15,1,arm left: 3. left instrument: Tool #12 (Cyan). arm right: 1. right instrument: Tool #0 (Orange),strip_cmr_state_template | strip_cmr_do_carrier,0.00011432434404731582,0.00011436742727044675
cmr_versius:01,cmr_versius,CMR_STATE_PROMPT,cmr-surgical-60hz/hysterectomy_phase_prompts_v1,cmr_surgical/hysterectomy,arm left: 3. left instrument: Tool #12 (Cyan). arm right: 2. right instrument: Tool #2 (Pink). do a hysterectomy,arm left 3 left instrument tool 12 cyan arm right 2 right instrument tool 2 pink do a hysterectomy,hysterectomy,hysterectomy,15,1,arm left: 3. left instrument: Tool #12 (Cyan). arm right: 2. right instrument: Tool #2 (Pink),strip_cmr_state_template | strip_cmr_do_carrier,0.0001113118374069904,0.00011135378536451495
cmr_versius:01,cmr_versius,CMR_STATE_PROMPT,cmr-surgical-60hz/hysterectomy_phase_prompts_v1,cmr_surgical/hysterectomy,arm left: 3. left instrument: Tool #12 (Cyan). arm right: 2. right instrument: Tool #9 (Pink). do a hysterectomy,arm left 3 left instrument tool 12 cyan arm right 2 right instrument tool 9 pink do a hysterectomy,hysterectomy,hysterectomy,15,1,arm left: 3. left instrument: Tool #12 (Cyan). arm right: 2. right instrument: Tool #9 (Pink),strip_cmr_state_template | strip_cmr_do_carrier,0.000346913624735335,0.0003470443594202893
cmr_versius:01,cmr_versius,CMR_STATE_PROMPT,cmr-surgical-60hz/hysterectomy_phase_prompts_v1,cmr_surgical/hysterectomy,arm left: 0. left instrument: Tool #14 (White). arm right: 2. right instrument: Tool #9 (Pink). do a hysterectomy,arm left 0 left instrument tool 14 white arm right 2 right instrument tool 9 pink do a hysterectomy,hysterectomy,hysterectomy,15,1,arm left: 0. left instrument: Tool #14 (White). arm right: 2. right instrument: Tool #9 (Pink),strip_cmr_state_template | strip_cmr_do_carrier,1.8071267134826348e-06,1.8078077306716825e-06
cmr_versius:01,cmr_versius,CMR_STATE_PROMPT,cmr-surgical-60hz/hysterectomy_phase_prompts_v1,cmr_surgical/hysterectomy,arm left: 0. left instrument: Tool #14 (White). arm right: 3. right instrument: Tool #13 (Orange). do a hysterectomy,arm left 0 left instrument tool 14 white arm right 3 right instrument tool 13 orange do a hysterectomy,hysterectomy,hysterectomy,15,1,arm left: 0. left instrument: Tool #14 (White). arm right: 3. right instrument: Tool #13 (Orange),strip_cmr_state_template | strip_cmr_do_carrier,3.1313469148028957e-07,3.1325269654645024e-07
cmr_versius:01,cmr_versius,CMR_STATE_PROMPT,cmr-surgical-60hz/hysterectomy_phase_prompts_v1,cmr_surgical/hysterectomy,arm left: 1. left instrument: Tool #18 (Cyan). arm right: 3. right instrument: Tool #2 (Pink). do a hysterectomy,arm left 1 left instrument tool 18 cyan arm right 3 right instrument tool 2 pink do a hysterectomy,hysterectomy,hysterectomy,15,1,arm left: 1. left instrument: Tool #18 (Cyan). arm right: 3. right instrument: Tool #2 (Pink),strip_cmr_state_template | strip_cmr_do_carrier,5.453448151021187e-06,5.455503287444503e-06
cmr_versius:01,cmr_versius,CMR_STATE_PROMPT,cmr-surgical-60hz/hysterectomy_phase_prompts_v1,cmr_surgical/hysterectomy,arm left: 2. left instrument: Tool #12 (Pink). arm right: 1. right instrument: Tool #2 (Cyan). do a hysterectomy,arm left 2 left instrument tool 12 pink arm right 1 right instrument tool 2 cyan do a hysterectomy,hysterectomy,hysterectomy,15,1,arm left: 2. left instrument: Tool #12 (Pink). arm right: 1. right instrument: Tool #2 (Cyan),strip_cmr_state_template | strip_cmr_do_carrier,9.148437510488603e-05,9.151885106692615e-05
cmr_versius:01,cmr_versius,CMR_STATE_PROMPT,cmr-surgical-60hz/hysterectomy_phase_prompts_v1,cmr_surgical/hysterectomy,arm left: 2. left instrument: Tool #12 (Pink). arm right: 3. right instrument: Tool #0 (Green). do a hysterectomy,arm left 2 left instrument tool 12 pink arm right 3 right instrument tool 0 green do a hysterectomy,hysterectomy,hysterectomy,15,1,arm left: 2. left instrument: Tool #12 (Pink). arm right: 3. right instrument: Tool #0 (Green),strip_cmr_state_template | strip_cmr_do_carrier,6.96441735509174e-05,6.967041901502976e-05
cmr_versius:01,cmr_versius,CMR_STATE_PROMPT,cmr-surgical-60hz/hysterectomy_phase_prompts_v1,cmr_surgical/hysterectomy,arm left: -1. left instrument: Tool #3 (None). arm right: 3. right instrument: Tool #0 (Green). do a hysterectomy,arm left 1 left instrument tool 3 none arm right 3 right instrument tool 0 green do a hysterectomy,hysterectomy,hysterectomy,15,1,arm left: -1. left instrument: Tool #3 (None). arm right: 3. right instrument: Tool #0 (Green),strip_cmr_state_template | strip_cmr_do_carrier,2.109131918940432e-05,2.1099267470396745e-05
cmr_versius:01,cmr_versius,CMR_STATE_PROMPT,cmr-surgical-60hz/hysterectomy_phase_prompts_v1,cmr_surgical/hysterectomy,arm left: 0. left instrument: Tool #17 (White). arm right: 3. right instrument: Tool #0 (Green). do a hysterectomy,arm left 0 left instrument tool 17 white arm right 3 right instrument tool 0 green do a hysterectomy,hysterectomy,hysterectomy,15,1,arm left: 0. left instrument: Tool #17 (White). arm right: 3. right instrument: Tool #0 (Green),strip_cmr_state_template | strip_cmr_do_carrier,1.905217098765617e-07,1.9059350813970764e-07
cmr_versius:01,cmr_versius,CMR_STATE_PROMPT,cmr-surgical-60hz/hysterectomy_phase_prompts_v1,cmr_surgical/hysterectomy,arm left: 2. left instrument: Tool #12 (Pink). arm right: 0. right instrument: Tool #17 (White). do a hysterectomy,arm left 2 left instrument tool 12 pink arm right 0 right instrument tool 17 white do a hysterectomy,hysterectomy,hysterectomy,15,1,arm left: 2. left instrument: Tool #12 (Pink). arm right: 0. right instrument: Tool #17 (White),strip_cmr_state_template | strip_cmr_do_carrier,3.50861762742975e-07,3.5099398528698635e-07
cmr_versius:01,cmr_versius,CMR_STATE_PROMPT,cmr-surgical-60hz/hysterectomy_phase_prompts_v1,cmr_surgical/hysterectomy,arm left: 2. left instrument: Tool #12 (Pink). arm right: 1. right instrument: Tool #9 (Cyan). do a hysterectomy,arm left 2 left instrument tool 12 pink arm right 1 right instrument tool 9 cyan do a hysterectomy,hysterectomy,hysterectomy,15,1,arm left: 2. left instrument: Tool #12 (Pink). arm right: 1. right instrument: Tool #9 (Cyan),strip_cmr_state_template | strip_cmr_do_carrier,0.0002296597736044716,0.00022974632107913986
cmr_versius:01,cmr_versius,CMR_STATE_PROMPT,cmr-surgical-60hz/hysterectomy_phase_prompts_v1,cmr_surgical/hysterectomy,arm left: 3. left instrument: Tool #0 (Green). arm right: 1. right instrument: Tool #9 (Cyan). do a hysterectomy,arm left 3 left instrument tool 0 green arm right 1 right instrument tool 9 cyan do a hysterectomy,hysterectomy,hysterectomy,15,1,arm left: 3. left instrument: Tool #0 (Green). arm right: 1. right instrument: Tool #9 (Cyan),strip_cmr_state_template | strip_cmr_do_carrier,2.745210340429309e-05,2.746244875205114e-05
cmr_versius:01,cmr_versius,CMR_STATE_PROMPT,cmr-surgical-60hz/hysterectomy_phase_prompts_v1,cmr_surgical/hysterectomy,arm left: 3. left instrument: Tool #0 (Green). arm right: 1. right instrument: Tool #2 (Cyan). do a hysterectomy,arm left 3 left instrument tool 0 green arm right 1 right instrument tool 2 cyan do a hysterectomy,hysterectomy,hysterectomy,15,1,arm left: 3. left instrument: Tool #0 (Green). arm right: 1. right instrument: Tool #2 (Cyan),strip_cmr_state_template | strip_cmr_do_carrier,1.2883794836207094e-06,1.2888650104893102e-06
cmr_versius:01,cmr_versius,CMR_STATE_PROMPT,cmr-surgical-60hz/hysterectomy_phase_prompts_v1,cmr_surgical/hysterectomy,arm left: 2. left instrument: Tool #12 (Purple). arm right: -1. right instrument: Tool #3 (None). do a hysterectomy,arm left 2 left instrument tool 12 purple arm right 1 right instrument tool 3 none do a hysterectomy,hysterectomy,hysterectomy,15,1,arm left: 2. left instrument: Tool #12 (Purple). arm right: -1. right instrument: Tool #3 (None),strip_cmr_state_template | strip_cmr_do_carrier,3.2464144821540856e-06,3.247637896123137e-06
cmr_versius:01,cmr_versius,CMR_STATE_PROMPT,cmr-surgical-60hz/hysterectomy_phase_prompts_v1,cmr_surgical/hysterectomy,arm left: 2. left instrument: Tool #12 (Purple). arm right: 1. right instrument: Tool #9 (Green). do a hysterectomy,arm left 2 left instrument tool 12 purple arm right 1 right instrument tool 9 green do a hysterectomy,hysterectomy,hysterectomy,15,1,arm left: 2. left instrument: Tool #12 (Purple). arm right: 1. right instrument: Tool #9 (Green),strip_cmr_state_template | strip_cmr_do_carrier,0.0002037714573040168,0.00020384824874538393
cmr_versius:01,cmr_versius,CMR_STATE_PROMPT,cmr-surgical-60hz/hysterectomy_phase_prompts_v1,cmr_surgical/hysterectomy,arm left: 3. left instrument: Tool #0 (Blue). arm right: 1. right instrument: Tool #9 (Green). do a hysterectomy,arm left 3 left instrument tool 0 blue arm right 1 right instrument tool 9 green do a hysterectomy,hysterectomy,hysterectomy,15,1,arm left: 3. left instrument: Tool #0 (Blue). arm right: 1. right instrument: Tool #9 (Green),strip_cmr_state_template | strip_cmr_do_carrier,2.456409609913452e-05,2.45733530989631e-05
cmr_versius:01,cmr_versius,CMR_STATE_PROMPT,cmr-surgical-60hz/hysterectomy_phase_prompts_v1,cmr_surgical/hysterectomy,arm left: 3. left instrument: Tool #0 (Blue). arm right: -1. right instrument: Tool #3 (None). do a hysterectomy,arm left 3 left instrument tool 0 blue arm right 1 right instrument tool 3 none do a hysterectomy,hysterectomy,hysterectomy,15,1,arm left: 3. left instrument: Tool #0 (Blue). arm right: -1. right instrument: Tool #3 (None),strip_cmr_state_template | strip_cmr_do_carrier,1.3366701348369467e-05,1.3371738600771963e-05
cmr_versius:01,cmr_versius,CMR_STATE_PROMPT,cmr-surgical-60hz/hysterectomy_phase_prompts_v1,cmr_surgical/hysterectomy,arm left: 2. left instrument: Tool #12 (Purple). arm right: 1. right instrument: Tool #2 (Green). do a hysterectomy,arm left 2 left instrument tool 12 purple arm right 1 right instrument tool 2 green do a hysterectomy,hysterectomy,hysterectomy,15,1,arm left: 2. left instrument: Tool #12 (Purple). arm right: 1. right instrument: Tool #2 (Green),strip_cmr_state_template | strip_cmr_do_carrier,3.4063772643078724e-05,3.4076609603830106e-05
cmr_versius:01,cmr_versius,CMR_STATE_PROMPT,cmr-surgical-60hz/hysterectomy_phase_prompts_v1,cmr_surgical/hysterectomy,arm left: -1. left instrument: Tool #3 (None). arm right: 1. right instrument: Tool #18 (Blue). do a hysterectomy,arm left 1 left instrument tool 3 none arm right 1 right instrument tool 18 blue do a hysterectomy,hysterectomy,hysterectomy,15,1,arm left: -1. left instrument: Tool #3 (None). arm right: 1. right instrument: Tool #18 (Blue),strip_cmr_state_template | strip_cmr_do_carrier,4.366908498655845e-06,4.3685541717170615e-06
cmr_versius:01,cmr_versius,CMR_STATE_PROMPT,cmr-surgical-60hz/hysterectomy_phase_prompts_v1,cmr_surgical/hysterectomy,arm left: 3. left instrument: Tool #0 (Purple). arm right: 1. right instrument: Tool #18 (Blue). do a hysterectomy,arm left 3 left instrument tool 0 purple arm right 1 right instrument tool 18 blue do a hysterectomy,hysterectomy,hysterectomy,15,1,arm left: 3. left instrument: Tool #0 (Purple). arm right: 1. right instrument: Tool #18 (Blue),strip_cmr_state_template | strip_cmr_do_carrier,0.00022025441473868415,0.00022033741779612422
cmr_versius:01,cmr_versius,CMR_STATE_PROMPT,cmr-surgical-60hz/hysterectomy_phase_prompts_v1,cmr_surgical/hysterectomy,arm left: 3. left instrument: Tool #0 (Purple). arm right: 2. right instrument: Tool #9 (Pink). do a hysterectomy,arm left 3 left instrument tool 0 purple arm right 2 right instrument tool 9 pink do a hysterectomy,hysterectomy,hysterectomy,15,1,arm left: 3. left instrument: Tool #0 (Purple). arm right: 2. right instrument: Tool #9 (Pink),strip_cmr_state_template | strip_cmr_do_carrier,0.00011419795835858581,0.00011424099395316594
cmr_versius:01,cmr_versius,CMR_STATE_PROMPT,cmr-surgical-60hz/hysterectomy_phase_prompts_v1,cmr_surgical/hysterectomy,arm left: 3. left instrument: Tool #0 (Purple). arm right: 0. right instrument: Tool #14 (White). do a hysterectomy,arm left 3 left instrument tool 0 purple arm right 0 right instrument tool 14 white do a hysterectomy,hysterectomy,hysterectomy,15,1,arm left: 3. left instrument: Tool #0 (Purple). arm right: 0. right instrument: Tool #14 (White),strip_cmr_state_template | strip_cmr_do_carrier,8.450863962841548e-07,8.454048677880102e-07
cmr_versius:01,cmr_versius,CMR_STATE_PROMPT,cmr-surgical-60hz/hysterectomy_phase_prompts_v1,cmr_surgical/hysterectomy,arm left: 0. left instrument: Tool #14 (White). arm right: 1. right instrument: Tool #18 (Blue). do a hysterectomy,arm left 0 left instrument tool 14 white arm right 1 right instrument tool 18 blue do a hysterectomy,hysterectomy,hysterectomy,15,1,arm left: 0. left instrument: Tool #14 (White). arm right: 1. right instrument: Tool #18 (Blue),strip_cmr_state_template | strip_cmr_do_carrier,1.5845369930327903e-07,1.585134127102519e-07
cmr_versius:01,cmr_versius,CMR_STATE_PROMPT,cmr-surgical-60hz/hysterectomy_phase_prompts_v1,cmr_surgical/hysterectomy,arm left: -1. left instrument: Tool #3 (None). arm right: 3. right instrument: Tool #9 (Orange). do a hysterectomy,arm left 1 left instrument tool 3 none arm right 3 right instrument tool 9 orange do a hysterectomy,hysterectomy,hysterectomy,15,1,arm left: -1. left instrument: Tool #3 (None). arm right: 3. right instrument: Tool #9 (Orange),strip_cmr_state_template | strip_cmr_do_carrier,2.897250437617932e-05,2.8983422688294753e-05
cmr_versius:01,cmr_versius,CMR_STATE_PROMPT,cmr-surgical-60hz/hysterectomy_phase_prompts_v1,cmr_surgical/hysterectomy,arm left: 1. left instrument: Tool #0 (Pink). arm right: 3. right instrument: Tool #9 (Orange). do a hysterectomy,arm left 1 left instrument tool 0 pink arm right 3 right instrument tool 9 orange do a hysterectomy,hysterectomy,hysterectomy,15,1,arm left: 1. left instrument: Tool #0 (Pink). arm right: 3. right instrument: Tool #9 (Orange),strip_cmr_state_template | strip_cmr_do_carrier,2.0655571516320303e-05,2.0663355585443552e-05
cmr_versius:01,cmr_versius,CMR_STATE_PROMPT,cmr-surgical-60hz/hysterectomy_phase_prompts_v1,cmr_surgical/hysterectomy,arm left: 2. left instrument: Tool #12 (Green). arm right: 3. right instrument: Tool #9 (Orange). do a hysterectomy,arm left 2 left instrument tool 12 green arm right 3 right instrument tool 9 orange do a hysterectomy,hysterectomy,hysterectomy,15,1,arm left: 2. left instrument: Tool #12 (Green). arm right: 3. right instrument: Tool #9 (Orange),strip_cmr_state_template | strip_cmr_do_carrier,0.00038314481762245496,0.00038328920606226316
cmr_versius:01,cmr_versius,CMR_STATE_PROMPT,cmr-surgical-60hz/hysterectomy_phase_prompts_v1,cmr_surgical/hysterectomy,arm left: 1. left instrument: Tool #0 (Pink). arm right: -1. right instrument: Tool #3 (None). do a hysterectomy,arm left 1 left instrument tool 0 pink arm right 1 right instrument tool 3 none do a hysterectomy,hysterectomy,hysterectomy,15,1,arm left: 1. left instrument: Tool #0 (Pink). arm right: -1. right instrument: Tool #3 (None),strip_cmr_state_template | strip_cmr_do_carrier,1.1419984471214895e-05,1.1424288101760296e-05
cmr_versius:01,cmr_versius,CMR_STATE_PROMPT,cmr-surgical-60hz/hysterectomy_phase_prompts_v1,cmr_surgical/hysterectomy,arm left: 2. left instrument: Tool #12 (Green). arm right: 3. right instrument: Tool #2 (Orange). do a hysterectomy,arm left 2 left instrument tool 12 green arm right 3 right instrument tool 2 orange do a hysterectomy,hysterectomy,hysterectomy,15,1,arm left: 2. left instrument: Tool #12 (Green). arm right: 3. right instrument: Tool #2 (Orange),strip_cmr_state_template | strip_cmr_do_carrier,8.529336271067933e-05,8.532550558460416e-05
cmr_versius:01,cmr_versius,CMR_STATE_PROMPT,cmr-surgical-60hz/hysterectomy_phase_prompts_v1,cmr_surgical/hysterectomy,arm left: -1. left instrument: Tool #3 (None). arm right: 3. right instrument: Tool #2 (Orange). do a hysterectomy,arm left 1 left instrument tool 3 none arm right 3 right instrument tool 2 orange do a hysterectomy,hysterectomy,hysterectomy,15,1,arm left: -1. left instrument: Tool #3 (None). arm right: 3. right instrument: Tool #2 (Orange),strip_cmr_state_template | strip_cmr_do_carrier,4.412180984171067e-06,4.413843718205704e-06
cmr_versius:01,cmr_versius,CMR_STATE_PROMPT,cmr-surgical-60hz/hysterectomy_phase_prompts_v1,cmr_surgical/hysterectomy,arm left: 1. left instrument: Tool #0 (Pink). arm right: 3. right instrument: Tool #2 (Orange). do a hysterectomy,arm left 1 left instrument tool 0 pink arm right 3 right instrument tool 2 orange do a hysterectomy,hysterectomy,hysterectomy,15,1,arm left: 1. left instrument: Tool #0 (Pink). arm right: 3. right instrument: Tool #2 (Orange),strip_cmr_state_template | strip_cmr_do_carrier,2.5143206643016744e-05,2.515268188113033e-05
cmr_versius:01,cmr_versius,CMR_STATE_PROMPT,cmr-surgical-60hz/hysterectomy_phase_prompts_v1,cmr_surgical/hysterectomy,arm left: 1. left instrument: Tool #18 (Orange). arm right: -1. right instrument: Tool #3 (None). do a hysterectomy,arm left 1 left instrument tool 18 orange arm right 1 right instrument tool 3 none do a hysterectomy,hysterectomy,hysterectomy,15,1,arm left: 1. left instrument: Tool #18 (Orange). arm right: -1. right instrument: Tool #3 (None),strip_cmr_state_template | strip_cmr_do_carrier,1.0016537420242997e-05,1.0020312160612354e-05
cmr_versius:01,cmr_versius,CMR_STATE_PROMPT,cmr-surgical-60hz/hysterectomy_phase_prompts_v1,cmr_surgical/hysterectomy,arm left: 1. left instrument: Tool #18 (Orange). arm right: 2. right instrument: Tool #0 (Green). do a hysterectomy,arm left 1 left instrument tool 18 orange arm right 2 right instrument tool 0 green do a hysterectomy,hysterectomy,hysterectomy,15,1,arm left: 1. left instrument: Tool #18 (Orange). arm right: 2. right instrument: Tool #0 (Green),strip_cmr_state_template | strip_cmr_do_carrier,6.766350230962641e-06,6.768900135615161e-06
cmr_versius:01,cmr_versius,CMR_STATE_PROMPT,cmr-surgical-60hz/hysterectomy_phase_prompts_v1,cmr_surgical/hysterectomy,arm left: 1. left instrument: Tool #18 (Orange). arm right: 3. right instrument: Tool #9 (Pink). do a hysterectomy,arm left 1 left instrument tool 18 orange arm right 3 right instrument tool 9 pink do a hysterectomy,hysterectomy,hysterectomy,15,1,arm left: 1. left instrument: Tool #18 (Orange). arm right: 3. right instrument: Tool #9 (Pink),strip_cmr_state_template | strip_cmr_do_carrier,0.000284931819357869,0.0002850391961484624
cmr_versius:01,cmr_versius,CMR_STATE_PROMPT,cmr-surgical-60hz/hysterectomy_phase_prompts_v1,cmr_surgical/hysterectomy,arm left: 1. left instrument: Tool #2 (Orange). arm right: 3. right instrument: Tool #2 (Pink). do a hysterectomy,arm left 1 left instrument tool 2 orange arm right 3 right instrument tool 2 pink do a hysterectomy,hysterectomy,hysterectomy,15,1,arm left: 1. left instrument: Tool #2 (Orange). arm right: 3. right instrument: Tool #2 (Pink),strip_cmr_state_template | strip_cmr_do_carrier,0.00012452951682387226,0.0001245764458747618
cmr_versius:01,cmr_versius,CMR_STATE_PROMPT,cmr-surgical-60hz/hysterectomy_phase_prompts_v1,cmr_surgical/hysterectomy,arm left: 1. left instrument: Tool #2 (Orange). arm right: -1. right instrument: Tool #3 (None). do a hysterectomy,arm left 1 left instrument tool 2 orange arm right 1 right instrument tool 3 none do a hysterectomy,hysterectomy,hysterectomy,15,1,arm left: 1. left instrument: Tool #2 (Orange). arm right: -1. right instrument: Tool #3 (None),strip_cmr_state_template | strip_cmr_do_carrier,3.6406623768491493e-06,3.64203436346174e-06
cmr_versius:01,cmr_versius,CMR_STATE_PROMPT,cmr-surgical-60hz/hysterectomy_phase_prompts_v1,cmr_surgical/hysterectomy,arm left: 1. left instrument: Tool #2 (Orange). arm right: 2. right instrument: Tool #0 (Green). do a hysterectomy,arm left 1 left instrument tool 2 orange arm right 2 right instrument tool 0 green do a hysterectomy,hysterectomy,hysterectomy,15,1,arm left: 1. left instrument: Tool #2 (Orange). arm right: 2. right instrument: Tool #0 (Green),strip_cmr_state_template | strip_cmr_do_carrier,2.06555715163203e-06,2.0663355585443547e-06
cmr_versius:01,cmr_versius,CMR_STATE_PROMPT,cmr-surgical-60hz/hysterectomy_phase_prompts_v1,cmr_surgical/hysterectomy,arm left: -1. left instrument: Tool #3 (None). arm right: 2. right instrument: Tool #0 (Green). do a hysterectomy,arm left 1 left instrument tool 3 none arm right 2 right instrument tool 0 green do a hysterectomy,hysterectomy,hysterectomy,15,1,arm left: -1. left instrument: Tool #3 (None). arm right: 2. right instrument: Tool #0 (Green),strip_cmr_state_template | strip_cmr_do_carrier,1.697718206820847e-07,1.6983579933241276e-07
cmr_versius:01,cmr_versius,CMR_STATE_PROMPT,cmr-surgical-60hz/hysterectomy_phase_prompts_v1,cmr_surgical/hysterectomy,arm left: 3. left instrument: Tool #12 (Blue). arm right: -1. right instrument: Tool #3 (None). do a hysterectomy,arm left 3 left instrument tool 12 blue arm right 1 right instrument tool 3 none do a hysterectomy,hysterectomy,hysterectomy,15,1,arm left: 3. left instrument: Tool #12 (Blue). arm right: -1. right instrument: Tool #3 (None),strip_cmr_state_template | strip_cmr_do_carrier,7.379792409693906e-05,7.382573490536278e-05
cmr_versius:01,cmr_versius,CMR_STATE_PROMPT,cmr-surgical-60hz/hysterectomy_phase_prompts_v1,cmr_surgical/hysterectomy,arm left: 3. left instrument: Tool #12 (Blue). arm right: 1. right instrument: Tool #9 (Cyan). do a hysterectomy,arm left 3 left instrument tool 12 blue arm right 1 right instrument tool 9 cyan do a hysterectomy,hysterectomy,hysterectomy,15,1,arm left: 3. left instrument: Tool #12 (Blue). arm right: 1. right instrument: Tool #9 (Cyan),strip_cmr_state_template | strip_cmr_do_carrier,0.00031804298345156486,0.0003181628382115939
cmr_versius:01,cmr_versius,CMR_STATE_PROMPT,cmr-surgical-60hz/hysterectomy_phase_prompts_v1,cmr_surgical/hysterectomy,arm left: 3. left instrument: Tool #12 (Blue). arm right: 2. right instrument: Tool #0 (Pink). do a hysterectomy,arm left 3 left instrument tool 12 blue arm right 2 right instrument tool 0 pink do a hysterectomy,hysterectomy,hysterectomy,15,1,arm left: 3. left instrument: Tool #12 (Blue). arm right: 2. right instrument: Tool #0 (Pink),strip_cmr_state_template | strip_cmr_do_carrier,4.355590377277039e-05,4.357231785094901e-05
cmr_versius:01,cmr_versius,CMR_STATE_PROMPT,cmr-surgical-60hz/hysterectomy_phase_prompts_v1,cmr_surgical/hysterectomy,arm left: 3. left instrument: Tool #12 (Blue). arm right: 1. right instrument: Tool #2 (Cyan). do a hysterectomy,arm left 3 left instrument tool 12 blue arm right 1 right instrument tool 2 cyan do a hysterectomy,hysterectomy,hysterectomy,15,1,arm left: 3. left instrument: Tool #12 (Blue). arm right: 1. right instrument: Tool #2 (Cyan),strip_cmr_state_template | strip_cmr_do_carrier,6.65505537073772e-05,6.65756333383058e-05
cmr_versius:01,cmr_versius,CMR_STATE_PROMPT,cmr-surgical-60hz/hysterectomy_phase_prompts_v1,cmr_surgical/hysterectomy,arm left: 3. left instrument: Tool #12 (Blue). arm right: 0. right instrument: Tool #17 (White). do a hysterectomy,arm left 3 left instrument tool 12 blue arm right 0 right instrument tool 17 white do a hysterectomy,hysterectomy,hysterectomy,15,1,arm left: 3. left instrument: Tool #12 (Blue). arm right: 0. right instrument: Tool #17 (White),strip_cmr_state_template | strip_cmr_do_carrier,4.634770704620912e-06,4.636517321774868e-06
cmr_versius:01,cmr_versius,CMR_STATE_PROMPT,cmr-surgical-60hz/hysterectomy_phase_prompts_v1,cmr_surgical/hysterectomy,arm left: -1. left instrument: Tool #3 (None). arm right: 2. right instrument: Tool #0 (Pink). do a hysterectomy,arm left 1 left instrument tool 3 none arm right 2 right instrument tool 0 pink do a hysterectomy,hysterectomy,hysterectomy,15,1,arm left: -1. left instrument: Tool #3 (None). arm right: 2. right instrument: Tool #0 (Pink),strip_cmr_state_template | strip_cmr_do_carrier,1.5222873254493591e-06,1.5228610006806342e-06
cmr_versius:01,cmr_versius,CMR_STATE_PROMPT,cmr-surgical-60hz/hysterectomy_phase_prompts_v1,cmr_surgical/hysterectomy,arm left: 1. left instrument: Tool #12 (Green). arm right: -1. right instrument: Tool #3 (None). do a hysterectomy,arm left 1 left instrument tool 12 green arm right 1 right instrument tool 3 none do a hysterectomy,hysterectomy,hysterectomy,15,1,arm left: 1. left instrument: Tool #12 (Green). arm right: -1. right instrument: Tool #3 (None),strip_cmr_state_template | strip_cmr_do_carrier,1.4902193148760766e-05,1.4907809052511787e-05
cmr_versius:01,cmr_versius,CMR_STATE_PROMPT,cmr-surgical-60hz/hysterectomy_phase_prompts_v1,cmr_surgical/hysterectomy,arm left: 1. left instrument: Tool #12 (Green). arm right: 2. right instrument: Tool #9 (Pink). do a hysterectomy,arm left 1 left instrument tool 12 green arm right 2 right instrument tool 9 pink do a hysterectomy,hysterectomy,hysterectomy,15,1,arm left: 1. left instrument: Tool #12 (Green). arm right: 2. right instrument: Tool #9 (Pink),strip_cmr_state_template | strip_cmr_do_carrier,0.00034192610591440793,0.00034205496104879036
cmr_versius:01,cmr_versius,CMR_STATE_PROMPT,cmr-surgical-60hz/hysterectomy_phase_prompts_v1,cmr_surgical/hysterectomy,arm left: 3. left instrument: Tool #0 (Cyan). arm right: 2. right instrument: Tool #9 (Pink). do a hysterectomy,arm left 3 left instrument tool 0 cyan arm right 2 right instrument tool 9 pink do a hysterectomy,hysterectomy,hysterectomy,15,1,arm left: 3. left instrument: Tool #0 (Cyan). arm right: 2. right instrument: Tool #9 (Pink),strip_cmr_state_template | strip_cmr_do_carrier,0.0001140866634983609,0.00011412965715138136
cmr_versius:01,cmr_versius,CMR_STATE_PROMPT,cmr-surgical-60hz/hysterectomy_phase_prompts_v1,cmr_surgical/hysterectomy,arm left: 1. left instrument: Tool #12 (Green). arm right: 3. right instrument: Tool #0 (Cyan). do a hysterectomy,arm left 1 left instrument tool 12 green arm right 3 right instrument tool 0 cyan do a hysterectomy,hysterectomy,hysterectomy,15,1,arm left: 1. left instrument: Tool #12 (Green). arm right: 3. right instrument: Tool #0 (Cyan),strip_cmr_state_template | strip_cmr_do_carrier,2.729176335142668e-05,2.7302048274903864e-05
cmr_versius:01,cmr_versius,CMR_STATE_PROMPT,cmr-surgical-60hz/hysterectomy_phase_prompts_v1,cmr_surgical/hysterectomy,arm left: -1. left instrument: Tool #3 (None). arm right: 1. right instrument: Tool #12 (Green). do a hysterectomy,arm left 1 left instrument tool 3 none arm right 1 right instrument tool 12 green do a hysterectomy,hysterectomy,hysterectomy,15,1,arm left: -1. left instrument: Tool #3 (None). arm right: 1. right instrument: Tool #12 (Green),strip_cmr_state_template | strip_cmr_do_carrier,8.564045176629605e-07,8.567272544101709e-07
cmr_versius:01,cmr_versius,CMR_STATE_PROMPT,cmr-surgical-60hz/hysterectomy_phase_prompts_v1,cmr_surgical/hysterectomy,arm left: 1. left instrument: Tool #12 (Green). arm right: 2. right instrument: Tool #2 (Pink). do a hysterectomy,arm left 1 left instrument tool 12 green arm right 2 right instrument tool 2 pink do a hysterectomy,hysterectomy,hysterectomy,15,1,arm left: 1. left instrument: Tool #12 (Green). arm right: 2. right instrument: Tool #2 (Pink),strip_cmr_state_template | strip_cmr_do_carrier,9.529103659529099e-05,9.532694710084624e-05
cmr_versius:01,cmr_versius,CMR_STATE_PROMPT,cmr-surgical-60hz/hysterectomy_phase_prompts_v1,cmr_surgical/hysterectomy,arm left: 3. left instrument: Tool #0 (Cyan). arm right: 1. right instrument: Tool #9 (Purple). do a hysterectomy,arm left 3 left instrument tool 0 cyan arm right 1 right instrument tool 9 purple do a hysterectomy,hysterectomy,hysterectomy,15,1,arm left: 3. left instrument: Tool #0 (Cyan). arm right: 1. right instrument: Tool #9 (Purple),strip_cmr_state_template | strip_cmr_do_carrier,3.173601234617103e-05,3.1747972088539024e-05
cmr_versius:01,cmr_versius,CMR_STATE_PROMPT,cmr-surgical-60hz/hysterectomy_phase_prompts_v1,cmr_surgical/hysterectomy,arm left: 2. left instrument: Tool #12 (Blue). arm right: 1. right instrument: Tool #9 (Purple). do a hysterectomy,arm left 2 left instrument tool 12 blue arm right 1 right instrument tool 9 purple do a hysterectomy,hysterectomy,hysterectomy,15,1,arm left: 2. left instrument: Tool #12 (Blue). arm right: 1. right instrument: Tool #9 (Purple),strip_cmr_state_template | strip_cmr_do_carrier,0.00033186806871577604,0.0003319931334705635
cmr_versius:01,cmr_versius,CMR_STATE_PROMPT,cmr-surgical-60hz/hysterectomy_phase_prompts_v1,cmr_surgical/hysterectomy,arm left: 2. left instrument: Tool #12 (Blue). arm right: -1. right instrument: Tool #3 (None). do a hysterectomy,arm left 2 left instrument tool 12 blue arm right 1 right instrument tool 3 none do a hysterectomy,hysterectomy,hysterectomy,15,1,arm left: 2. left instrument: Tool #12 (Blue). arm right: -1. right instrument: Tool #3 (None),strip_cmr_state_template | strip_cmr_do_carrier,4.166577750250985e-05,4.168147928504815e-05
cmr_versius:01,cmr_versius,CMR_STATE_PROMPT,cmr-surgical-60hz/hysterectomy_phase_prompts_v1,cmr_surgical/hysterectomy,arm left: 2. left instrument: Tool #12 (Blue). arm right: 1. right instrument: Tool #2 (Purple). do a hysterectomy,arm left 2 left instrument tool 12 blue arm right 1 right instrument tool 2 purple do a hysterectomy,hysterectomy,hysterectomy,15,1,arm left: 2. left instrument: Tool #12 (Blue). arm right: 1. right instrument: Tool #2 (Purple),strip_cmr_state_template | strip_cmr_do_carrier,2.9346002381679906e-05,2.935706144682606e-05
cmr_versius:01,cmr_versius,CMR_STATE_PROMPT,cmr-surgical-60hz/hysterectomy_phase_prompts_v1,cmr_surgical/hysterectomy,arm left: 3. left instrument: Tool #0 (Cyan). arm right: 1. right instrument: Tool #2 (Purple). do a hysterectomy,arm left 3 left instrument tool 0 cyan arm right 1 right instrument tool 2 purple do a hysterectomy,hysterectomy,hysterectomy,15,1,arm left: 3. left instrument: Tool #0 (Cyan). arm right: 1. right instrument: Tool #2 (Purple),strip_cmr_state_template | strip_cmr_do_carrier,3.3954364136416935e-06,3.396715986648255e-06
cmr_versius:01,cmr_versius,CMR_STATE_PROMPT,cmr-surgical-60hz/hysterectomy_phase_prompts_v1,cmr_surgical/hysterectomy,arm left: 2. left instrument: Tool #2 (Blue). arm right: 1. right instrument: Tool #2 (Purple). do a hysterectomy,arm left 2 left instrument tool 2 blue arm right 1 right instrument tool 2 purple do a hysterectomy,hysterectomy,hysterectomy,15,1,arm left: 2. left instrument: Tool #2 (Blue). arm right: 1. right instrument: Tool #2 (Purple),strip_cmr_state_template | strip_cmr_do_carrier,0.00013492709766386836,0.00013497794505165354
cmr_versius:01,cmr_versius,CMR_STATE_PROMPT,cmr-surgical-60hz/hysterectomy_phase_prompts_v1,cmr_surgical/hysterectomy,arm left: 2. left instrument: Tool #2 (Blue). arm right: -1. right instrument: Tool #3 (None). do a hysterectomy,arm left 2 left instrument tool 2 blue arm right 1 right instrument tool 3 none do a hysterectomy,hysterectomy,hysterectomy,15,1,arm left: 2. left instrument: Tool #2 (Blue). arm right: -1. right instrument: Tool #3 (None),strip_cmr_state_template | strip_cmr_do_carrier,1.414010630925452e-05,1.4145435019952955e-05
cmr_versius:01,cmr_versius,CMR_STATE_PROMPT,cmr-surgical-60hz/hysterectomy_phase_prompts_v1,cmr_surgical/hysterectomy,arm left: 0. left instrument: Tool #14 (White). arm right: 1. right instrument: Tool #2 (Purple). do a hysterectomy,arm left 0 left instrument tool 14 white arm right 1 right instrument tool 2 purple do a hysterectomy,hysterectomy,hysterectomy,15,1,arm left: 0. left instrument: Tool #14 (White). arm right: 1. right instrument: Tool #2 (Purple),strip_cmr_state_template | strip_cmr_do_carrier,7.77177668011321e-07,7.77470548055045e-07
cmr_versius:01,cmr_versius,CMR_STATE_PROMPT,cmr-surgical-60hz/hysterectomy_phase_prompts_v1,cmr_surgical/hysterectomy,arm left: -1. left instrument: Tool #3 (None). arm right: 2. right instrument: Tool #13 (Blue). do a hysterectomy,arm left 1 left instrument tool 3 none arm right 2 right instrument tool 13 blue do a hysterectomy,hysterectomy,hysterectomy,15,1,arm left: -1. left instrument: Tool #3 (None). arm right: 2. right instrument: Tool #13 (Blue),strip_cmr_state_template | strip_cmr_do_carrier,3.678578083468148e-05,3.6799643586459785e-05
cmr_versius:01,cmr_versius,CMR_STATE_PROMPT,cmr-surgical-60hz/hysterectomy_phase_prompts_v1,cmr_surgical/hysterectomy,arm left: 3. left instrument: Tool #18 (Cyan). arm right: 2. right instrument: Tool #13 (Blue). do a hysterectomy,arm left 3 left instrument tool 18 cyan arm right 2 right instrument tool 13 blue do a hysterectomy,hysterectomy,hysterectomy,15,1,arm left: 3. left instrument: Tool #18 (Cyan). arm right: 2. right instrument: Tool #13 (Blue),strip_cmr_state_template | strip_cmr_do_carrier,3.2498099185677276e-05,3.251034612109785e-05
cmr_versius:01,cmr_versius,CMR_STATE_PROMPT,cmr-surgical-60hz/hysterectomy_phase_prompts_v1,cmr_surgical/hysterectomy,arm left: 3. left instrument: Tool #18 (Cyan). arm right: 1. right instrument: Tool #9 (Pink). do a hysterectomy,arm left 3 left instrument tool 18 cyan arm right 1 right instrument tool 9 pink do a hysterectomy,hysterectomy,hysterectomy,15,1,arm left: 3. left instrument: Tool #18 (Cyan). arm right: 1. right instrument: Tool #9 (Pink),strip_cmr_state_template | strip_cmr_do_carrier,0.0002443110817293355,0.0002444031505615271
cmr_versius:01,cmr_versius,CMR_STATE_PROMPT,cmr-surgical-60hz/hysterectomy_phase_prompts_v1,cmr_surgical/hysterectomy,arm left: 3. left instrument: Tool #18 (Cyan). arm right: 1. right instrument: Tool #8 (Pink). do a hysterectomy,arm left 3 left instrument tool 18 cyan arm right 1 right instrument tool 8 pink do a hysterectomy,hysterectomy,hysterectomy,15,1,arm left: 3. left instrument: Tool #18 (Cyan). arm right: 1. right instrument: Tool #8 (Pink),strip_cmr_state_template | strip_cmr_do_carrier,7.520514385503724e-05,7.523348497538479e-05
cmr_versius:01,cmr_versius,CMR_STATE_PROMPT,cmr-surgical-60hz/hysterectomy_phase_prompts_v1,cmr_surgical/hysterectomy,arm left: -1. left instrument: Tool #3 (None). arm right: 1. right instrument: Tool #8 (Pink). do a hysterectomy,arm left 1 left instrument tool 3 none arm right 1 right instrument tool 8 pink do a hysterectomy,hysterectomy,hysterectomy,15,1,arm left: -1. left instrument: Tool #3 (None). arm right: 1. right instrument: Tool #8 (Pink),strip_cmr_state_template | strip_cmr_do_carrier,6.828599898546072e-06,6.8311732620370455e-06
cmr_versius:01,cmr_versius,CMR_STATE_PROMPT,cmr-surgical-60hz/hysterectomy_phase_prompts_v1,cmr_surgical/hysterectomy,arm left: 3. left instrument: Tool #0 (Cyan). arm right: 1. right instrument: Tool #2 (Pink). do a hysterectomy,arm left 3 left instrument tool 0 cyan arm right 1 right instrument tool 2 pink do a hysterectomy,hysterectomy,hysterectomy,15,1,arm left: 3. left instrument: Tool #0 (Cyan). arm right: 1. right instrument: Tool #2 (Pink),strip_cmr_state_template | strip_cmr_do_carrier,0.0001610493218061518,0.0001611100133756008
cmr_versius:01,cmr_versius,CMR_STATE_PROMPT,cmr-surgical-60hz/hysterectomy_phase_prompts_v1,cmr_surgical/hysterectomy,arm left: 3. left instrument: Tool #0 (Cyan). arm right: 2. right instrument: Tool #13 (Blue). do a hysterectomy,arm left 3 left instrument tool 0 cyan arm right 2 right instrument tool 13 blue do a hysterectomy,hysterectomy,hysterectomy,15,1,arm left: 3. left instrument: Tool #0 (Cyan). arm right: 2. right instrument: Tool #13 (Blue),strip_cmr_state_template | strip_cmr_do_carrier,1.6824387429594595e-05,1.6830727713842107e-05
cmr_versius:01,cmr_versius,CMR_STATE_PROMPT,cmr-surgical-60hz/hysterectomy_phase_prompts_v1,cmr_surgical/hysterectomy,arm left: 3. left instrument: Tool #18 (Cyan). arm right: 1. right instrument: Tool #2 (Pink). do a hysterectomy,arm left 3 left instrument tool 18 cyan arm right 1 right instrument tool 2 pink do a hysterectomy,hysterectomy,hysterectomy,15,1,arm left: 3. left instrument: Tool #18 (Cyan). arm right: 1. right instrument: Tool #2 (Pink),strip_cmr_state_template | strip_cmr_do_carrier,4.257499991994057e-06,4.2591044343695065e-06
cmr_versius:01,cmr_versius,CMR_STATE_PROMPT,cmr-surgical-60hz/hysterectomy_phase_prompts_v1,cmr_surgical/hysterectomy,arm left: 3. left instrument: Tool #12 (Green). arm right: -1. right instrument: Tool #3 (None). do a hysterectomy,arm left 3 left instrument tool 12 green arm right 1 right instrument tool 3 none do a hysterectomy,hysterectomy,hysterectomy,15,1,arm left: 3. left instrument: Tool #12 (Green). arm right: -1. right instrument: Tool #3 (None),strip_cmr_state_template | strip_cmr_do_carrier,3.2520735428434887e-05,3.253299089434218e-05
cmr_versius:01,cmr_versius,CMR_STATE_PROMPT,cmr-surgical-60hz/hysterectomy_phase_prompts_v1,cmr_surgical/hysterectomy,arm left: 3. left instrument: Tool #12 (Green). arm right: 0. right instrument: Tool #14 (White). do a hysterectomy,arm left 3 left instrument tool 12 green arm right 0 right instrument tool 14 white do a hysterectomy,hysterectomy,hysterectomy,15,1,arm left: 3. left instrument: Tool #12 (Green). arm right: 0. right instrument: Tool #14 (White),strip_cmr_state_template | strip_cmr_do_carrier,2.195715547488295e-06,2.1965430046992047e-06
cmr_versius:01,cmr_versius,CMR_STATE_PROMPT,cmr-surgical-60hz/hysterectomy_phase_prompts_v1,cmr_surgical/hysterectomy,arm left: 3. left instrument: Tool #12 (Green). arm right: 2. right instrument: Tool #9 (Orange). do a hysterectomy,arm left 3 left instrument tool 12 green arm right 2 right instrument tool 9 orange do a hysterectomy,hysterectomy,hysterectomy,15,1,arm left: 3. left instrument: Tool #12 (Green). arm right: 2. right instrument: Tool #9 (Orange),strip_cmr_state_template | strip_cmr_do_carrier,0.0002867974230318088,0.00028690550287668187
cmr_versius:01,cmr_versius,CMR_STATE_PROMPT,cmr-surgical-60hz/hysterectomy_phase_prompts_v1,cmr_surgical/hysterectomy,arm left: 1. left instrument: Tool #0 (Cyan). arm right: 2. right instrument: Tool #9 (Orange). do a hysterectomy,arm left 1 left instrument tool 0 cyan arm right 2 right instrument tool 9 orange do a hysterectomy,hysterectomy,hysterectomy,15,1,arm left: 1. left instrument: Tool #0 (Cyan). arm right: 2. right instrument: Tool #9 (Orange),strip_cmr_state_template | strip_cmr_do_carrier,4.931116849389306e-05,4.93297514483178e-05
cmr_versius:01,cmr_versius,CMR_STATE_PROMPT,cmr-surgical-60hz/hysterectomy_phase_prompts_v1,cmr_surgical/hysterectomy,arm left: 3. left instrument: Tool #12 (Green). arm right: 1. right instrument: Tool #0 (Cyan). do a hysterectomy,arm left 3 left instrument tool 12 green arm right 1 right instrument tool 0 cyan do a hysterectomy,hysterectomy,hysterectomy,15,1,arm left: 3. left instrument: Tool #12 (Green). arm right: 1. right instrument: Tool #0 (Cyan),strip_cmr_state_template | strip_cmr_do_carrier,1.2402774677607853e-05,1.2407448673451265e-05
cmr_versius:01,cmr_versius,CMR_STATE_PROMPT,cmr-surgical-60hz/hysterectomy_phase_prompts_v1,cmr_surgical/hysterectomy,arm left: 1. left instrument: Tool #0 (Cyan). arm right: 2. right instrument: Tool #2 (Orange). do a hysterectomy,arm left 1 left instrument tool 0 cyan arm right 2 right instrument tool 2 orange do a hysterectomy,hysterectomy,hysterectomy,15,1,arm left: 1. left instrument: Tool #0 (Cyan). arm right: 2. right instrument: Tool #2 (Orange),strip_cmr_state_template | strip_cmr_do_carrier,9.427995108545102e-06,9.431548056259987e-06
cmr_versius:01,cmr_versius,CMR_STATE_PROMPT,cmr-surgical-60hz/hysterectomy_phase_prompts_v1,cmr_surgical/hysterectomy,arm left: 3. left instrument: Tool #12 (Green). arm right: 2. right instrument: Tool #2 (Orange). do a hysterectomy,arm left 3 left instrument tool 12 green arm right 2 right instrument tool 2 orange do a hysterectomy,hysterectomy,hysterectomy,15,1,arm left: 3. left instrument: Tool #12 (Green). arm right: 2. right instrument: Tool #2 (Orange),strip_cmr_state_template | strip_cmr_do_carrier,7.446380690472547e-05,7.449186865163325e-05
cmr_versius:01,cmr_versius,CMR_STATE_PROMPT,cmr-surgical-60hz/hysterectomy_phase_prompts_v1,cmr_surgical/hysterectomy,arm left: 1. left instrument: Tool #9 (Cyan). arm right: 2. right instrument: Tool #2 (Orange). do a hysterectomy,arm left 1 left instrument tool 9 cyan arm right 2 right instrument tool 2 orange do a hysterectomy,hysterectomy,hysterectomy,15,1,arm left: 1. left instrument: Tool #9 (Cyan). arm right: 2. right instrument: Tool #2 (Orange),strip_cmr_state_template | strip_cmr_do_carrier,1.190289098337727e-06,1.190737659763916e-06
cmr_versius:01,cmr_versius,CMR_STATE_PROMPT,cmr-surgical-60hz/hysterectomy_phase_prompts_v1,cmr_surgical/hysterectomy,arm left: 0. left instrument: Tool #14 (White). arm right: 2. right instrument: Tool #2 (Orange). do a hysterectomy,arm left 0 left instrument tool 14 white arm right 2 right instrument tool 2 orange do a hysterectomy,hysterectomy,hysterectomy,15,1,arm left: 0. left instrument: Tool #14 (White). arm right: 2. right instrument: Tool #2 (Orange),strip_cmr_state_template | strip_cmr_do_carrier,8.43388678077334e-06,8.43706509794686e-06
cmr_versius:01,cmr_versius,CMR_STATE_PROMPT,cmr-surgical-60hz/hysterectomy_phase_prompts_v1,cmr_surgical/hysterectomy,arm left: -1. left instrument: Tool #3 (None). arm right: 2. right instrument: Tool #9 (Cyan). do a hysterectomy,arm left 1 left instrument tool 3 none arm right 2 right instrument tool 9 cyan do a hysterectomy,hysterectomy,hysterectomy,15,1,arm left: -1. left instrument: Tool #3 (None). arm right: 2. right instrument: Tool #9 (Cyan),strip_cmr_state_template | strip_cmr_do_carrier,3.113803826665746e-05,3.114977266200152e-05
cmr_versius:01,cmr_versius,CMR_STATE_PROMPT,cmr-surgical-60hz/hysterectomy_phase_prompts_v1,cmr_surgical/hysterectomy,arm left: 1. left instrument: Tool #12 (Orange). arm right: 2. right instrument: Tool #9 (Cyan). do a hysterectomy,arm left 1 left instrument tool 12 orange arm right 2 right instrument tool 9 cyan do a hysterectomy,hysterectomy,hysterectomy,15,1,arm left: 1. left instrument: Tool #12 (Orange). arm right: 2. right instrument: Tool #9 (Cyan),strip_cmr_state_template | strip_cmr_do_carrier,0.0006912731267461862,0.0006915336335928442
cmr_versius:01,cmr_versius,CMR_STATE_PROMPT,cmr-surgical-60hz/hysterectomy_phase_prompts_v1,cmr_surgical/hysterectomy,arm left: 1. left instrument: Tool #12 (Orange). arm right: 3. right instrument: Tool #0 (Pink). do a hysterectomy,arm left 1 left instrument tool 12 orange arm right 3 right instrument tool 0 pink do a hysterectomy,hysterectomy,hysterectomy,15,1,arm left: 1. left instrument: Tool #12 (Orange). arm right: 3. right instrument: Tool #0 (Pink),strip_cmr_state_template | strip_cmr_do_carrier,9.663600668580575e-05,9.667242404444638e-05
cmr_versius:01,cmr_versius,CMR_STATE_PROMPT,cmr-surgical-60hz/hysterectomy_phase_prompts_v1,cmr_surgical/hysterectomy,arm left: -1. left instrument: Tool #3 (None). arm right: 3. right instrument: Tool #0 (Pink). do a hysterectomy,arm left 1 left instrument tool 3 none arm right 3 right instrument tool 0 pink do a hysterectomy,hysterectomy,hysterectomy,15,1,arm left: -1. left instrument: Tool #3 (None). arm right: 3. right instrument: Tool #0 (Pink),strip_cmr_state_template | strip_cmr_do_carrier,3.0125066403254363e-06,3.0136419059318134e-06
cmr_versius:01,cmr_versius,CMR_STATE_PROMPT,cmr-surgical-60hz/hysterectomy_phase_prompts_v1,cmr_surgical/hysterectomy,arm left: 1. left instrument: Tool #12 (Orange). arm right: 2. right instrument: Tool #2 (Cyan). do a hysterectomy,arm left 1 left instrument tool 12 orange arm right 2 right instrument tool 2 cyan do a hysterectomy,hysterectomy,hysterectomy,15,1,arm left: 1. left instrument: Tool #12 (Orange). arm right: 2. right instrument: Tool #2 (Cyan),strip_cmr_state_template | strip_cmr_do_carrier,8.532543072125262e-05,8.535758568003362e-05
cmr_versius:01,cmr_versius,CMR_STATE_PROMPT,cmr-surgical-60hz/hysterectomy_phase_prompts_v1,cmr_surgical/hysterectomy,arm left: 1. left instrument: Tool #12 (Orange). arm right: 0. right instrument: Tool #17 (White). do a hysterectomy,arm left 1 left instrument tool 12 orange arm right 0 right instrument tool 17 white do a hysterectomy,hysterectomy,hysterectomy,15,1,arm left: 1. left instrument: Tool #12 (Orange). arm right: 0. right instrument: Tool #17 (White),strip_cmr_state_template | strip_cmr_do_carrier,2.4333960964432136e-07,2.434313123764583e-07
cmr_versius:01,cmr_versius,CMR_STATE_PROMPT,cmr-surgical-60hz/hysterectomy_phase_prompts_v1,cmr_surgical/hysterectomy,arm left: 3. left instrument: Tool #12 (Green). arm right: 1. right instrument: Tool #9 (Cyan). do a hysterectomy,arm left 3 left instrument tool 12 green arm right 1 right instrument tool 9 cyan do a hysterectomy,hysterectomy,hysterectomy,15,1,arm left: 3. left instrument: Tool #12 (Green). arm right: 1. right instrument: Tool #9 (Cyan),strip_cmr_state_template | strip_cmr_do_carrier,0.00017218069418220715,0.00017224558061849598
cmr_versius:01,cmr_versius,CMR_STATE_PROMPT,cmr-surgical-60hz/hysterectomy_phase_prompts_v1,cmr_surgical/hysterectomy,arm left: 2. left instrument: Tool #0 (Pink). arm right: 1. right instrument: Tool #9 (Cyan). do a hysterectomy,arm left 2 left instrument tool 0 pink arm right 1 right instrument tool 9 cyan do a hysterectomy,hysterectomy,hysterectomy,15,1,arm left: 2. left instrument: Tool #0 (Pink). arm right: 1. right instrument: Tool #9 (Cyan),strip_cmr_state_template | strip_cmr_do_carrier,6.719568662596912e-05,6.722100937576897e-05
cmr_versius:01,cmr_versius,CMR_STATE_PROMPT,cmr-surgical-60hz/hysterectomy_phase_prompts_v1,cmr_surgical/hysterectomy,arm left: 2. left instrument: Tool #0 (Pink). arm right: 1. right instrument: Tool #2 (Cyan). do a hysterectomy,arm left 2 left instrument tool 0 pink arm right 1 right instrument tool 2 cyan do a hysterectomy,hysterectomy,hysterectomy,15,1,arm left: 2. left instrument: Tool #0 (Pink). arm right: 1. right instrument: Tool #2 (Cyan),strip_cmr_state_template | strip_cmr_do_carrier,1.0508875700221042e-05,1.051283597867635e-05
cmr_versius:01,cmr_versius,CMR_STATE_PROMPT,cmr-surgical-60hz/hysterectomy_phase_prompts_v1,cmr_surgical/hysterectomy,arm left: 2. left instrument: Tool #0 (Pink). arm right: 0. right instrument: Tool #17 (White). do a hysterectomy,arm left 2 left instrument tool 0 pink arm right 0 right instrument tool 17 white do a hysterectomy,hysterectomy,hysterectomy,15,1,arm left: 2. left instrument: Tool #0 (Pink). arm right: 0. right instrument: Tool #17 (White),strip_cmr_state_template | strip_cmr_do_carrier,2.029716433932479e-05,2.030481334240846e-05
cmr_versius:01,cmr_versius,CMR_STATE_PROMPT,cmr-surgical-60hz/hysterectomy_phase_prompts_v1,cmr_surgical/hysterectomy,arm left: 1. left instrument: Tool #18 (Blue). arm right: 3. right instrument: Tool #0 (Green). do a hysterectomy,arm left 1 left instrument tool 18 blue arm right 3 right instrument tool 0 green do a hysterectomy,hysterectomy,hysterectomy,15,1,arm left: 1. left instrument: Tool #18 (Blue). arm right: 3. right instrument: Tool #0 (Green),strip_cmr_state_template | strip_cmr_do_carrier,1.5370008832418067e-05,1.5375801032894435e-05
cmr_versius:01,cmr_versius,CMR_STATE_PROMPT,cmr-surgical-60hz/hysterectomy_phase_prompts_v1,cmr_surgical/hysterectomy,arm left: 1. left instrument: Tool #18 (Blue). arm right: 2. right instrument: Tool #9 (Orange). do a hysterectomy,arm left 1 left instrument tool 18 blue arm right 2 right instrument tool 9 orange do a hysterectomy,hysterectomy,hysterectomy,15,1,arm left: 1. left instrument: Tool #18 (Blue). arm right: 2. right instrument: Tool #9 (Orange),strip_cmr_state_template | strip_cmr_do_carrier,0.0003552852618485249,0.0003554191513918142
cmr_versius:01,cmr_versius,CMR_STATE_PROMPT,cmr-surgical-60hz/hysterectomy_phase_prompts_v1,cmr_surgical/hysterectomy,arm left: 1. left instrument: Tool #2 (Blue). arm right: 2. right instrument: Tool #2 (Orange). do a hysterectomy,arm left 1 left instrument tool 2 blue arm right 2 right instrument tool 2 orange do a hysterectomy,hysterectomy,hysterectomy,15,1,arm left: 1. left instrument: Tool #2 (Blue). arm right: 2. right instrument: Tool #2 (Orange),strip_cmr_state_template | strip_cmr_do_carrier,0.00015288895629203295,0.00015294657262102283
cmr_versius:01,cmr_versius,CMR_STATE_PROMPT,cmr-surgical-60hz/hysterectomy_phase_prompts_v1,cmr_surgical/hysterectomy,arm left: 1. left instrument: Tool #2 (Blue). arm right: 3. right instrument: Tool #0 (Green). do a hysterectomy,arm left 1 left instrument tool 2 blue arm right 3 right instrument tool 0 green do a hysterectomy,hysterectomy,hysterectomy,15,1,arm left: 1. left instrument: Tool #2 (Blue). arm right: 3. right instrument: Tool #0 (Green),strip_cmr_state_template | strip_cmr_do_carrier,1.8920126238236769e-06,1.8927256303378885e-06
cmr_versius:01,cmr_versius,CMR_STATE_PROMPT,cmr-surgical-60hz/hysterectomy_phase_prompts_v1,cmr_surgical/hysterectomy,arm left: -1. left instrument: Tool #3 (None). arm right: 3. right instrument: Tool #18 (Green). do a hysterectomy,arm left 1 left instrument tool 3 none arm right 3 right instrument tool 18 green do a hysterectomy,hysterectomy,hysterectomy,15,1,arm left: -1. left instrument: Tool #3 (None). arm right: 3. right instrument: Tool #18 (Green),strip_cmr_state_template | strip_cmr_do_carrier,3.557662820071241e-05,3.55900352823256e-05
cmr_versius:01,cmr_versius,CMR_STATE_PROMPT,cmr-surgical-60hz/hysterectomy_phase_prompts_v1,cmr_surgical/hysterectomy,arm left: 2. left instrument: Tool #0 (Orange). arm right: 3. right instrument: Tool #18 (Green). do a hysterectomy,arm left 2 left instrument tool 0 orange arm right 3 right instrument tool 18 green do a hysterectomy,hysterectomy,hysterectomy,15,1,arm left: 2. left instrument: Tool #0 (Orange). arm right: 3. right instrument: Tool #18 (Green),strip_cmr_state_template | strip_cmr_do_carrier,5.4800457362613796e-05,5.4821108960065806e-05
cmr_versius:01,cmr_versius,CMR_STATE_PROMPT,cmr-surgical-60hz/hysterectomy_phase_prompts_v1,cmr_surgical/hysterectomy,arm left: 1. left instrument: Tool #2 (Pink). arm right: 3. right instrument: Tool #18 (Green). do a hysterectomy,arm left 1 left instrument tool 2 pink arm right 3 right instrument tool 18 green do a hysterectomy,hysterectomy,hysterectomy,15,1,arm left: 1. left instrument: Tool #2 (Pink). arm right: 3. right instrument: Tool #18 (Green),strip_cmr_state_template | strip_cmr_do_carrier,5.8520346589114595e-05,5.854240002988268e-05
cmr_versius:01,cmr_versius,CMR_STATE_PROMPT,cmr-surgical-60hz/hysterectomy_phase_prompts_v1,cmr_surgical/hysterectomy,arm left: 1. left instrument: Tool #9 (Pink). arm right: 3. right instrument: Tool #18 (Green). do a hysterectomy,arm left 1 left instrument tool 9 pink arm right 3 right instrument tool 18 green do a hysterectomy,hysterectomy,hysterectomy,15,1,arm left: 1. left instrument: Tool #9 (Pink). arm right: 3. right instrument: Tool #18 (Green),strip_cmr_state_template | strip_cmr_do_carrier,0.0002754038475104778,0.00027550763367703996
cmr_versius:01,cmr_versius,CMR_STATE_PROMPT,cmr-surgical-60hz/hysterectomy_phase_prompts_v1,cmr_surgical/hysterectomy,arm left: 1. left instrument: Tool #9 (Pink). arm right: -1. right instrument: Tool #3 (None). do a hysterectomy,arm left 1 left instrument tool 9 pink arm right 1 right instrument tool 3 none do a hysterectomy,hysterectomy,hysterectomy,15,1,arm left: 1. left instrument: Tool #9 (Pink). arm right: -1. right instrument: Tool #3 (None),strip_cmr_state_template | strip_cmr_do_carrier,2.1212045817444913e-05,2.1220039594366458e-05
cmr_versius:01,cmr_versius,CMR_STATE_PROMPT,cmr-surgical-60hz/hysterectomy_phase_prompts_v1,cmr_surgical/hysterectomy,arm left: 1. left instrument: Tool #9 (Pink). arm right: 0. right instrument: Tool #17 (White). do a hysterectomy,arm left 1 left instrument tool 9 pink arm right 0 right instrument tool 17 white do a hysterectomy,hysterectomy,hysterectomy,15,1,arm left: 1. left instrument: Tool #9 (Pink). arm right: 0. right instrument: Tool #17 (White),strip_cmr_state_template | strip_cmr_do_carrier,6.904054041071444e-07,6.906655839518119e-07
cmr_versius:01,cmr_versius,CMR_STATE_PROMPT,cmr-surgical-60hz/hysterectomy_phase_prompts_v1,cmr_surgical/hysterectomy,arm left: 2. left instrument: Tool #0 (Orange). arm right: 0. right instrument: Tool #17 (White). do a hysterectomy,arm left 2 left instrument tool 0 orange arm right 0 right instrument tool 17 white do a hysterectomy,hysterectomy,hysterectomy,15,1,arm left: 2. left instrument: Tool #0 (Orange). arm right: 0. right instrument: Tool #17 (White),strip_cmr_state_template | strip_cmr_do_carrier,2.022171019679942e-06,2.022933076492739e-06
cmr_versius:01,cmr_versius,CMR_STATE_PROMPT,cmr-surgical-60hz/hysterectomy_phase_prompts_v1,cmr_surgical/hysterectomy,arm left: 2. left instrument: Tool #13 (Green). arm right: 3. right instrument: Tool #9 (Orange). do a hysterectomy,arm left 2 left instrument tool 13 green arm right 3 right instrument tool 9 orange do a hysterectomy,hysterectomy,hysterectomy,15,1,arm left: 2. left instrument: Tool #13 (Green). arm right: 3. right instrument: Tool #9 (Orange),strip_cmr_state_template | strip_cmr_do_carrier,0.00012179996321801695,0.00012184586363438399
cmr_versius:01,cmr_versius,CMR_STATE_PROMPT,cmr-surgical-60hz/hysterectomy_phase_prompts_v1,cmr_surgical/hysterectomy,arm left: 1. left instrument: Tool #1 (Pink). arm right: 3. right instrument: Tool #9 (Orange). do a hysterectomy,arm left 1 left instrument tool 1 pink arm right 3 right instrument tool 9 orange do a hysterectomy,hysterectomy,hysterectomy,15,1,arm left: 1. left instrument: Tool #1 (Pink). arm right: 3. right instrument: Tool #9 (Orange),strip_cmr_state_template | strip_cmr_do_carrier,0.00026872615589698245,0.0002688274255699651
cmr_versius:01,cmr_versius,CMR_STATE_PROMPT,cmr-surgical-60hz/hysterectomy_phase_prompts_v1,cmr_surgical/hysterectomy,arm left: 2. left instrument: Tool #13 (Green). arm right: -1. right instrument: Tool #3 (None). do a hysterectomy,arm left 2 left instrument tool 13 green arm right 1 right instrument tool 3 none do a hysterectomy,hysterectomy,hysterectomy,15,1,arm left: 2. left instrument: Tool #13 (Green). arm right: -1. right instrument: Tool #3 (None),strip_cmr_state_template | strip_cmr_do_carrier,3.808359208611786e-05,3.809794391913423e-05
cmr_versius:01,cmr_versius,CMR_STATE_PROMPT,cmr-surgical-60hz/hysterectomy_phase_prompts_v1,cmr_surgical/hysterectomy,arm left: 1. left instrument: Tool #1 (Pink). arm right: -1. right instrument: Tool #3 (None). do a hysterectomy,arm left 1 left instrument tool 1 pink arm right 1 right instrument tool 3 none do a hysterectomy,hysterectomy,hysterectomy,15,1,arm left: 1. left instrument: Tool #1 (Pink). arm right: -1. right instrument: Tool #3 (None),strip_cmr_state_template | strip_cmr_do_carrier,8.015116289757531e-06,8.018136792926909e-06
cmr_versius:01,cmr_versius,CMR_STATE_PROMPT,cmr-surgical-60hz/hysterectomy_phase_prompts_v1,cmr_surgical/hysterectomy,arm left: 1. left instrument: Tool #1 (Pink). arm right: 0. right instrument: Tool #14 (White). do a hysterectomy,arm left 1 left instrument tool 1 pink arm right 0 right instrument tool 14 white do a hysterectomy,hysterectomy,hysterectomy,15,1,arm left: 1. left instrument: Tool #1 (Pink). arm right: 0. right instrument: Tool #14 (White),strip_cmr_state_template | strip_cmr_do_carrier,6.866326969808758e-07,6.868914550777582e-07
cmr_versius:01,cmr_versius,CMR_STATE_PROMPT,cmr-surgical-60hz/hysterectomy_phase_prompts_v1,cmr_surgical/hysterectomy,arm left: 2. left instrument: Tool #13 (Green). arm right: 3. right instrument: Tool #2 (Orange). do a hysterectomy,arm left 2 left instrument tool 13 green arm right 3 right instrument tool 2 orange do a hysterectomy,hysterectomy,hysterectomy,15,1,arm left: 2. left instrument: Tool #13 (Green). arm right: 3. right instrument: Tool #2 (Orange),strip_cmr_state_template | strip_cmr_do_carrier,0.00013849230589819215,0.00013854449683763423
cmr_versius:01,cmr_versius,CMR_STATE_PROMPT,cmr-surgical-60hz/hysterectomy_phase_prompts_v1,cmr_surgical/hysterectomy,arm left: -1. left instrument: Tool #3 (None). arm right: 2. right instrument: Tool #0 (Cyan). do a hysterectomy,arm left 1 left instrument tool 3 none arm right 2 right instrument tool 0 cyan do a hysterectomy,hysterectomy,hysterectomy,15,1,arm left: -1. left instrument: Tool #3 (None). arm right: 2. right instrument: Tool #0 (Cyan),strip_cmr_state_template | strip_cmr_do_carrier,9.488358422565399e-07,9.491934118244846e-07
cmr_versius:01,cmr_versius,CMR_STATE_PROMPT,cmr-surgical-60hz/hysterectomy_phase_prompts_v1,cmr_surgical/hysterectomy,arm left: 1. left instrument: Tool #0 (Purple). arm right: -1. right instrument: Tool #3 (None). do a hysterectomy,arm left 1 left instrument tool 0 purple arm right 1 right instrument tool 3 none do a hysterectomy,hysterectomy,hysterectomy,15,1,arm left: 1. left instrument: Tool #0 (Purple). arm right: -1. right instrument: Tool #3 (None),strip_cmr_state_template | strip_cmr_do_carrier,2.9474274423973037e-05,2.9485381828543884e-05
cmr_versius:01,cmr_versius,CMR_STATE_PROMPT,cmr-surgical-60hz/hysterectomy_phase_prompts_v1,cmr_surgical/hysterectomy,arm left: 1. left instrument: Tool #0 (Purple). arm right: 2. right instrument: Tool #10 (Blue). do a hysterectomy,arm left 1 left instrument tool 0 purple arm right 2 right instrument tool 10 blue do a hysterectomy,hysterectomy,hysterectomy,15,1,arm left: 1. left instrument: Tool #0 (Purple). arm right: 2. right instrument: Tool #10 (Blue),strip_cmr_state_template | strip_cmr_do_carrier,8.5148113486318e-05,8.51802016229531e-05
cmr_versius:01,cmr_versius,CMR_STATE_PROMPT,cmr-surgical-60hz/hysterectomy_phase_prompts_v1,cmr_surgical/hysterectomy,arm left: -1. left instrument: Tool #3 (None). arm right: 2. right instrument: Tool #10 (Blue). do a hysterectomy,arm left 1 left instrument tool 3 none arm right 2 right instrument tool 10 blue do a hysterectomy,hysterectomy,hysterectomy,15,1,arm left: -1. left instrument: Tool #3 (None). arm right: 2. right instrument: Tool #10 (Blue),strip_cmr_state_template | strip_cmr_do_carrier,3.659525912480492e-07,3.6609050078320084e-07
cmr_versius:01,cmr_versius,CMR_STATE_PROMPT,cmr-surgical-60hz/hysterectomy_phase_prompts_v1,cmr_surgical/hysterectomy,arm left: -1. left instrument: Tool #3 (None). arm right: 1. right instrument: Tool #12 (Purple). do a hysterectomy,arm left 1 left instrument tool 3 none arm right 1 right instrument tool 12 purple do a hysterectomy,hysterectomy,hysterectomy,15,1,arm left: -1. left instrument: Tool #3 (None). arm right: 1. right instrument: Tool #12 (Purple),strip_cmr_state_template | strip_cmr_do_carrier,4.634770704620912e-05,4.6365173217748685e-05
cmr_versius:01,cmr_versius,CMR_STATE_PROMPT,cmr-surgical-60hz/hysterectomy_phase_prompts_v1,cmr_surgical/hysterectomy,arm left: 3. left instrument: Tool #0 (Blue). arm right: 1. right instrument: Tool #12 (Purple). do a hysterectomy,arm left 3 left instrument tool 0 blue arm right 1 right instrument tool 12 purple do a hysterectomy,hysterectomy,hysterectomy,15,1,arm left: 3. left instrument: Tool #0 (Blue). arm right: 1. right instrument: Tool #12 (Purple),strip_cmr_state_template | strip_cmr_do_carrier,0.00033571811633813307,0.00033584463198653517
cmr_versius:01,cmr_versius,CMR_STATE_PROMPT,cmr-surgical-60hz/hysterectomy_phase_prompts_v1,cmr_surgical/hysterectomy,arm left: 3. left instrument: Tool #0 (Blue). arm right: 2. right instrument: Tool #9 (Green). do a hysterectomy,arm left 3 left instrument tool 0 blue arm right 2 right instrument tool 9 green do a hysterectomy,hysterectomy,hysterectomy,15,1,arm left: 3. left instrument: Tool #0 (Blue). arm right: 2. right instrument: Tool #9 (Green),strip_cmr_state_template | strip_cmr_do_carrier,0.00010749763050233288,0.00010753814107284672
cmr_versius:01,cmr_versius,CMR_STATE_PROMPT,cmr-surgical-60hz/hysterectomy_phase_prompts_v1,cmr_surgical/hysterectomy,arm left: 3. left instrument: Tool #0 (Blue). arm right: 0. right instrument: Tool #17 (White). do a hysterectomy,arm left 3 left instrument tool 0 blue arm right 0 right instrument tool 17 white do a hysterectomy,hysterectomy,hysterectomy,15,1,arm left: 3. left instrument: Tool #0 (Blue). arm right: 0. right instrument: Tool #17 (White),strip_cmr_state_template | strip_cmr_do_carrier,3.9236154113192907e-07,3.9250940290157616e-07
cmr_versius:01,cmr_versius,CMR_STATE_PROMPT,cmr-surgical-60hz/hysterectomy_phase_prompts_v1,cmr_surgical/hysterectomy,arm left: 2. left instrument: Tool #0 (Cyan). arm right: 1. right instrument: Tool #9 (Green). do a hysterectomy,arm left 2 left instrument tool 0 cyan arm right 1 right instrument tool 9 green do a hysterectomy,hysterectomy,hysterectomy,15,1,arm left: 2. left instrument: Tool #0 (Cyan). arm right: 1. right instrument: Tool #9 (Green),strip_cmr_state_template | strip_cmr_do_carrier,0.00010480014490705089,0.00010483963892789841
cmr_versius:01,cmr_versius,CMR_STATE_PROMPT,cmr-surgical-60hz/hysterectomy_phase_prompts_v1,cmr_surgical/hysterectomy,arm left: 3. left instrument: Tool #18 (Pink). arm right: 1. right instrument: Tool #9 (Green). do a hysterectomy,arm left 3 left instrument tool 18 pink arm right 1 right instrument tool 9 green do a hysterectomy,hysterectomy,hysterectomy,15,1,arm left: 3. left instrument: Tool #18 (Pink). arm right: 1. right instrument: Tool #9 (Green),strip_cmr_state_template | strip_cmr_do_carrier,0.00045917052527745566,0.00045934356406775466
cmr_versius:01,cmr_versius,CMR_STATE_PROMPT,cmr-surgical-60hz/hysterectomy_phase_prompts_v1,cmr_surgical/hysterectomy,arm left: 3. left instrument: Tool #18 (Pink). arm right: 0. right instrument: Tool #14 (White). do a hysterectomy,arm left 3 left instrument tool 18 pink arm right 0 right instrument tool 14 white do a hysterectomy,hysterectomy,hysterectomy,15,1,arm left: 3. left instrument: Tool #18 (Pink). arm right: 0. right instrument: Tool #14 (White),strip_cmr_state_template | strip_cmr_do_carrier,7.809503751375895e-07,7.812446769290986e-07
cmr_versius:01,cmr_versius,CMR_STATE_PROMPT,cmr-surgical-60hz/hysterectomy_phase_prompts_v1,cmr_surgical/hysterectomy,arm left: 2. left instrument: Tool #0 (Cyan). arm right: 1. right instrument: Tool #2 (Green). do a hysterectomy,arm left 2 left instrument tool 0 cyan arm right 1 right instrument tool 2 green do a hysterectomy,hysterectomy,hysterectomy,15,1,arm left: 2. left instrument: Tool #0 (Cyan). arm right: 1. right instrument: Tool #2 (Green),strip_cmr_state_template | strip_cmr_do_carrier,0.00017971101760623918,0.000179778741851107
cmr_versius:01,cmr_versius,CMR_STATE_PROMPT,cmr-surgical-60hz/hysterectomy_phase_prompts_v1,cmr_surgical/hysterectomy,arm left: 3. left instrument: Tool #18 (Pink). arm right: 1. right instrument: Tool #2 (Green). do a hysterectomy,arm left 3 left instrument tool 18 pink arm right 1 right instrument tool 2 green do a hysterectomy,hysterectomy,hysterectomy,15,1,arm left: 3. left instrument: Tool #18 (Pink). arm right: 1. right instrument: Tool #2 (Green),strip_cmr_state_template | strip_cmr_do_carrier,6.775970634134627e-05,6.778524164243999e-05
cmr_versius:01,cmr_versius,CMR_STATE_PROMPT,cmr-surgical-60hz/hysterectomy_phase_prompts_v1,cmr_surgical/hysterectomy,arm left: 2. left instrument: Tool #0 (Purple). arm right: -1. right instrument: Tool #3 (None). do a hysterectomy,arm left 2 left instrument tool 0 purple arm right 1 right instrument tool 3 none do a hysterectomy,hysterectomy,hysterectomy,15,1,arm left: 2. left instrument: Tool #0 (Purple). arm right: -1. right instrument: Tool #3 (None),strip_cmr_state_template | strip_cmr_do_carrier,3.225853228315923e-05,3.2270688937595457e-05
cmr_versius:01,cmr_versius,CMR_STATE_PROMPT,cmr-surgical-60hz/hysterectomy_phase_prompts_v1,cmr_surgical/hysterectomy,arm left: 2. left instrument: Tool #0 (Purple). arm right: 1. right instrument: Tool #2 (Blue). do a hysterectomy,arm left 2 left instrument tool 0 purple arm right 1 right instrument tool 2 blue do a hysterectomy,hysterectomy,hysterectomy,15,1,arm left: 2. left instrument: Tool #0 (Purple). arm right: 1. right instrument: Tool #2 (Blue),strip_cmr_state_template | strip_cmr_do_carrier,8.175644977980258e-05,8.17872597651789e-05
cmr_versius:01,cmr_versius,CMR_STATE_PROMPT,cmr-surgical-60hz/hysterectomy_phase_prompts_v1,cmr_surgical/hysterectomy,arm left: 2. left instrument: Tool #0 (Purple). arm right: 0. right instrument: Tool #14 (White). do a hysterectomy,arm left 2 left instrument tool 0 purple arm right 0 right instrument tool 14 white do a hysterectomy,hysterectomy,hysterectomy,15,1,arm left: 2. left instrument: Tool #0 (Purple). arm right: 0. right instrument: Tool #14 (White),strip_cmr_state_template | strip_cmr_do_carrier,3.029672457749958e-05,3.030814192308757e-05
cmr_versius:01,cmr_versius,CMR_STATE_PROMPT,cmr-surgical-60hz/hysterectomy_phase_prompts_v1,cmr_surgical/hysterectomy,arm left: 2. left instrument: Tool #0 (Purple). arm right: 1. right instrument: Tool #8 (Blue). do a hysterectomy,arm left 2 left instrument tool 0 purple arm right 1 right instrument tool 8 blue do a hysterectomy,hysterectomy,hysterectomy,15,1,arm left: 2. left instrument: Tool #0 (Purple). arm right: 1. right instrument: Tool #8 (Blue),strip_cmr_state_template | strip_cmr_do_carrier,4.4597170939620504e-05,4.46139774201878e-05
cmr_versius:01,cmr_versius,CMR_STATE_PROMPT,cmr-surgical-60hz/hysterectomy_phase_prompts_v1,cmr_surgical/hysterectomy,arm left: 2. left instrument: Tool #0 (Purple). arm right: 1. right instrument: Tool #10 (Blue). do a hysterectomy,arm left 2 left instrument tool 0 purple arm right 1 right instrument tool 10 blue do a hysterectomy,hysterectomy,hysterectomy,15,1,arm left: 2. left instrument: Tool #0 (Purple). arm right: 1. right instrument: Tool #10 (Blue),strip_cmr_state_template | strip_cmr_do_carrier,6.463967754792216e-05,6.466403706359762e-05
cmr_versius:01,cmr_versius,CMR_STATE_PROMPT,cmr-surgical-60hz/hysterectomy_phase_prompts_v1,cmr_surgical/hysterectomy,arm left: -1. left instrument: Tool #3 (None). arm right: 1. right instrument: Tool #10 (Blue). do a hysterectomy,arm left 1 left instrument tool 3 none arm right 1 right instrument tool 10 blue do a hysterectomy,hysterectomy,hysterectomy,15,1,arm left: -1. left instrument: Tool #3 (None). arm right: 1. right instrument: Tool #10 (Blue),strip_cmr_state_template | strip_cmr_do_carrier,4.78379263610852e-06,4.785595412299986e-06
cmr_versius:01,cmr_versius,CMR_STATE_PROMPT,cmr-surgical-60hz/hysterectomy_phase_prompts_v1,cmr_surgical/hysterectomy,arm left: 2. left instrument: Tool #10 (Purple). arm right: -1. right instrument: Tool #3 (None). do a hysterectomy,arm left 2 left instrument tool 10 purple arm right 1 right instrument tool 3 none do a hysterectomy,hysterectomy,hysterectomy,15,1,arm left: 2. left instrument: Tool #10 (Purple). arm right: -1. right instrument: Tool #3 (None),strip_cmr_state_template | strip_cmr_do_carrier,8.469727498472893e-06,8.472919322250371e-06
cmr_versius:01,cmr_versius,CMR_STATE_PROMPT,cmr-surgical-60hz/hysterectomy_phase_prompts_v1,cmr_surgical/hysterectomy,arm left: 2. left instrument: Tool #10 (Purple). arm right: 0. right instrument: Tool #14 (White). do a hysterectomy,arm left 2 left instrument tool 10 purple arm right 0 right instrument tool 14 white do a hysterectomy,hysterectomy,hysterectomy,15,1,arm left: 2. left instrument: Tool #10 (Purple). arm right: 0. right instrument: Tool #14 (White),strip_cmr_state_template | strip_cmr_do_carrier,3.3294140389319943e-06,3.330668731352317e-06
cmr_versius:01,cmr_versius,CMR_STATE_PROMPT,cmr-surgical-60hz/hysterectomy_phase_prompts_v1,cmr_surgical/hysterectomy,arm left: 2. left instrument: Tool #10 (Purple). arm right: 1. right instrument: Tool #0 (Blue). do a hysterectomy,arm left 2 left instrument tool 10 purple arm right 1 right instrument tool 0 blue do a hysterectomy,hysterectomy,hysterectomy,15,1,arm left: 2. left instrument: Tool #10 (Purple). arm right: 1. right instrument: Tool #0 (Blue),strip_cmr_state_template | strip_cmr_do_carrier,5.563988469820856e-05,5.566085263454275e-05
cmr_versius:01,cmr_versius,CMR_STATE_PROMPT,cmr-surgical-60hz/hysterectomy_phase_prompts_v1,cmr_surgical/hysterectomy,arm left: -1. left instrument: Tool #3 (None). arm right: 1. right instrument: Tool #0 (Blue). do a hysterectomy,arm left 1 left instrument tool 3 none arm right 1 right instrument tool 0 blue do a hysterectomy,hysterectomy,hysterectomy,15,1,arm left: -1. left instrument: Tool #3 (None). arm right: 1. right instrument: Tool #0 (Blue),strip_cmr_state_template | strip_cmr_do_carrier,6.998371719228158e-06,7.00100906136946e-06
cmr_versius:01,cmr_versius,CMR_STATE_PROMPT,cmr-surgical-60hz/hysterectomy_phase_prompts_v1,cmr_surgical/hysterectomy,arm left: -1. left instrument: Tool #3 (None). arm right: 1. right instrument: Tool #8 (Blue). do a hysterectomy,arm left 1 left instrument tool 3 none arm right 1 right instrument tool 8 blue do a hysterectomy,hysterectomy,hysterectomy,15,1,arm left: -1. left instrument: Tool #3 (None). arm right: 1. right instrument: Tool #8 (Blue),strip_cmr_state_template | strip_cmr_do_carrier,5.694901407102374e-06,5.697047535383935e-06
cmr_versius:01,cmr_versius,CMR_STATE_PROMPT,cmr-surgical-60hz/hysterectomy_phase_prompts_v1,cmr_surgical/hysterectomy,arm left: 2. left instrument: Tool #18 (Cyan). arm right: 1. right instrument: Tool #9 (Pink). do a hysterectomy,arm left 2 left instrument tool 18 cyan arm right 1 right instrument tool 9 pink do a hysterectomy,hysterectomy,hysterectomy,15,1,arm left: 2. left instrument: Tool #18 (Cyan). arm right: 1. right instrument: Tool #9 (Pink),strip_cmr_state_template | strip_cmr_do_carrier,0.00020795161679992236,0.00020802998353783533
cmr_versius:01,cmr_versius,CMR_STATE_PROMPT,cmr-surgical-60hz/hysterectomy_phase_prompts_v1,cmr_surgical/hysterectomy,arm left: 2. left instrument: Tool #18 (Cyan). arm right: -1. right instrument: Tool #3 (None). do a hysterectomy,arm left 2 left instrument tool 18 cyan arm right 1 right instrument tool 3 none do a hysterectomy,hysterectomy,hysterectomy,15,1,arm left: 2. left instrument: Tool #18 (Cyan). arm right: -1. right instrument: Tool #3 (None),strip_cmr_state_template | strip_cmr_do_carrier,4.3901106474823965e-05,4.391765064292491e-05
cmr_versius:01,cmr_versius,CMR_STATE_PROMPT,cmr-surgical-60hz/hysterectomy_phase_prompts_v1,cmr_surgical/hysterectomy,arm left: 2. left instrument: Tool #18 (Cyan). arm right: 3. right instrument: Tool #13 (Orange). do a hysterectomy,arm left 2 left instrument tool 18 cyan arm right 3 right instrument tool 13 orange do a hysterectomy,hysterectomy,hysterectomy,15,1,arm left: 2. left instrument: Tool #18 (Cyan). arm right: 3. right instrument: Tool #13 (Orange),strip_cmr_state_template | strip_cmr_do_carrier,3.62198747657412e-05,3.6233524255351747e-05
cmr_versius:01,cmr_versius,CMR_STATE_PROMPT,cmr-surgical-60hz/hysterectomy_phase_prompts_v1,cmr_surgical/hysterectomy,arm left: 2. left instrument: Tool #18 (Cyan). arm right: 1. right instrument: Tool #2 (Pink). do a hysterectomy,arm left 2 left instrument tool 18 cyan arm right 1 right instrument tool 2 pink do a hysterectomy,hysterectomy,hysterectomy,15,1,arm left: 2. left instrument: Tool #18 (Cyan). arm right: 1. right instrument: Tool #2 (Pink),strip_cmr_state_template | strip_cmr_do_carrier,1.0063696259321353e-05,1.0067488771538022e-05
cmr_versius:01,cmr_versius,CMR_STATE_PROMPT,cmr-surgical-60hz/hysterectomy_phase_prompts_v1,cmr_surgical/hysterectomy,arm left: 2. left instrument: Tool #0 (Cyan). arm right: 1. right instrument: Tool #2 (Pink). do a hysterectomy,arm left 2 left instrument tool 0 cyan arm right 1 right instrument tool 2 pink do a hysterectomy,hysterectomy,hysterectomy,15,1,arm left: 2. left instrument: Tool #0 (Cyan). arm right: 1. right instrument: Tool #2 (Pink),strip_cmr_state_template | strip_cmr_do_carrier,8.866239017443715e-05,8.869580266913404e-05
cmr_versius:01,cmr_versius,CMR_STATE_PROMPT,cmr-surgical-60hz/hysterectomy_phase_prompts_v1,cmr_surgical/hysterectomy,arm left: 2. left instrument: Tool #0 (Cyan). arm right: 3. right instrument: Tool #13 (Orange). do a hysterectomy,arm left 2 left instrument tool 0 cyan arm right 3 right instrument tool 13 orange do a hysterectomy,hysterectomy,hysterectomy,15,1,arm left: 2. left instrument: Tool #0 (Cyan). arm right: 3. right instrument: Tool #13 (Orange),strip_cmr_state_template | strip_cmr_do_carrier,4.536680319337929e-06,4.538389971049474e-06
cmr_versius:01,cmr_versius,CMR_STATE_PROMPT,cmr-surgical-60hz/hysterectomy_phase_prompts_v1,cmr_surgical/hysterectomy,arm left: 3. left instrument: Tool #12 (Cyan). arm right: 2. right instrument: Tool #0 (Orange). do a hysterectomy,arm left 3 left instrument tool 12 cyan arm right 2 right instrument tool 0 orange do a hysterectomy,hysterectomy,hysterectomy,15,1,arm left: 3. left instrument: Tool #12 (Cyan). arm right: 2. right instrument: Tool #0 (Orange),strip_cmr_state_template | strip_cmr_do_carrier,4.367474404724785e-05,4.369120291048169e-05
cmr_versius:01,cmr_versius,CMR_STATE_PROMPT,cmr-surgical-60hz/hysterectomy_phase_prompts_v1,cmr_surgical/hysterectomy,arm left: 1. left instrument: Tool #0 (Cyan). arm right: 3. right instrument: Tool #9 (Pink). do a hysterectomy,arm left 1 left instrument tool 0 cyan arm right 3 right instrument tool 9 pink do a hysterectomy,hysterectomy,hysterectomy,15,1,arm left: 1. left instrument: Tool #0 (Cyan). arm right: 3. right instrument: Tool #9 (Pink),strip_cmr_state_template | strip_cmr_do_carrier,0.00010776737906186108,0.00010780799128734155
cmr_versius:01,cmr_versius,CMR_STATE_PROMPT,cmr-surgical-60hz/hysterectomy_phase_prompts_v1,cmr_surgical/hysterectomy,arm left: 2. left instrument: Tool #18 (Green). arm right: 3. right instrument: Tool #9 (Pink). do a hysterectomy,arm left 2 left instrument tool 18 green arm right 3 right instrument tool 9 pink do a hysterectomy,hysterectomy,hysterectomy,15,1,arm left: 2. left instrument: Tool #18 (Green). arm right: 3. right instrument: Tool #9 (Pink),strip_cmr_state_template | strip_cmr_do_carrier,0.00041213241282713934,0.0004122877252660541
cmr_versius:01,cmr_versius,CMR_STATE_PROMPT,cmr-surgical-60hz/hysterectomy_phase_prompts_v1,cmr_surgical/hysterectomy,arm left: 2. left instrument: Tool #18 (Green). arm right: 0. right instrument: Tool #14 (White). do a hysterectomy,arm left 2 left instrument tool 18 green arm right 0 right instrument tool 14 white do a hysterectomy,hysterectomy,hysterectomy,15,1,arm left: 2. left instrument: Tool #18 (Green). arm right: 0. right instrument: Tool #14 (White),strip_cmr_state_template | strip_cmr_do_carrier,7.620868395062468e-07,7.623740325588305e-07
cmr_versius:01,cmr_versius,CMR_STATE_PROMPT,cmr-surgical-60hz/hysterectomy_phase_prompts_v1,cmr_surgical/hysterectomy,arm left: 2. left instrument: Tool #0 (Pink). arm right: 1. right instrument: Tool #9 (Orange). do a hysterectomy,arm left 2 left instrument tool 0 pink arm right 1 right instrument tool 9 orange do a hysterectomy,hysterectomy,hysterectomy,15,1,arm left: 2. left instrument: Tool #0 (Pink). arm right: 1. right instrument: Tool #9 (Orange),strip_cmr_state_template | strip_cmr_do_carrier,0.00015302854645570486,0.0001530862153893628
cmr_versius:01,cmr_versius,CMR_STATE_PROMPT,cmr-surgical-60hz/hysterectomy_phase_prompts_v1,cmr_surgical/hysterectomy,arm left: 3. left instrument: Tool #1 (Cyan). arm right: 2. right instrument: Tool #9 (Pink). do a hysterectomy,arm left 3 left instrument tool 1 cyan arm right 2 right instrument tool 9 pink do a hysterectomy,hysterectomy,hysterectomy,15,1,arm left: 3. left instrument: Tool #1 (Cyan). arm right: 2. right instrument: Tool #9 (Pink),strip_cmr_state_template | strip_cmr_do_carrier,0.00020706503062524928,0.00020714306325243274
cmr_versius:01,cmr_versius,CMR_STATE_PROMPT,cmr-surgical-60hz/hysterectomy_phase_prompts_v1,cmr_surgical/hysterectomy,arm left: 3. left instrument: Tool #1 (Cyan). arm right: -1. right instrument: Tool #3 (None). do a hysterectomy,arm left 3 left instrument tool 1 cyan arm right 1 right instrument tool 3 none do a hysterectomy,hysterectomy,hysterectomy,15,1,arm left: 3. left instrument: Tool #1 (Cyan). arm right: -1. right instrument: Tool #3 (None),strip_cmr_state_template | strip_cmr_do_carrier,6.876513279049683e-05,6.879104698737527e-05
cmr_versius:01,cmr_versius,CMR_STATE_PROMPT,cmr-surgical-60hz/hysterectomy_phase_prompts_v1,cmr_surgical/hysterectomy,arm left: 3. left instrument: Tool #1 (Cyan). arm right: 1. right instrument: Tool #13 (Orange). do a hysterectomy,arm left 3 left instrument tool 1 cyan arm right 1 right instrument tool 13 orange do a hysterectomy,hysterectomy,hysterectomy,15,1,arm left: 3. left instrument: Tool #1 (Cyan). arm right: 1. right instrument: Tool #13 (Orange),strip_cmr_state_template | strip_cmr_do_carrier,3.5638877868295845e-05,3.565230840874749e-05
cmr_versius:01,cmr_versius,CMR_STATE_PROMPT,cmr-surgical-60hz/hysterectomy_phase_prompts_v1,cmr_surgical/hysterectomy,arm left: 3. left instrument: Tool #1 (Cyan). arm right: 2. right instrument: Tool #8 (Pink). do a hysterectomy,arm left 3 left instrument tool 1 cyan arm right 2 right instrument tool 8 pink do a hysterectomy,hysterectomy,hysterectomy,15,1,arm left: 3. left instrument: Tool #1 (Cyan). arm right: 2. right instrument: Tool #8 (Pink),strip_cmr_state_template | strip_cmr_do_carrier,5.897495779782995e-05,5.899718255920613e-05
cmr_versius:01,cmr_versius,CMR_STATE_PROMPT,cmr-surgical-60hz/hysterectomy_phase_prompts_v1,cmr_surgical/hysterectomy,arm left: 2. left instrument: Tool #12 (Orange). arm right: 3. right instrument: Tool #2 (Green). do a hysterectomy,arm left 2 left instrument tool 12 orange arm right 3 right instrument tool 2 green do a hysterectomy,hysterectomy,hysterectomy,15,1,arm left: 2. left instrument: Tool #12 (Orange). arm right: 3. right instrument: Tool #2 (Green),strip_cmr_state_template | strip_cmr_do_carrier,6.668448481035973e-05,6.67096149133347e-05
cmr_versius:01,cmr_versius,CMR_STATE_PROMPT,cmr-surgical-60hz/hysterectomy_phase_prompts_v1,cmr_surgical/hysterectomy,arm left: 1. left instrument: Tool #0 (Cyan). arm right: 3. right instrument: Tool #2 (Green). do a hysterectomy,arm left 1 left instrument tool 0 cyan arm right 3 right instrument tool 2 green do a hysterectomy,hysterectomy,hysterectomy,15,1,arm left: 1. left instrument: Tool #0 (Cyan). arm right: 3. right instrument: Tool #2 (Green),strip_cmr_state_template | strip_cmr_do_carrier,6.215723625883747e-05,6.218066026447035e-05
cmr_versius:01,cmr_versius,CMR_STATE_PROMPT,cmr-surgical-60hz/hysterectomy_phase_prompts_v1,cmr_surgical/hysterectomy,arm left: 2. left instrument: Tool #12 (Orange). arm right: -1. right instrument: Tool #3 (None). do a hysterectomy,arm left 2 left instrument tool 12 orange arm right 1 right instrument tool 3 none do a hysterectomy,hysterectomy,hysterectomy,15,1,arm left: 2. left instrument: Tool #12 (Orange). arm right: -1. right instrument: Tool #3 (None),strip_cmr_state_template | strip_cmr_do_carrier,2.699937854914087e-05,2.700955328716471e-05
cmr_versius:01,cmr_versius,CMR_STATE_PROMPT,cmr-surgical-60hz/hysterectomy_phase_prompts_v1,cmr_surgical/hysterectomy,arm left: 2. left instrument: Tool #12 (Orange). arm right: 3. right instrument: Tool #9 (Green). do a hysterectomy,arm left 2 left instrument tool 12 orange arm right 3 right instrument tool 9 green do a hysterectomy,hysterectomy,hysterectomy,15,1,arm left: 2. left instrument: Tool #12 (Orange). arm right: 3. right instrument: Tool #9 (Green),strip_cmr_state_template | strip_cmr_do_carrier,0.00036233079240683135,0.0003624673370641093
cmr_versius:01,cmr_versius,CMR_STATE_PROMPT,cmr-surgical-60hz/hysterectomy_phase_prompts_v1,cmr_surgical/hysterectomy,arm left: 1. left instrument: Tool #0 (Cyan). arm right: 3. right instrument: Tool #9 (Green). do a hysterectomy,arm left 1 left instrument tool 0 cyan arm right 3 right instrument tool 9 green do a hysterectomy,hysterectomy,hysterectomy,15,1,arm left: 1. left instrument: Tool #0 (Cyan). arm right: 3. right instrument: Tool #9 (Green),strip_cmr_state_template | strip_cmr_do_carrier,6.132912704462152e-05,6.135223897661559e-05
cmr_versius:01,cmr_versius,CMR_STATE_PROMPT,cmr-surgical-60hz/hysterectomy_phase_prompts_v1,cmr_surgical/hysterectomy,arm left: 2. left instrument: Tool #18 (Cyan). arm right: 3. right instrument: Tool #9 (Pink). do a hysterectomy,arm left 2 left instrument tool 18 cyan arm right 3 right instrument tool 9 pink do a hysterectomy,hysterectomy,hysterectomy,15,1,arm left: 2. left instrument: Tool #18 (Cyan). arm right: 3. right instrument: Tool #9 (Pink),strip_cmr_state_template | strip_cmr_do_carrier,0.00018472871808417635,0.00018479833325359832
cmr_versius:01,cmr_versius,CMR_STATE_PROMPT,cmr-surgical-60hz/hysterectomy_phase_prompts_v1,cmr_surgical/hysterectomy,arm left: 2. left instrument: Tool #18 (Cyan). arm right: 1. right instrument: Tool #13 (Orange). do a hysterectomy,arm left 2 left instrument tool 18 cyan arm right 1 right instrument tool 13 orange do a hysterectomy,hysterectomy,hysterectomy,15,1,arm left: 2. left instrument: Tool #18 (Cyan). arm right: 1. right instrument: Tool #13 (Orange),strip_cmr_state_template | strip_cmr_do_carrier,5.141445271678778e-05,5.1433828295602686e-05
cmr_versius:01,cmr_versius,CMR_STATE_PROMPT,cmr-surgical-60hz/hysterectomy_phase_prompts_v1,cmr_surgical/hysterectomy,arm left: 2. left instrument: Tool #18 (Cyan). arm right: 3. right instrument: Tool #8 (Pink). do a hysterectomy,arm left 2 left instrument tool 18 cyan arm right 3 right instrument tool 8 pink do a hysterectomy,hysterectomy,hysterectomy,15,1,arm left: 2. left instrument: Tool #18 (Cyan). arm right: 3. right instrument: Tool #8 (Pink),strip_cmr_state_template | strip_cmr_do_carrier,9.544194488034174e-05,9.54779122558084e-05
cmr_versius:01,cmr_versius,CMR_STATE_PROMPT,cmr-surgical-60hz/hysterectomy_phase_prompts_v1,cmr_surgical/hysterectomy,arm left: 2. left instrument: Tool #18 (Cyan). arm right: 3. right instrument: Tool #2 (Pink). do a hysterectomy,arm left 2 left instrument tool 18 cyan arm right 3 right instrument tool 2 pink do a hysterectomy,hysterectomy,hysterectomy,15,1,arm left: 2. left instrument: Tool #18 (Cyan). arm right: 3. right instrument: Tool #2 (Pink),strip_cmr_state_template | strip_cmr_do_carrier,1.227450263531472e-05,1.227912829173344e-05
cmr_versius:01,cmr_versius,CMR_STATE_PROMPT,cmr-surgical-60hz/hysterectomy_phase_prompts_v1,cmr_surgical/hysterectomy,arm left: 2. left instrument: Tool #0 (Cyan). arm right: 3. right instrument: Tool #2 (Pink). do a hysterectomy,arm left 2 left instrument tool 0 cyan arm right 3 right instrument tool 2 pink do a hysterectomy,hysterectomy,hysterectomy,15,1,arm left: 2. left instrument: Tool #0 (Cyan). arm right: 3. right instrument: Tool #2 (Pink),strip_cmr_state_template | strip_cmr_do_carrier,0.00011681244439708992,0.0001168564652628851
cmr_versius:01,cmr_versius,CMR_STATE_PROMPT,cmr-surgical-60hz/hysterectomy_phase_prompts_v1,cmr_surgical/hysterectomy,arm left: 2. left instrument: Tool #0 (Cyan). arm right: 1. right instrument: Tool #13 (Orange). do a hysterectomy,arm left 2 left instrument tool 0 cyan arm right 1 right instrument tool 13 orange do a hysterectomy,hysterectomy,hysterectomy,15,1,arm left: 2. left instrument: Tool #0 (Cyan). arm right: 1. right instrument: Tool #13 (Orange),strip_cmr_state_template | strip_cmr_do_carrier,5.1855859450561194e-06,5.187540137386696e-06
cmr_versius:01,cmr_versius,CMR_STATE_PROMPT,cmr-surgical-60hz/hysterectomy_phase_prompts_v1,cmr_surgical/hysterectomy,arm left: 1. left instrument: Tool #18 (Green). arm right: -1. right instrument: Tool #3 (None). do a hysterectomy,arm left 1 left instrument tool 18 green arm right 1 right instrument tool 3 none do a hysterectomy,hysterectomy,hysterectomy,15,1,arm left: 1. left instrument: Tool #18 (Green). arm right: -1. right instrument: Tool #3 (None),strip_cmr_state_template | strip_cmr_do_carrier,0.00011279451130761393,0.000112837018012018
cmr_versius:01,cmr_versius,CMR_STATE_PROMPT,cmr-surgical-60hz/hysterectomy_phase_prompts_v1,cmr_surgical/hysterectomy,arm left: 1. left instrument: Tool #18 (Green). arm right: 2. right instrument: Tool #9 (Orange). do a hysterectomy,arm left 1 left instrument tool 18 green arm right 2 right instrument tool 9 orange do a hysterectomy,hysterectomy,hysterectomy,15,1,arm left: 1. left instrument: Tool #18 (Green). arm right: 2. right instrument: Tool #9 (Orange),strip_cmr_state_template | strip_cmr_do_carrier,0.00041479217135115867,0.0004149484861222619
cmr_versius:01,cmr_versius,CMR_STATE_PROMPT,cmr-surgical-60hz/hysterectomy_phase_prompts_v1,cmr_surgical/hysterectomy,arm left: 1. left instrument: Tool #2 (Green). arm right: -1. right instrument: Tool #3 (None). do a hysterectomy,arm left 1 left instrument tool 2 green arm right 1 right instrument tool 3 none do a hysterectomy,hysterectomy,hysterectomy,15,1,arm left: 1. left instrument: Tool #2 (Green). arm right: -1. right instrument: Tool #3 (None),strip_cmr_state_template | strip_cmr_do_carrier,7.262461218066956e-06,7.265198082553212e-06
cmr_versius:01,cmr_versius,CMR_STATE_PROMPT,cmr-surgical-60hz/hysterectomy_phase_prompts_v1,cmr_surgical/hysterectomy,arm left: 1. left instrument: Tool #2 (Green). arm right: 2. right instrument: Tool #2 (Orange). do a hysterectomy,arm left 1 left instrument tool 2 green arm right 2 right instrument tool 2 orange do a hysterectomy,hysterectomy,hysterectomy,15,1,arm left: 1. left instrument: Tool #2 (Green). arm right: 2. right instrument: Tool #2 (Orange),strip_cmr_state_template | strip_cmr_do_carrier,7.559939174973232e-05,7.562788144272342e-05
cmr_versius:01,cmr_versius,CMR_STATE_PROMPT,cmr-surgical-60hz/hysterectomy_phase_prompts_v1,cmr_surgical/hysterectomy,arm left: 3. left instrument: Tool #1 (Pink). arm right: 2. right instrument: Tool #9 (Orange). do a hysterectomy,arm left 3 left instrument tool 1 pink arm right 2 right instrument tool 9 orange do a hysterectomy,hysterectomy,hysterectomy,15,1,arm left: 3. left instrument: Tool #1 (Pink). arm right: 2. right instrument: Tool #9 (Orange),strip_cmr_state_template | strip_cmr_do_carrier,0.0005118073351031544,0.0005120002101185507
cmr_versius:01,cmr_versius,CMR_STATE_PROMPT,cmr-surgical-60hz/hysterectomy_phase_prompts_v1,cmr_surgical/hysterectomy,arm left: 3. left instrument: Tool #1 (Pink). arm right: -1. right instrument: Tool #3 (None). do a hysterectomy,arm left 3 left instrument tool 1 pink arm right 1 right instrument tool 3 none do a hysterectomy,hysterectomy,hysterectomy,15,1,arm left: 3. left instrument: Tool #1 (Pink). arm right: -1. right instrument: Tool #3 (None),strip_cmr_state_template | strip_cmr_do_carrier,1.390997117455214e-05,1.3915213158635687e-05
cmr_versius:01,cmr_versius,CMR_STATE_PROMPT,cmr-surgical-60hz/hysterectomy_phase_prompts_v1,cmr_surgical/hysterectomy,arm left: 2. left instrument: Tool #2 (Cyan). arm right: -1. right instrument: Tool #3 (None). do a hysterectomy,arm left 2 left instrument tool 2 cyan arm right 1 right instrument tool 3 none do a hysterectomy,hysterectomy,hysterectomy,15,1,arm left: 2. left instrument: Tool #2 (Cyan). arm right: -1. right instrument: Tool #3 (None),strip_cmr_state_template | strip_cmr_do_carrier,2.912529901479319e-06,2.9136274907693917e-06
cmr_versius:01,cmr_versius,CMR_STATE_PROMPT,cmr-surgical-60hz/hysterectomy_phase_prompts_v1,cmr_surgical/hysterectomy,arm left: 2. left instrument: Tool #2 (Cyan). arm right: 1. right instrument: Tool #2 (Orange). do a hysterectomy,arm left 2 left instrument tool 2 cyan arm right 1 right instrument tool 2 orange do a hysterectomy,hysterectomy,hysterectomy,15,1,arm left: 2. left instrument: Tool #2 (Cyan). arm right: 1. right instrument: Tool #2 (Orange),strip_cmr_state_template | strip_cmr_do_carrier,8.21752202708184e-05,8.220618807019886e-05
cmr_versius:01,cmr_versius,CMR_STATE_PROMPT,cmr-surgical-60hz/hysterectomy_phase_prompts_v1,cmr_surgical/hysterectomy,arm left: 3. left instrument: Tool #0 (Pink). arm right: -1. right instrument: Tool #3 (None). do a hysterectomy,arm left 3 left instrument tool 0 pink arm right 1 right instrument tool 3 none do a hysterectomy,hysterectomy,hysterectomy,15,1,arm left: 3. left instrument: Tool #0 (Pink). arm right: -1. right instrument: Tool #3 (None),strip_cmr_state_template | strip_cmr_do_carrier,6.3155117293735504e-06,6.3178917351657545e-06
cmr_versius:01,cmr_versius,CMR_STATE_PROMPT,cmr-surgical-60hz/hysterectomy_phase_prompts_v1,cmr_surgical/hysterectomy,arm left: 2. left instrument: Tool #12 (Cyan). arm right: 1. right instrument: Tool #9 (Orange). do a hysterectomy,arm left 2 left instrument tool 12 cyan arm right 1 right instrument tool 9 orange do a hysterectomy,hysterectomy,hysterectomy,15,1,arm left: 2. left instrument: Tool #12 (Cyan). arm right: 1. right instrument: Tool #9 (Orange),strip_cmr_state_template | strip_cmr_do_carrier,0.00026568724030677314,0.0002657873647619149
cmr_versius:01,cmr_versius,CMR_STATE_PROMPT,cmr-surgical-60hz/hysterectomy_phase_prompts_v1,cmr_surgical/hysterectomy,arm left: 0. left instrument: Tool #17 (White). arm right: 1. right instrument: Tool #9 (Orange). do a hysterectomy,arm left 0 left instrument tool 17 white arm right 1 right instrument tool 9 orange do a hysterectomy,hysterectomy,hysterectomy,15,1,arm left: 0. left instrument: Tool #17 (White). arm right: 1. right instrument: Tool #9 (Orange),strip_cmr_state_template | strip_cmr_do_carrier,8.882838928799297e-06,8.886186433959241e-06
cmr_versius:01,cmr_versius,CMR_STATE_PROMPT,cmr-surgical-60hz/hysterectomy_phase_prompts_v1,cmr_surgical/hysterectomy,arm left: 3. left instrument: Tool #0 (Pink). arm right: 1. right instrument: Tool #9 (Orange). do a hysterectomy,arm left 3 left instrument tool 0 pink arm right 1 right instrument tool 9 orange do a hysterectomy,hysterectomy,hysterectomy,15,1,arm left: 3. left instrument: Tool #0 (Pink). arm right: 1. right instrument: Tool #9 (Orange),strip_cmr_state_template | strip_cmr_do_carrier,2.355489694285768e-05,2.3563773625153753e-05
cmr_versius:01,cmr_versius,CMR_STATE_PROMPT,cmr-surgical-60hz/hysterectomy_phase_prompts_v1,cmr_surgical/hysterectomy,arm left: 2. left instrument: Tool #12 (Cyan). arm right: 0. right instrument: Tool #17 (White). do a hysterectomy,arm left 2 left instrument tool 12 cyan arm right 0 right instrument tool 17 white do a hysterectomy,hysterectomy,hysterectomy,15,1,arm left: 2. left instrument: Tool #12 (Cyan). arm right: 0. right instrument: Tool #17 (White),strip_cmr_state_template | strip_cmr_do_carrier,1.1410552703399223e-05,1.1414852779575162e-05
cmr_versius:01,cmr_versius,CMR_STATE_PROMPT,cmr-surgical-60hz/hysterectomy_phase_prompts_v1,cmr_surgical/hysterectomy,arm left: 3. left instrument: Tool #0 (Pink). arm right: 0. right instrument: Tool #17 (White). do a hysterectomy,arm left 3 left instrument tool 0 pink arm right 0 right instrument tool 17 white do a hysterectomy,hysterectomy,hysterectomy,15,1,arm left: 3. left instrument: Tool #0 (Pink). arm right: 0. right instrument: Tool #17 (White),strip_cmr_state_template | strip_cmr_do_carrier,1.292152190746978e-06,1.2926391393633637e-06
cmr_versius:01,cmr_versius,CMR_STATE_PROMPT,cmr-surgical-60hz/hysterectomy_phase_prompts_v1,cmr_surgical/hysterectomy,arm left: 2. left instrument: Tool #13 (Cyan). arm right: -1. right instrument: Tool #3 (None). do a hysterectomy,arm left 2 left instrument tool 13 cyan arm right 1 right instrument tool 3 none do a hysterectomy,hysterectomy,hysterectomy,15,1,arm left: 2. left instrument: Tool #13 (Cyan). arm right: -1. right instrument: Tool #3 (None),strip_cmr_state_template | strip_cmr_do_carrier,3.685746227008058e-05,3.687135203506681e-05
cmr_versius:01,cmr_versius,CMR_STATE_PROMPT,cmr-surgical-60hz/hysterectomy_phase_prompts_v1,cmr_surgical/hysterectomy,arm left: 3. left instrument: Tool #18 (Green). arm right: -1. right instrument: Tool #3 (None). do a hysterectomy,arm left 3 left instrument tool 18 green arm right 1 right instrument tool 3 none do a hysterectomy,hysterectomy,hysterectomy,15,1,arm left: 3. left instrument: Tool #18 (Green). arm right: -1. right instrument: Tool #3 (None),strip_cmr_state_template | strip_cmr_do_carrier,7.243597682435613e-07,7.246327438182944e-07
cmr_versius:01,cmr_versius,CMR_STATE_PROMPT,cmr-surgical-60hz/hysterectomy_phase_prompts_v1,cmr_surgical/hysterectomy,arm left: 3. left instrument: Tool #18 (Green). arm right: 1. right instrument: Tool #9 (Orange). do a hysterectomy,arm left 3 left instrument tool 18 green arm right 1 right instrument tool 9 orange do a hysterectomy,hysterectomy,hysterectomy,15,1,arm left: 3. left instrument: Tool #18 (Green). arm right: 1. right instrument: Tool #9 (Orange),strip_cmr_state_template | strip_cmr_do_carrier,0.00021949610060630414,0.0002195788178924394
cmr_versius:01,cmr_versius,CMR_STATE_PROMPT,cmr-surgical-60hz/hysterectomy_phase_prompts_v1,cmr_surgical/hysterectomy,arm left: 2. left instrument: Tool #13 (Cyan). arm right: 1. right instrument: Tool #9 (Orange). do a hysterectomy,arm left 2 left instrument tool 13 cyan arm right 1 right instrument tool 9 orange do a hysterectomy,hysterectomy,hysterectomy,15,1,arm left: 2. left instrument: Tool #13 (Cyan). arm right: 1. right instrument: Tool #9 (Orange),strip_cmr_state_template | strip_cmr_do_carrier,6.933669792012652e-05,6.936282751179439e-05
cmr_versius:01,cmr_versius,CMR_STATE_PROMPT,cmr-surgical-60hz/hysterectomy_phase_prompts_v1,cmr_surgical/hysterectomy,arm left: 2. left instrument: Tool #13 (Cyan). arm right: 1. right instrument: Tool #2 (Orange). do a hysterectomy,arm left 2 left instrument tool 13 cyan arm right 1 right instrument tool 2 orange do a hysterectomy,hysterectomy,hysterectomy,15,1,arm left: 2. left instrument: Tool #13 (Cyan). arm right: 1. right instrument: Tool #2 (Orange),strip_cmr_state_template | strip_cmr_do_carrier,0.0001825424343045037,0.00018261122557108425
cmr_versius:01,cmr_versius,CMR_STATE_PROMPT,cmr-surgical-60hz/hysterectomy_phase_prompts_v1,cmr_surgical/hysterectomy,arm left: 3. left instrument: Tool #18 (Green). arm right: 1. right instrument: Tool #2 (Orange). do a hysterectomy,arm left 3 left instrument tool 18 green arm right 1 right instrument tool 2 orange do a hysterectomy,hysterectomy,hysterectomy,15,1,arm left: 3. left instrument: Tool #18 (Green). arm right: 1. right instrument: Tool #2 (Orange),strip_cmr_state_template | strip_cmr_do_carrier,6.477738135803098e-05,6.48017927675006e-05
cmr_versius:01,cmr_versius,CMR_STATE_PROMPT,cmr-surgical-60hz/hysterectomy_phase_prompts_v1,cmr_surgical/hysterectomy,arm left: 2. left instrument: Tool #13 (Cyan). arm right: 0. right instrument: Tool #14 (White). do a hysterectomy,arm left 2 left instrument tool 13 cyan arm right 0 right instrument tool 14 white do a hysterectomy,hysterectomy,hysterectomy,15,1,arm left: 2. left instrument: Tool #13 (Cyan). arm right: 0. right instrument: Tool #14 (White),strip_cmr_state_template | strip_cmr_do_carrier,6.05519493766102e-07,6.057476842856054e-07
cmr_versius:01,cmr_versius,CMR_STATE_PROMPT,cmr-surgical-60hz/hysterectomy_phase_prompts_v1,cmr_surgical/hysterectomy,arm left: 1. left instrument: Tool #12 (Cyan). arm right: 2. right instrument: Tool #9 (Orange). do a hysterectomy,arm left 1 left instrument tool 12 cyan arm right 2 right instrument tool 9 orange do a hysterectomy,hysterectomy,hysterectomy,15,1,arm left: 1. left instrument: Tool #12 (Cyan). arm right: 2. right instrument: Tool #9 (Orange),strip_cmr_state_template | strip_cmr_do_carrier,0.00039979566052424114,0.00039994632384789873
cmr_versius:01,cmr_versius,CMR_STATE_PROMPT,cmr-surgical-60hz/hysterectomy_phase_prompts_v1,cmr_surgical/hysterectomy,arm left: 1. left instrument: Tool #12 (Cyan). arm right: 2. right instrument: Tool #2 (Orange). do a hysterectomy,arm left 1 left instrument tool 12 cyan arm right 2 right instrument tool 2 orange do a hysterectomy,hysterectomy,hysterectomy,15,1,arm left: 1. left instrument: Tool #12 (Cyan). arm right: 2. right instrument: Tool #2 (Orange),strip_cmr_state_template | strip_cmr_do_carrier,9.533253637367996e-05,9.536846251846084e-05
cmr_versius:01,cmr_versius,CMR_STATE_PROMPT,cmr-surgical-60hz/hysterectomy_phase_prompts_v1,cmr_surgical/hysterectomy,arm left: 3. left instrument: Tool #0 (Green). arm right: 2. right instrument: Tool #9 (Cyan). do a hysterectomy,arm left 3 left instrument tool 0 green arm right 2 right instrument tool 9 cyan do a hysterectomy,hysterectomy,hysterectomy,15,1,arm left: 3. left instrument: Tool #0 (Green). arm right: 2. right instrument: Tool #9 (Cyan),strip_cmr_state_template | strip_cmr_do_carrier,0.00011965329286317014,0.00011969838430504748
cmr_versius:01,cmr_versius,CMR_STATE_PROMPT,cmr-surgical-60hz/hysterectomy_phase_prompts_v1,cmr_surgical/hysterectomy,arm left: 1. left instrument: Tool #18 (Pink). arm right: 2. right instrument: Tool #9 (Cyan). do a hysterectomy,arm left 1 left instrument tool 18 pink arm right 2 right instrument tool 9 cyan do a hysterectomy,hysterectomy,hysterectomy,15,1,arm left: 1. left instrument: Tool #18 (Pink). arm right: 2. right instrument: Tool #9 (Cyan),strip_cmr_state_template | strip_cmr_do_carrier,0.00034694569274590825,0.0003470764395157187
cmr_versius:01,cmr_versius,CMR_STATE_PROMPT,cmr-surgical-60hz/hysterectomy_phase_prompts_v1,cmr_surgical/hysterectomy,arm left: 1. left instrument: Tool #2 (Pink). arm right: 2. right instrument: Tool #2 (Cyan). do a hysterectomy,arm left 1 left instrument tool 2 pink arm right 2 right instrument tool 2 cyan do a hysterectomy,hysterectomy,hysterectomy,15,1,arm left: 1. left instrument: Tool #2 (Pink). arm right: 2. right instrument: Tool #2 (Cyan),strip_cmr_state_template | strip_cmr_do_carrier,8.271471738987478e-05,8.274588849918851e-05
cmr_versius:01,cmr_versius,CMR_STATE_PROMPT,cmr-surgical-60hz/hysterectomy_phase_prompts_v1,cmr_surgical/hysterectomy,arm left: 2. left instrument: Tool #2 (Blue). arm right: 1. right instrument: Tool #2 (Pink). do a hysterectomy,arm left 2 left instrument tool 2 blue arm right 1 right instrument tool 2 pink do a hysterectomy,hysterectomy,hysterectomy,15,1,arm left: 2. left instrument: Tool #2 (Blue). arm right: 1. right instrument: Tool #2 (Pink),strip_cmr_state_template | strip_cmr_do_carrier,0.00010520948363025102,0.00010524913191073321
cmr_versius:01,cmr_versius,CMR_STATE_PROMPT,cmr-surgical-60hz/hysterectomy_phase_prompts_v1,cmr_surgical/hysterectomy,arm left: 2. left instrument: Tool #12 (Blue). arm right: 1. right instrument: Tool #9 (Pink). do a hysterectomy,arm left 2 left instrument tool 12 blue arm right 1 right instrument tool 9 pink do a hysterectomy,hysterectomy,hysterectomy,15,1,arm left: 2. left instrument: Tool #12 (Blue). arm right: 1. right instrument: Tool #9 (Pink),strip_cmr_state_template | strip_cmr_do_carrier,0.00030750203974077054,0.0003076179221374881
cmr_versius:01,cmr_versius,CMR_STATE_PROMPT,cmr-surgical-60hz/hysterectomy_phase_prompts_v1,cmr_surgical/hysterectomy,arm left: 3. left instrument: Tool #0 (Orange). arm right: 1. right instrument: Tool #9 (Pink). do a hysterectomy,arm left 3 left instrument tool 0 orange arm right 1 right instrument tool 9 pink do a hysterectomy,hysterectomy,hysterectomy,15,1,arm left: 3. left instrument: Tool #0 (Orange). arm right: 1. right instrument: Tool #9 (Pink),strip_cmr_state_template | strip_cmr_do_carrier,3.998880918488348e-05,4.000387900053131e-05
cmr_versius:01,cmr_versius,CMR_STATE_PROMPT,cmr-surgical-60hz/hysterectomy_phase_prompts_v1,cmr_surgical/hysterectomy,arm left: 3. left instrument: Tool #0 (Orange). arm right: -1. right instrument: Tool #3 (None). do a hysterectomy,arm left 3 left instrument tool 0 orange arm right 1 right instrument tool 3 none do a hysterectomy,hysterectomy,hysterectomy,15,1,arm left: 3. left instrument: Tool #0 (Orange). arm right: -1. right instrument: Tool #3 (None),strip_cmr_state_template | strip_cmr_do_carrier,1.3819426203521693e-05,1.3824634065658399e-05
cmr_versius:01,cmr_versius,CMR_STATE_PROMPT,cmr-surgical-60hz/hysterectomy_phase_prompts_v1,cmr_surgical/hysterectomy,arm left: 2. left instrument: Tool #12 (Blue). arm right: 0. right instrument: Tool #17 (White). do a hysterectomy,arm left 2 left instrument tool 12 blue arm right 0 right instrument tool 17 white do a hysterectomy,hysterectomy,hysterectomy,15,1,arm left: 2. left instrument: Tool #12 (Blue). arm right: 0. right instrument: Tool #17 (White),strip_cmr_state_template | strip_cmr_do_carrier,1.9685985784869287e-05,1.9693404464811774e-05
cmr_versius:01,cmr_versius,CMR_STATE_PROMPT,cmr-surgical-60hz/hysterectomy_phase_prompts_v1,cmr_surgical/hysterectomy,arm left: 3. left instrument: Tool #0 (Orange). arm right: 0. right instrument: Tool #17 (White). do a hysterectomy,arm left 3 left instrument tool 0 orange arm right 0 right instrument tool 17 white do a hysterectomy,hysterectomy,hysterectomy,15,1,arm left: 3. left instrument: Tool #0 (Orange). arm right: 0. right instrument: Tool #17 (White),strip_cmr_state_template | strip_cmr_do_carrier,1.016367299816747e-05,1.0167503186700443e-05
cmr_versius:01,cmr_versius,CMR_STATE_PROMPT,cmr-surgical-60hz/hysterectomy_phase_prompts_v1,cmr_surgical/hysterectomy,arm left: 1. left instrument: Tool #18 (Blue). arm right: 2. right instrument: Tool #2 (Cyan). do a hysterectomy,arm left 1 left instrument tool 18 blue arm right 2 right instrument tool 2 cyan do a hysterectomy,hysterectomy,hysterectomy,15,1,arm left: 1. left instrument: Tool #18 (Blue). arm right: 2. right instrument: Tool #2 (Cyan),strip_cmr_state_template | strip_cmr_do_carrier,0.00014854845674326094,0.0001486044373514241
cmr_versius:01,cmr_versius,CMR_STATE_PROMPT,cmr-surgical-60hz/hysterectomy_phase_prompts_v1,cmr_surgical/hysterectomy,arm left: -1. left instrument: Tool #3 (None). arm right: 2. right instrument: Tool #10 (Cyan). do a hysterectomy,arm left 1 left instrument tool 3 none arm right 2 right instrument tool 10 cyan do a hysterectomy,hysterectomy,hysterectomy,15,1,arm left: -1. left instrument: Tool #3 (None). arm right: 2. right instrument: Tool #10 (Cyan),strip_cmr_state_template | strip_cmr_do_carrier,7.5208916562163505e-06,7.523725910425884e-06
cmr_versius:01,cmr_versius,CMR_STATE_PROMPT,cmr-surgical-60hz/hysterectomy_phase_prompts_v1,cmr_surgical/hysterectomy,arm left: 1. left instrument: Tool #18 (Blue). arm right: 2. right instrument: Tool #10 (Cyan). do a hysterectomy,arm left 1 left instrument tool 18 blue arm right 2 right instrument tool 10 cyan do a hysterectomy,hysterectomy,hysterectomy,15,1,arm left: 1. left instrument: Tool #18 (Blue). arm right: 2. right instrument: Tool #10 (Cyan),strip_cmr_state_template | strip_cmr_do_carrier,0.00018442124245338543,0.00018449074175036292
cmr_versius:01,cmr_versius,CMR_STATE_PROMPT,cmr-surgical-60hz/hysterectomy_phase_prompts_v1,cmr_surgical/hysterectomy,arm left: 1. left instrument: Tool #18 (Blue). arm right: 2. right instrument: Tool #8 (Cyan). do a hysterectomy,arm left 1 left instrument tool 18 blue arm right 2 right instrument tool 8 cyan do a hysterectomy,hysterectomy,hysterectomy,15,1,arm left: 1. left instrument: Tool #18 (Blue). arm right: 2. right instrument: Tool #8 (Cyan),strip_cmr_state_template | strip_cmr_do_carrier,8.716273909174542e-05,8.719558644169774e-05
cmr_versius:01,cmr_versius,CMR_STATE_PROMPT,cmr-surgical-60hz/hysterectomy_phase_prompts_v1,cmr_surgical/hysterectomy,arm left: -1. left instrument: Tool #3 (None). arm right: 2. right instrument: Tool #8 (Cyan). do a hysterectomy,arm left 1 left instrument tool 3 none arm right 2 right instrument tool 8 cyan do a hysterectomy,hysterectomy,hysterectomy,15,1,arm left: -1. left instrument: Tool #3 (None). arm right: 2. right instrument: Tool #8 (Cyan),strip_cmr_state_template | strip_cmr_do_carrier,5.15917699517224e-06,5.161121235268321e-06
cmr_versius:01,cmr_versius,CMR_STATE_PROMPT,cmr-surgical-60hz/hysterectomy_phase_prompts_v1,cmr_surgical/hysterectomy,arm left: 0. left instrument: Tool #14 (White). arm right: 2. right instrument: Tool #8 (Cyan). do a hysterectomy,arm left 0 left instrument tool 14 white arm right 2 right instrument tool 8 cyan do a hysterectomy,hysterectomy,hysterectomy,15,1,arm left: 0. left instrument: Tool #14 (White). arm right: 2. right instrument: Tool #8 (Cyan),strip_cmr_state_template | strip_cmr_do_carrier,1.2431069981054867e-06,1.2435754640006666e-06
cmr_versius:01,cmr_versius,CMR_STATE_PROMPT,cmr-surgical-60hz/hysterectomy_phase_prompts_v1,cmr_surgical/hysterectomy,arm left: 2. left instrument: Tool #1 (Pink). arm right: 1. right instrument: Tool #9 (Orange). do a hysterectomy,arm left 2 left instrument tool 1 pink arm right 1 right instrument tool 9 orange do a hysterectomy,hysterectomy,hysterectomy,15,1,arm left: 2. left instrument: Tool #1 (Pink). arm right: 1. right instrument: Tool #9 (Orange),strip_cmr_state_template | strip_cmr_do_carrier,0.0003712098586285044,0.0003713497493691945
cmr_versius:01,cmr_versius,CMR_STATE_PROMPT,cmr-surgical-60hz/hysterectomy_phase_prompts_v1,cmr_surgical/hysterectomy,arm left: 2. left instrument: Tool #1 (Pink). arm right: -1. right instrument: Tool #3 (None). do a hysterectomy,arm left 2 left instrument tool 1 pink arm right 1 right instrument tool 3 none do a hysterectomy,hysterectomy,hysterectomy,15,1,arm left: 2. left instrument: Tool #1 (Pink). arm right: -1. right instrument: Tool #3 (None),strip_cmr_state_template | strip_cmr_do_carrier,3.301307370841293e-05,3.302551471240617e-05
cmr_versius:01,cmr_versius,CMR_STATE_PROMPT,cmr-surgical-60hz/hysterectomy_phase_prompts_v1,cmr_surgical/hysterectomy,arm left: 2. left instrument: Tool #1 (Pink). arm right: 0. right instrument: Tool #17 (White). do a hysterectomy,arm left 2 left instrument tool 1 pink arm right 0 right instrument tool 17 white do a hysterectomy,hysterectomy,hysterectomy,15,1,arm left: 2. left instrument: Tool #1 (Pink). arm right: 0. right instrument: Tool #17 (White),strip_cmr_state_template | strip_cmr_do_carrier,1.2563114730474266e-06,1.2567849150598543e-06
cmr_versius:01,cmr_versius,CMR_STATE_PROMPT,cmr-surgical-60hz/hysterectomy_phase_prompts_v1,cmr_surgical/hysterectomy,arm left: 0. left instrument: Tool #17 (White). arm right: 1. right instrument: Tool #2 (Orange). do a hysterectomy,arm left 0 left instrument tool 17 white arm right 1 right instrument tool 2 orange do a hysterectomy,hysterectomy,hysterectomy,15,1,arm left: 0. left instrument: Tool #17 (White). arm right: 1. right instrument: Tool #2 (Orange),strip_cmr_state_template | strip_cmr_do_carrier,4.57629374416375e-06,4.578018324227038e-06
cmr_versius:01,cmr_versius,CMR_STATE_PROMPT,cmr-surgical-60hz/hysterectomy_phase_prompts_v1,cmr_surgical/hysterectomy,arm left: 1. left instrument: Tool #0 (Cyan). arm right: 0. right instrument: Tool #14 (White). do a hysterectomy,arm left 1 left instrument tool 0 cyan arm right 0 right instrument tool 14 white do a hysterectomy,hysterectomy,hysterectomy,15,1,arm left: 1. left instrument: Tool #0 (Cyan). arm right: 0. right instrument: Tool #14 (White),strip_cmr_state_template | strip_cmr_do_carrier,5.244062905513283e-07,5.246039134934528e-07
cmr_versius:01,cmr_versius,CMR_STATE_PROMPT,cmr-surgical-60hz/hysterectomy_phase_prompts_v1,cmr_surgical/hysterectomy,arm left: 1. left instrument: Tool #0 (Green). arm right: 0. right instrument: Tool #17 (White). do a hysterectomy,arm left 1 left instrument tool 0 green arm right 0 right instrument tool 17 white do a hysterectomy,hysterectomy,hysterectomy,15,1,arm left: 1. left instrument: Tool #0 (Green). arm right: 0. right instrument: Tool #17 (White),strip_cmr_state_template | strip_cmr_do_carrier,1.1431302592593703e-06,1.143561048838246e-06
cmr_versius:01,cmr_versius,CMR_STATE_PROMPT,cmr-surgical-60hz/hysterectomy_phase_prompts_v1,cmr_surgical/hysterectomy,arm left: 2. left instrument: Tool #12 (Orange). arm right: 0. right instrument: Tool #17 (White). do a hysterectomy,arm left 2 left instrument tool 12 orange arm right 0 right instrument tool 17 white do a hysterectomy,hysterectomy,hysterectomy,15,1,arm left: 2. left instrument: Tool #12 (Orange). arm right: 0. right instrument: Tool #17 (White),strip_cmr_state_template | strip_cmr_do_carrier,1.5732188716539846e-06,1.573811740480358e-06
cmr_versius:01,cmr_versius,CMR_STATE_PROMPT,cmr-surgical-60hz/hysterectomy_phase_prompts_v1,cmr_surgical/hysterectomy,arm left: 2. left instrument: Tool #12 (Orange). arm right: 3. right instrument: Tool #9 (Pink). do a hysterectomy,arm left 2 left instrument tool 12 orange arm right 3 right instrument tool 9 pink do a hysterectomy,hysterectomy,hysterectomy,15,1,arm left: 2. left instrument: Tool #12 (Orange). arm right: 3. right instrument: Tool #9 (Pink),strip_cmr_state_template | strip_cmr_do_carrier,0.00013885448578231392,0.00013890681320954335
cmr_versius:01,cmr_versius,CMR_STATE_PROMPT,cmr-surgical-60hz/hysterectomy_phase_prompts_v1,cmr_surgical/hysterectomy,arm left: 1. left instrument: Tool #0 (Green). arm right: 3. right instrument: Tool #9 (Pink). do a hysterectomy,arm left 1 left instrument tool 0 green arm right 3 right instrument tool 9 pink do a hysterectomy,hysterectomy,hysterectomy,15,1,arm left: 1. left instrument: Tool #0 (Green). arm right: 3. right instrument: Tool #9 (Pink),strip_cmr_state_template | strip_cmr_do_carrier,3.4474997719841995e-05,3.448798965110195e-05
cmr_versius:01,cmr_versius,CMR_STATE_PROMPT,cmr-surgical-60hz/hysterectomy_phase_prompts_v1,cmr_surgical/hysterectomy,arm left: 2. left instrument: Tool #9 (Pink). arm right: -1. right instrument: Tool #3 (None). do a hysterectomy,arm left 2 left instrument tool 9 pink arm right 1 right instrument tool 3 none do a hysterectomy,hysterectomy,hysterectomy,15,1,arm left: 2. left instrument: Tool #9 (Pink). arm right: -1. right instrument: Tool #3 (None),strip_cmr_state_template | strip_cmr_do_carrier,1.1759528112579066e-05,1.1763959700425123e-05
cmr_versius:01,cmr_versius,CMR_STATE_PROMPT,cmr-surgical-60hz/hysterectomy_phase_prompts_v1,cmr_surgical/hysterectomy,arm left: 2. left instrument: Tool #2 (Pink). arm right: 0. right instrument: Tool #14 (White). do a hysterectomy,arm left 2 left instrument tool 2 pink arm right 0 right instrument tool 14 white do a hysterectomy,hysterectomy,hysterectomy,15,1,arm left: 2. left instrument: Tool #2 (Pink). arm right: 0. right instrument: Tool #14 (White),strip_cmr_state_template | strip_cmr_do_carrier,1.0299490454713137e-06,1.0303371826166373e-06
cmr_versius:01,cmr_versius,CMR_STATE_PROMPT,cmr-surgical-60hz/hysterectomy_phase_prompts_v1,cmr_surgical/hysterectomy,arm left: 2. left instrument: Tool #2 (Pink). arm right: 1. right instrument: Tool #18 (Purple). do a hysterectomy,arm left 2 left instrument tool 2 pink arm right 1 right instrument tool 18 purple do a hysterectomy,hysterectomy,hysterectomy,15,1,arm left: 2. left instrument: Tool #2 (Pink). arm right: 1. right instrument: Tool #18 (Purple),strip_cmr_state_template | strip_cmr_do_carrier,2.1764747411443256e-05,2.1772949474415314e-05
cmr_versius:01,cmr_versius,CMR_STATE_PROMPT,cmr-surgical-60hz/hysterectomy_phase_prompts_v1,cmr_surgical/hysterectomy,arm left: 2. left instrument: Tool #9 (Pink). arm right: 0. right instrument: Tool #14 (White). do a hysterectomy,arm left 2 left instrument tool 9 pink arm right 0 right instrument tool 14 white do a hysterectomy,hysterectomy,hysterectomy,15,1,arm left: 2. left instrument: Tool #9 (Pink). arm right: 0. right instrument: Tool #14 (White),strip_cmr_state_template | strip_cmr_do_carrier,5.149745227356569e-07,5.151685913083187e-07
cmr_versius:01,cmr_versius,CMR_STATE_PROMPT,cmr-surgical-60hz/hysterectomy_phase_prompts_v1,cmr_surgical/hysterectomy,arm left: 2. left instrument: Tool #2 (Orange). arm right: -1. right instrument: Tool #3 (None). do a hysterectomy,arm left 2 left instrument tool 2 orange arm right 1 right instrument tool 3 none do a hysterectomy,hysterectomy,hysterectomy,15,1,arm left: 2. left instrument: Tool #2 (Orange). arm right: -1. right instrument: Tool #3 (None),strip_cmr_state_template | strip_cmr_do_carrier,2.317573987666769e-05,2.3184473673311366e-05
cmr_versius:01,cmr_versius,CMR_STATE_PROMPT,cmr-surgical-60hz/hysterectomy_phase_prompts_v1,cmr_surgical/hysterectomy,arm left: 3. left instrument: Tool #12 (Green). arm right: 1. right instrument: Tool #9 (Orange). do a hysterectomy,arm left 3 left instrument tool 12 green arm right 1 right instrument tool 9 orange do a hysterectomy,hysterectomy,hysterectomy,15,1,arm left: 3. left instrument: Tool #12 (Green). arm right: 1. right instrument: Tool #9 (Orange),strip_cmr_state_template | strip_cmr_do_carrier,0.00018868062879894265,0.00018875173324916947
cmr_versius:01,cmr_versius,CMR_STATE_PROMPT,cmr-surgical-60hz/hysterectomy_phase_prompts_v1,cmr_surgical/hysterectomy,arm left: 2. left instrument: Tool #0 (Blue). arm right: 1. right instrument: Tool #9 (Orange). do a hysterectomy,arm left 2 left instrument tool 0 blue arm right 1 right instrument tool 9 orange do a hysterectomy,hysterectomy,hysterectomy,15,1,arm left: 2. left instrument: Tool #0 (Blue). arm right: 1. right instrument: Tool #9 (Orange),strip_cmr_state_template | strip_cmr_do_carrier,2.4307552014548258e-05,2.4316712335527453e-05
cmr_versius:01,cmr_versius,CMR_STATE_PROMPT,cmr-surgical-60hz/hysterectomy_phase_prompts_v1,cmr_surgical/hysterectomy,arm left: 3. left instrument: Tool #12 (Green). arm right: 1. right instrument: Tool #2 (Orange). do a hysterectomy,arm left 3 left instrument tool 12 green arm right 1 right instrument tool 2 orange do a hysterectomy,hysterectomy,hysterectomy,15,1,arm left: 3. left instrument: Tool #12 (Green). arm right: 1. right instrument: Tool #2 (Orange),strip_cmr_state_template | strip_cmr_do_carrier,3.230757747580071e-05,3.231975261295815e-05
cmr_versius:01,cmr_versius,CMR_STATE_PROMPT,cmr-surgical-60hz/hysterectomy_phase_prompts_v1,cmr_surgical/hysterectomy,arm left: 2. left instrument: Tool #0 (Blue). arm right: 1. right instrument: Tool #2 (Orange). do a hysterectomy,arm left 2 left instrument tool 0 blue arm right 1 right instrument tool 2 orange do a hysterectomy,hysterectomy,hysterectomy,15,1,arm left: 2. left instrument: Tool #0 (Blue). arm right: 1. right instrument: Tool #2 (Orange),strip_cmr_state_template | strip_cmr_do_carrier,3.71611651937452e-07,3.717516940942812e-07
cmr_versius:01,cmr_versius,CMR_STATE_PROMPT,cmr-surgical-60hz/hysterectomy_phase_prompts_v1,cmr_surgical/hysterectomy,arm left: 3. left instrument: Tool #2 (Green). arm right: 1. right instrument: Tool #2 (Orange). do a hysterectomy,arm left 3 left instrument tool 2 green arm right 1 right instrument tool 2 orange do a hysterectomy,hysterectomy,hysterectomy,15,1,arm left: 3. left instrument: Tool #2 (Green). arm right: 1. right instrument: Tool #2 (Orange),strip_cmr_state_template | strip_cmr_do_carrier,6.861045179831982e-05,6.863630770353907e-05
cmr_versius:01,cmr_versius,CMR_STATE_PROMPT,cmr-surgical-60hz/hysterectomy_phase_prompts_v1,cmr_surgical/hysterectomy,arm left: 3. left instrument: Tool #2 (Green). arm right: -1. right instrument: Tool #3 (None). do a hysterectomy,arm left 3 left instrument tool 2 green arm right 1 right instrument tool 3 none do a hysterectomy,hysterectomy,hysterectomy,15,1,arm left: 3. left instrument: Tool #2 (Green). arm right: -1. right instrument: Tool #3 (None),strip_cmr_state_template | strip_cmr_do_carrier,9.092224174307202e-07,9.095650586469217e-07
cmr_versius:01,cmr_versius,CMR_STATE_PROMPT,cmr-surgical-60hz/hysterectomy_phase_prompts_v1,cmr_surgical/hysterectomy,arm left: 3. left instrument: Tool #12 (Blue). arm right: 2. right instrument: Tool #2 (Pink). do a hysterectomy,arm left 3 left instrument tool 12 blue arm right 2 right instrument tool 2 pink do a hysterectomy,hysterectomy,hysterectomy,15,1,arm left: 3. left instrument: Tool #12 (Blue). arm right: 2. right instrument: Tool #2 (Pink),strip_cmr_state_template | strip_cmr_do_carrier,0.00010957450577534372,0.00010961579901801324
cmr_versius:01,cmr_versius,CMR_STATE_PROMPT,cmr-surgical-60hz/hysterectomy_phase_prompts_v1,cmr_surgical/hysterectomy,arm left: 3. left instrument: Tool #12 (Blue). arm right: 1. right instrument: Tool #0 (Cyan). do a hysterectomy,arm left 3 left instrument tool 12 blue arm right 1 right instrument tool 0 cyan do a hysterectomy,hysterectomy,hysterectomy,15,1,arm left: 3. left instrument: Tool #12 (Blue). arm right: 1. right instrument: Tool #0 (Cyan),strip_cmr_state_template | strip_cmr_do_carrier,5.885800387691562e-05,5.888018456411047e-05
cmr_versius:01,cmr_versius,CMR_STATE_PROMPT,cmr-surgical-60hz/hysterectomy_phase_prompts_v1,cmr_surgical/hysterectomy,arm left: 3. left instrument: Tool #12 (Blue). arm right: 2. right instrument: Tool #9 (Pink). do a hysterectomy,arm left 3 left instrument tool 12 blue arm right 2 right instrument tool 9 pink do a hysterectomy,hysterectomy,hysterectomy,15,1,arm left: 3. left instrument: Tool #12 (Blue). arm right: 2. right instrument: Tool #9 (Pink),strip_cmr_state_template | strip_cmr_do_carrier,0.0004152335780849321,0.0004153900592005262
cmr_versius:01,cmr_versius,CMR_STATE_PROMPT,cmr-surgical-60hz/hysterectomy_phase_prompts_v1,cmr_surgical/hysterectomy,arm left: 2. left instrument: Tool #18 (Cyan). arm right: 1. right instrument: Tool #9 (Orange). do a hysterectomy,arm left 2 left instrument tool 18 cyan arm right 1 right instrument tool 9 orange do a hysterectomy,hysterectomy,hysterectomy,15,1,arm left: 2. left instrument: Tool #18 (Cyan). arm right: 1. right instrument: Tool #9 (Orange),strip_cmr_state_template | strip_cmr_do_carrier,0.00015169678084013207,0.00015175394789682188
cmr_versius:01,cmr_versius,CMR_STATE_PROMPT,cmr-surgical-60hz/hysterectomy_phase_prompts_v1,cmr_surgical/hysterectomy,arm left: 3. left instrument: Tool #1 (Cyan). arm right: 1. right instrument: Tool #9 (Pink). do a hysterectomy,arm left 3 left instrument tool 1 cyan arm right 1 right instrument tool 9 pink do a hysterectomy,hysterectomy,hysterectomy,15,1,arm left: 3. left instrument: Tool #1 (Cyan). arm right: 1. right instrument: Tool #9 (Pink),strip_cmr_state_template | strip_cmr_do_carrier,0.0001449285442556063,0.0001449831606967697
cmr_versius:01,cmr_versius,CMR_STATE_PROMPT,cmr-surgical-60hz/hysterectomy_phase_prompts_v1,cmr_surgical/hysterectomy,arm left: 3. left instrument: Tool #1 (Cyan). arm right: 2. right instrument: Tool #13 (Orange). do a hysterectomy,arm left 3 left instrument tool 1 cyan arm right 2 right instrument tool 13 orange do a hysterectomy,hysterectomy,hysterectomy,15,1,arm left: 3. left instrument: Tool #1 (Cyan). arm right: 2. right instrument: Tool #13 (Orange),strip_cmr_state_template | strip_cmr_do_carrier,4.579877815933704e-05,4.581603746657387e-05
cmr_versius:01,cmr_versius,CMR_STATE_PROMPT,cmr-surgical-60hz/hysterectomy_phase_prompts_v1,cmr_surgical/hysterectomy,arm left: 3. left instrument: Tool #1 (Cyan). arm right: 1. right instrument: Tool #8 (Pink). do a hysterectomy,arm left 3 left instrument tool 1 cyan arm right 1 right instrument tool 8 pink do a hysterectomy,hysterectomy,hysterectomy,15,1,arm left: 3. left instrument: Tool #1 (Cyan). arm right: 1. right instrument: Tool #8 (Pink),strip_cmr_state_template | strip_cmr_do_carrier,9.60455780205447e-05,9.608177287565696e-05
cmr_versius:01,cmr_versius,CMR_STATE_PROMPT,cmr-surgical-60hz/hysterectomy_phase_prompts_v1,cmr_surgical/hysterectomy,arm left: 3. left instrument: Tool #1 (Cyan). arm right: 1. right instrument: Tool #2 (Pink). do a hysterectomy,arm left 3 left instrument tool 1 cyan arm right 1 right instrument tool 2 pink do a hysterectomy,hysterectomy,hysterectomy,15,1,arm left: 3. left instrument: Tool #1 (Cyan). arm right: 1. right instrument: Tool #2 (Pink),strip_cmr_state_template | strip_cmr_do_carrier,3.774593479831683e-05,3.776015938490644e-05
cmr_versius:01,cmr_versius,CMR_STATE_PROMPT,cmr-surgical-60hz/hysterectomy_phase_prompts_v1,cmr_surgical/hysterectomy,arm left: 3. left instrument: Tool #0 (Cyan). arm right: 2. right instrument: Tool #13 (Orange). do a hysterectomy,arm left 3 left instrument tool 0 cyan arm right 2 right instrument tool 13 orange do a hysterectomy,hysterectomy,hysterectomy,15,1,arm left: 3. left instrument: Tool #0 (Cyan). arm right: 2. right instrument: Tool #13 (Orange),strip_cmr_state_template | strip_cmr_do_carrier,9.922219742086283e-07,9.925958938761013e-07
cmr_versius:01,cmr_versius,CMR_STATE_PROMPT,cmr-surgical-60hz/hysterectomy_phase_prompts_v1,cmr_surgical/hysterectomy,arm left: 1. left instrument: Tool #0 (Purple). arm right: 2. right instrument: Tool #2 (Blue). do a hysterectomy,arm left 1 left instrument tool 0 purple arm right 2 right instrument tool 2 blue do a hysterectomy,hysterectomy,hysterectomy,15,1,arm left: 1. left instrument: Tool #0 (Purple). arm right: 2. right instrument: Tool #2 (Blue),strip_cmr_state_template | strip_cmr_do_carrier,5.167288315493718e-05,5.169235612347537e-05
cmr_versius:01,cmr_versius,CMR_STATE_PROMPT,cmr-surgical-60hz/hysterectomy_phase_prompts_v1,cmr_surgical/hysterectomy,arm left: -1. left instrument: Tool #3 (None). arm right: 2. right instrument: Tool #2 (Blue). do a hysterectomy,arm left 1 left instrument tool 3 none arm right 2 right instrument tool 2 blue do a hysterectomy,hysterectomy,hysterectomy,15,1,arm left: -1. left instrument: Tool #3 (None). arm right: 2. right instrument: Tool #2 (Blue),strip_cmr_state_template | strip_cmr_do_carrier,1.707149974636518e-06,1.7077933155092614e-06
cmr_versius:01,cmr_versius,CMR_STATE_PROMPT,cmr-surgical-60hz/hysterectomy_phase_prompts_v1,cmr_surgical/hysterectomy,arm left: 1. left instrument: Tool #0 (Purple). arm right: 0. right instrument: Tool #14 (White). do a hysterectomy,arm left 1 left instrument tool 0 purple arm right 0 right instrument tool 14 white do a hysterectomy,hysterectomy,hysterectomy,15,1,arm left: 1. left instrument: Tool #0 (Purple). arm right: 0. right instrument: Tool #14 (White),strip_cmr_state_template | strip_cmr_do_carrier,3.91041093637735e-05,3.9118845779565735e-05
cmr_versius:01,cmr_versius,CMR_STATE_PROMPT,cmr-surgical-60hz/hysterectomy_phase_prompts_v1,cmr_surgical/hysterectomy,arm left: 1. left instrument: Tool #0 (Purple). arm right: 2. right instrument: Tool #18 (Blue). do a hysterectomy,arm left 1 left instrument tool 0 purple arm right 2 right instrument tool 18 blue do a hysterectomy,hysterectomy,hysterectomy,15,1,arm left: 1. left instrument: Tool #0 (Purple). arm right: 2. right instrument: Tool #18 (Blue),strip_cmr_state_template | strip_cmr_do_carrier,3.8115660096691144e-05,3.813002401456369e-05
cmr_versius:01,cmr_versius,CMR_STATE_PROMPT,cmr-surgical-60hz/hysterectomy_phase_prompts_v1,cmr_surgical/hysterectomy,arm left: -1. left instrument: Tool #3 (None). arm right: 2. right instrument: Tool #18 (Blue). do a hysterectomy,arm left 1 left instrument tool 3 none arm right 2 right instrument tool 18 blue do a hysterectomy,hysterectomy,hysterectomy,15,1,arm left: -1. left instrument: Tool #3 (None). arm right: 2. right instrument: Tool #18 (Blue),strip_cmr_state_template | strip_cmr_do_carrier,6.4796244893662325e-06,6.4820663411870875e-06
cmr_versius:01,cmr_versius,CMR_STATE_PROMPT,cmr-surgical-60hz/hysterectomy_phase_prompts_v1,cmr_surgical/hysterectomy,arm left: 0. left instrument: Tool #14 (White). arm right: 2. right instrument: Tool #0 (Blue). do a hysterectomy,arm left 0 left instrument tool 14 white arm right 2 right instrument tool 0 blue do a hysterectomy,hysterectomy,hysterectomy,15,1,arm left: 0. left instrument: Tool #14 (White). arm right: 2. right instrument: Tool #0 (Blue),strip_cmr_state_template | strip_cmr_do_carrier,2.2466470936929207e-06,2.247493744498929e-06
cmr_versius:01,cmr_versius,CMR_STATE_PROMPT,cmr-surgical-60hz/hysterectomy_phase_prompts_v1,cmr_surgical/hysterectomy,arm left: -1. left instrument: Tool #3 (None). arm right: 2. right instrument: Tool #0 (Blue). do a hysterectomy,arm left 1 left instrument tool 3 none arm right 2 right instrument tool 0 blue do a hysterectomy,hysterectomy,hysterectomy,15,1,arm left: -1. left instrument: Tool #3 (None). arm right: 2. right instrument: Tool #0 (Blue),strip_cmr_state_template | strip_cmr_do_carrier,2.7729397378073835e-07,2.7739847224294085e-07
cmr_versius:01,cmr_versius,CMR_STATE_PROMPT,cmr-surgical-60hz/hysterectomy_phase_prompts_v1,cmr_surgical/hysterectomy,arm left: 1. left instrument: Tool #10 (Purple). arm right: 2. right instrument: Tool #0 (Blue). do a hysterectomy,arm left 1 left instrument tool 10 purple arm right 2 right instrument tool 0 blue do a hysterectomy,hysterectomy,hysterectomy,15,1,arm left: 1. left instrument: Tool #10 (Purple). arm right: 2. right instrument: Tool #0 (Blue),strip_cmr_state_template | strip_cmr_do_carrier,5.74809657758276e-05,5.75026275250809e-05
cmr_versius:01,cmr_versius,CMR_STATE_PROMPT,cmr-surgical-60hz/hysterectomy_phase_prompts_v1,cmr_surgical/hysterectomy,arm left: 1. left instrument: Tool #10 (Purple). arm right: -1. right instrument: Tool #3 (None). do a hysterectomy,arm left 1 left instrument tool 10 purple arm right 1 right instrument tool 3 none do a hysterectomy,hysterectomy,hysterectomy,15,1,arm left: 1. left instrument: Tool #10 (Purple). arm right: -1. right instrument: Tool #3 (None),strip_cmr_state_template | strip_cmr_do_carrier,1.0374944597238507e-07,1.0378854403647445e-07
cmr_versius:01,cmr_versius,CMR_STATE_PROMPT,cmr-surgical-60hz/hysterectomy_phase_prompts_v1,cmr_surgical/hysterectomy,arm left: 1. left instrument: Tool #0 (Purple). arm right: 2. right instrument: Tool #8 (Blue). do a hysterectomy,arm left 1 left instrument tool 0 purple arm right 2 right instrument tool 8 blue do a hysterectomy,hysterectomy,hysterectomy,15,1,arm left: 1. left instrument: Tool #0 (Purple). arm right: 2. right instrument: Tool #8 (Blue),strip_cmr_state_template | strip_cmr_do_carrier,4.4112378073895006e-05,4.412900185987192e-05
cmr_versius:01,cmr_versius,CMR_STATE_PROMPT,cmr-surgical-60hz/hysterectomy_phase_prompts_v1,cmr_surgical/hysterectomy,arm left: 1. left instrument: Tool #0 (Purple). arm right: 2. right instrument: Tool #13 (Blue). do a hysterectomy,arm left 1 left instrument tool 0 purple arm right 2 right instrument tool 13 blue do a hysterectomy,hysterectomy,hysterectomy,15,1,arm left: 1. left instrument: Tool #0 (Purple). arm right: 2. right instrument: Tool #13 (Blue),strip_cmr_state_template | strip_cmr_do_carrier,5.334607876543727e-06,5.336618227911814e-06
cmr_versius:01,cmr_versius,CMR_STATE_PROMPT,cmr-surgical-60hz/hysterectomy_phase_prompts_v1,cmr_surgical/hysterectomy,arm left: 3. left instrument: Tool #0 (Cyan). arm right: 1. right instrument: Tool #9 (Green). do a hysterectomy,arm left 3 left instrument tool 0 cyan arm right 1 right instrument tool 9 green do a hysterectomy,hysterectomy,hysterectomy,15,1,arm left: 3. left instrument: Tool #0 (Cyan). arm right: 1. right instrument: Tool #9 (Green),strip_cmr_state_template | strip_cmr_do_carrier,0.00010542075522932204,0.00010546048312768019
cmr_versius:01,cmr_versius,CMR_STATE_PROMPT,cmr-surgical-60hz/hysterectomy_phase_prompts_v1,cmr_surgical/hysterectomy,arm left: 2. left instrument: Tool #12 (Pink). arm right: 1. right instrument: Tool #9 (Green). do a hysterectomy,arm left 2 left instrument tool 12 pink arm right 1 right instrument tool 9 green do a hysterectomy,hysterectomy,hysterectomy,15,1,arm left: 2. left instrument: Tool #12 (Pink). arm right: 1. right instrument: Tool #9 (Green),strip_cmr_state_template | strip_cmr_do_carrier,0.00028388489313032944,0.00028399187538591245
cmr_versius:01,cmr_versius,CMR_STATE_PROMPT,cmr-surgical-60hz/hysterectomy_phase_prompts_v1,cmr_surgical/hysterectomy,arm left: 2. left instrument: Tool #12 (Pink). arm right: 1. right instrument: Tool #2 (Green). do a hysterectomy,arm left 2 left instrument tool 12 pink arm right 1 right instrument tool 2 green do a hysterectomy,hysterectomy,hysterectomy,15,1,arm left: 2. left instrument: Tool #12 (Pink). arm right: 1. right instrument: Tool #2 (Green),strip_cmr_state_template | strip_cmr_do_carrier,6.079717533981766e-05,6.082008680537403e-05
cmr_versius:01,cmr_versius,CMR_STATE_PROMPT,cmr-surgical-60hz/hysterectomy_phase_prompts_v1,cmr_surgical/hysterectomy,arm left: 3. left instrument: Tool #0 (Cyan). arm right: 1. right instrument: Tool #2 (Green). do a hysterectomy,arm left 3 left instrument tool 0 cyan arm right 1 right instrument tool 2 green do a hysterectomy,hysterectomy,hysterectomy,15,1,arm left: 3. left instrument: Tool #0 (Cyan). arm right: 1. right instrument: Tool #2 (Green),strip_cmr_state_template | strip_cmr_do_carrier,4.256745450568803e-05,4.2583496085946955e-05
cmr_versius:01,cmr_versius,CMR_STATE_PROMPT,cmr-surgical-60hz/hysterectomy_phase_prompts_v1,cmr_surgical/hysterectomy,arm left: 2. left instrument: Tool #18 (Orange). arm right: 0. right instrument: Tool #17 (White). do a hysterectomy,arm left 2 left instrument tool 18 orange arm right 0 right instrument tool 17 white do a hysterectomy,hysterectomy,hysterectomy,15,1,arm left: 2. left instrument: Tool #18 (Orange). arm right: 0. right instrument: Tool #17 (White),strip_cmr_state_template | strip_cmr_do_carrier,1.6015141751009988e-06,1.6021177070357603e-06
cmr_versius:01,cmr_versius,CMR_STATE_PROMPT,cmr-surgical-60hz/hysterectomy_phase_prompts_v1,cmr_surgical/hysterectomy,arm left: 1. left instrument: Tool #1 (Cyan). arm right: 3. right instrument: Tool #9 (Pink). do a hysterectomy,arm left 1 left instrument tool 1 cyan arm right 3 right instrument tool 9 pink do a hysterectomy,hysterectomy,hysterectomy,15,1,arm left: 1. left instrument: Tool #1 (Cyan). arm right: 3. right instrument: Tool #9 (Pink),strip_cmr_state_template | strip_cmr_do_carrier,0.0002476122004648205,0.00024770551332632397
cmr_versius:01,cmr_versius,CMR_STATE_PROMPT,cmr-surgical-60hz/hysterectomy_phase_prompts_v1,cmr_surgical/hysterectomy,arm left: 1. left instrument: Tool #1 (Cyan). arm right: 2. right instrument: Tool #13 (Orange). do a hysterectomy,arm left 1 left instrument tool 1 cyan arm right 2 right instrument tool 13 orange do a hysterectomy,hysterectomy,hysterectomy,15,1,arm left: 1. left instrument: Tool #1 (Cyan). arm right: 2. right instrument: Tool #13 (Orange),strip_cmr_state_template | strip_cmr_do_carrier,0.00016785151275481398,0.00016791476773551946
cmr_versius:01,cmr_versius,CMR_STATE_PROMPT,cmr-surgical-60hz/hysterectomy_phase_prompts_v1,cmr_surgical/hysterectomy,arm left: 1. left instrument: Tool #1 (Cyan). arm right: 3. right instrument: Tool #8 (Pink). do a hysterectomy,arm left 1 left instrument tool 1 cyan arm right 3 right instrument tool 8 pink do a hysterectomy,hysterectomy,hysterectomy,15,1,arm left: 1. left instrument: Tool #1 (Cyan). arm right: 3. right instrument: Tool #8 (Pink),strip_cmr_state_template | strip_cmr_do_carrier,4.9003692863102177e-05,4.9022159945082426e-05
cmr_versius:01,cmr_versius,CMR_STATE_PROMPT,cmr-surgical-60hz/hysterectomy_phase_prompts_v1,cmr_surgical/hysterectomy,arm left: 2. left instrument: Tool #12 (Pink). arm right: 3. right instrument: Tool #9 (Green). do a hysterectomy,arm left 2 left instrument tool 12 pink arm right 3 right instrument tool 9 green do a hysterectomy,hysterectomy,hysterectomy,15,1,arm left: 2. left instrument: Tool #12 (Pink). arm right: 3. right instrument: Tool #9 (Green),strip_cmr_state_template | strip_cmr_do_carrier,1.0612625146193427e-05,1.0616624522712824e-05
cmr_versius:01,cmr_versius,CMR_STATE_PROMPT,cmr-surgical-60hz/hysterectomy_phase_prompts_v1,cmr_surgical/hysterectomy,arm left: 1. left instrument: Tool #0 (Orange). arm right: 3. right instrument: Tool #9 (Green). do a hysterectomy,arm left 1 left instrument tool 0 orange arm right 3 right instrument tool 9 green do a hysterectomy,hysterectomy,hysterectomy,15,1,arm left: 1. left instrument: Tool #0 (Orange). arm right: 3. right instrument: Tool #9 (Green),strip_cmr_state_template | strip_cmr_do_carrier,3.6689576802961635e-06,3.6703403300171425e-06
cmr_versius:01,cmr_versius,CMR_STATE_PROMPT,cmr-surgical-60hz/hysterectomy_phase_prompts_v1,cmr_surgical/hysterectomy,arm left: -1. left instrument: Tool #3 (None). arm right: 3. right instrument: Tool #9 (None). do a hysterectomy,arm left 1 left instrument tool 3 none arm right 3 right instrument tool 9 none do a hysterectomy,hysterectomy,hysterectomy,15,1,arm left: -1. left instrument: Tool #3 (None). arm right: 3. right instrument: Tool #9 (None),strip_cmr_state_template | strip_cmr_do_carrier,2.6258041598829097e-06,2.6267936963413174e-06
cmr_versius:01,cmr_versius,CMR_STATE_PROMPT,cmr-surgical-60hz/hysterectomy_phase_prompts_v1,cmr_surgical/hysterectomy,arm left: -1. left instrument: Tool #3 (None). arm right: 3. right instrument: Tool #9 (Cyan). do a hysterectomy,arm left 1 left instrument tool 3 none arm right 3 right instrument tool 9 cyan do a hysterectomy,hysterectomy,hysterectomy,15,1,arm left: -1. left instrument: Tool #3 (None). arm right: 3. right instrument: Tool #9 (Cyan),strip_cmr_state_template | strip_cmr_do_carrier,2.5079070621870177e-05,2.5088521690271417e-05
cmr_versius:01,cmr_versius,CMR_STATE_PROMPT,cmr-surgical-60hz/hysterectomy_phase_prompts_v1,cmr_surgical/hysterectomy,arm left: 2. left instrument: Tool #12 (Pink). arm right: 0. right instrument: Tool #14 (White). do a hysterectomy,arm left 2 left instrument tool 12 pink arm right 0 right instrument tool 14 white do a hysterectomy,hysterectomy,hysterectomy,15,1,arm left: 2. left instrument: Tool #12 (Pink). arm right: 0. right instrument: Tool #14 (White),strip_cmr_state_template | strip_cmr_do_carrier,4.13111430326406e-06,4.132671117088709e-06
cmr_versius:01,cmr_versius,CMR_STATE_PROMPT,cmr-surgical-60hz/hysterectomy_phase_prompts_v1,cmr_surgical/hysterectomy,arm left: 2. left instrument: Tool #12 (Pink). arm right: 3. right instrument: Tool #9 (Cyan). do a hysterectomy,arm left 2 left instrument tool 12 pink arm right 3 right instrument tool 9 cyan do a hysterectomy,hysterectomy,hysterectomy,15,1,arm left: 2. left instrument: Tool #12 (Pink). arm right: 3. right instrument: Tool #9 (Cyan),strip_cmr_state_template | strip_cmr_do_carrier,0.00015991750966827124,0.00015997777471338473
cmr_versius:01,cmr_versius,CMR_STATE_PROMPT,cmr-surgical-60hz/hysterectomy_phase_prompts_v1,cmr_surgical/hysterectomy,arm left: 1. left instrument: Tool #0 (Orange). arm right: 3. right instrument: Tool #9 (Cyan). do a hysterectomy,arm left 1 left instrument tool 0 orange arm right 3 right instrument tool 9 cyan do a hysterectomy,hysterectomy,hysterectomy,15,1,arm left: 1. left instrument: Tool #0 (Orange). arm right: 3. right instrument: Tool #9 (Cyan),strip_cmr_state_template | strip_cmr_do_carrier,1.7643064875994863e-05,1.7649713679511735e-05
cmr_versius:01,cmr_versius,CMR_STATE_PROMPT,cmr-surgical-60hz/hysterectomy_phase_prompts_v1,cmr_surgical/hysterectomy,arm left: -1. left instrument: Tool #3 (None). arm right: 3. right instrument: Tool #2 (Cyan). do a hysterectomy,arm left 1 left instrument tool 3 none arm right 3 right instrument tool 2 cyan do a hysterectomy,hysterectomy,hysterectomy,15,1,arm left: -1. left instrument: Tool #3 (None). arm right: 3. right instrument: Tool #2 (Cyan),strip_cmr_state_template | strip_cmr_do_carrier,1.9240806343969594e-07,1.9248057257673443e-07
cmr_versius:01,cmr_versius,CMR_STATE_PROMPT,cmr-surgical-60hz/hysterectomy_phase_prompts_v1,cmr_surgical/hysterectomy,arm left: 2. left instrument: Tool #2 (Pink). arm right: 3. right instrument: Tool #2 (Cyan). do a hysterectomy,arm left 2 left instrument tool 2 pink arm right 3 right instrument tool 2 cyan do a hysterectomy,hysterectomy,hysterectomy,15,1,arm left: 2. left instrument: Tool #2 (Pink). arm right: 3. right instrument: Tool #2 (Cyan),strip_cmr_state_template | strip_cmr_do_carrier,7.36828565295879e-05,7.371062397470418e-05
cmr_versius:01,cmr_versius,CMR_STATE_PROMPT,cmr-surgical-60hz/hysterectomy_phase_prompts_v1,cmr_surgical/hysterectomy,arm left: 3. left instrument: Tool #12 (Cyan). arm right: 2. right instrument: Tool #0 (Pink). do a hysterectomy,arm left 3 left instrument tool 12 cyan arm right 2 right instrument tool 0 pink do a hysterectomy,hysterectomy,hysterectomy,15,1,arm left: 3. left instrument: Tool #12 (Cyan). arm right: 2. right instrument: Tool #0 (Pink),strip_cmr_state_template | strip_cmr_do_carrier,5.03090495287911e-05,5.032800853550498e-05
cmr_versius:01,cmr_versius,CMR_STATE_PROMPT,cmr-surgical-60hz/hysterectomy_phase_prompts_v1,cmr_surgical/hysterectomy,arm left: 3. left instrument: Tool #12 (Cyan). arm right: 1. right instrument: Tool #9 (Orange). do a hysterectomy,arm left 3 left instrument tool 12 cyan arm right 1 right instrument tool 9 orange do a hysterectomy,hysterectomy,hysterectomy,15,1,arm left: 3. left instrument: Tool #12 (Cyan). arm right: 1. right instrument: Tool #9 (Orange),strip_cmr_state_template | strip_cmr_do_carrier,0.0004222998585324331,0.00042245900258162857
cmr_versius:01,cmr_versius,CMR_STATE_PROMPT,cmr-surgical-60hz/hysterectomy_phase_prompts_v1,cmr_surgical/hysterectomy,arm left: 3. left instrument: Tool #12 (None). arm right: 1. right instrument: Tool #9 (None). do a hysterectomy,arm left 3 left instrument tool 12 none arm right 1 right instrument tool 9 none do a hysterectomy,hysterectomy,hysterectomy,15,1,arm left: 3. left instrument: Tool #12 (None). arm right: 1. right instrument: Tool #9 (None),strip_cmr_state_template | strip_cmr_do_carrier,1.886353563134274e-09,1.8870644370268083e-09
cmr_versius:01,cmr_versius,CMR_STATE_PROMPT,cmr-surgical-60hz/hysterectomy_phase_prompts_v1,cmr_surgical/hysterectomy,arm left: -1. left instrument: Tool #3 (None). arm right: 2. right instrument: Tool #9 (Blue). do a hysterectomy,arm left 1 left instrument tool 3 none arm right 2 right instrument tool 9 blue do a hysterectomy,hysterectomy,hysterectomy,15,1,arm left: -1. left instrument: Tool #3 (None). arm right: 2. right instrument: Tool #9 (Blue),strip_cmr_state_template | strip_cmr_do_carrier,1.0108968744836576e-05,1.0112778318026666e-05
cmr_versius:01,cmr_versius,CMR_STATE_PROMPT,cmr-surgical-60hz/hysterectomy_phase_prompts_v1,cmr_surgical/hysterectomy,arm left: 1. left instrument: Tool #18 (Green). arm right: 2. right instrument: Tool #9 (Blue). do a hysterectomy,arm left 1 left instrument tool 18 green arm right 2 right instrument tool 9 blue do a hysterectomy,hysterectomy,hysterectomy,15,1,arm left: 1. left instrument: Tool #18 (Green). arm right: 2. right instrument: Tool #9 (Blue),strip_cmr_state_template | strip_cmr_do_carrier,0.00019513195798486187,0.00019520549362380118
cmr_versius:01,cmr_versius,CMR_STATE_PROMPT,cmr-surgical-60hz/hysterectomy_phase_prompts_v1,cmr_surgical/hysterectomy,arm left: 1. left instrument: Tool #18 (Green). arm right: 3. right instrument: Tool #0 (Orange). do a hysterectomy,arm left 1 left instrument tool 18 green arm right 3 right instrument tool 0 orange do a hysterectomy,hysterectomy,hysterectomy,15,1,arm left: 1. left instrument: Tool #18 (Green). arm right: 3. right instrument: Tool #0 (Orange),strip_cmr_state_template | strip_cmr_do_carrier,3.735734596431116e-05,3.737142411087891e-05
cmr_versius:01,cmr_versius,CMR_STATE_PROMPT,cmr-surgical-60hz/hysterectomy_phase_prompts_v1,cmr_surgical/hysterectomy,arm left: -1. left instrument: Tool #3 (None). arm right: 3. right instrument: Tool #0 (Orange). do a hysterectomy,arm left 1 left instrument tool 3 none arm right 3 right instrument tool 0 orange do a hysterectomy,hysterectomy,hysterectomy,15,1,arm left: -1. left instrument: Tool #3 (None). arm right: 3. right instrument: Tool #0 (Orange),strip_cmr_state_template | strip_cmr_do_carrier,5.747719306870134e-06,5.7498853396206855e-06
cmr_versius:01,cmr_versius,CMR_STATE_PROMPT,cmr-surgical-60hz/hysterectomy_phase_prompts_v1,cmr_surgical/hysterectomy,arm left: 1. left instrument: Tool #18 (Green). arm right: 2. right instrument: Tool #2 (Blue). do a hysterectomy,arm left 1 left instrument tool 18 green arm right 2 right instrument tool 2 blue do a hysterectomy,hysterectomy,hysterectomy,15,1,arm left: 1. left instrument: Tool #18 (Green). arm right: 2. right instrument: Tool #2 (Blue),strip_cmr_state_template | strip_cmr_do_carrier,5.774128256754013e-05,5.77630424173906e-05
cmr_versius:02,cmr_versius,CMR_STATE_PROMPT,cmr-surgical-60hz/inguinal_hernia,cmr_surgical/inguinal_hernia,arm left: -1. left instrument: Tool #3 (None). arm right: -1. right instrument: Tool #3 (None). do an inguinal hernia repair,arm left 1 left instrument tool 3 none arm right 1 right instrument tool 3 none do an inguinal hernia repair,inguinal hernia repair,inguinal hernia repair,17,3,arm left: -1. left instrument: Tool #3 (None). arm right: -1. right instrument: Tool #3 (None),strip_cmr_state_template | strip_cmr_do_carrier,0.0022536360336443332,0.002254485318238113
cmr_versius:02,cmr_versius,CMR_STATE_PROMPT,cmr-surgical-60hz/inguinal_hernia,cmr_surgical/inguinal_hernia,arm left: -1. left instrument: Tool #3 (None). arm right: 1. right instrument: Tool #9 (Blue). do an inguinal hernia repair,arm left 1 left instrument tool 3 none arm right 1 right instrument tool 9 blue do an inguinal hernia repair,inguinal hernia repair,inguinal hernia repair,17,3,arm left: -1. left instrument: Tool #3 (None). arm right: 1. right instrument: Tool #9 (Blue),strip_cmr_state_template | strip_cmr_do_carrier,8.303162478848134e-05,8.306291532460901e-05
cmr_versius:02,cmr_versius,CMR_STATE_PROMPT,cmr-surgical-60hz/inguinal_hernia,cmr_surgical/inguinal_hernia,arm left: 2. left instrument: Tool #0 (Cyan). arm right: 1. right instrument: Tool #9 (Blue). do an inguinal hernia repair,arm left 2 left instrument tool 0 cyan arm right 1 right instrument tool 9 blue do an inguinal hernia repair,inguinal hernia repair,inguinal hernia repair,17,3,arm left: 2. left instrument: Tool #0 (Cyan). arm right: 1. right instrument: Tool #9 (Blue),strip_cmr_state_template | strip_cmr_do_carrier,0.0008099228795137687,0.0008102280996173933
cmr_versius:02,cmr_versius,CMR_STATE_PROMPT,cmr-surgical-60hz/inguinal_hernia,cmr_surgical/inguinal_hernia,arm left: 2. left instrument: Tool #0 (Cyan). arm right: -1. right instrument: Tool #3 (None). do an inguinal hernia repair,arm left 2 left instrument tool 0 cyan arm right 1 right instrument tool 3 none do an inguinal hernia repair,inguinal hernia repair,inguinal hernia repair,17,3,arm left: 2. left instrument: Tool #0 (Cyan). arm right: -1. right instrument: Tool #3 (None),strip_cmr_state_template | strip_cmr_do_carrier,0.00033233965710655956,0.0003324648995798201
cmr_versius:02,cmr_versius,CMR_STATE_PROMPT,cmr-surgical-60hz/inguinal_hernia,cmr_surgical/inguinal_hernia,arm left: 2. left instrument: Tool #0 (Cyan). arm right: 1. right instrument: Tool #2 (Blue). do an inguinal hernia repair,arm left 2 left instrument tool 0 cyan arm right 1 right instrument tool 2 blue do an inguinal hernia repair,inguinal hernia repair,inguinal hernia repair,17,3,arm left: 2. left instrument: Tool #0 (Cyan). arm right: 1. right instrument: Tool #2 (Blue),strip_cmr_state_template | strip_cmr_do_carrier,0.0005206713104963224,0.0005208675259081397
cmr_versius:02,cmr_versius,CMR_STATE_PROMPT,cmr-surgical-60hz/inguinal_hernia,cmr_surgical/inguinal_hernia,arm left: -1. left instrument: Tool #3 (None). arm right: 1. right instrument: Tool #2 (Blue). do an inguinal hernia repair,arm left 1 left instrument tool 3 none arm right 1 right instrument tool 2 blue do an inguinal hernia repair,inguinal hernia repair,inguinal hernia repair,17,3,arm left: -1. left instrument: Tool #3 (None). arm right: 1. right instrument: Tool #2 (Blue),strip_cmr_state_template | strip_cmr_do_carrier,9.415545175028415e-05,9.41909343097561e-05
cmr_versius:02,cmr_versius,CMR_STATE_PROMPT,cmr-surgical-60hz/inguinal_hernia,cmr_surgical/inguinal_hernia,arm left: -1. left instrument: Tool #3 (None). arm right: 0. right instrument: Tool #14 (White). do an inguinal hernia repair,arm left 1 left instrument tool 3 none arm right 0 right instrument tool 14 white do an inguinal hernia repair,inguinal hernia repair,inguinal hernia repair,17,3,arm left: -1. left instrument: Tool #3 (None). arm right: 0. right instrument: Tool #14 (White),strip_cmr_state_template | strip_cmr_do_carrier,0.00026499117584197657,0.000265091037984652
cmr_versius:02,cmr_versius,CMR_STATE_PROMPT,cmr-surgical-60hz/inguinal_hernia,cmr_surgical/inguinal_hernia,arm left: 0. left instrument: Tool #14 (White). arm right: 0. right instrument: Tool #14 (White). do an inguinal hernia repair,arm left 0 left instrument tool 14 white arm right 0 right instrument tool 14 white do an inguinal hernia repair,inguinal hernia repair,inguinal hernia repair,17,3,arm left: 0. left instrument: Tool #14 (White). arm right: 0. right instrument: Tool #14 (White),strip_cmr_state_template | strip_cmr_do_carrier,0.00011144388215640978,0.00011148587987510681
cmr_versius:02,cmr_versius,CMR_STATE_PROMPT,cmr-surgical-60hz/inguinal_hernia,cmr_surgical/inguinal_hernia,arm left: 2. left instrument: Tool #0 (Cyan). arm right: 0. right instrument: Tool #14 (White). do an inguinal hernia repair,arm left 2 left instrument tool 0 cyan arm right 0 right instrument tool 14 white do an inguinal hernia repair,inguinal hernia repair,inguinal hernia repair,17,3,arm left: 2. left instrument: Tool #0 (Cyan). arm right: 0. right instrument: Tool #14 (White),strip_cmr_state_template | strip_cmr_do_carrier,0.00011873275232436062,0.0001187774968597784
cmr_versius:02,cmr_versius,CMR_STATE_PROMPT,cmr-surgical-60hz/inguinal_hernia,cmr_surgical/inguinal_hernia,arm left: 2. left instrument: Tool #0 (Cyan). arm right: 1. right instrument: Tool #9 (Orange). do an inguinal hernia repair,arm left 2 left instrument tool 0 cyan arm right 1 right instrument tool 9 orange do an inguinal hernia repair,inguinal hernia repair,inguinal hernia repair,17,3,arm left: 2. left instrument: Tool #0 (Cyan). arm right: 1. right instrument: Tool #9 (Orange),strip_cmr_state_template | strip_cmr_do_carrier,0.0014969611425107185,0.0014975252735491124
cmr_versius:02,cmr_versius,CMR_STATE_PROMPT,cmr-surgical-60hz/inguinal_hernia,cmr_surgical/inguinal_hernia,arm left: 2. left instrument: Tool #0 (Cyan). arm right: 0. right instrument: Tool #17 (White). do an inguinal hernia repair,arm left 2 left instrument tool 0 cyan arm right 0 right instrument tool 17 white do an inguinal hernia repair,inguinal hernia repair,inguinal hernia repair,17,3,arm left: 2. left instrument: Tool #0 (Cyan). arm right: 0. right instrument: Tool #17 (White),strip_cmr_state_template | strip_cmr_do_carrier,1.7920358849775602e-06,1.7927112151754677e-06
cmr_versius:02,cmr_versius,CMR_STATE_PROMPT,cmr-surgical-60hz/inguinal_hernia,cmr_surgical/inguinal_hernia,arm left: 2. left instrument: Tool #0 (Cyan). arm right: 1. right instrument: Tool #2 (Orange). do an inguinal hernia repair,arm left 2 left instrument tool 0 cyan arm right 1 right instrument tool 2 orange do an inguinal hernia repair,inguinal hernia repair,inguinal hernia repair,17,3,arm left: 2. left instrument: Tool #0 (Cyan). arm right: 1. right instrument: Tool #2 (Orange),strip_cmr_state_template | strip_cmr_do_carrier,0.0008708766221993266,0.0008712048127710406
cmr_versius:02,cmr_versius,CMR_STATE_PROMPT,cmr-surgical-60hz/inguinal_hernia,cmr_surgical/inguinal_hernia,arm left: -1. left instrument: Tool #3 (None). arm right: 1. right instrument: Tool #2 (Orange). do an inguinal hernia repair,arm left 1 left instrument tool 3 none arm right 1 right instrument tool 2 orange do an inguinal hernia repair,inguinal hernia repair,inguinal hernia repair,17,3,arm left: -1. left instrument: Tool #3 (None). arm right: 1. right instrument: Tool #2 (Orange),strip_cmr_state_template | strip_cmr_do_carrier,8.615919899615797e-05,8.619166816119947e-05
cmr_versius:02,cmr_versius,CMR_STATE_PROMPT,cmr-surgical-60hz/inguinal_hernia,cmr_surgical/inguinal_hernia,arm left: -1. left instrument: Tool #3 (None). arm right: 0. right instrument: Tool #17 (White). do an inguinal hernia repair,arm left 1 left instrument tool 3 none arm right 0 right instrument tool 17 white do an inguinal hernia repair,inguinal hernia repair,inguinal hernia repair,17,3,arm left: -1. left instrument: Tool #3 (None). arm right: 0. right instrument: Tool #17 (White),strip_cmr_state_template | strip_cmr_do_carrier,7.209077412230257e-05,7.211794158985355e-05
cmr_versius:02,cmr_versius,CMR_STATE_PROMPT,cmr-surgical-60hz/inguinal_hernia,cmr_surgical/inguinal_hernia,arm left: 0. left instrument: Tool #17 (White). arm right: 0. right instrument: Tool #17 (White). do an inguinal hernia repair,arm left 0 left instrument tool 17 white arm right 0 right instrument tool 17 white do an inguinal hernia repair,inguinal hernia repair,inguinal hernia repair,17,3,arm left: 0. left instrument: Tool #17 (White). arm right: 0. right instrument: Tool #17 (White),strip_cmr_state_template | strip_cmr_do_carrier,0.00011313028224185182,0.00011317291548180878
cmr_versius:02,cmr_versius,CMR_STATE_PROMPT,cmr-surgical-60hz/inguinal_hernia,cmr_surgical/inguinal_hernia,arm left: -1. left instrument: Tool #3 (None). arm right: 1. right instrument: Tool #9 (Orange). do an inguinal hernia repair,arm left 1 left instrument tool 3 none arm right 1 right instrument tool 9 orange do an inguinal hernia repair,inguinal hernia repair,inguinal hernia repair,17,3,arm left: -1. left instrument: Tool #3 (None). arm right: 1. right instrument: Tool #9 (Orange),strip_cmr_state_template | strip_cmr_do_carrier,7.12343696046396e-05,7.126121433544336e-05
cmr_versius:02,cmr_versius,CMR_STATE_PROMPT,cmr-surgical-60hz/inguinal_hernia,cmr_surgical/inguinal_hernia,arm left: 0. left instrument: Tool #17 (White). arm right: -1. right instrument: Tool #3 (None). do an inguinal hernia repair,arm left 0 left instrument tool 17 white arm right 1 right instrument tool 3 none do an inguinal hernia repair,inguinal hernia repair,inguinal hernia repair,17,3,arm left: 0. left instrument: Tool #17 (White). arm right: -1. right instrument: Tool #3 (None),strip_cmr_state_template | strip_cmr_do_carrier,8.994511059736846e-05,8.997900648631227e-05
cmr_versius:02,cmr_versius,CMR_STATE_PROMPT,cmr-surgical-60hz/inguinal_hernia,cmr_surgical/inguinal_hernia,arm left: 0. left instrument: Tool #17 (White). arm right: 1. right instrument: Tool #9 (Orange). do an inguinal hernia repair,arm left 0 left instrument tool 17 white arm right 1 right instrument tool 9 orange do an inguinal hernia repair,inguinal hernia repair,inguinal hernia repair,17,3,arm left: 0. left instrument: Tool #17 (White). arm right: 1. right instrument: Tool #9 (Orange),strip_cmr_state_template | strip_cmr_do_carrier,2.942711558489467e-07,2.9438205217618206e-07
cmr_versius:02,cmr_versius,CMR_STATE_PROMPT,cmr-surgical-60hz/inguinal_hernia,cmr_surgical/inguinal_hernia,arm left: 3. left instrument: Tool #18 (Pink). arm right: -1. right instrument: Tool #3 (None). do an inguinal hernia repair,arm left 3 left instrument tool 18 pink arm right 1 right instrument tool 3 none do an inguinal hernia repair,inguinal hernia repair,inguinal hernia repair,17,3,arm left: 3. left instrument: Tool #18 (Pink). arm right: -1. right instrument: Tool #3 (None),strip_cmr_state_template | strip_cmr_do_carrier,8.647799274832767e-05,8.651058205105701e-05
cmr_versius:02,cmr_versius,CMR_STATE_PROMPT,cmr-surgical-60hz/inguinal_hernia,cmr_surgical/inguinal_hernia,arm left: 3. left instrument: Tool #18 (Pink). arm right: 1. right instrument: Tool #0 (Cyan). do an inguinal hernia repair,arm left 3 left instrument tool 18 pink arm right 1 right instrument tool 0 cyan do an inguinal hernia repair,inguinal hernia repair,inguinal hernia repair,17,3,arm left: 3. left instrument: Tool #18 (Pink). arm right: 1. right instrument: Tool #0 (Cyan),strip_cmr_state_template | strip_cmr_do_carrier,0.00013986745764571704,0.00013992016681222677
cmr_versius:02,cmr_versius,CMR_STATE_PROMPT,cmr-surgical-60hz/inguinal_hernia,cmr_surgical/inguinal_hernia,arm left: -1. left instrument: Tool #3 (None). arm right: 1. right instrument: Tool #2 (Cyan). do an inguinal hernia repair,arm left 1 left instrument tool 3 none arm right 1 right instrument tool 2 cyan do an inguinal hernia repair,inguinal hernia repair,inguinal hernia repair,17,3,arm left: -1. left instrument: Tool #3 (None). arm right: 1. right instrument: Tool #2 (Cyan),strip_cmr_state_template | strip_cmr_do_carrier,0.00030373499167519146,0.00030384945445674564
cmr_versius:02,cmr_versius,CMR_STATE_PROMPT,cmr-surgical-60hz/inguinal_hernia,cmr_surgical/inguinal_hernia,arm left: 3. left instrument: Tool #18 (Pink). arm right: 1. right instrument: Tool #2 (Cyan). do an inguinal hernia repair,arm left 3 left instrument tool 18 pink arm right 1 right instrument tool 2 cyan do an inguinal hernia repair,inguinal hernia repair,inguinal hernia repair,17,3,arm left: 3. left instrument: Tool #18 (Pink). arm right: 1. right instrument: Tool #2 (Cyan),strip_cmr_state_template | strip_cmr_do_carrier,0.0001280004073800393,0.0001280486444388911
cmr_versius:02,cmr_versius,CMR_STATE_PROMPT,cmr-surgical-60hz/inguinal_hernia,cmr_surgical/inguinal_hernia,arm left: 1. left instrument: Tool #2 (Cyan). arm right: -1. right instrument: Tool #3 (None). do an inguinal hernia repair,arm left 1 left instrument tool 2 cyan arm right 1 right instrument tool 3 none do an inguinal hernia repair,inguinal hernia repair,inguinal hernia repair,17,3,arm left: 1. left instrument: Tool #2 (Cyan). arm right: -1. right instrument: Tool #3 (None),strip_cmr_state_template | strip_cmr_do_carrier,2.763130699279085e-05,2.764171987356869e-05
cmr_versius:02,cmr_versius,CMR_STATE_PROMPT,cmr-surgical-60hz/inguinal_hernia,cmr_surgical/inguinal_hernia,arm left: 3. left instrument: Tool #18 (Pink). arm right: 0. right instrument: Tool #14 (White). do an inguinal hernia repair,arm left 3 left instrument tool 18 pink arm right 0 right instrument tool 14 white do an inguinal hernia repair,inguinal hernia repair,inguinal hernia repair,17,3,arm left: 3. left instrument: Tool #18 (Pink). arm right: 0. right instrument: Tool #14 (White),strip_cmr_state_template | strip_cmr_do_carrier,1.2942271796664255e-05,1.2947149102440933e-05
cmr_versius:02,cmr_versius,CMR_STATE_PROMPT,cmr-surgical-60hz/inguinal_hernia,cmr_surgical/inguinal_hernia,arm left: 3. left instrument: Tool #18 (Pink). arm right: 1. right instrument: Tool #9 (Cyan). do an inguinal hernia repair,arm left 3 left instrument tool 18 pink arm right 1 right instrument tool 9 cyan do an inguinal hernia repair,inguinal hernia repair,inguinal hernia repair,17,3,arm left: 3. left instrument: Tool #18 (Pink). arm right: 1. right instrument: Tool #9 (Cyan),strip_cmr_state_template | strip_cmr_do_carrier,0.0002296484554830928,0.0002297349986925177
cmr_versius:02,cmr_versius,CMR_STATE_PROMPT,cmr-surgical-60hz/inguinal_hernia,cmr_surgical/inguinal_hernia,arm left: -1. left instrument: Tool #3 (None). arm right: 1. right instrument: Tool #9 (Cyan). do an inguinal hernia repair,arm left 1 left instrument tool 3 none arm right 1 right instrument tool 9 cyan do an inguinal hernia repair,inguinal hernia repair,inguinal hernia repair,17,3,arm left: -1. left instrument: Tool #3 (None). arm right: 1. right instrument: Tool #9 (Cyan),strip_cmr_state_template | strip_cmr_do_carrier,4.081503204553629e-05,4.083041322394905e-05
cmr_versius:02,cmr_versius,CMR_STATE_PROMPT,cmr-surgical-60hz/inguinal_hernia,cmr_surgical/inguinal_hernia,arm left: 0. left instrument: Tool #14 (White). arm right: -1. right instrument: Tool #3 (None). do an inguinal hernia repair,arm left 0 left instrument tool 14 white arm right 1 right instrument tool 3 none do an inguinal hernia repair,inguinal hernia repair,inguinal hernia repair,17,3,arm left: 0. left instrument: Tool #14 (White). arm right: -1. right instrument: Tool #3 (None),strip_cmr_state_template | strip_cmr_do_carrier,0.00010460585049004805,0.00010464527129088464
cmr_versius:02,cmr_versius,CMR_STATE_PROMPT,cmr-surgical-60hz/inguinal_hernia,cmr_surgical/inguinal_hernia,arm left: 0. left instrument: Tool #14 (White). arm right: 1. right instrument: Tool #9 (Cyan). do an inguinal hernia repair,arm left 0 left instrument tool 14 white arm right 1 right instrument tool 9 cyan do an inguinal hernia repair,inguinal hernia repair,inguinal hernia repair,17,3,arm left: 0. left instrument: Tool #14 (White). arm right: 1. right instrument: Tool #9 (Cyan),strip_cmr_state_template | strip_cmr_do_carrier,1.4147651723507056e-06,1.4152983277701063e-06
cmr_versius:02,cmr_versius,CMR_STATE_PROMPT,cmr-surgical-60hz/inguinal_hernia,cmr_surgical/inguinal_hernia,arm left: -1. left instrument: Tool #3 (None). arm right: 1. right instrument: Tool #0 (Cyan). do an inguinal hernia repair,arm left 1 left instrument tool 3 none arm right 1 right instrument tool 0 cyan do an inguinal hernia repair,inguinal hernia repair,inguinal hernia repair,17,3,arm left: -1. left instrument: Tool #3 (None). arm right: 1. right instrument: Tool #0 (Cyan),strip_cmr_state_template | strip_cmr_do_carrier,7.922684965163951e-08,7.925670635512595e-08
cmr_versius:02,cmr_versius,CMR_STATE_PROMPT,cmr-surgical-60hz/inguinal_hernia,cmr_surgical/inguinal_hernia,arm left: -1. left instrument: Tool #3 (None). arm right: 2. right instrument: Tool #2 (Pink). do an inguinal hernia repair,arm left 1 left instrument tool 3 none arm right 2 right instrument tool 2 pink do an inguinal hernia repair,inguinal hernia repair,inguinal hernia repair,17,3,arm left: -1. left instrument: Tool #3 (None). arm right: 2. right instrument: Tool #2 (Pink),strip_cmr_state_template | strip_cmr_do_carrier,5.5822860993832574e-05,5.584389788493434e-05
cmr_versius:02,cmr_versius,CMR_STATE_PROMPT,cmr-surgical-60hz/inguinal_hernia,cmr_surgical/inguinal_hernia,arm left: 1. left instrument: Tool #0 (Green). arm right: 2. right instrument: Tool #2 (Pink). do an inguinal hernia repair,arm left 1 left instrument tool 0 green arm right 2 right instrument tool 2 pink do an inguinal hernia repair,inguinal hernia repair,inguinal hernia repair,17,3,arm left: 1. left instrument: Tool #0 (Green). arm right: 2. right instrument: Tool #2 (Pink),strip_cmr_state_template | strip_cmr_do_carrier,8.08170457053617e-05,8.084750167553955e-05
cmr_versius:02,cmr_versius,CMR_STATE_PROMPT,cmr-surgical-60hz/inguinal_hernia,cmr_surgical/inguinal_hernia,arm left: 1. left instrument: Tool #0 (Green). arm right: -1. right instrument: Tool #3 (None). do an inguinal hernia repair,arm left 1 left instrument tool 0 green arm right 1 right instrument tool 3 none do an inguinal hernia repair,inguinal hernia repair,inguinal hernia repair,17,3,arm left: 1. left instrument: Tool #0 (Green). arm right: -1. right instrument: Tool #3 (None),strip_cmr_state_template | strip_cmr_do_carrier,7.638977389268556e-05,7.641856144183763e-05
cmr_versius:02,cmr_versius,CMR_STATE_PROMPT,cmr-surgical-60hz/inguinal_hernia,cmr_surgical/inguinal_hernia,arm left: 1. left instrument: Tool #0 (Green). arm right: 2. right instrument: Tool #9 (Pink). do an inguinal hernia repair,arm left 1 left instrument tool 0 green arm right 2 right instrument tool 9 pink do an inguinal hernia repair,inguinal hernia repair,inguinal hernia repair,17,3,arm left: 1. left instrument: Tool #0 (Green). arm right: 2. right instrument: Tool #9 (Pink),strip_cmr_state_template | strip_cmr_do_carrier,0.00011280017036830332,0.00011284267920532908
cmr_versius:02,cmr_versius,CMR_STATE_PROMPT,cmr-surgical-60hz/inguinal_hernia,cmr_surgical/inguinal_hernia,arm left: 1. left instrument: Tool #0 (Green). arm right: 0. right instrument: Tool #14 (White). do an inguinal hernia repair,arm left 1 left instrument tool 0 green arm right 0 right instrument tool 14 white do an inguinal hernia repair,inguinal hernia repair,inguinal hernia repair,17,3,arm left: 1. left instrument: Tool #0 (Green). arm right: 0. right instrument: Tool #14 (White),strip_cmr_state_template | strip_cmr_do_carrier,2.2956922863344116e-05,2.2965574198616254e-05
cmr_versius:02,cmr_versius,CMR_STATE_PROMPT,cmr-surgical-60hz/inguinal_hernia,cmr_surgical/inguinal_hernia,arm left: 2. left instrument: Tool #0 (Orange). arm right: 1. right instrument: Tool #9 (Green). do an inguinal hernia repair,arm left 2 left instrument tool 0 orange arm right 1 right instrument tool 9 green do an inguinal hernia repair,inguinal hernia repair,inguinal hernia repair,17,3,arm left: 2. left instrument: Tool #0 (Orange). arm right: 1. right instrument: Tool #9 (Green),strip_cmr_state_template | strip_cmr_do_carrier,0.0004626885746727011,0.00046286293924280964
cmr_versius:02,cmr_versius,CMR_STATE_PROMPT,cmr-surgical-60hz/inguinal_hernia,cmr_surgical/inguinal_hernia,arm left: 2. left instrument: Tool #0 (Orange). arm right: -1. right instrument: Tool #3 (None). do an inguinal hernia repair,arm left 2 left instrument tool 0 orange arm right 1 right instrument tool 3 none do an inguinal hernia repair,inguinal hernia repair,inguinal hernia repair,17,3,arm left: 2. left instrument: Tool #0 (Orange). arm right: -1. right instrument: Tool #3 (None),strip_cmr_state_template | strip_cmr_do_carrier,9.577394310745337e-05,9.581003559672512e-05
cmr_versius:02,cmr_versius,CMR_STATE_PROMPT,cmr-surgical-60hz/inguinal_hernia,cmr_surgical/inguinal_hernia,arm left: -1. left instrument: Tool #3 (None). arm right: 1. right instrument: Tool #2 (Green). do an inguinal hernia repair,arm left 1 left instrument tool 3 none arm right 1 right instrument tool 2 green do an inguinal hernia repair,inguinal hernia repair,inguinal hernia repair,17,3,arm left: -1. left instrument: Tool #3 (None). arm right: 1. right instrument: Tool #2 (Green),strip_cmr_state_template | strip_cmr_do_carrier,5.4868366090886634e-05,5.4889043279798774e-05
cmr_versius:02,cmr_versius,CMR_STATE_PROMPT,cmr-surgical-60hz/inguinal_hernia,cmr_surgical/inguinal_hernia,arm left: 2. left instrument: Tool #0 (Orange). arm right: 1. right instrument: Tool #2 (Green). do an inguinal hernia repair,arm left 2 left instrument tool 0 orange arm right 1 right instrument tool 2 green do an inguinal hernia repair,inguinal hernia repair,inguinal hernia repair,17,3,arm left: 2. left instrument: Tool #0 (Orange). arm right: 1. right instrument: Tool #2 (Green),strip_cmr_state_template | strip_cmr_do_carrier,0.0005162647885728408,0.0005164593433832452
cmr_versius:02,cmr_versius,CMR_STATE_PROMPT,cmr-surgical-60hz/inguinal_hernia,cmr_surgical/inguinal_hernia,arm left: 0. left instrument: Tool #14 (White). arm right: 1. right instrument: Tool #2 (Green). do an inguinal hernia repair,arm left 0 left instrument tool 14 white arm right 1 right instrument tool 2 green do an inguinal hernia repair,inguinal hernia repair,inguinal hernia repair,17,3,arm left: 0. left instrument: Tool #14 (White). arm right: 1. right instrument: Tool #2 (Green),strip_cmr_state_template | strip_cmr_do_carrier,2.763130699279085e-05,2.764171987356869e-05
cmr_versius:02,cmr_versius,CMR_STATE_PROMPT,cmr-surgical-60hz/inguinal_hernia,cmr_surgical/inguinal_hernia,arm left: 1. left instrument: Tool #0 (Pink). arm right: -1. right instrument: Tool #3 (None). do an inguinal hernia repair,arm left 1 left instrument tool 0 pink arm right 1 right instrument tool 3 none do an inguinal hernia repair,inguinal hernia repair,inguinal hernia repair,17,3,arm left: 1. left instrument: Tool #0 (Pink). arm right: -1. right instrument: Tool #3 (None),strip_cmr_state_template | strip_cmr_do_carrier,4.490841927753767e-05,4.492534305229723e-05
cmr_versius:02,cmr_versius,CMR_STATE_PROMPT,cmr-surgical-60hz/inguinal_hernia,cmr_surgical/inguinal_hernia,arm left: 1. left instrument: Tool #0 (Pink). arm right: 2. right instrument: Tool #9 (Cyan). do an inguinal hernia repair,arm left 1 left instrument tool 0 pink arm right 2 right instrument tool 9 cyan do an inguinal hernia repair,inguinal hernia repair,inguinal hernia repair,17,3,arm left: 1. left instrument: Tool #0 (Pink). arm right: 2. right instrument: Tool #9 (Cyan),strip_cmr_state_template | strip_cmr_do_carrier,0.0002578815092625235,0.00025797869212149793
cmr_versius:02,cmr_versius,CMR_STATE_PROMPT,cmr-surgical-60hz/inguinal_hernia,cmr_surgical/inguinal_hernia,arm left: -1. left instrument: Tool #3 (None). arm right: 2. right instrument: Tool #9 (Cyan). do an inguinal hernia repair,arm left 1 left instrument tool 3 none arm right 2 right instrument tool 9 cyan do an inguinal hernia repair,inguinal hernia repair,inguinal hernia repair,17,3,arm left: -1. left instrument: Tool #3 (None). arm right: 2. right instrument: Tool #9 (Cyan),strip_cmr_state_template | strip_cmr_do_carrier,6.70353465731027e-05,6.70606088986217e-05
cmr_versius:02,cmr_versius,CMR_STATE_PROMPT,cmr-surgical-60hz/inguinal_hernia,cmr_surgical/inguinal_hernia,arm left: 1. left instrument: Tool #0 (Pink). arm right: 2. right instrument: Tool #2 (Cyan). do an inguinal hernia repair,arm left 1 left instrument tool 0 pink arm right 2 right instrument tool 2 cyan do an inguinal hernia repair,inguinal hernia repair,inguinal hernia repair,17,3,arm left: 1. left instrument: Tool #0 (Pink). arm right: 2. right instrument: Tool #2 (Cyan),strip_cmr_state_template | strip_cmr_do_carrier,0.00029011174624223566,0.00029022107509253794
cmr_versius:02,cmr_versius,CMR_STATE_PROMPT,cmr-surgical-60hz/inguinal_hernia,cmr_surgical/inguinal_hernia,arm left: -1. left instrument: Tool #3 (None). arm right: 2. right instrument: Tool #2 (Cyan). do an inguinal hernia repair,arm left 1 left instrument tool 3 none arm right 2 right instrument tool 2 cyan do an inguinal hernia repair,inguinal hernia repair,inguinal hernia repair,17,3,arm left: -1. left instrument: Tool #3 (None). arm right: 2. right instrument: Tool #2 (Cyan),strip_cmr_state_template | strip_cmr_do_carrier,9.418186070016804e-05,9.421735321187449e-05
cmr_versius:02,cmr_versius,CMR_STATE_PROMPT,cmr-surgical-60hz/inguinal_hernia,cmr_surgical/inguinal_hernia,arm left: 1. left instrument: Tool #0 (Pink). arm right: 0. right instrument: Tool #14 (White). do an inguinal hernia repair,arm left 1 left instrument tool 0 pink arm right 0 right instrument tool 14 white do an inguinal hernia repair,inguinal hernia repair,inguinal hernia repair,17,3,arm left: 1. left instrument: Tool #0 (Pink). arm right: 0. right instrument: Tool #14 (White),strip_cmr_state_template | strip_cmr_do_carrier,1.4138219955691386e-05,1.414354795551593e-05
cmr_versius:02,cmr_versius,CMR_STATE_PROMPT,cmr-surgical-60hz/inguinal_hernia,cmr_surgical/inguinal_hernia,arm left: 0. left instrument: Tool #14 (White). arm right: 2. right instrument: Tool #2 (Cyan). do an inguinal hernia repair,arm left 0 left instrument tool 14 white arm right 2 right instrument tool 2 cyan do an inguinal hernia repair,inguinal hernia repair,inguinal hernia repair,17,3,arm left: 0. left instrument: Tool #14 (White). arm right: 2. right instrument: Tool #2 (Cyan),strip_cmr_state_template | strip_cmr_do_carrier,7.262461218066956e-07,7.265198082553213e-07
cmr_versius:02,cmr_versius,CMR_STATE_PROMPT,cmr-surgical-60hz/inguinal_hernia,cmr_surgical/inguinal_hernia,arm left: -1. left instrument: Tool #3 (None). arm right: 1. right instrument: Tool #9 (Pink). do an inguinal hernia repair,arm left 1 left instrument tool 3 none arm right 1 right instrument tool 9 pink do an inguinal hernia repair,inguinal hernia repair,inguinal hernia repair,17,3,arm left: -1. left instrument: Tool #3 (None). arm right: 1. right instrument: Tool #9 (Pink),strip_cmr_state_template | strip_cmr_do_carrier,8.765885007884973e-06,8.769188438863578e-06
cmr_versius:02,cmr_versius,CMR_STATE_PROMPT,cmr-surgical-60hz/inguinal_hernia,cmr_surgical/inguinal_hernia,arm left: 2. left instrument: Tool #1 (Blue). arm right: 1. right instrument: Tool #9 (Pink). do an inguinal hernia repair,arm left 2 left instrument tool 1 blue arm right 1 right instrument tool 9 pink do an inguinal hernia repair,inguinal hernia repair,inguinal hernia repair,17,3,arm left: 2. left instrument: Tool #1 (Blue). arm right: 1. right instrument: Tool #9 (Pink),strip_cmr_state_template | strip_cmr_do_carrier,0.0006326245081147784,0.0006328629131812436
cmr_versius:02,cmr_versius,CMR_STATE_PROMPT,cmr-surgical-60hz/inguinal_hernia,cmr_surgical/inguinal_hernia,arm left: 2. left instrument: Tool #1 (Blue). arm right: -1. right instrument: Tool #3 (None). do an inguinal hernia repair,arm left 2 left instrument tool 1 blue arm right 1 right instrument tool 3 none do an inguinal hernia repair,inguinal hernia repair,inguinal hernia repair,17,3,arm left: 2. left instrument: Tool #1 (Blue). arm right: -1. right instrument: Tool #3 (None),strip_cmr_state_template | strip_cmr_do_carrier,7.624452466832423e-05,7.627325748018657e-05
cmr_versius:02,cmr_versius,CMR_STATE_PROMPT,cmr-surgical-60hz/inguinal_hernia,cmr_surgical/inguinal_hernia,arm left: -1. left instrument: Tool #3 (None). arm right: 1. right instrument: Tool #2 (Pink). do an inguinal hernia repair,arm left 1 left instrument tool 3 none arm right 1 right instrument tool 2 pink do an inguinal hernia repair,inguinal hernia repair,inguinal hernia repair,17,3,arm left: -1. left instrument: Tool #3 (None). arm right: 1. right instrument: Tool #2 (Pink),strip_cmr_state_template | strip_cmr_do_carrier,8.48066834913907e-05,8.483864295985124e-05
cmr_versius:02,cmr_versius,CMR_STATE_PROMPT,cmr-surgical-60hz/inguinal_hernia,cmr_surgical/inguinal_hernia,arm left: 2. left instrument: Tool #2 (Blue). arm right: 1. right instrument: Tool #2 (Pink). do an inguinal hernia repair,arm left 2 left instrument tool 2 blue arm right 1 right instrument tool 2 pink do an inguinal hernia repair,inguinal hernia repair,inguinal hernia repair,17,3,arm left: 2. left instrument: Tool #2 (Blue). arm right: 1. right instrument: Tool #2 (Pink),strip_cmr_state_template | strip_cmr_do_carrier,0.0008294730478420925,0.0008297856354427393
cmr_versius:02,cmr_versius,CMR_STATE_PROMPT,cmr-surgical-60hz/inguinal_hernia,cmr_surgical/inguinal_hernia,arm left: 2. left instrument: Tool #2 (Blue). arm right: -1. right instrument: Tool #3 (None). do an inguinal hernia repair,arm left 2 left instrument tool 2 blue arm right 1 right instrument tool 3 none do an inguinal hernia repair,inguinal hernia repair,inguinal hernia repair,17,3,arm left: 2. left instrument: Tool #2 (Blue). arm right: -1. right instrument: Tool #3 (None),strip_cmr_state_template | strip_cmr_do_carrier,0.00011283412473243973,0.00011287664636519556
cmr_versius:02,cmr_versius,CMR_STATE_PROMPT,cmr-surgical-60hz/inguinal_hernia,cmr_surgical/inguinal_hernia,arm left: 2. left instrument: Tool #1 (Blue). arm right: 1. right instrument: Tool #2 (Pink). do an inguinal hernia repair,arm left 2 left instrument tool 1 blue arm right 1 right instrument tool 2 pink do an inguinal hernia repair,inguinal hernia repair,inguinal hernia repair,17,3,arm left: 2. left instrument: Tool #1 (Blue). arm right: 1. right instrument: Tool #2 (Pink),strip_cmr_state_template | strip_cmr_do_carrier,7.822708226317836e-06,7.825656220350175e-06
cmr_versius:02,cmr_versius,CMR_STATE_PROMPT,cmr-surgical-60hz/inguinal_hernia,cmr_surgical/inguinal_hernia,arm left: 1. left instrument: Tool #0 (Blue). arm right: -1. right instrument: Tool #3 (None). do an inguinal hernia repair,arm left 1 left instrument tool 0 blue arm right 1 right instrument tool 3 none do an inguinal hernia repair,inguinal hernia repair,inguinal hernia repair,17,3,arm left: 1. left instrument: Tool #0 (Blue). arm right: -1. right instrument: Tool #3 (None),strip_cmr_state_template | strip_cmr_do_carrier,7.353949365878968e-05,7.356720707749012e-05
cmr_versius:02,cmr_versius,CMR_STATE_PROMPT,cmr-surgical-60hz/inguinal_hernia,cmr_surgical/inguinal_hernia,arm left: 1. left instrument: Tool #0 (Blue). arm right: 2. right instrument: Tool #2 (Cyan). do an inguinal hernia repair,arm left 1 left instrument tool 0 blue arm right 2 right instrument tool 2 cyan do an inguinal hernia repair,inguinal hernia repair,inguinal hernia repair,17,3,arm left: 1. left instrument: Tool #0 (Blue). arm right: 2. right instrument: Tool #2 (Cyan),strip_cmr_state_template | strip_cmr_do_carrier,0.00015147796382680847,0.00015153504842212675
cmr_versius:02,cmr_versius,CMR_STATE_PROMPT,cmr-surgical-60hz/inguinal_hernia,cmr_surgical/inguinal_hernia,arm left: 1. left instrument: Tool #0 (Blue). arm right: 2. right instrument: Tool #9 (Cyan). do an inguinal hernia repair,arm left 1 left instrument tool 0 blue arm right 2 right instrument tool 9 cyan do an inguinal hernia repair,inguinal hernia repair,inguinal hernia repair,17,3,arm left: 1. left instrument: Tool #0 (Blue). arm right: 2. right instrument: Tool #9 (Cyan),strip_cmr_state_template | strip_cmr_do_carrier,0.00013633997648265593,0.00013639135631498663
cmr_versius:02,cmr_versius,CMR_STATE_PROMPT,cmr-surgical-60hz/inguinal_hernia,cmr_surgical/inguinal_hernia,arm left: 2. left instrument: Tool #2 (Blue). arm right: 0. right instrument: Tool #14 (White). do an inguinal hernia repair,arm left 2 left instrument tool 2 blue arm right 0 right instrument tool 14 white do an inguinal hernia repair,inguinal hernia repair,inguinal hernia repair,17,3,arm left: 2. left instrument: Tool #2 (Blue). arm right: 0. right instrument: Tool #14 (White),strip_cmr_state_template | strip_cmr_do_carrier,4.899803380241277e-05,4.901649875177134e-05
cmr_versius:02,cmr_versius,CMR_STATE_PROMPT,cmr-surgical-60hz/inguinal_hernia,cmr_surgical/inguinal_hernia,arm left: 2. left instrument: Tool #0 (Blue). arm right: 1. right instrument: Tool #2 (Pink). do an inguinal hernia repair,arm left 2 left instrument tool 0 blue arm right 1 right instrument tool 2 pink do an inguinal hernia repair,inguinal hernia repair,inguinal hernia repair,17,3,arm left: 2. left instrument: Tool #0 (Blue). arm right: 1. right instrument: Tool #2 (Pink),strip_cmr_state_template | strip_cmr_do_carrier,4.1831776616065666e-05,4.1847540955506505e-05
cmr_versius:02,cmr_versius,CMR_STATE_PROMPT,cmr-surgical-60hz/inguinal_hernia,cmr_surgical/inguinal_hernia,arm left: 2. left instrument: Tool #0 (Blue). arm right: 1. right instrument: Tool #9 (Pink). do an inguinal hernia repair,arm left 2 left instrument tool 0 blue arm right 1 right instrument tool 9 pink do an inguinal hernia repair,inguinal hernia repair,inguinal hernia repair,17,3,arm left: 2. left instrument: Tool #0 (Blue). arm right: 1. right instrument: Tool #9 (Pink),strip_cmr_state_template | strip_cmr_do_carrier,0.00030694367908608284,0.0003070593510641282
cmr_versius:02,cmr_versius,CMR_STATE_PROMPT,cmr-surgical-60hz/inguinal_hernia,cmr_surgical/inguinal_hernia,arm left: 2. left instrument: Tool #0 (Blue). arm right: -1. right instrument: Tool #3 (None). do an inguinal hernia repair,arm left 2 left instrument tool 0 blue arm right 1 right instrument tool 3 none do an inguinal hernia repair,inguinal hernia repair,inguinal hernia repair,17,3,arm left: 2. left instrument: Tool #0 (Blue). arm right: -1. right instrument: Tool #3 (None),strip_cmr_state_template | strip_cmr_do_carrier,4.540453026464198e-05,4.5421640999235276e-05
cmr_versius:02,cmr_versius,CMR_STATE_PROMPT,cmr-surgical-60hz/inguinal_hernia,cmr_surgical/inguinal_hernia,arm left: 1. left instrument: Tool #2 (Green). arm right: 2. right instrument: Tool #2 (Pink). do an inguinal hernia repair,arm left 1 left instrument tool 2 green arm right 2 right instrument tool 2 pink do an inguinal hernia repair,inguinal hernia repair,inguinal hernia repair,17,3,arm left: 1. left instrument: Tool #2 (Green). arm right: 2. right instrument: Tool #2 (Pink),strip_cmr_state_template | strip_cmr_do_carrier,0.0008736306984015027,0.0008739599268490997
cmr_versius:02,cmr_versius,CMR_STATE_PROMPT,cmr-surgical-60hz/inguinal_hernia,cmr_surgical/inguinal_hernia,arm left: 1. left instrument: Tool #2 (Green). arm right: -1. right instrument: Tool #3 (None). do an inguinal hernia repair,arm left 1 left instrument tool 2 green arm right 1 right instrument tool 3 none do an inguinal hernia repair,inguinal hernia repair,inguinal hernia repair,17,3,arm left: 1. left instrument: Tool #2 (Green). arm right: -1. right instrument: Tool #3 (None),strip_cmr_state_template | strip_cmr_do_carrier,9.803945373677763e-05,9.80763999855943e-05
cmr_versius:02,cmr_versius,CMR_STATE_PROMPT,cmr-surgical-60hz/inguinal_hernia,cmr_surgical/inguinal_hernia,arm left: 1. left instrument: Tool #2 (Purple). arm right: 2. right instrument: Tool #2 (Pink). do an inguinal hernia repair,arm left 1 left instrument tool 2 purple arm right 2 right instrument tool 2 pink do an inguinal hernia repair,inguinal hernia repair,inguinal hernia repair,17,3,arm left: 1. left instrument: Tool #2 (Purple). arm right: 2. right instrument: Tool #2 (Pink),strip_cmr_state_template | strip_cmr_do_carrier,0.00023190076163747515,0.00023198815363032773
cmr_versius:02,cmr_versius,CMR_STATE_PROMPT,cmr-surgical-60hz/inguinal_hernia,cmr_surgical/inguinal_hernia,arm left: 1. left instrument: Tool #2 (Purple). arm right: -1. right instrument: Tool #3 (None). do an inguinal hernia repair,arm left 1 left instrument tool 2 purple arm right 1 right instrument tool 3 none do an inguinal hernia repair,inguinal hernia repair,inguinal hernia repair,17,3,arm left: 1. left instrument: Tool #2 (Purple). arm right: -1. right instrument: Tool #3 (None),strip_cmr_state_template | strip_cmr_do_carrier,1.9623736117285852e-05,1.9631131338389883e-05
cmr_versius:02,cmr_versius,CMR_STATE_PROMPT,cmr-surgical-60hz/inguinal_hernia,cmr_surgical/inguinal_hernia,arm left: 1. left instrument: Tool #1 (Purple). arm right: -1. right instrument: Tool #3 (None). do an inguinal hernia repair,arm left 1 left instrument tool 1 purple arm right 1 right instrument tool 3 none do an inguinal hernia repair,inguinal hernia repair,inguinal hernia repair,17,3,arm left: 1. left instrument: Tool #1 (Purple). arm right: -1. right instrument: Tool #3 (None),strip_cmr_state_template | strip_cmr_do_carrier,4.0273648572916754e-06,4.0288825730522355e-06
cmr_versius:02,cmr_versius,CMR_STATE_PROMPT,cmr-surgical-60hz/inguinal_hernia,cmr_surgical/inguinal_hernia,arm left: 1. left instrument: Tool #1 (Purple). arm right: 2. right instrument: Tool #9 (Pink). do an inguinal hernia repair,arm left 1 left instrument tool 1 purple arm right 2 right instrument tool 9 pink do an inguinal hernia repair,inguinal hernia repair,inguinal hernia repair,17,3,arm left: 1. left instrument: Tool #1 (Purple). arm right: 2. right instrument: Tool #9 (Pink),strip_cmr_state_template | strip_cmr_do_carrier,0.0001555562602303048,0.00015561488173497875
cmr_versius:02,cmr_versius,CMR_STATE_PROMPT,cmr-surgical-60hz/inguinal_hernia,cmr_surgical/inguinal_hernia,arm left: -1. left instrument: Tool #3 (None). arm right: 2. right instrument: Tool #9 (Pink). do an inguinal hernia repair,arm left 1 left instrument tool 3 none arm right 2 right instrument tool 9 pink do an inguinal hernia repair,inguinal hernia repair,inguinal hernia repair,17,3,arm left: -1. left instrument: Tool #3 (None). arm right: 2. right instrument: Tool #9 (Pink),strip_cmr_state_template | strip_cmr_do_carrier,1.3161088809987831e-05,1.3166048577136041e-05
cmr_versius:02,cmr_versius,CMR_STATE_PROMPT,cmr-surgical-60hz/inguinal_hernia,cmr_surgical/inguinal_hernia,arm left: 1. left instrument: Tool #1 (Purple). arm right: 0. right instrument: Tool #17 (White). do an inguinal hernia repair,arm left 1 left instrument tool 1 purple arm right 0 right instrument tool 17 white do an inguinal hernia repair,inguinal hernia repair,inguinal hernia repair,17,3,arm left: 1. left instrument: Tool #1 (Purple). arm right: 0. right instrument: Tool #17 (White),strip_cmr_state_template | strip_cmr_do_carrier,2.323987589781426e-06,2.324863386417028e-06
cmr_versius:02,cmr_versius,CMR_STATE_PROMPT,cmr-surgical-60hz/inguinal_hernia,cmr_surgical/inguinal_hernia,arm left: 2. left instrument: Tool #2 (Cyan). arm right: 1. right instrument: Tool #2 (Orange). do an inguinal hernia repair,arm left 2 left instrument tool 2 cyan arm right 1 right instrument tool 2 orange do an inguinal hernia repair,inguinal hernia repair,inguinal hernia repair,17,3,arm left: 2. left instrument: Tool #2 (Cyan). arm right: 1. right instrument: Tool #2 (Orange),strip_cmr_state_template | strip_cmr_do_carrier,4.431421790515037e-05,4.433091775463378e-05
cmr_versius:02,cmr_versius,CMR_STATE_PROMPT,cmr-surgical-60hz/inguinal_hernia,cmr_surgical/inguinal_hernia,arm left: 2. left instrument: Tool #2 (Cyan). arm right: -1. right instrument: Tool #3 (None). do an inguinal hernia repair,arm left 2 left instrument tool 2 cyan arm right 1 right instrument tool 3 none do an inguinal hernia repair,inguinal hernia repair,inguinal hernia repair,17,3,arm left: 2. left instrument: Tool #2 (Cyan). arm right: -1. right instrument: Tool #3 (None),strip_cmr_state_template | strip_cmr_do_carrier,1.4666398953368981e-05,1.4671925997883434e-05
cmr_versius:02,cmr_versius,CMR_STATE_PROMPT,cmr-surgical-60hz/inguinal_hernia,cmr_surgical/inguinal_hernia,arm left: 2. left instrument: Tool #1 (Cyan). arm right: 1. right instrument: Tool #9 (Orange). do an inguinal hernia repair,arm left 2 left instrument tool 1 cyan arm right 1 right instrument tool 9 orange do an inguinal hernia repair,inguinal hernia repair,inguinal hernia repair,17,3,arm left: 2. left instrument: Tool #1 (Cyan). arm right: 1. right instrument: Tool #9 (Orange),strip_cmr_state_template | strip_cmr_do_carrier,0.00010938398406546717,0.00010942520550987354
cmr_versius:02,cmr_versius,CMR_STATE_PROMPT,cmr-surgical-60hz/inguinal_hernia,cmr_surgical/inguinal_hernia,arm left: 2. left instrument: Tool #1 (Cyan). arm right: -1. right instrument: Tool #3 (None). do an inguinal hernia repair,arm left 2 left instrument tool 1 cyan arm right 1 right instrument tool 3 none do an inguinal hernia repair,inguinal hernia repair,inguinal hernia repair,17,3,arm left: 2. left instrument: Tool #1 (Cyan). arm right: -1. right instrument: Tool #3 (None),strip_cmr_state_template | strip_cmr_do_carrier,3.7538435906372054e-07,3.7552582296833485e-07
cmr_versius:02,cmr_versius,CMR_STATE_PROMPT,cmr-surgical-60hz/inguinal_hernia,cmr_surgical/inguinal_hernia,arm left: -1. left instrument: Tool #3 (None). arm right: 1. right instrument: Tool #18 (Green). do an inguinal hernia repair,arm left 1 left instrument tool 3 none arm right 1 right instrument tool 18 green do an inguinal hernia repair,inguinal hernia repair,inguinal hernia repair,17,3,arm left: -1. left instrument: Tool #3 (None). arm right: 1. right instrument: Tool #18 (Green),strip_cmr_state_template | strip_cmr_do_carrier,3.231323653649012e-06,3.2325413806269227e-06
cmr_versius:02,cmr_versius,CMR_STATE_PROMPT,cmr-surgical-60hz/inguinal_hernia,cmr_surgical/inguinal_hernia,arm left: 1. left instrument: Tool #18 (Green). arm right: -1. right instrument: Tool #3 (None). do an inguinal hernia repair,arm left 1 left instrument tool 18 green arm right 1 right instrument tool 3 none do an inguinal hernia repair,inguinal hernia repair,inguinal hernia repair,17,3,arm left: 1. left instrument: Tool #18 (Green). arm right: -1. right instrument: Tool #3 (None),strip_cmr_state_template | strip_cmr_do_carrier,8.692317218922735e-05,8.695592925819532e-05
cmr_versius:02,cmr_versius,CMR_STATE_PROMPT,cmr-surgical-60hz/inguinal_hernia,cmr_surgical/inguinal_hernia,arm left: 1. left instrument: Tool #18 (Green). arm right: 2. right instrument: Tool #9 (Pink). do an inguinal hernia repair,arm left 1 left instrument tool 18 green arm right 2 right instrument tool 9 pink do an inguinal hernia repair,inguinal hernia repair,inguinal hernia repair,17,3,arm left: 1. left instrument: Tool #18 (Green). arm right: 2. right instrument: Tool #9 (Pink),strip_cmr_state_template | strip_cmr_do_carrier,0.0011145105029994969,0.001114930507199675
cmr_versius:02,cmr_versius,CMR_STATE_PROMPT,cmr-surgical-60hz/inguinal_hernia,cmr_surgical/inguinal_hernia,arm left: 1. left instrument: Tool #18 (Green). arm right: 2. right instrument: Tool #13 (Pink). do an inguinal hernia repair,arm left 1 left instrument tool 18 green arm right 2 right instrument tool 13 pink do an inguinal hernia repair,inguinal hernia repair,inguinal hernia repair,17,3,arm left: 1. left instrument: Tool #18 (Green). arm right: 2. right instrument: Tool #13 (Pink),strip_cmr_state_template | strip_cmr_do_carrier,8.515188619344427e-05,8.518397575182716e-05
cmr_versius:02,cmr_versius,CMR_STATE_PROMPT,cmr-surgical-60hz/inguinal_hernia,cmr_surgical/inguinal_hernia,arm left: 0. left instrument: Tool #14 (White). arm right: 2. right instrument: Tool #2 (Pink). do an inguinal hernia repair,arm left 0 left instrument tool 14 white arm right 2 right instrument tool 2 pink do an inguinal hernia repair,inguinal hernia repair,inguinal hernia repair,17,3,arm left: 0. left instrument: Tool #14 (White). arm right: 2. right instrument: Tool #2 (Pink),strip_cmr_state_template | strip_cmr_do_carrier,7.462414695759188e-06,7.465226912878053e-06
cmr_versius:02,cmr_versius,CMR_STATE_PROMPT,cmr-surgical-60hz/inguinal_hernia,cmr_surgical/inguinal_hernia,arm left: 0. left instrument: Tool #14 (White). arm right: 1. right instrument: Tool #9 (Orange). do an inguinal hernia repair,arm left 0 left instrument tool 14 white arm right 1 right instrument tool 9 orange do an inguinal hernia repair,inguinal hernia repair,inguinal hernia repair,17,3,arm left: 0. left instrument: Tool #14 (White). arm right: 1. right instrument: Tool #9 (Orange),strip_cmr_state_template | strip_cmr_do_carrier,2.286449153875054e-05,2.2873108041201944e-05
cmr_versius:02,cmr_versius,CMR_STATE_PROMPT,cmr-surgical-60hz/inguinal_hernia,cmr_surgical/inguinal_hernia,arm left: 0. left instrument: Tool #14 (White). arm right: 1. right instrument: Tool #2 (Orange). do an inguinal hernia repair,arm left 0 left instrument tool 14 white arm right 1 right instrument tool 2 orange do an inguinal hernia repair,inguinal hernia repair,inguinal hernia repair,17,3,arm left: 0. left instrument: Tool #14 (White). arm right: 1. right instrument: Tool #2 (Orange),strip_cmr_state_template | strip_cmr_do_carrier,3.832881804932532e-05,3.834326229594772e-05
cmr_versius:02,cmr_versius,CMR_STATE_PROMPT,cmr-surgical-60hz/inguinal_hernia,cmr_surgical/inguinal_hernia,arm left: 1. left instrument: Tool #18 (Blue). arm right: 2. right instrument: Tool #2 (Cyan). do an inguinal hernia repair,arm left 1 left instrument tool 18 blue arm right 2 right instrument tool 2 cyan do an inguinal hernia repair,inguinal hernia repair,inguinal hernia repair,17,3,arm left: 1. left instrument: Tool #18 (Blue). arm right: 2. right instrument: Tool #2 (Cyan),strip_cmr_state_template | strip_cmr_do_carrier,8.065670565249531e-05,8.068710119839229e-05
cmr_versius:02,cmr_versius,CMR_STATE_PROMPT,cmr-surgical-60hz/inguinal_hernia,cmr_surgical/inguinal_hernia,arm left: 0. left instrument: Tool #17 (White). arm right: 2. right instrument: Tool #2 (Cyan). do an inguinal hernia repair,arm left 0 left instrument tool 17 white arm right 2 right instrument tool 2 cyan do an inguinal hernia repair,inguinal hernia repair,inguinal hernia repair,17,3,arm left: 0. left instrument: Tool #17 (White). arm right: 2. right instrument: Tool #2 (Cyan),strip_cmr_state_template | strip_cmr_do_carrier,6.583185299982302e-05,6.585666178779857e-05
cmr_versius:02,cmr_versius,CMR_STATE_PROMPT,cmr-surgical-60hz/inguinal_hernia,cmr_surgical/inguinal_hernia,arm left: 1. left instrument: Tool #2 (Blue). arm right: 2. right instrument: Tool #2 (Cyan). do an inguinal hernia repair,arm left 1 left instrument tool 2 blue arm right 2 right instrument tool 2 cyan do an inguinal hernia repair,inguinal hernia repair,inguinal hernia repair,17,3,arm left: 1. left instrument: Tool #2 (Blue). arm right: 2. right instrument: Tool #2 (Cyan),strip_cmr_state_template | strip_cmr_do_carrier,0.0003523444366435985,0.0003524772179344894
cmr_versius:02,cmr_versius,CMR_STATE_PROMPT,cmr-surgical-60hz/inguinal_hernia,cmr_surgical/inguinal_hernia,arm left: 1. left instrument: Tool #2 (Blue). arm right: -1. right instrument: Tool #3 (None). do an inguinal hernia repair,arm left 1 left instrument tool 2 blue arm right 1 right instrument tool 3 none do an inguinal hernia repair,inguinal hernia repair,inguinal hernia repair,17,3,arm left: 1. left instrument: Tool #2 (Blue). arm right: -1. right instrument: Tool #3 (None),strip_cmr_state_template | strip_cmr_do_carrier,1.3711904050423039e-05,1.371707139274787e-05
cmr_versius:02,cmr_versius,CMR_STATE_PROMPT,cmr-surgical-60hz/inguinal_hernia,cmr_surgical/inguinal_hernia,arm left: 1. left instrument: Tool #9 (Blue). arm right: -1. right instrument: Tool #3 (None). do an inguinal hernia repair,arm left 1 left instrument tool 9 blue arm right 1 right instrument tool 3 none do an inguinal hernia repair,inguinal hernia repair,inguinal hernia repair,17,3,arm left: 1. left instrument: Tool #9 (Blue). arm right: -1. right instrument: Tool #3 (None),strip_cmr_state_template | strip_cmr_do_carrier,2.490363974049869e-05,2.4913024697627925e-05
cmr_versius:02,cmr_versius,CMR_STATE_PROMPT,cmr-surgical-60hz/inguinal_hernia,cmr_surgical/inguinal_hernia,arm left: 1. left instrument: Tool #9 (Blue). arm right: 0. right instrument: Tool #17 (White). do an inguinal hernia repair,arm left 1 left instrument tool 9 blue arm right 0 right instrument tool 17 white do an inguinal hernia repair,inguinal hernia repair,inguinal hernia repair,17,3,arm left: 1. left instrument: Tool #9 (Blue). arm right: 0. right instrument: Tool #17 (White),strip_cmr_state_template | strip_cmr_do_carrier,1.5581280431489107e-06,1.5587152249841438e-06
cmr_versius:02,cmr_versius,CMR_STATE_PROMPT,cmr-surgical-60hz/inguinal_hernia,cmr_surgical/inguinal_hernia,arm left: 1. left instrument: Tool #18 (Blue). arm right: 2. right instrument: Tool #9 (Cyan). do an inguinal hernia repair,arm left 1 left instrument tool 18 blue arm right 2 right instrument tool 9 cyan do an inguinal hernia repair,inguinal hernia repair,inguinal hernia repair,17,3,arm left: 1. left instrument: Tool #18 (Blue). arm right: 2. right instrument: Tool #9 (Cyan),strip_cmr_state_template | strip_cmr_do_carrier,0.0009129366475965315,0.0009132806885234273
cmr_versius:02,cmr_versius,CMR_STATE_PROMPT,cmr-surgical-60hz/inguinal_hernia,cmr_surgical/inguinal_hernia,arm left: 1. left instrument: Tool #18 (Blue). arm right: -1. right instrument: Tool #3 (None). do an inguinal hernia repair,arm left 1 left instrument tool 18 blue arm right 1 right instrument tool 3 none do an inguinal hernia repair,inguinal hernia repair,inguinal hernia repair,17,3,arm left: 1. left instrument: Tool #18 (Blue). arm right: -1. right instrument: Tool #3 (None),strip_cmr_state_template | strip_cmr_do_carrier,3.270559807762205e-05,3.2717923209170805e-05
cmr_versius:02,cmr_versius,CMR_STATE_PROMPT,cmr-surgical-60hz/inguinal_hernia,cmr_surgical/inguinal_hernia,arm left: 1. left instrument: Tool #18 (Pink). arm right: -1. right instrument: Tool #3 (None). do an inguinal hernia repair,arm left 1 left instrument tool 18 pink arm right 1 right instrument tool 3 none do an inguinal hernia repair,inguinal hernia repair,inguinal hernia repair,17,3,arm left: 1. left instrument: Tool #18 (Pink). arm right: -1. right instrument: Tool #3 (None),strip_cmr_state_template | strip_cmr_do_carrier,0.00016671970061693343,0.00016678252907330337
cmr_versius:02,cmr_versius,CMR_STATE_PROMPT,cmr-surgical-60hz/inguinal_hernia,cmr_surgical/inguinal_hernia,arm left: 1. left instrument: Tool #18 (Pink). arm right: 2. right instrument: Tool #0 (Orange). do an inguinal hernia repair,arm left 1 left instrument tool 18 pink arm right 2 right instrument tool 0 orange do an inguinal hernia repair,inguinal hernia repair,inguinal hernia repair,17,3,arm left: 1. left instrument: Tool #18 (Pink). arm right: 2. right instrument: Tool #0 (Orange),strip_cmr_state_template | strip_cmr_do_carrier,0.00046177369319458096,0.0004619477129908516
cmr_versius:02,cmr_versius,CMR_STATE_PROMPT,cmr-surgical-60hz/inguinal_hernia,cmr_surgical/inguinal_hernia,arm left: 1. left instrument: Tool #18 (Pink). arm right: 0. right instrument: Tool #14 (White). do an inguinal hernia repair,arm left 1 left instrument tool 18 pink arm right 0 right instrument tool 14 white do an inguinal hernia repair,inguinal hernia repair,inguinal hernia repair,17,3,arm left: 1. left instrument: Tool #18 (Pink). arm right: 0. right instrument: Tool #14 (White),strip_cmr_state_template | strip_cmr_do_carrier,8.807196150917613e-05,8.810515150034466e-05
cmr_versius:02,cmr_versius,CMR_STATE_PROMPT,cmr-surgical-60hz/inguinal_hernia,cmr_surgical/inguinal_hernia,arm left: 1. left instrument: Tool #18 (Pink). arm right: 2. right instrument: Tool #2 (Orange). do an inguinal hernia repair,arm left 1 left instrument tool 18 pink arm right 2 right instrument tool 2 orange do an inguinal hernia repair,inguinal hernia repair,inguinal hernia repair,17,3,arm left: 1. left instrument: Tool #18 (Pink). arm right: 2. right instrument: Tool #2 (Orange),strip_cmr_state_template | strip_cmr_do_carrier,0.00038889630963645136,0.0003890428655307579
cmr_versius:02,cmr_versius,CMR_STATE_PROMPT,cmr-surgical-60hz/inguinal_hernia,cmr_surgical/inguinal_hernia,arm left: -1. left instrument: Tool #3 (None). arm right: 2. right instrument: Tool #2 (Orange). do an inguinal hernia repair,arm left 1 left instrument tool 3 none arm right 2 right instrument tool 2 orange do an inguinal hernia repair,inguinal hernia repair,inguinal hernia repair,17,3,arm left: -1. left instrument: Tool #3 (None). arm right: 2. right instrument: Tool #2 (Orange),strip_cmr_state_template | strip_cmr_do_carrier,9.10033549462868e-05,9.103764963548433e-05
cmr_versius:02,cmr_versius,CMR_STATE_PROMPT,cmr-surgical-60hz/inguinal_hernia,cmr_surgical/inguinal_hernia,arm left: -1. left instrument: Tool #3 (None). arm right: 2. right instrument: Tool #9 (Orange). do an inguinal hernia repair,arm left 1 left instrument tool 3 none arm right 2 right instrument tool 9 orange do an inguinal hernia repair,inguinal hernia repair,inguinal hernia repair,17,3,arm left: -1. left instrument: Tool #3 (None). arm right: 2. right instrument: Tool #9 (Orange),strip_cmr_state_template | strip_cmr_do_carrier,4.680609096205075e-05,4.6823729875946196e-05
cmr_versius:02,cmr_versius,CMR_STATE_PROMPT,cmr-surgical-60hz/inguinal_hernia,cmr_surgical/inguinal_hernia,arm left: 1. left instrument: Tool #18 (Pink). arm right: 2. right instrument: Tool #9 (Orange). do an inguinal hernia repair,arm left 1 left instrument tool 18 pink arm right 2 right instrument tool 9 orange do an inguinal hernia repair,inguinal hernia repair,inguinal hernia repair,17,3,arm left: 1. left instrument: Tool #18 (Pink). arm right: 2. right instrument: Tool #9 (Orange),strip_cmr_state_template | strip_cmr_do_carrier,0.00047907721442921164,0.00047925775507169855
cmr_versius:02,cmr_versius,CMR_STATE_PROMPT,cmr-surgical-60hz/inguinal_hernia,cmr_surgical/inguinal_hernia,arm left: 0. left instrument: Tool #14 (White). arm right: 2. right instrument: Tool #9 (Orange). do an inguinal hernia repair,arm left 0 left instrument tool 14 white arm right 2 right instrument tool 9 orange do an inguinal hernia repair,inguinal hernia repair,inguinal hernia repair,17,3,arm left: 0. left instrument: Tool #14 (White). arm right: 2. right instrument: Tool #9 (Orange),strip_cmr_state_template | strip_cmr_do_carrier,1.1206826518580721e-05,1.1211049820376267e-05
cmr_versius:02,cmr_versius,CMR_STATE_PROMPT,cmr-surgical-60hz/inguinal_hernia,cmr_surgical/inguinal_hernia,arm left: -1. left instrument: Tool #3 (None). arm right: 2. right instrument: Tool #0 (Orange). do an inguinal hernia repair,arm left 1 left instrument tool 3 none arm right 2 right instrument tool 0 orange do an inguinal hernia repair,inguinal hernia repair,inguinal hernia repair,17,3,arm left: -1. left instrument: Tool #3 (None). arm right: 2. right instrument: Tool #0 (Orange),strip_cmr_state_template | strip_cmr_do_carrier,4.346347244817681e-05,4.347985169353469e-05
cmr_versius:02,cmr_versius,CMR_STATE_PROMPT,cmr-surgical-60hz/inguinal_hernia,cmr_surgical/inguinal_hernia,arm left: 0. left instrument: Tool #14 (White). arm right: 2. right instrument: Tool #2 (Orange). do an inguinal hernia repair,arm left 0 left instrument tool 14 white arm right 2 right instrument tool 2 orange do an inguinal hernia repair,inguinal hernia repair,inguinal hernia repair,17,3,arm left: 0. left instrument: Tool #14 (White). arm right: 2. right instrument: Tool #2 (Orange),strip_cmr_state_template | strip_cmr_do_carrier,1.7882631778512917e-05,1.788937086301414e-05
cmr_versius:02,cmr_versius,CMR_STATE_PROMPT,cmr-surgical-60hz/inguinal_hernia,cmr_surgical/inguinal_hernia,arm left: 0. left instrument: Tool #14 (White). arm right: 2. right instrument: Tool #0 (Orange). do an inguinal hernia repair,arm left 0 left instrument tool 14 white arm right 2 right instrument tool 0 orange do an inguinal hernia repair,inguinal hernia repair,inguinal hernia repair,17,3,arm left: 0. left instrument: Tool #14 (White). arm right: 2. right instrument: Tool #0 (Orange),strip_cmr_state_template | strip_cmr_do_carrier,8.392387002384385e-06,8.395549680332269e-06
cmr_versius:02,cmr_versius,CMR_STATE_PROMPT,cmr-surgical-60hz/inguinal_hernia,cmr_surgical/inguinal_hernia,arm left: 2. left instrument: Tool #0 (Blue). arm right: 1. right instrument: Tool #2 (Cyan). do an inguinal hernia repair,arm left 2 left instrument tool 0 blue arm right 1 right instrument tool 2 cyan do an inguinal hernia repair,inguinal hernia repair,inguinal hernia repair,17,3,arm left: 2. left instrument: Tool #0 (Blue). arm right: 1. right instrument: Tool #2 (Cyan),strip_cmr_state_template | strip_cmr_do_carrier,7.868357982545686e-05,7.871323179726224e-05
cmr_versius:02,cmr_versius,CMR_STATE_PROMPT,cmr-surgical-60hz/inguinal_hernia,cmr_surgical/inguinal_hernia,arm left: 2. left instrument: Tool #0 (Blue). arm right: 0. right instrument: Tool #17 (White). do an inguinal hernia repair,arm left 2 left instrument tool 0 blue arm right 0 right instrument tool 17 white do an inguinal hernia repair,inguinal hernia repair,inguinal hernia repair,17,3,arm left: 2. left instrument: Tool #0 (Blue). arm right: 0. right instrument: Tool #17 (White),strip_cmr_state_template | strip_cmr_do_carrier,3.276407503807921e-05,3.2776422206718635e-05
cmr_versius:02,cmr_versius,CMR_STATE_PROMPT,cmr-surgical-60hz/inguinal_hernia,cmr_surgical/inguinal_hernia,arm left: -1. left instrument: Tool #3 (None). arm right: 1. right instrument: Tool #8 (Cyan). do an inguinal hernia repair,arm left 1 left instrument tool 3 none arm right 1 right instrument tool 8 cyan do an inguinal hernia repair,inguinal hernia repair,inguinal hernia repair,17,3,arm left: -1. left instrument: Tool #3 (None). arm right: 1. right instrument: Tool #8 (Cyan),strip_cmr_state_template | strip_cmr_do_carrier,5.0554275491998555e-06,5.057332691231847e-06
cmr_versius:02,cmr_versius,CMR_STATE_PROMPT,cmr-surgical-60hz/inguinal_hernia,cmr_surgical/inguinal_hernia,arm left: 2. left instrument: Tool #0 (Blue). arm right: 1. right instrument: Tool #8 (Cyan). do an inguinal hernia repair,arm left 2 left instrument tool 0 blue arm right 1 right instrument tool 8 cyan do an inguinal hernia repair,inguinal hernia repair,inguinal hernia repair,17,3,arm left: 2. left instrument: Tool #0 (Blue). arm right: 1. right instrument: Tool #8 (Cyan),strip_cmr_state_template | strip_cmr_do_carrier,8.34522816330603e-05,8.3483730694066e-05
cmr_versius:02,cmr_versius,CMR_STATE_PROMPT,cmr-surgical-60hz/inguinal_hernia,cmr_surgical/inguinal_hernia,arm left: 2. left instrument: Tool #0 (Blue). arm right: 1. right instrument: Tool #18 (Cyan). do an inguinal hernia repair,arm left 2 left instrument tool 0 blue arm right 1 right instrument tool 18 cyan do an inguinal hernia repair,inguinal hernia repair,inguinal hernia repair,17,3,arm left: 2. left instrument: Tool #0 (Blue). arm right: 1. right instrument: Tool #18 (Cyan),strip_cmr_state_template | strip_cmr_do_carrier,6.5873352778212e-05,6.589817720541318e-05
cmr_versius:02,cmr_versius,CMR_STATE_PROMPT,cmr-surgical-60hz/inguinal_hernia,cmr_surgical/inguinal_hernia,arm left: -1. left instrument: Tool #3 (None). arm right: 1. right instrument: Tool #18 (Cyan). do an inguinal hernia repair,arm left 1 left instrument tool 3 none arm right 1 right instrument tool 18 cyan do an inguinal hernia repair,inguinal hernia repair,inguinal hernia repair,17,3,arm left: -1. left instrument: Tool #3 (None). arm right: 1. right instrument: Tool #18 (Cyan),strip_cmr_state_template | strip_cmr_do_carrier,8.458409377094084e-06,8.461596935628207e-06
cmr_versius:02,cmr_versius,CMR_STATE_PROMPT,cmr-surgical-60hz/inguinal_hernia,cmr_surgical/inguinal_hernia,arm left: 1. left instrument: Tool #1 (Blue). arm right: 2. right instrument: Tool #9 (Cyan). do an inguinal hernia repair,arm left 1 left instrument tool 1 blue arm right 2 right instrument tool 9 cyan do an inguinal hernia repair,inguinal hernia repair,inguinal hernia repair,17,3,arm left: 1. left instrument: Tool #1 (Blue). arm right: 2. right instrument: Tool #9 (Cyan),strip_cmr_state_template | strip_cmr_do_carrier,0.00036686558637260614,0.00036700383997072174
cmr_versius:02,cmr_versius,CMR_STATE_PROMPT,cmr-surgical-60hz/inguinal_hernia,cmr_surgical/inguinal_hernia,arm left: 1. left instrument: Tool #1 (Blue). arm right: -1. right instrument: Tool #3 (None). do an inguinal hernia repair,arm left 1 left instrument tool 1 blue arm right 1 right instrument tool 3 none do an inguinal hernia repair,inguinal hernia repair,inguinal hernia repair,17,3,arm left: 1. left instrument: Tool #1 (Blue). arm right: -1. right instrument: Tool #3 (None),strip_cmr_state_template | strip_cmr_do_carrier,1.3457246319399912e-05,1.346231769374925e-05
cmr_versius:02,cmr_versius,CMR_STATE_PROMPT,cmr-surgical-60hz/inguinal_hernia,cmr_surgical/inguinal_hernia,arm left: 1. left instrument: Tool #0 (Green). arm right: 2. right instrument: Tool #2 (Orange). do an inguinal hernia repair,arm left 1 left instrument tool 0 green arm right 2 right instrument tool 2 orange do an inguinal hernia repair,inguinal hernia repair,inguinal hernia repair,17,3,arm left: 1. left instrument: Tool #0 (Green). arm right: 2. right instrument: Tool #2 (Orange),strip_cmr_state_template | strip_cmr_do_carrier,0.0009474965312267146,0.0009478535960741956
cmr_versius:02,cmr_versius,CMR_STATE_PROMPT,cmr-surgical-60hz/inguinal_hernia,cmr_surgical/inguinal_hernia,arm left: 1. left instrument: Tool #0 (Green). arm right: 2. right instrument: Tool #9 (Orange). do an inguinal hernia repair,arm left 1 left instrument tool 0 green arm right 2 right instrument tool 9 orange do an inguinal hernia repair,inguinal hernia repair,inguinal hernia repair,17,3,arm left: 1. left instrument: Tool #0 (Green). arm right: 2. right instrument: Tool #9 (Orange),strip_cmr_state_template | strip_cmr_do_carrier,0.0013691173024764193,0.0013696332554584945
cmr_versius:02,cmr_versius,CMR_STATE_PROMPT,cmr-surgical-60hz/inguinal_hernia,cmr_surgical/inguinal_hernia,arm left: 1. left instrument: Tool #0 (Pink). arm right: 2. right instrument: Tool #2 (Blue). do an inguinal hernia repair,arm left 1 left instrument tool 0 pink arm right 2 right instrument tool 2 blue do an inguinal hernia repair,inguinal hernia repair,inguinal hernia repair,17,3,arm left: 1. left instrument: Tool #0 (Pink). arm right: 2. right instrument: Tool #2 (Blue),strip_cmr_state_template | strip_cmr_do_carrier,0.00012401265594757347,0.00012405939021901645
cmr_versius:02,cmr_versius,CMR_STATE_PROMPT,cmr-surgical-60hz/inguinal_hernia,cmr_surgical/inguinal_hernia,arm left: -1. left instrument: Tool #3 (None). arm right: 2. right instrument: Tool #2 (Blue). do an inguinal hernia repair,arm left 1 left instrument tool 3 none arm right 2 right instrument tool 2 blue do an inguinal hernia repair,inguinal hernia repair,inguinal hernia repair,17,3,arm left: -1. left instrument: Tool #3 (None). arm right: 2. right instrument: Tool #2 (Blue),strip_cmr_state_template | strip_cmr_do_carrier,6.779554705904582e-05,6.78210958667435e-05
cmr_versius:02,cmr_versius,CMR_STATE_PROMPT,cmr-surgical-60hz/inguinal_hernia,cmr_surgical/inguinal_hernia,arm left: 0. left instrument: Tool #14 (White). arm right: 2. right instrument: Tool #2 (Blue). do an inguinal hernia repair,arm left 0 left instrument tool 14 white arm right 2 right instrument tool 2 blue do an inguinal hernia repair,inguinal hernia repair,inguinal hernia repair,17,3,arm left: 0. left instrument: Tool #14 (White). arm right: 2. right instrument: Tool #2 (Blue),strip_cmr_state_template | strip_cmr_do_carrier,1.5087055797947925e-05,1.5092741367340413e-05
cmr_versius:02,cmr_versius,CMR_STATE_PROMPT,cmr-surgical-60hz/inguinal_hernia,cmr_surgical/inguinal_hernia,arm left: -1. left instrument: Tool #3 (None). arm right: 2. right instrument: Tool #9 (Blue). do an inguinal hernia repair,arm left 1 left instrument tool 3 none arm right 2 right instrument tool 9 blue do an inguinal hernia repair,inguinal hernia repair,inguinal hernia repair,17,3,arm left: -1. left instrument: Tool #3 (None). arm right: 2. right instrument: Tool #9 (Blue),strip_cmr_state_template | strip_cmr_do_carrier,1.6994159250276676e-05,1.7000563513174515e-05
cmr_versius:02,cmr_versius,CMR_STATE_PROMPT,cmr-surgical-60hz/inguinal_hernia,cmr_surgical/inguinal_hernia,arm left: 1. left instrument: Tool #0 (Pink). arm right: 2. right instrument: Tool #9 (Blue). do an inguinal hernia repair,arm left 1 left instrument tool 0 pink arm right 2 right instrument tool 9 blue do an inguinal hernia repair,inguinal hernia repair,inguinal hernia repair,17,3,arm left: 1. left instrument: Tool #0 (Pink). arm right: 2. right instrument: Tool #9 (Blue),strip_cmr_state_template | strip_cmr_do_carrier,0.0006728264752522961,0.0006730800304631591
cmr_versius:02,cmr_versius,CMR_STATE_PROMPT,cmr-surgical-60hz/inguinal_hernia,cmr_surgical/inguinal_hernia,arm left: 1. left instrument: Tool #2 (Pink). arm right: -1. right instrument: Tool #3 (None). do an inguinal hernia repair,arm left 1 left instrument tool 2 pink arm right 1 right instrument tool 3 none do an inguinal hernia repair,inguinal hernia repair,inguinal hernia repair,17,3,arm left: 1. left instrument: Tool #2 (Pink). arm right: -1. right instrument: Tool #3 (None),strip_cmr_state_template | strip_cmr_do_carrier,3.9594561290188414e-05,3.9609482533192703e-05
cmr_versius:02,cmr_versius,CMR_STATE_PROMPT,cmr-surgical-60hz/inguinal_hernia,cmr_surgical/inguinal_hernia,arm left: 1. left instrument: Tool #2 (Pink). arm right: 2. right instrument: Tool #2 (Blue). do an inguinal hernia repair,arm left 1 left instrument tool 2 pink arm right 2 right instrument tool 2 blue do an inguinal hernia repair,inguinal hernia repair,inguinal hernia repair,17,3,arm left: 1. left instrument: Tool #2 (Pink). arm right: 2. right instrument: Tool #2 (Blue),strip_cmr_state_template | strip_cmr_do_carrier,0.00029042865364084226,0.0002905381019179585
cmr_versius:02,cmr_versius,CMR_STATE_PROMPT,cmr-surgical-60hz/inguinal_hernia,cmr_surgical/inguinal_hernia,arm left: 1. left instrument: Tool #2 (Pink). arm right: 0. right instrument: Tool #14 (White). do an inguinal hernia repair,arm left 1 left instrument tool 2 pink arm right 0 right instrument tool 14 white do an inguinal hernia repair,inguinal hernia repair,inguinal hernia repair,17,3,arm left: 1. left instrument: Tool #2 (Pink). arm right: 0. right instrument: Tool #14 (White),strip_cmr_state_template | strip_cmr_do_carrier,1.1559574634886831e-05,1.156393087010028e-05
cmr_versius:02,cmr_versius,CMR_STATE_PROMPT,cmr-surgical-60hz/inguinal_hernia,cmr_surgical/inguinal_hernia,arm left: 1. left instrument: Tool #18 (Cyan). arm right: 2. right instrument: Tool #2 (Pink). do an inguinal hernia repair,arm left 1 left instrument tool 18 cyan arm right 2 right instrument tool 2 pink do an inguinal hernia repair,inguinal hernia repair,inguinal hernia repair,17,3,arm left: 1. left instrument: Tool #18 (Cyan). arm right: 2. right instrument: Tool #2 (Pink),strip_cmr_state_template | strip_cmr_do_carrier,0.0002977099783945406,0.000297822170644882
cmr_versius:02,cmr_versius,CMR_STATE_PROMPT,cmr-surgical-60hz/inguinal_hernia,cmr_surgical/inguinal_hernia,arm left: 1. left instrument: Tool #18 (Cyan). arm right: -1. right instrument: Tool #3 (None). do an inguinal hernia repair,arm left 1 left instrument tool 18 cyan arm right 1 right instrument tool 3 none do an inguinal hernia repair,inguinal hernia repair,inguinal hernia repair,17,3,arm left: 1. left instrument: Tool #18 (Cyan). arm right: -1. right instrument: Tool #3 (None),strip_cmr_state_template | strip_cmr_do_carrier,0.00011145520027778858,0.00011149720226172897
cmr_versius:02,cmr_versius,CMR_STATE_PROMPT,cmr-surgical-60hz/inguinal_hernia,cmr_surgical/inguinal_hernia,arm left: 1. left instrument: Tool #18 (Cyan). arm right: 0. right instrument: Tool #14 (White). do an inguinal hernia repair,arm left 1 left instrument tool 18 cyan arm right 0 right instrument tool 14 white do an inguinal hernia repair,inguinal hernia repair,inguinal hernia repair,17,3,arm left: 1. left instrument: Tool #18 (Cyan). arm right: 0. right instrument: Tool #14 (White),strip_cmr_state_template | strip_cmr_do_carrier,8.701748986738407e-06,8.705028248004668e-06
cmr_versius:02,cmr_versius,CMR_STATE_PROMPT,cmr-surgical-60hz/inguinal_hernia,cmr_surgical/inguinal_hernia,arm left: 1. left instrument: Tool #18 (Cyan). arm right: 2. right instrument: Tool #9 (Pink). do an inguinal hernia repair,arm left 1 left instrument tool 18 cyan arm right 2 right instrument tool 9 pink do an inguinal hernia repair,inguinal hernia repair,inguinal hernia repair,17,3,arm left: 1. left instrument: Tool #18 (Cyan). arm right: 2. right instrument: Tool #9 (Pink),strip_cmr_state_template | strip_cmr_do_carrier,0.0001804504682029878,0.0001805184711104215
cmr_versius:02,cmr_versius,CMR_STATE_PROMPT,cmr-surgical-60hz/inguinal_hernia,cmr_surgical/inguinal_hernia,arm left: 1. left instrument: Tool #18 (Cyan). arm right: 0. right instrument: Tool #17 (White). do an inguinal hernia repair,arm left 1 left instrument tool 18 cyan arm right 0 right instrument tool 17 white do an inguinal hernia repair,inguinal hernia repair,inguinal hernia repair,17,3,arm left: 1. left instrument: Tool #18 (Cyan). arm right: 0. right instrument: Tool #17 (White),strip_cmr_state_template | strip_cmr_do_carrier,1.6667820083854447e-05,1.667410136556888e-05
cmr_versius:02,cmr_versius,CMR_STATE_PROMPT,cmr-surgical-60hz/inguinal_hernia,cmr_surgical/inguinal_hernia,arm left: 1. left instrument: Tool #18 (Cyan). arm right: 2. right instrument: Tool #9 (Green). do an inguinal hernia repair,arm left 1 left instrument tool 18 cyan arm right 2 right instrument tool 9 green do an inguinal hernia repair,inguinal hernia repair,inguinal hernia repair,17,3,arm left: 1. left instrument: Tool #18 (Cyan). arm right: 2. right instrument: Tool #9 (Green),strip_cmr_state_template | strip_cmr_do_carrier,0.0005806611265111185,0.0005808799491344662
cmr_versius:02,cmr_versius,CMR_STATE_PROMPT,cmr-surgical-60hz/inguinal_hernia,cmr_surgical/inguinal_hernia,arm left: -1. left instrument: Tool #3 (None). arm right: 2. right instrument: Tool #9 (Green). do an inguinal hernia repair,arm left 1 left instrument tool 3 none arm right 2 right instrument tool 9 green do an inguinal hernia repair,inguinal hernia repair,inguinal hernia repair,17,3,arm left: -1. left instrument: Tool #3 (None). arm right: 2. right instrument: Tool #9 (Green),strip_cmr_state_template | strip_cmr_do_carrier,0.00010511139324496802,0.0001051510045600078
cmr_versius:02,cmr_versius,CMR_STATE_PROMPT,cmr-surgical-60hz/inguinal_hernia,cmr_surgical/inguinal_hernia,arm left: 0. left instrument: Tool #17 (White). arm right: 2. right instrument: Tool #2 (Green). do an inguinal hernia repair,arm left 0 left instrument tool 17 white arm right 2 right instrument tool 2 green do an inguinal hernia repair,inguinal hernia repair,inguinal hernia repair,17,3,arm left: 0. left instrument: Tool #17 (White). arm right: 2. right instrument: Tool #2 (Green),strip_cmr_state_template | strip_cmr_do_carrier,3.542571991566167e-06,3.543907012736346e-06
cmr_versius:02,cmr_versius,CMR_STATE_PROMPT,cmr-surgical-60hz/inguinal_hernia,cmr_surgical/inguinal_hernia,arm left: -1. left instrument: Tool #3 (None). arm right: 2. right instrument: Tool #2 (Green). do an inguinal hernia repair,arm left 1 left instrument tool 3 none arm right 2 right instrument tool 2 green do an inguinal hernia repair,inguinal hernia repair,inguinal hernia repair,17,3,arm left: -1. left instrument: Tool #3 (None). arm right: 2. right instrument: Tool #2 (Green),strip_cmr_state_template | strip_cmr_do_carrier,7.21982962754012e-05,7.222550426276405e-05
cmr_versius:02,cmr_versius,CMR_STATE_PROMPT,cmr-surgical-60hz/inguinal_hernia,cmr_surgical/inguinal_hernia,arm left: 1. left instrument: Tool #2 (Cyan). arm right: 2. right instrument: Tool #2 (Green). do an inguinal hernia repair,arm left 1 left instrument tool 2 cyan arm right 2 right instrument tool 2 green do an inguinal hernia repair,inguinal hernia repair,inguinal hernia repair,17,3,arm left: 1. left instrument: Tool #2 (Cyan). arm right: 2. right instrument: Tool #2 (Green),strip_cmr_state_template | strip_cmr_do_carrier,0.00011397348228457283,0.00011401643328515975
cmr_versius:02,cmr_versius,CMR_STATE_PROMPT,cmr-surgical-60hz/inguinal_hernia,cmr_surgical/inguinal_hernia,arm left: 1. left instrument: Tool #2 (Cyan). arm right: 0. right instrument: Tool #17 (White). do an inguinal hernia repair,arm left 1 left instrument tool 2 cyan arm right 0 right instrument tool 17 white do an inguinal hernia repair,inguinal hernia repair,inguinal hernia repair,17,3,arm left: 1. left instrument: Tool #2 (Cyan). arm right: 0. right instrument: Tool #17 (White),strip_cmr_state_template | strip_cmr_do_carrier,2.9879840440046906e-06,2.9891100682504647e-06
cmr_versius:02,cmr_versius,CMR_STATE_PROMPT,cmr-surgical-60hz/inguinal_hernia,cmr_surgical/inguinal_hernia,arm left: 1. left instrument: Tool #1 (Pink). arm right: 0. right instrument: Tool #17 (White). do an inguinal hernia repair,arm left 1 left instrument tool 1 pink arm right 0 right instrument tool 17 white do an inguinal hernia repair,inguinal hernia repair,inguinal hernia repair,17,3,arm left: 1. left instrument: Tool #1 (Pink). arm right: 0. right instrument: Tool #17 (White),strip_cmr_state_template | strip_cmr_do_carrier,1.746763399462338e-06,1.7474216686868245e-06
cmr_versius:02,cmr_versius,CMR_STATE_PROMPT,cmr-surgical-60hz/inguinal_hernia,cmr_surgical/inguinal_hernia,arm left: 1. left instrument: Tool #1 (Pink). arm right: -1. right instrument: Tool #3 (None). do an inguinal hernia repair,arm left 1 left instrument tool 1 pink arm right 1 right instrument tool 3 none do an inguinal hernia repair,inguinal hernia repair,inguinal hernia repair,17,3,arm left: 1. left instrument: Tool #1 (Pink). arm right: -1. right instrument: Tool #3 (None),strip_cmr_state_template | strip_cmr_do_carrier,1.099366856594655e-05,1.0997811538992238e-05
cmr_versius:02,cmr_versius,CMR_STATE_PROMPT,cmr-surgical-60hz/inguinal_hernia,cmr_surgical/inguinal_hernia,arm left: 1. left instrument: Tool #1 (Pink). arm right: 2. right instrument: Tool #9 (Blue). do an inguinal hernia repair,arm left 1 left instrument tool 1 pink arm right 2 right instrument tool 9 blue do an inguinal hernia repair,inguinal hernia repair,inguinal hernia repair,17,3,arm left: 1. left instrument: Tool #1 (Pink). arm right: 2. right instrument: Tool #9 (Blue),strip_cmr_state_template | strip_cmr_do_carrier,0.00021485755719455693,0.00021493852644179046
cmr_versius:02,cmr_versius,CMR_STATE_PROMPT,cmr-surgical-60hz/inguinal_hernia,cmr_surgical/inguinal_hernia,arm left: -1. left instrument: Tool #3 (None). arm right: 2. right instrument: Tool #18 (Orange). do an inguinal hernia repair,arm left 1 left instrument tool 3 none arm right 2 right instrument tool 18 orange do an inguinal hernia repair,inguinal hernia repair,inguinal hernia repair,17,3,arm left: -1. left instrument: Tool #3 (None). arm right: 2. right instrument: Tool #18 (Orange),strip_cmr_state_template | strip_cmr_do_carrier,2.335117075803918e-05,2.3359970665954858e-05
cmr_versius:02,cmr_versius,CMR_STATE_PROMPT,cmr-surgical-60hz/inguinal_hernia,cmr_surgical/inguinal_hernia,arm left: 1. left instrument: Tool #0 (Green). arm right: 2. right instrument: Tool #18 (Orange). do an inguinal hernia repair,arm left 1 left instrument tool 0 green arm right 2 right instrument tool 18 orange do an inguinal hernia repair,inguinal hernia repair,inguinal hernia repair,17,3,arm left: 1. left instrument: Tool #0 (Green). arm right: 2. right instrument: Tool #18 (Orange),strip_cmr_state_template | strip_cmr_do_carrier,6.815206788247818e-05,6.817775104534155e-05
cmr_versius:02,cmr_versius,CMR_STATE_PROMPT,cmr-surgical-60hz/inguinal_hernia,cmr_surgical/inguinal_hernia,arm left: 0. left instrument: Tool #17 (White). arm right: 2. right instrument: Tool #18 (Orange). do an inguinal hernia repair,arm left 0 left instrument tool 17 white arm right 2 right instrument tool 18 orange do an inguinal hernia repair,inguinal hernia repair,inguinal hernia repair,17,3,arm left: 0. left instrument: Tool #17 (White). arm right: 2. right instrument: Tool #18 (Orange),strip_cmr_state_template | strip_cmr_do_carrier,4.326729167761085e-05,4.32835969920839e-05
cmr_versius:02,cmr_versius,CMR_STATE_PROMPT,cmr-surgical-60hz/inguinal_hernia,cmr_surgical/inguinal_hernia,arm left: 1. left instrument: Tool #0 (Green). arm right: 0. right instrument: Tool #17 (White). do an inguinal hernia repair,arm left 1 left instrument tool 0 green arm right 0 right instrument tool 17 white do an inguinal hernia repair,inguinal hernia repair,inguinal hernia repair,17,3,arm left: 1. left instrument: Tool #0 (Green). arm right: 0. right instrument: Tool #17 (White),strip_cmr_state_template | strip_cmr_do_carrier,1.1606733473965187e-05,1.1611107481025949e-05
cmr_versius:02,cmr_versius,CMR_STATE_PROMPT,cmr-surgical-60hz/inguinal_hernia,cmr_surgical/inguinal_hernia,arm left: 3. left instrument: Tool #0 (Green). arm right: 2. right instrument: Tool #2 (Orange). do an inguinal hernia repair,arm left 3 left instrument tool 0 green arm right 2 right instrument tool 2 orange do an inguinal hernia repair,inguinal hernia repair,inguinal hernia repair,17,3,arm left: 3. left instrument: Tool #0 (Green). arm right: 2. right instrument: Tool #2 (Orange),strip_cmr_state_template | strip_cmr_do_carrier,0.00015180807570035697,0.00015186528469860643
cmr_versius:02,cmr_versius,CMR_STATE_PROMPT,cmr-surgical-60hz/inguinal_hernia,cmr_surgical/inguinal_hernia,arm left: 3. left instrument: Tool #0 (Green). arm right: -1. right instrument: Tool #3 (None). do an inguinal hernia repair,arm left 3 left instrument tool 0 green arm right 1 right instrument tool 3 none do an inguinal hernia repair,inguinal hernia repair,inguinal hernia repair,17,3,arm left: 3. left instrument: Tool #0 (Green). arm right: -1. right instrument: Tool #3 (None),strip_cmr_state_template | strip_cmr_do_carrier,8.324478274111552e-06,8.327615360599306e-06
cmr_versius:02,cmr_versius,CMR_STATE_PROMPT,cmr-surgical-60hz/inguinal_hernia,cmr_surgical/inguinal_hernia,arm left: 3. left instrument: Tool #0 (Green). arm right: 0. right instrument: Tool #14 (White). do an inguinal hernia repair,arm left 3 left instrument tool 0 green arm right 0 right instrument tool 14 white do an inguinal hernia repair,inguinal hernia repair,inguinal hernia repair,17,3,arm left: 3. left instrument: Tool #0 (Green). arm right: 0. right instrument: Tool #14 (White),strip_cmr_state_template | strip_cmr_do_carrier,5.102586388278211e-06,5.104509302157515e-06
cmr_versius:02,cmr_versius,CMR_STATE_PROMPT,cmr-surgical-60hz/inguinal_hernia,cmr_surgical/inguinal_hernia,arm left: 3. left instrument: Tool #0 (Green). arm right: 2. right instrument: Tool #9 (Orange). do an inguinal hernia repair,arm left 3 left instrument tool 0 green arm right 2 right instrument tool 9 orange do an inguinal hernia repair,inguinal hernia repair,inguinal hernia repair,17,3,arm left: 3. left instrument: Tool #0 (Green). arm right: 2. right instrument: Tool #9 (Orange),strip_cmr_state_template | strip_cmr_do_carrier,0.00024748392842252734,0.0002475771929446061
cmr_versius:02,cmr_versius,CMR_STATE_PROMPT,cmr-surgical-60hz/inguinal_hernia,cmr_surgical/inguinal_hernia,arm left: -1. left instrument: Tool #3 (None). arm right: 1. right instrument: Tool #2 (Purple). do an inguinal hernia repair,arm left 1 left instrument tool 3 none arm right 1 right instrument tool 2 purple do an inguinal hernia repair,inguinal hernia repair,inguinal hernia repair,17,3,arm left: -1. left instrument: Tool #3 (None). arm right: 1. right instrument: Tool #2 (Purple),strip_cmr_state_template | strip_cmr_do_carrier,0.00012120010278494025,0.00012124577714340946
cmr_versius:02,cmr_versius,CMR_STATE_PROMPT,cmr-surgical-60hz/inguinal_hernia,cmr_surgical/inguinal_hernia,arm left: 2. left instrument: Tool #12 (Blue). arm right: 1. right instrument: Tool #2 (Purple). do an inguinal hernia repair,arm left 2 left instrument tool 12 blue arm right 1 right instrument tool 2 purple do an inguinal hernia repair,inguinal hernia repair,inguinal hernia repair,17,3,arm left: 2. left instrument: Tool #12 (Blue). arm right: 1. right instrument: Tool #2 (Purple),strip_cmr_state_template | strip_cmr_do_carrier,9.270484586023389e-05,9.273978175768248e-05
cmr_versius:02,cmr_versius,CMR_STATE_PROMPT,cmr-surgical-60hz/inguinal_hernia,cmr_surgical/inguinal_hernia,arm left: 2. left instrument: Tool #12 (Blue). arm right: -1. right instrument: Tool #3 (None). do an inguinal hernia repair,arm left 2 left instrument tool 12 blue arm right 1 right instrument tool 3 none do an inguinal hernia repair,inguinal hernia repair,inguinal hernia repair,17,3,arm left: 2. left instrument: Tool #12 (Blue). arm right: -1. right instrument: Tool #3 (None),strip_cmr_state_template | strip_cmr_do_carrier,2.641838165169551e-05,2.642833744056045e-05
cmr_versius:02,cmr_versius,CMR_STATE_PROMPT,cmr-surgical-60hz/inguinal_hernia,cmr_surgical/inguinal_hernia,arm left: 2. left instrument: Tool #12 (Blue). arm right: 0. right instrument: Tool #17 (White). do an inguinal hernia repair,arm left 2 left instrument tool 12 blue arm right 0 right instrument tool 17 white do an inguinal hernia repair,inguinal hernia repair,inguinal hernia repair,17,3,arm left: 2. left instrument: Tool #12 (Blue). arm right: 0. right instrument: Tool #17 (White),strip_cmr_state_template | strip_cmr_do_carrier,2.1238454767328794e-05,2.1246458496484837e-05
cmr_versius:02,cmr_versius,CMR_STATE_PROMPT,cmr-surgical-60hz/inguinal_hernia,cmr_surgical/inguinal_hernia,arm left: -1. left instrument: Tool #3 (None). arm right: 1. right instrument: Tool #9 (Purple). do an inguinal hernia repair,arm left 1 left instrument tool 3 none arm right 1 right instrument tool 9 purple do an inguinal hernia repair,inguinal hernia repair,inguinal hernia repair,17,3,arm left: -1. left instrument: Tool #3 (None). arm right: 1. right instrument: Tool #9 (Purple),strip_cmr_state_template | strip_cmr_do_carrier,1.782038211092949e-05,1.7827097736592258e-05
cmr_versius:02,cmr_versius,CMR_STATE_PROMPT,cmr-surgical-60hz/inguinal_hernia,cmr_surgical/inguinal_hernia,arm left: 2. left instrument: Tool #12 (Blue). arm right: 1. right instrument: Tool #9 (Purple). do an inguinal hernia repair,arm left 2 left instrument tool 12 blue arm right 1 right instrument tool 9 purple do an inguinal hernia repair,inguinal hernia repair,inguinal hernia repair,17,3,arm left: 2. left instrument: Tool #12 (Blue). arm right: 1. right instrument: Tool #9 (Purple),strip_cmr_state_template | strip_cmr_do_carrier,0.00014070499862774865,0.00014075802342226667
cmr_versius:02,cmr_versius,CMR_STATE_PROMPT,cmr-surgical-60hz/inguinal_hernia,cmr_surgical/inguinal_hernia,arm left: 1. left instrument: Tool #0 (Cyan). arm right: 0. right instrument: Tool #14 (White). do an inguinal hernia repair,arm left 1 left instrument tool 0 cyan arm right 0 right instrument tool 14 white do an inguinal hernia repair,inguinal hernia repair,inguinal hernia repair,17,3,arm left: 1. left instrument: Tool #0 (Cyan). arm right: 0. right instrument: Tool #14 (White),strip_cmr_state_template | strip_cmr_do_carrier,4.789074426085295e-05,4.7908791927236606e-05
cmr_versius:02,cmr_versius,CMR_STATE_PROMPT,cmr-surgical-60hz/inguinal_hernia,cmr_surgical/inguinal_hernia,arm left: 1. left instrument: Tool #0 (Cyan). arm right: -1. right instrument: Tool #3 (None). do an inguinal hernia repair,arm left 1 left instrument tool 0 cyan arm right 1 right instrument tool 3 none do an inguinal hernia repair,inguinal hernia repair,inguinal hernia repair,17,3,arm left: 1. left instrument: Tool #0 (Cyan). arm right: -1. right instrument: Tool #3 (None),strip_cmr_state_template | strip_cmr_do_carrier,0.00013675686062010863,0.00013680839755556956
cmr_versius:02,cmr_versius,CMR_STATE_PROMPT,cmr-surgical-60hz/inguinal_hernia,cmr_surgical/inguinal_hernia,arm left: 1. left instrument: Tool #0 (Cyan). arm right: 2. right instrument: Tool #9 (Orange). do an inguinal hernia repair,arm left 1 left instrument tool 0 cyan arm right 2 right instrument tool 9 orange do an inguinal hernia repair,inguinal hernia repair,inguinal hernia repair,17,3,arm left: 1. left instrument: Tool #0 (Cyan). arm right: 2. right instrument: Tool #9 (Orange),strip_cmr_state_template | strip_cmr_do_carrier,0.0011795236785529196,0.0011799681830218039
cmr_versius:02,cmr_versius,CMR_STATE_PROMPT,cmr-surgical-60hz/inguinal_hernia,cmr_surgical/inguinal_hernia,arm left: 2. left instrument: Tool #9 (Orange). arm right: -1. right instrument: Tool #3 (None). do an inguinal hernia repair,arm left 2 left instrument tool 9 orange arm right 1 right instrument tool 3 none do an inguinal hernia repair,inguinal hernia repair,inguinal hernia repair,17,3,arm left: 2. left instrument: Tool #9 (Orange). arm right: -1. right instrument: Tool #3 (None),strip_cmr_state_template | strip_cmr_do_carrier,7.790640215744553e-07,7.793576124920719e-07
cmr_versius:02,cmr_versius,CMR_STATE_PROMPT,cmr-surgical-60hz/inguinal_hernia,cmr_surgical/inguinal_hernia,arm left: 1. left instrument: Tool #0 (Cyan). arm right: 2. right instrument: Tool #2 (Orange). do an inguinal hernia repair,arm left 1 left instrument tool 0 cyan arm right 2 right instrument tool 2 orange do an inguinal hernia repair,inguinal hernia repair,inguinal hernia repair,17,3,arm left: 1. left instrument: Tool #0 (Cyan). arm right: 2. right instrument: Tool #2 (Orange),strip_cmr_state_template | strip_cmr_do_carrier,0.000608315069746667,0.0006085443137812792
cmr_versius:02,cmr_versius,CMR_STATE_PROMPT,cmr-surgical-60hz/inguinal_hernia,cmr_surgical/inguinal_hernia,arm left: -1. left instrument: Tool #3 (None). arm right: 2. right instrument: Tool #18 (Purple). do an inguinal hernia repair,arm left 1 left instrument tool 3 none arm right 2 right instrument tool 18 purple do an inguinal hernia repair,inguinal hernia repair,inguinal hernia repair,17,3,arm left: -1. left instrument: Tool #3 (None). arm right: 2. right instrument: Tool #18 (Purple),strip_cmr_state_template | strip_cmr_do_carrier,1.5119123808521209e-05,1.512482146276987e-05
cmr_versius:02,cmr_versius,CMR_STATE_PROMPT,cmr-surgical-60hz/inguinal_hernia,cmr_surgical/inguinal_hernia,arm left: 1. left instrument: Tool #13 (Blue). arm right: 2. right instrument: Tool #18 (Purple). do an inguinal hernia repair,arm left 1 left instrument tool 13 blue arm right 2 right instrument tool 18 purple do an inguinal hernia repair,inguinal hernia repair,inguinal hernia repair,17,3,arm left: 1. left instrument: Tool #13 (Blue). arm right: 2. right instrument: Tool #18 (Purple),strip_cmr_state_template | strip_cmr_do_carrier,9.500431085369459e-05,9.504011330641817e-05
cmr_versius:02,cmr_versius,CMR_STATE_PROMPT,cmr-surgical-60hz/inguinal_hernia,cmr_surgical/inguinal_hernia,arm left: 1. left instrument: Tool #13 (Blue). arm right: -1. right instrument: Tool #3 (None). do an inguinal hernia repair,arm left 1 left instrument tool 13 blue arm right 1 right instrument tool 3 none do an inguinal hernia repair,inguinal hernia repair,inguinal hernia repair,17,3,arm left: 1. left instrument: Tool #13 (Blue). arm right: -1. right instrument: Tool #3 (None),strip_cmr_state_template | strip_cmr_do_carrier,1.374397206099632e-05,1.3749151488177324e-05
cmr_versius:02,cmr_versius,CMR_STATE_PROMPT,cmr-surgical-60hz/inguinal_hernia,cmr_surgical/inguinal_hernia,arm left: 0. left instrument: Tool #17 (White). arm right: 2. right instrument: Tool #18 (Purple). do an inguinal hernia repair,arm left 0 left instrument tool 17 white arm right 2 right instrument tool 18 purple do an inguinal hernia repair,inguinal hernia repair,inguinal hernia repair,17,3,arm left: 0. left instrument: Tool #17 (White). arm right: 2. right instrument: Tool #18 (Purple),strip_cmr_state_template | strip_cmr_do_carrier,3.95002436120317e-05,3.951512931134137e-05
cmr_versius:02,cmr_versius,CMR_STATE_PROMPT,cmr-surgical-60hz/inguinal_hernia,cmr_surgical/inguinal_hernia,arm left: 1. left instrument: Tool #2 (Blue). arm right: 2. right instrument: Tool #18 (Purple). do an inguinal hernia repair,arm left 1 left instrument tool 2 blue arm right 2 right instrument tool 18 purple do an inguinal hernia repair,inguinal hernia repair,inguinal hernia repair,17,3,arm left: 1. left instrument: Tool #2 (Blue). arm right: 2. right instrument: Tool #18 (Purple),strip_cmr_state_template | strip_cmr_do_carrier,2.9089458297093643e-05,2.9100420683390412e-05
cmr_versius:02,cmr_versius,CMR_STATE_PROMPT,cmr-surgical-60hz/inguinal_hernia,cmr_surgical/inguinal_hernia,arm left: 1. left instrument: Tool #2 (Blue). arm right: 2. right instrument: Tool #2 (Purple). do an inguinal hernia repair,arm left 1 left instrument tool 2 blue arm right 2 right instrument tool 2 purple do an inguinal hernia repair,inguinal hernia repair,inguinal hernia repair,17,3,arm left: 1. left instrument: Tool #2 (Blue). arm right: 2. right instrument: Tool #2 (Purple),strip_cmr_state_template | strip_cmr_do_carrier,2.1442180952147295e-05,2.145026145568373e-05
cmr_versius:02,cmr_versius,CMR_STATE_PROMPT,cmr-surgical-60hz/inguinal_hernia,cmr_surgical/inguinal_hernia,arm left: 0. left instrument: Tool #14 (White). arm right: 1. right instrument: Tool #9 (Blue). do an inguinal hernia repair,arm left 0 left instrument tool 14 white arm right 1 right instrument tool 9 blue do an inguinal hernia repair,inguinal hernia repair,inguinal hernia repair,17,3,arm left: 0. left instrument: Tool #14 (White). arm right: 1. right instrument: Tool #9 (Blue),strip_cmr_state_template | strip_cmr_do_carrier,3.255846249969757e-05,3.257073218308271e-05
cmr_versius:02,cmr_versius,CMR_STATE_PROMPT,cmr-surgical-60hz/inguinal_hernia,cmr_surgical/inguinal_hernia,arm left: 0. left instrument: Tool #14 (White). arm right: 1. right instrument: Tool #2 (Blue). do an inguinal hernia repair,arm left 0 left instrument tool 14 white arm right 1 right instrument tool 2 blue do an inguinal hernia repair,inguinal hernia repair,inguinal hernia repair,17,3,arm left: 0. left instrument: Tool #14 (White). arm right: 1. right instrument: Tool #2 (Blue),strip_cmr_state_template | strip_cmr_do_carrier,4.854719530082367e-05,4.856549035132193e-05
cmr_versius:02,cmr_versius,CMR_STATE_PROMPT,cmr-surgical-60hz/inguinal_hernia,cmr_surgical/inguinal_hernia,arm left: 2. left instrument: Tool #18 (Green). arm right: 1. right instrument: Tool #2 (Cyan). do an inguinal hernia repair,arm left 2 left instrument tool 18 green arm right 1 right instrument tool 2 cyan do an inguinal hernia repair,inguinal hernia repair,inguinal hernia repair,17,3,arm left: 2. left instrument: Tool #18 (Green). arm right: 1. right instrument: Tool #2 (Cyan),strip_cmr_state_template | strip_cmr_do_carrier,5.0014778372942156e-05,5.00336264833288e-05
cmr_versius:02,cmr_versius,CMR_STATE_PROMPT,cmr-surgical-60hz/inguinal_hernia,cmr_surgical/inguinal_hernia,arm left: 0. left instrument: Tool #14 (White). arm right: 1. right instrument: Tool #2 (Cyan). do an inguinal hernia repair,arm left 0 left instrument tool 14 white arm right 1 right instrument tool 2 cyan do an inguinal hernia repair,inguinal hernia repair,inguinal hernia repair,17,3,arm left: 0. left instrument: Tool #14 (White). arm right: 1. right instrument: Tool #2 (Cyan),strip_cmr_state_template | strip_cmr_do_carrier,4.547432534647795e-05,4.549146238340527e-05
cmr_versius:02,cmr_versius,CMR_STATE_PROMPT,cmr-surgical-60hz/inguinal_hernia,cmr_surgical/inguinal_hernia,arm left: 2. left instrument: Tool #2 (Green). arm right: 1. right instrument: Tool #2 (Cyan). do an inguinal hernia repair,arm left 2 left instrument tool 2 green arm right 1 right instrument tool 2 cyan do an inguinal hernia repair,inguinal hernia repair,inguinal hernia repair,17,3,arm left: 2. left instrument: Tool #2 (Green). arm right: 1. right instrument: Tool #2 (Cyan),strip_cmr_state_template | strip_cmr_do_carrier,6.180448814253137e-05,6.182777921474636e-05
cmr_versius:02,cmr_versius,CMR_STATE_PROMPT,cmr-surgical-60hz/inguinal_hernia,cmr_surgical/inguinal_hernia,arm left: 2. left instrument: Tool #2 (Green). arm right: -1. right instrument: Tool #3 (None). do an inguinal hernia repair,arm left 2 left instrument tool 2 green arm right 1 right instrument tool 3 none do an inguinal hernia repair,inguinal hernia repair,inguinal hernia repair,17,3,arm left: 2. left instrument: Tool #2 (Green). arm right: -1. right instrument: Tool #3 (None),strip_cmr_state_template | strip_cmr_do_carrier,1.584348357676477e-05,1.5849454206588163e-05
cmr_versius:02,cmr_versius,CMR_STATE_PROMPT,cmr-surgical-60hz/inguinal_hernia,cmr_surgical/inguinal_hernia,arm left: 2. left instrument: Tool #18 (Green). arm right: 1. right instrument: Tool #9 (Cyan). do an inguinal hernia repair,arm left 2 left instrument tool 18 green arm right 1 right instrument tool 9 cyan do an inguinal hernia repair,inguinal hernia repair,inguinal hernia repair,17,3,arm left: 2. left instrument: Tool #18 (Green). arm right: 1. right instrument: Tool #9 (Cyan),strip_cmr_state_template | strip_cmr_do_carrier,0.00034332389390469043,0.0003434532757966272
cmr_versius:02,cmr_versius,CMR_STATE_PROMPT,cmr-surgical-60hz/inguinal_hernia,cmr_surgical/inguinal_hernia,arm left: 2. left instrument: Tool #18 (Green). arm right: -1. right instrument: Tool #3 (None). do an inguinal hernia repair,arm left 2 left instrument tool 18 green arm right 1 right instrument tool 3 none do an inguinal hernia repair,inguinal hernia repair,inguinal hernia repair,17,3,arm left: 2. left instrument: Tool #18 (Green). arm right: -1. right instrument: Tool #3 (None),strip_cmr_state_template | strip_cmr_do_carrier,1.5386986014486275e-05,1.5392784612827676e-05
cmr_versius:02,cmr_versius,CMR_STATE_PROMPT,cmr-surgical-60hz/inguinal_hernia,cmr_surgical/inguinal_hernia,arm left: 2. left instrument: Tool #0 (Cyan). arm right: 1. right instrument: Tool #9 (Purple). do an inguinal hernia repair,arm left 2 left instrument tool 0 cyan arm right 1 right instrument tool 9 purple do an inguinal hernia repair,inguinal hernia repair,inguinal hernia repair,17,3,arm left: 2. left instrument: Tool #0 (Cyan). arm right: 1. right instrument: Tool #9 (Purple),strip_cmr_state_template | strip_cmr_do_carrier,9.826204345722748e-05,9.829907358916348e-05
cmr_versius:02,cmr_versius,CMR_STATE_PROMPT,cmr-surgical-60hz/inguinal_hernia,cmr_surgical/inguinal_hernia,arm left: 2. left instrument: Tool #0 (Cyan). arm right: 1. right instrument: Tool #2 (Purple). do an inguinal hernia repair,arm left 2 left instrument tool 0 cyan arm right 1 right instrument tool 2 purple do an inguinal hernia repair,inguinal hernia repair,inguinal hernia repair,17,3,arm left: 2. left instrument: Tool #0 (Cyan). arm right: 1. right instrument: Tool #2 (Purple),strip_cmr_state_template | strip_cmr_do_carrier,6.082735699682781e-05,6.085027983636646e-05
cmr_versius:02,cmr_versius,CMR_STATE_PROMPT,cmr-surgical-60hz/inguinal_hernia,cmr_surgical/inguinal_hernia,arm left: 2. left instrument: Tool #0 (Blue). arm right: 1. right instrument: Tool #9 (Orange). do an inguinal hernia repair,arm left 2 left instrument tool 0 blue arm right 1 right instrument tool 9 orange do an inguinal hernia repair,inguinal hernia repair,inguinal hernia repair,17,3,arm left: 2. left instrument: Tool #0 (Blue). arm right: 1. right instrument: Tool #9 (Orange),strip_cmr_state_template | strip_cmr_do_carrier,0.0007266384833478275,0.0007269123176582228
cmr_versius:02,cmr_versius,CMR_STATE_PROMPT,cmr-surgical-60hz/inguinal_hernia,cmr_surgical/inguinal_hernia,arm left: 2. left instrument: Tool #2 (Blue). arm right: 1. right instrument: Tool #2 (Orange). do an inguinal hernia repair,arm left 2 left instrument tool 2 blue arm right 1 right instrument tool 2 orange do an inguinal hernia repair,inguinal hernia repair,inguinal hernia repair,17,3,arm left: 2. left instrument: Tool #2 (Blue). arm right: 1. right instrument: Tool #2 (Orange),strip_cmr_state_template | strip_cmr_do_carrier,0.00011091381680516905,0.00011095561476830228
cmr_versius:02,cmr_versius,CMR_STATE_PROMPT,cmr-surgical-60hz/inguinal_hernia,cmr_surgical/inguinal_hernia,arm left: 2. left instrument: Tool #0 (Blue). arm right: 0. right instrument: Tool #14 (White). do an inguinal hernia repair,arm left 2 left instrument tool 0 blue arm right 0 right instrument tool 14 white do an inguinal hernia repair,inguinal hernia repair,inguinal hernia repair,17,3,arm left: 2. left instrument: Tool #0 (Blue). arm right: 0. right instrument: Tool #14 (White),strip_cmr_state_template | strip_cmr_do_carrier,2.250419800819189e-06,2.2512678733729823e-06
cmr_versius:02,cmr_versius,CMR_STATE_PROMPT,cmr-surgical-60hz/inguinal_hernia,cmr_surgical/inguinal_hernia,arm left: 2. left instrument: Tool #13 (Blue). arm right: 1. right instrument: Tool #9 (Orange). do an inguinal hernia repair,arm left 2 left instrument tool 13 blue arm right 1 right instrument tool 9 orange do an inguinal hernia repair,inguinal hernia repair,inguinal hernia repair,17,3,arm left: 2. left instrument: Tool #13 (Blue). arm right: 1. right instrument: Tool #9 (Orange),strip_cmr_state_template | strip_cmr_do_carrier,0.00045885739058597536,0.0004590303113712082
cmr_versius:02,cmr_versius,CMR_STATE_PROMPT,cmr-surgical-60hz/inguinal_hernia,cmr_surgical/inguinal_hernia,arm left: 2. left instrument: Tool #13 (Blue). arm right: -1. right instrument: Tool #3 (None). do an inguinal hernia repair,arm left 2 left instrument tool 13 blue arm right 1 right instrument tool 3 none do an inguinal hernia repair,inguinal hernia repair,inguinal hernia repair,17,3,arm left: 2. left instrument: Tool #13 (Blue). arm right: -1. right instrument: Tool #3 (None),strip_cmr_state_template | strip_cmr_do_carrier,0.0001189685465197524,0.00011901337991440674
cmr_versius:02,cmr_versius,CMR_STATE_PROMPT,cmr-surgical-60hz/inguinal_hernia,cmr_surgical/inguinal_hernia,arm left: 2. left instrument: Tool #13 (Blue). arm right: 0. right instrument: Tool #14 (White). do an inguinal hernia repair,arm left 2 left instrument tool 13 blue arm right 0 right instrument tool 14 white do an inguinal hernia repair,inguinal hernia repair,inguinal hernia repair,17,3,arm left: 2. left instrument: Tool #13 (Blue). arm right: 0. right instrument: Tool #14 (White),strip_cmr_state_template | strip_cmr_do_carrier,3.243396316453071e-05,3.244618593023894e-05
cmr_versius:02,cmr_versius,CMR_STATE_PROMPT,cmr-surgical-60hz/inguinal_hernia,cmr_surgical/inguinal_hernia,arm left: 2. left instrument: Tool #13 (Blue). arm right: 1. right instrument: Tool #2 (Orange). do an inguinal hernia repair,arm left 2 left instrument tool 13 blue arm right 1 right instrument tool 2 orange do an inguinal hernia repair,inguinal hernia repair,inguinal hernia repair,17,3,arm left: 2. left instrument: Tool #13 (Blue). arm right: 1. right instrument: Tool #2 (Orange),strip_cmr_state_template | strip_cmr_do_carrier,0.0001591724000108332,0.00015923238426075913
cmr_versius:02,cmr_versius,CMR_STATE_PROMPT,cmr-surgical-60hz/inguinal_hernia,cmr_surgical/inguinal_hernia,arm left: 2. left instrument: Tool #0 (Green). arm right: -1. right instrument: Tool #3 (None). do an inguinal hernia repair,arm left 2 left instrument tool 0 green arm right 1 right instrument tool 3 none do an inguinal hernia repair,inguinal hernia repair,inguinal hernia repair,17,3,arm left: 2. left instrument: Tool #0 (Green). arm right: -1. right instrument: Tool #3 (None),strip_cmr_state_template | strip_cmr_do_carrier,2.252494789738637e-05,2.253343644253712e-05
cmr_versius:02,cmr_versius,CMR_STATE_PROMPT,cmr-surgical-60hz/inguinal_hernia,cmr_surgical/inguinal_hernia,arm left: 2. left instrument: Tool #0 (Green). arm right: 1. right instrument: Tool #18 (Orange). do an inguinal hernia repair,arm left 2 left instrument tool 0 green arm right 1 right instrument tool 18 orange do an inguinal hernia repair,inguinal hernia repair,inguinal hernia repair,17,3,arm left: 2. left instrument: Tool #0 (Green). arm right: 1. right instrument: Tool #18 (Orange),strip_cmr_state_template | strip_cmr_do_carrier,1.3159202456424696e-05,1.3164161512699014e-05
cmr_versius:02,cmr_versius,CMR_STATE_PROMPT,cmr-surgical-60hz/inguinal_hernia,cmr_surgical/inguinal_hernia,arm left: 2. left instrument: Tool #0 (Green). arm right: 0. right instrument: Tool #17 (White). do an inguinal hernia repair,arm left 2 left instrument tool 0 green arm right 0 right instrument tool 17 white do an inguinal hernia repair,inguinal hernia repair,inguinal hernia repair,17,3,arm left: 2. left instrument: Tool #0 (Green). arm right: 0. right instrument: Tool #17 (White),strip_cmr_state_template | strip_cmr_do_carrier,3.0436314741171515e-05,3.0447784691427553e-05
cmr_versius:02,cmr_versius,CMR_STATE_PROMPT,cmr-surgical-60hz/inguinal_hernia,cmr_surgical/inguinal_hernia,arm left: -1. left instrument: Tool #3 (None). arm right: 1. right instrument: Tool #18 (Orange). do an inguinal hernia repair,arm left 1 left instrument tool 3 none arm right 1 right instrument tool 18 orange do an inguinal hernia repair,inguinal hernia repair,inguinal hernia repair,17,3,arm left: -1. left instrument: Tool #3 (None). arm right: 1. right instrument: Tool #18 (Orange),strip_cmr_state_template | strip_cmr_do_carrier,8.790407604205718e-07,8.793720276544927e-07
cmr_versius:02,cmr_versius,CMR_STATE_PROMPT,cmr-surgical-60hz/inguinal_hernia,cmr_surgical/inguinal_hernia,arm left: 2. left instrument: Tool #18 (Green). arm right: 1. right instrument: Tool #2 (Orange). do an inguinal hernia repair,arm left 2 left instrument tool 18 green arm right 1 right instrument tool 2 orange do an inguinal hernia repair,inguinal hernia repair,inguinal hernia repair,17,3,arm left: 2. left instrument: Tool #18 (Green). arm right: 1. right instrument: Tool #2 (Orange),strip_cmr_state_template | strip_cmr_do_carrier,0.00010801826408575795,0.00010805897085746613
cmr_versius:02,cmr_versius,CMR_STATE_PROMPT,cmr-surgical-60hz/inguinal_hernia,cmr_surgical/inguinal_hernia,arm left: 0. left instrument: Tool #17 (White). arm right: 1. right instrument: Tool #2 (Orange). do an inguinal hernia repair,arm left 0 left instrument tool 17 white arm right 1 right instrument tool 2 orange do an inguinal hernia repair,inguinal hernia repair,inguinal hernia repair,17,3,arm left: 0. left instrument: Tool #17 (White). arm right: 1. right instrument: Tool #2 (Orange),strip_cmr_state_template | strip_cmr_do_carrier,1.1365280217884003e-05,1.136956323308652e-05
cmr_versius:02,cmr_versius,CMR_STATE_PROMPT,cmr-surgical-60hz/inguinal_hernia,cmr_surgical/inguinal_hernia,arm left: 2. left instrument: Tool #18 (Green). arm right: 0. right instrument: Tool #17 (White). do an inguinal hernia repair,arm left 2 left instrument tool 18 green arm right 0 right instrument tool 17 white do an inguinal hernia repair,inguinal hernia repair,inguinal hernia repair,17,3,arm left: 2. left instrument: Tool #18 (Green). arm right: 0. right instrument: Tool #17 (White),strip_cmr_state_template | strip_cmr_do_carrier,5.979740795135649e-06,5.981994265374983e-06
cmr_versius:02,cmr_versius,CMR_STATE_PROMPT,cmr-surgical-60hz/inguinal_hernia,cmr_surgical/inguinal_hernia,arm left: 2. left instrument: Tool #18 (Cyan). arm right: 1. right instrument: Tool #9 (Blue). do an inguinal hernia repair,arm left 2 left instrument tool 18 cyan arm right 1 right instrument tool 9 blue do an inguinal hernia repair,inguinal hernia repair,inguinal hernia repair,17,3,arm left: 2. left instrument: Tool #18 (Cyan). arm right: 1. right instrument: Tool #9 (Blue),strip_cmr_state_template | strip_cmr_do_carrier,0.000518769866104683,0.0005189653649556165
cmr_versius:02,cmr_versius,CMR_STATE_PROMPT,cmr-surgical-60hz/inguinal_hernia,cmr_surgical/inguinal_hernia,arm left: 2. left instrument: Tool #18 (Cyan). arm right: -1. right instrument: Tool #3 (None). do an inguinal hernia repair,arm left 2 left instrument tool 18 cyan arm right 1 right instrument tool 3 none do an inguinal hernia repair,inguinal hernia repair,inguinal hernia repair,17,3,arm left: 2. left instrument: Tool #18 (Cyan). arm right: -1. right instrument: Tool #3 (None),strip_cmr_state_template | strip_cmr_do_carrier,8.03209347182574e-06,8.035120372860151e-06
cmr_versius:02,cmr_versius,CMR_STATE_PROMPT,cmr-surgical-60hz/inguinal_hernia,cmr_surgical/inguinal_hernia,arm left: 0. left instrument: Tool #17 (White). arm right: 1. right instrument: Tool #2 (Blue). do an inguinal hernia repair,arm left 0 left instrument tool 17 white arm right 1 right instrument tool 2 blue do an inguinal hernia repair,inguinal hernia repair,inguinal hernia repair,17,3,arm left: 0. left instrument: Tool #17 (White). arm right: 1. right instrument: Tool #2 (Blue),strip_cmr_state_template | strip_cmr_do_carrier,7.178329849151166e-05,7.181035008661815e-05
cmr_versius:02,cmr_versius,CMR_STATE_PROMPT,cmr-surgical-60hz/inguinal_hernia,cmr_surgical/inguinal_hernia,arm left: 2. left instrument: Tool #18 (Cyan). arm right: 1. right instrument: Tool #2 (Blue). do an inguinal hernia repair,arm left 2 left instrument tool 18 cyan arm right 1 right instrument tool 2 blue do an inguinal hernia repair,inguinal hernia repair,inguinal hernia repair,17,3,arm left: 2. left instrument: Tool #18 (Cyan). arm right: 1. right instrument: Tool #2 (Blue),strip_cmr_state_template | strip_cmr_do_carrier,4.714563460341491e-05,4.716340147461102e-05
cmr_versius:02,cmr_versius,CMR_STATE_PROMPT,cmr-surgical-60hz/inguinal_hernia,cmr_surgical/inguinal_hernia,arm left: 2. left instrument: Tool #2 (Cyan). arm right: 1. right instrument: Tool #2 (Blue). do an inguinal hernia repair,arm left 2 left instrument tool 2 cyan arm right 1 right instrument tool 2 blue do an inguinal hernia repair,inguinal hernia repair,inguinal hernia repair,17,3,arm left: 2. left instrument: Tool #2 (Cyan). arm right: 1. right instrument: Tool #2 (Blue),strip_cmr_state_template | strip_cmr_do_carrier,0.0001420839230823998,0.00014213746752573327
cmr_versius:02,cmr_versius,CMR_STATE_PROMPT,cmr-surgical-60hz/inguinal_hernia,cmr_surgical/inguinal_hernia,arm left: 2. left instrument: Tool #2 (Cyan). arm right: 1. right instrument: Tool #9 (Blue). do an inguinal hernia repair,arm left 2 left instrument tool 2 cyan arm right 1 right instrument tool 9 blue do an inguinal hernia repair,inguinal hernia repair,inguinal hernia repair,17,3,arm left: 2. left instrument: Tool #2 (Cyan). arm right: 1. right instrument: Tool #9 (Blue),strip_cmr_state_template | strip_cmr_do_carrier,1.5109692040705537e-06,1.5115386140584736e-06
cmr_versius:02,cmr_versius,CMR_STATE_PROMPT,cmr-surgical-60hz/inguinal_hernia,cmr_surgical/inguinal_hernia,arm left: 2. left instrument: Tool #2 (Cyan). arm right: 0. right instrument: Tool #17 (White). do an inguinal hernia repair,arm left 2 left instrument tool 2 cyan arm right 0 right instrument tool 17 white do an inguinal hernia repair,inguinal hernia repair,inguinal hernia repair,17,3,arm left: 2. left instrument: Tool #2 (Cyan). arm right: 0. right instrument: Tool #17 (White),strip_cmr_state_template | strip_cmr_do_carrier,1.040701260781179e-05,1.04109344990769e-05
cmr_versius:02,cmr_versius,CMR_STATE_PROMPT,cmr-surgical-60hz/inguinal_hernia,cmr_surgical/inguinal_hernia,arm left: 2. left instrument: Tool #0 (Orange). arm right: 0. right instrument: Tool #14 (White). do an inguinal hernia repair,arm left 2 left instrument tool 0 orange arm right 0 right instrument tool 14 white do an inguinal hernia repair,inguinal hernia repair,inguinal hernia repair,17,3,arm left: 2. left instrument: Tool #0 (Orange). arm right: 0. right instrument: Tool #14 (White),strip_cmr_state_template | strip_cmr_do_carrier,5.824493896889698e-05,5.8266888622076755e-05
cmr_versius:02,cmr_versius,CMR_STATE_PROMPT,cmr-surgical-60hz/inguinal_hernia,cmr_surgical/inguinal_hernia,arm left: 2. left instrument: Tool #0 (Orange). arm right: 1. right instrument: Tool #9 (Blue). do an inguinal hernia repair,arm left 2 left instrument tool 0 orange arm right 1 right instrument tool 9 blue do an inguinal hernia repair,inguinal hernia repair,inguinal hernia repair,17,3,arm left: 2. left instrument: Tool #0 (Orange). arm right: 1. right instrument: Tool #9 (Blue),strip_cmr_state_template | strip_cmr_do_carrier,6.15913301898972e-05,6.161454093336232e-05
cmr_versius:02,cmr_versius,CMR_STATE_PROMPT,cmr-surgical-60hz/inguinal_hernia,cmr_surgical/inguinal_hernia,arm left: 2. left instrument: Tool #0 (Orange). arm right: 1. right instrument: Tool #2 (Blue). do an inguinal hernia repair,arm left 2 left instrument tool 0 orange arm right 1 right instrument tool 2 blue do an inguinal hernia repair,inguinal hernia repair,inguinal hernia repair,17,3,arm left: 2. left instrument: Tool #0 (Orange). arm right: 1. right instrument: Tool #2 (Blue),strip_cmr_state_template | strip_cmr_do_carrier,4.937530451503963e-05,4.939391163917671e-05
cmr_versius:02,cmr_versius,CMR_STATE_PROMPT,cmr-surgical-60hz/inguinal_hernia,cmr_surgical/inguinal_hernia,arm left: -1. left instrument: Tool #3 (None). arm right: 2. right instrument: Tool #8 (Cyan). do an inguinal hernia repair,arm left 1 left instrument tool 3 none arm right 2 right instrument tool 8 cyan do an inguinal hernia repair,inguinal hernia repair,inguinal hernia repair,17,3,arm left: -1. left instrument: Tool #3 (None). arm right: 2. right instrument: Tool #8 (Cyan),strip_cmr_state_template | strip_cmr_do_carrier,1.1318121378805646e-07,1.132238662216085e-07
cmr_versius:02,cmr_versius,CMR_STATE_PROMPT,cmr-surgical-60hz/inguinal_hernia,cmr_surgical/inguinal_hernia,arm left: 1. left instrument: Tool #0 (Orange). arm right: 2. right instrument: Tool #8 (Cyan). do an inguinal hernia repair,arm left 1 left instrument tool 0 orange arm right 2 right instrument tool 8 cyan do an inguinal hernia repair,inguinal hernia repair,inguinal hernia repair,17,3,arm left: 1. left instrument: Tool #0 (Orange). arm right: 2. right instrument: Tool #8 (Cyan),strip_cmr_state_template | strip_cmr_do_carrier,7.028176105525678e-05,7.030824679474482e-05
cmr_versius:02,cmr_versius,CMR_STATE_PROMPT,cmr-surgical-60hz/inguinal_hernia,cmr_surgical/inguinal_hernia,arm left: 1. left instrument: Tool #0 (Orange). arm right: -1. right instrument: Tool #3 (None). do an inguinal hernia repair,arm left 1 left instrument tool 0 orange arm right 1 right instrument tool 3 none do an inguinal hernia repair,inguinal hernia repair,inguinal hernia repair,17,3,arm left: 1. left instrument: Tool #0 (Orange). arm right: -1. right instrument: Tool #3 (None),strip_cmr_state_template | strip_cmr_do_carrier,5.6103927674739585e-05,5.612507048605134e-05
cmr_versius:02,cmr_versius,CMR_STATE_PROMPT,cmr-surgical-60hz/inguinal_hernia,cmr_surgical/inguinal_hernia,arm left: 1. left instrument: Tool #0 (Orange). arm right: 2. right instrument: Tool #2 (Cyan). do an inguinal hernia repair,arm left 1 left instrument tool 0 orange arm right 2 right instrument tool 2 cyan do an inguinal hernia repair,inguinal hernia repair,inguinal hernia repair,17,3,arm left: 1. left instrument: Tool #0 (Orange). arm right: 2. right instrument: Tool #2 (Cyan),strip_cmr_state_template | strip_cmr_do_carrier,0.00013648899841414355,0.00013654043440551174
cmr_versius:02,cmr_versius,CMR_STATE_PROMPT,cmr-surgical-60hz/inguinal_hernia,cmr_surgical/inguinal_hernia,arm left: 1. left instrument: Tool #0 (Orange). arm right: 0. right instrument: Tool #14 (White). do an inguinal hernia repair,arm left 1 left instrument tool 0 orange arm right 0 right instrument tool 14 white do an inguinal hernia repair,inguinal hernia repair,inguinal hernia repair,17,3,arm left: 1. left instrument: Tool #0 (Orange). arm right: 0. right instrument: Tool #14 (White),strip_cmr_state_template | strip_cmr_do_carrier,5.679810578597299e-06,5.68195101988772e-06
cmr_versius:02,cmr_versius,CMR_STATE_PROMPT,cmr-surgical-60hz/inguinal_hernia,cmr_surgical/inguinal_hernia,arm left: 1. left instrument: Tool #2 (Green). arm right: 2. right instrument: Tool #2 (Orange). do an inguinal hernia repair,arm left 1 left instrument tool 2 green arm right 2 right instrument tool 2 orange do an inguinal hernia repair,inguinal hernia repair,inguinal hernia repair,17,3,arm left: 1. left instrument: Tool #2 (Green). arm right: 2. right instrument: Tool #2 (Orange),strip_cmr_state_template | strip_cmr_do_carrier,0.00029299220813314175,0.0002931026224878779
cmr_versius:02,cmr_versius,CMR_STATE_PROMPT,cmr-surgical-60hz/inguinal_hernia,cmr_surgical/inguinal_hernia,arm left: 1. left instrument: Tool #18 (Green). arm right: 2. right instrument: Tool #8 (Orange). do an inguinal hernia repair,arm left 1 left instrument tool 18 green arm right 2 right instrument tool 8 orange do an inguinal hernia repair,inguinal hernia repair,inguinal hernia repair,17,3,arm left: 1. left instrument: Tool #18 (Green). arm right: 2. right instrument: Tool #8 (Orange),strip_cmr_state_template | strip_cmr_do_carrier,0.00035629823371192797,0.0003564325049944976
cmr_versius:02,cmr_versius,CMR_STATE_PROMPT,cmr-surgical-60hz/inguinal_hernia,cmr_surgical/inguinal_hernia,arm left: -1. left instrument: Tool #3 (None). arm right: 2. right instrument: Tool #8 (Orange). do an inguinal hernia repair,arm left 1 left instrument tool 3 none arm right 2 right instrument tool 8 orange do an inguinal hernia repair,inguinal hernia repair,inguinal hernia repair,17,3,arm left: -1. left instrument: Tool #3 (None). arm right: 2. right instrument: Tool #8 (Orange),strip_cmr_state_template | strip_cmr_do_carrier,2.9370524978000647e-06,2.9381593284507405e-06
cmr_versius:02,cmr_versius,CMR_STATE_PROMPT,cmr-surgical-60hz/inguinal_hernia,cmr_surgical/inguinal_hernia,arm left: 1. left instrument: Tool #13 (Blue). arm right: 2. right instrument: Tool #9 (Cyan). do an inguinal hernia repair,arm left 1 left instrument tool 13 blue arm right 2 right instrument tool 9 cyan do an inguinal hernia repair,inguinal hernia repair,inguinal hernia repair,17,3,arm left: 1. left instrument: Tool #13 (Blue). arm right: 2. right instrument: Tool #9 (Cyan),strip_cmr_state_template | strip_cmr_do_carrier,0.00011534486132497147,0.00011538832913087826
cmr_versius:02,cmr_versius,CMR_STATE_PROMPT,cmr-surgical-60hz/inguinal_hernia,cmr_surgical/inguinal_hernia,arm left: 1. left instrument: Tool #13 (Blue). arm right: 0. right instrument: Tool #14 (White). do an inguinal hernia repair,arm left 1 left instrument tool 13 blue arm right 0 right instrument tool 14 white do an inguinal hernia repair,inguinal hernia repair,inguinal hernia repair,17,3,arm left: 1. left instrument: Tool #13 (Blue). arm right: 0. right instrument: Tool #14 (White),strip_cmr_state_template | strip_cmr_do_carrier,3.142665036181701e-06,3.143849352086663e-06
cmr_versius:02,cmr_versius,CMR_STATE_PROMPT,cmr-surgical-60hz/inguinal_hernia,cmr_surgical/inguinal_hernia,arm left: 1. left instrument: Tool #13 (Blue). arm right: 2. right instrument: Tool #2 (Cyan). do an inguinal hernia repair,arm left 1 left instrument tool 13 blue arm right 2 right instrument tool 2 cyan do an inguinal hernia repair,inguinal hernia repair,inguinal hernia repair,17,3,arm left: 1. left instrument: Tool #13 (Blue). arm right: 2. right instrument: Tool #2 (Cyan),strip_cmr_state_template | strip_cmr_do_carrier,6.927822095966935e-05,6.930432851424657e-05
cmr_versius:02,cmr_versius,CMR_STATE_PROMPT,cmr-surgical-60hz/inguinal_hernia,cmr_surgical/inguinal_hernia,arm left: 0. left instrument: Tool #17 (White). arm right: 1. right instrument: Tool #9 (Blue). do an inguinal hernia repair,arm left 0 left instrument tool 17 white arm right 1 right instrument tool 9 blue do an inguinal hernia repair,inguinal hernia repair,inguinal hernia repair,17,3,arm left: 0. left instrument: Tool #17 (White). arm right: 1. right instrument: Tool #9 (Blue),strip_cmr_state_template | strip_cmr_do_carrier,1.3791130900074677e-05,1.3796328099102994e-05
cmr_versius:02,cmr_versius,CMR_STATE_PROMPT,cmr-surgical-60hz/inguinal_hernia,cmr_surgical/inguinal_hernia,arm left: 2. left instrument: Tool #2 (Blue). arm right: 1. right instrument: Tool #2 (Green). do an inguinal hernia repair,arm left 2 left instrument tool 2 blue arm right 1 right instrument tool 2 green do an inguinal hernia repair,inguinal hernia repair,inguinal hernia repair,17,3,arm left: 2. left instrument: Tool #2 (Blue). arm right: 1. right instrument: Tool #2 (Green),strip_cmr_state_template | strip_cmr_do_carrier,0.00010892748650318867,0.00010896853591611305
cmr_versius:02,cmr_versius,CMR_STATE_PROMPT,cmr-surgical-60hz/inguinal_hernia,cmr_surgical/inguinal_hernia,arm left: 2. left instrument: Tool #13 (Blue). arm right: 1. right instrument: Tool #2 (Green). do an inguinal hernia repair,arm left 2 left instrument tool 13 blue arm right 1 right instrument tool 2 green do an inguinal hernia repair,inguinal hernia repair,inguinal hernia repair,17,3,arm left: 2. left instrument: Tool #13 (Blue). arm right: 1. right instrument: Tool #2 (Green),strip_cmr_state_template | strip_cmr_do_carrier,0.00010664122598466993,0.00010668141381843655
cmr_versius:02,cmr_versius,CMR_STATE_PROMPT,cmr-surgical-60hz/inguinal_hernia,cmr_surgical/inguinal_hernia,arm left: -1. left instrument: Tool #3 (None). arm right: 1. right instrument: Tool #9 (Green). do an inguinal hernia repair,arm left 1 left instrument tool 3 none arm right 1 right instrument tool 9 green do an inguinal hernia repair,inguinal hernia repair,inguinal hernia repair,17,3,arm left: -1. left instrument: Tool #3 (None). arm right: 1. right instrument: Tool #9 (Green),strip_cmr_state_template | strip_cmr_do_carrier,3.108899307401597e-05,3.1100708986638824e-05
cmr_versius:02,cmr_versius,CMR_STATE_PROMPT,cmr-surgical-60hz/inguinal_hernia,cmr_surgical/inguinal_hernia,arm left: 2. left instrument: Tool #13 (Blue). arm right: 1. right instrument: Tool #9 (Green). do an inguinal hernia repair,arm left 2 left instrument tool 13 blue arm right 1 right instrument tool 9 green do an inguinal hernia repair,inguinal hernia repair,inguinal hernia repair,17,3,arm left: 2. left instrument: Tool #13 (Blue). arm right: 1. right instrument: Tool #9 (Green),strip_cmr_state_template | strip_cmr_do_carrier,0.00013767928751248128,0.00013773117206527567
cmr_versius:02,cmr_versius,CMR_STATE_PROMPT,cmr-surgical-60hz/inguinal_hernia,cmr_surgical/inguinal_hernia,arm left: 1. left instrument: Tool #9 (Orange). arm right: -1. right instrument: Tool #3 (None). do an inguinal hernia repair,arm left 1 left instrument tool 9 orange arm right 1 right instrument tool 3 none do an inguinal hernia repair,inguinal hernia repair,inguinal hernia repair,17,3,arm left: 1. left instrument: Tool #9 (Orange). arm right: -1. right instrument: Tool #3 (None),strip_cmr_state_template | strip_cmr_do_carrier,2.7918032734387257e-07,2.792855366799676e-07
cmr_versius:02,cmr_versius,CMR_STATE_PROMPT,cmr-surgical-60hz/inguinal_hernia,cmr_surgical/inguinal_hernia,arm left: 2. left instrument: Tool #18 (Green). arm right: 1. right instrument: Tool #2 (Blue). do an inguinal hernia repair,arm left 2 left instrument tool 18 green arm right 1 right instrument tool 2 blue do an inguinal hernia repair,inguinal hernia repair,inguinal hernia repair,17,3,arm left: 2. left instrument: Tool #18 (Green). arm right: 1. right instrument: Tool #2 (Blue),strip_cmr_state_template | strip_cmr_do_carrier,2.6712652807544455e-05,2.6722719492736632e-05
cmr_versius:02,cmr_versius,CMR_STATE_PROMPT,cmr-surgical-60hz/inguinal_hernia,cmr_surgical/inguinal_hernia,arm left: 2. left instrument: Tool #2 (Green). arm right: 1. right instrument: Tool #2 (Blue). do an inguinal hernia repair,arm left 2 left instrument tool 2 green arm right 1 right instrument tool 2 blue do an inguinal hernia repair,inguinal hernia repair,inguinal hernia repair,17,3,arm left: 2. left instrument: Tool #2 (Green). arm right: 1. right instrument: Tool #2 (Blue),strip_cmr_state_template | strip_cmr_do_carrier,0.00019893484676814055,0.0001990098155288472
cmr_versius:02,cmr_versius,CMR_STATE_PROMPT,cmr-surgical-60hz/inguinal_hernia,cmr_surgical/inguinal_hernia,arm left: 2. left instrument: Tool #2 (Green). arm right: 0. right instrument: Tool #14 (White). do an inguinal hernia repair,arm left 2 left instrument tool 2 green arm right 0 right instrument tool 14 white do an inguinal hernia repair,inguinal hernia repair,inguinal hernia repair,17,3,arm left: 2. left instrument: Tool #2 (Green). arm right: 0. right instrument: Tool #14 (White),strip_cmr_state_template | strip_cmr_do_carrier,5.270471855397162e-06,5.272458037052902e-06
cmr_versius:02,cmr_versius,CMR_STATE_PROMPT,cmr-surgical-60hz/inguinal_hernia,cmr_surgical/inguinal_hernia,arm left: 2. left instrument: Tool #2 (Green). arm right: 1. right instrument: Tool #9 (Blue). do an inguinal hernia repair,arm left 2 left instrument tool 2 green arm right 1 right instrument tool 9 blue do an inguinal hernia repair,inguinal hernia repair,inguinal hernia repair,17,3,arm left: 2. left instrument: Tool #2 (Green). arm right: 1. right instrument: Tool #9 (Blue),strip_cmr_state_template | strip_cmr_do_carrier,1.0367399182985972e-05,1.037130614589934e-05
cmr_versius:02,cmr_versius,CMR_STATE_PROMPT,cmr-surgical-60hz/inguinal_hernia,cmr_surgical/inguinal_hernia,arm left: 2. left instrument: Tool #18 (Green). arm right: 1. right instrument: Tool #9 (Blue). do an inguinal hernia repair,arm left 2 left instrument tool 18 green arm right 1 right instrument tool 9 blue do an inguinal hernia repair,inguinal hernia repair,inguinal hernia repair,17,3,arm left: 2. left instrument: Tool #18 (Green). arm right: 1. right instrument: Tool #9 (Blue),strip_cmr_state_template | strip_cmr_do_carrier,0.00018743186274014774,0.00018750249659185773
cmr_versius:02,cmr_versius,CMR_STATE_PROMPT,cmr-surgical-60hz/inguinal_hernia,cmr_surgical/inguinal_hernia,arm left: 1. left instrument: Tool #13 (Purple). arm right: -1. right instrument: Tool #3 (None). do an inguinal hernia repair,arm left 1 left instrument tool 13 purple arm right 1 right instrument tool 3 none do an inguinal hernia repair,inguinal hernia repair,inguinal hernia repair,17,3,arm left: 1. left instrument: Tool #13 (Purple). arm right: -1. right instrument: Tool #3 (None),strip_cmr_state_template | strip_cmr_do_carrier,4.202795738663163e-05,4.204379565695729e-05
cmr_versius:02,cmr_versius,CMR_STATE_PROMPT,cmr-surgical-60hz/inguinal_hernia,cmr_surgical/inguinal_hernia,arm left: 1. left instrument: Tool #13 (Purple). arm right: 2. right instrument: Tool #2 (Cyan). do an inguinal hernia repair,arm left 1 left instrument tool 13 purple arm right 2 right instrument tool 2 cyan do an inguinal hernia repair,inguinal hernia repair,inguinal hernia repair,17,3,arm left: 1. left instrument: Tool #13 (Purple). arm right: 2. right instrument: Tool #2 (Cyan),strip_cmr_state_template | strip_cmr_do_carrier,9.429315556039296e-05,9.432869001365907e-05
cmr_versius:02,cmr_versius,CMR_STATE_PROMPT,cmr-surgical-60hz/inguinal_hernia,cmr_surgical/inguinal_hernia,arm left: 1. left instrument: Tool #13 (Purple). arm right: 0. right instrument: Tool #14 (White). do an inguinal hernia repair,arm left 1 left instrument tool 13 purple arm right 0 right instrument tool 14 white do an inguinal hernia repair,inguinal hernia repair,inguinal hernia repair,17,3,arm left: 1. left instrument: Tool #13 (Purple). arm right: 0. right instrument: Tool #14 (White),strip_cmr_state_template | strip_cmr_do_carrier,4.423499105549873e-06,4.425166104827866e-06
cmr_versius:02,cmr_versius,CMR_STATE_PROMPT,cmr-surgical-60hz/inguinal_hernia,cmr_surgical/inguinal_hernia,arm left: 1. left instrument: Tool #13 (Purple). arm right: 2. right instrument: Tool #9 (Cyan). do an inguinal hernia repair,arm left 1 left instrument tool 13 purple arm right 2 right instrument tool 9 cyan do an inguinal hernia repair,inguinal hernia repair,inguinal hernia repair,17,3,arm left: 1. left instrument: Tool #13 (Purple). arm right: 2. right instrument: Tool #9 (Cyan),strip_cmr_state_template | strip_cmr_do_carrier,3.099467539585926e-05,3.100635576478748e-05
cmr_versius:02,cmr_versius,CMR_STATE_PROMPT,cmr-surgical-60hz/inguinal_hernia,cmr_surgical/inguinal_hernia,arm left: 1. left instrument: Tool #0 (Purple). arm right: 2. right instrument: Tool #9 (Cyan). do an inguinal hernia repair,arm left 1 left instrument tool 0 purple arm right 2 right instrument tool 9 cyan do an inguinal hernia repair,inguinal hernia repair,inguinal hernia repair,17,3,arm left: 1. left instrument: Tool #0 (Purple). arm right: 2. right instrument: Tool #9 (Cyan),strip_cmr_state_template | strip_cmr_do_carrier,7.001201249572858e-05,7.003839658024999e-05
cmr_versius:02,cmr_versius,CMR_STATE_PROMPT,cmr-surgical-60hz/inguinal_hernia,cmr_surgical/inguinal_hernia,arm left: 1. left instrument: Tool #0 (Purple). arm right: -1. right instrument: Tool #3 (None). do an inguinal hernia repair,arm left 1 left instrument tool 0 purple arm right 1 right instrument tool 3 none do an inguinal hernia repair,inguinal hernia repair,inguinal hernia repair,17,3,arm left: 1. left instrument: Tool #0 (Purple). arm right: -1. right instrument: Tool #3 (None),strip_cmr_state_template | strip_cmr_do_carrier,3.717625602225028e-05,3.719026592492434e-05
cmr_versius:02,cmr_versius,CMR_STATE_PROMPT,cmr-surgical-60hz/inguinal_hernia,cmr_surgical/inguinal_hernia,arm left: -1. left instrument: Tool #3 (None). arm right: 2. right instrument: Tool #0 (Cyan). do an inguinal hernia repair,arm left 1 left instrument tool 3 none arm right 2 right instrument tool 0 cyan do an inguinal hernia repair,inguinal hernia repair,inguinal hernia repair,17,3,arm left: -1. left instrument: Tool #3 (None). arm right: 2. right instrument: Tool #0 (Cyan),strip_cmr_state_template | strip_cmr_do_carrier,1.0174991119546275e-05,1.0178825573322604e-05
cmr_versius:02,cmr_versius,CMR_STATE_PROMPT,cmr-surgical-60hz/inguinal_hernia,cmr_surgical/inguinal_hernia,arm left: 1. left instrument: Tool #2 (Purple). arm right: 2. right instrument: Tool #0 (Cyan). do an inguinal hernia repair,arm left 1 left instrument tool 2 purple arm right 2 right instrument tool 0 cyan do an inguinal hernia repair,inguinal hernia repair,inguinal hernia repair,17,3,arm left: 1. left instrument: Tool #2 (Purple). arm right: 2. right instrument: Tool #0 (Cyan),strip_cmr_state_template | strip_cmr_do_carrier,3.366952474838366e-05,3.36822131364915e-05
cmr_versius:02,cmr_versius,CMR_STATE_PROMPT,cmr-surgical-60hz/inguinal_hernia,cmr_surgical/inguinal_hernia,arm left: 1. left instrument: Tool #2 (Purple). arm right: 2. right instrument: Tool #9 (Cyan). do an inguinal hernia repair,arm left 1 left instrument tool 2 purple arm right 2 right instrument tool 9 cyan do an inguinal hernia repair,inguinal hernia repair,inguinal hernia repair,17,3,arm left: 1. left instrument: Tool #2 (Purple). arm right: 2. right instrument: Tool #9 (Cyan),strip_cmr_state_template | strip_cmr_do_carrier,2.990059032924138e-05,2.9911858391311938e-05
cmr_versius:02,cmr_versius,CMR_STATE_PROMPT,cmr-surgical-60hz/inguinal_hernia,cmr_surgical/inguinal_hernia,arm left: 1. left instrument: Tool #18 (Pink). arm right: 2. right instrument: Tool #9 (Green). do an inguinal hernia repair,arm left 1 left instrument tool 18 pink arm right 2 right instrument tool 9 green do an inguinal hernia repair,inguinal hernia repair,inguinal hernia repair,17,3,arm left: 1. left instrument: Tool #18 (Pink). arm right: 2. right instrument: Tool #9 (Green),strip_cmr_state_template | strip_cmr_do_carrier,0.00040130662972831174,0.00040145786246195724
cmr_versius:02,cmr_versius,CMR_STATE_PROMPT,cmr-surgical-60hz/inguinal_hernia,cmr_surgical/inguinal_hernia,arm left: 1. left instrument: Tool #2 (Pink). arm right: 2. right instrument: Tool #2 (Green). do an inguinal hernia repair,arm left 1 left instrument tool 2 pink arm right 2 right instrument tool 2 green do an inguinal hernia repair,inguinal hernia repair,inguinal hernia repair,17,3,arm left: 1. left instrument: Tool #2 (Pink). arm right: 2. right instrument: Tool #2 (Green),strip_cmr_state_template | strip_cmr_do_carrier,0.0002960556463196718,0.00029616721513360945
cmr_versius:02,cmr_versius,CMR_STATE_PROMPT,cmr-surgical-60hz/inguinal_hernia,cmr_surgical/inguinal_hernia,arm left: 1. left instrument: Tool #18 (Pink). arm right: 2. right instrument: Tool #2 (Green). do an inguinal hernia repair,arm left 1 left instrument tool 18 pink arm right 2 right instrument tool 2 green do an inguinal hernia repair,inguinal hernia repair,inguinal hernia repair,17,3,arm left: 1. left instrument: Tool #18 (Pink). arm right: 2. right instrument: Tool #2 (Green),strip_cmr_state_template | strip_cmr_do_carrier,0.00012173016813618099,0.00012177604225021401
cmr_versius:02,cmr_versius,CMR_STATE_PROMPT,cmr-surgical-60hz/inguinal_hernia,cmr_surgical/inguinal_hernia,arm left: 2. left instrument: Tool #0 (Blue). arm right: 1. right instrument: Tool #2 (Green). do an inguinal hernia repair,arm left 2 left instrument tool 0 blue arm right 1 right instrument tool 2 green do an inguinal hernia repair,inguinal hernia repair,inguinal hernia repair,17,3,arm left: 2. left instrument: Tool #0 (Blue). arm right: 1. right instrument: Tool #2 (Green),strip_cmr_state_template | strip_cmr_do_carrier,0.00015066305908753447,0.00015071983658533118
cmr_versius:02,cmr_versius,CMR_STATE_PROMPT,cmr-surgical-60hz/inguinal_hernia,cmr_surgical/inguinal_hernia,arm left: 2. left instrument: Tool #0 (Blue). arm right: 1. right instrument: Tool #9 (Green). do an inguinal hernia repair,arm left 2 left instrument tool 0 blue arm right 1 right instrument tool 9 green do an inguinal hernia repair,inguinal hernia repair,inguinal hernia repair,17,3,arm left: 2. left instrument: Tool #0 (Blue). arm right: 1. right instrument: Tool #9 (Green),strip_cmr_state_template | strip_cmr_do_carrier,0.0001249784689718982,0.00012502556721077413
cmr_versius:02,cmr_versius,CMR_STATE_PROMPT,cmr-surgical-60hz/inguinal_hernia,cmr_surgical/inguinal_hernia,arm left: 1. left instrument: Tool #18 (Green). arm right: 2. right instrument: Tool #9 (Orange). do an inguinal hernia repair,arm left 1 left instrument tool 18 green arm right 2 right instrument tool 9 orange do an inguinal hernia repair,inguinal hernia repair,inguinal hernia repair,17,3,arm left: 1. left instrument: Tool #18 (Green). arm right: 2. right instrument: Tool #9 (Orange),strip_cmr_state_template | strip_cmr_do_carrier,0.0002823003561372967,0.00028240674125881
cmr_versius:02,cmr_versius,CMR_STATE_PROMPT,cmr-surgical-60hz/inguinal_hernia,cmr_surgical/inguinal_hernia,arm left: 2. left instrument: Tool #13 (Green). arm right: -1. right instrument: Tool #3 (None). do an inguinal hernia repair,arm left 2 left instrument tool 13 green arm right 1 right instrument tool 3 none do an inguinal hernia repair,inguinal hernia repair,inguinal hernia repair,17,3,arm left: 2. left instrument: Tool #13 (Green). arm right: -1. right instrument: Tool #3 (None),strip_cmr_state_template | strip_cmr_do_carrier,1.886353563134274e-09,1.8870644370268083e-09
cmr_versius:02,cmr_versius,CMR_STATE_PROMPT,cmr-surgical-60hz/inguinal_hernia,cmr_surgical/inguinal_hernia,arm left: 2. left instrument: Tool #13 (Green). arm right: 1. right instrument: Tool #8 (Orange). do an inguinal hernia repair,arm left 2 left instrument tool 13 green arm right 1 right instrument tool 8 orange do an inguinal hernia repair,inguinal hernia repair,inguinal hernia repair,17,3,arm left: 2. left instrument: Tool #13 (Green). arm right: 1. right instrument: Tool #8 (Orange),strip_cmr_state_template | strip_cmr_do_carrier,0.00012865497206644689,0.00012870345579853938
cmr_versius:02,cmr_versius,CMR_STATE_PROMPT,cmr-surgical-60hz/inguinal_hernia,cmr_surgical/inguinal_hernia,arm left: 1. left instrument: Tool #0 (Orange). arm right: 2. right instrument: Tool #9 (Green). do an inguinal hernia repair,arm left 1 left instrument tool 0 orange arm right 2 right instrument tool 9 green do an inguinal hernia repair,inguinal hernia repair,inguinal hernia repair,17,3,arm left: 1. left instrument: Tool #0 (Orange). arm right: 2. right instrument: Tool #9 (Green),strip_cmr_state_template | strip_cmr_do_carrier,0.00029647253045712445,0.00029658425637419235
cmr_versius:02,cmr_versius,CMR_STATE_PROMPT,cmr-surgical-60hz/inguinal_hernia,cmr_surgical/inguinal_hernia,arm left: 1. left instrument: Tool #0 (Orange). arm right: 2. right instrument: Tool #2 (Green). do an inguinal hernia repair,arm left 1 left instrument tool 0 orange arm right 2 right instrument tool 2 green do an inguinal hernia repair,inguinal hernia repair,inguinal hernia repair,17,3,arm left: 1. left instrument: Tool #0 (Orange). arm right: 2. right instrument: Tool #2 (Green),strip_cmr_state_template | strip_cmr_do_carrier,0.00011033470626128683,0.00011037628598613504
cmr_versius:02,cmr_versius,CMR_STATE_PROMPT,cmr-surgical-60hz/inguinal_hernia,cmr_surgical/inguinal_hernia,arm left: 0. left instrument: Tool #14 (White). arm right: 2. right instrument: Tool #2 (Green). do an inguinal hernia repair,arm left 0 left instrument tool 14 white arm right 2 right instrument tool 2 green do an inguinal hernia repair,inguinal hernia repair,inguinal hernia repair,17,3,arm left: 0. left instrument: Tool #14 (White). arm right: 2. right instrument: Tool #2 (Green),strip_cmr_state_template | strip_cmr_do_carrier,1.562278020987806e-05,1.5628667667456024e-05
cmr_versius:02,cmr_versius,CMR_STATE_PROMPT,cmr-surgical-60hz/inguinal_hernia,cmr_surgical/inguinal_hernia,arm left: 2. left instrument: Tool #0 (Orange). arm right: 1. right instrument: Tool #9 (Pink). do an inguinal hernia repair,arm left 2 left instrument tool 0 orange arm right 1 right instrument tool 9 pink do an inguinal hernia repair,inguinal hernia repair,inguinal hernia repair,17,3,arm left: 2. left instrument: Tool #0 (Orange). arm right: 1. right instrument: Tool #9 (Pink),strip_cmr_state_template | strip_cmr_do_carrier,0.0005177814168376006,0.0005179765431906145
cmr_versius:02,cmr_versius,CMR_STATE_PROMPT,cmr-surgical-60hz/inguinal_hernia,cmr_surgical/inguinal_hernia,arm left: 2. left instrument: Tool #0 (Orange). arm right: 1. right instrument: Tool #2 (Pink). do an inguinal hernia repair,arm left 2 left instrument tool 0 orange arm right 1 right instrument tool 2 pink do an inguinal hernia repair,inguinal hernia repair,inguinal hernia repair,17,3,arm left: 2. left instrument: Tool #0 (Orange). arm right: 1. right instrument: Tool #2 (Pink),strip_cmr_state_template | strip_cmr_do_carrier,0.0004535623961342574,0.00045373332149647387
cmr_versius:02,cmr_versius,CMR_STATE_PROMPT,cmr-surgical-60hz/inguinal_hernia,cmr_surgical/inguinal_hernia,arm left: 2. left instrument: Tool #18 (Blue). arm right: 1. right instrument: Tool #2 (Cyan). do an inguinal hernia repair,arm left 2 left instrument tool 18 blue arm right 1 right instrument tool 2 cyan do an inguinal hernia repair,inguinal hernia repair,inguinal hernia repair,17,3,arm left: 2. left instrument: Tool #18 (Blue). arm right: 1. right instrument: Tool #2 (Cyan),strip_cmr_state_template | strip_cmr_do_carrier,0.00014769393857916113,0.00014774959716145098
cmr_versius:02,cmr_versius,CMR_STATE_PROMPT,cmr-surgical-60hz/inguinal_hernia,cmr_surgical/inguinal_hernia,arm left: 2. left instrument: Tool #18 (Blue). arm right: -1. right instrument: Tool #3 (None). do an inguinal hernia repair,arm left 2 left instrument tool 18 blue arm right 1 right instrument tool 3 none do an inguinal hernia repair,inguinal hernia repair,inguinal hernia repair,17,3,arm left: 2. left instrument: Tool #18 (Blue). arm right: -1. right instrument: Tool #3 (None),strip_cmr_state_template | strip_cmr_do_carrier,6.221194051216837e-05,6.223538513314414e-05
cmr_versius:02,cmr_versius,CMR_STATE_PROMPT,cmr-surgical-60hz/inguinal_hernia,cmr_surgical/inguinal_hernia,arm left: 2. left instrument: Tool #18 (Blue). arm right: 1. right instrument: Tool #9 (Cyan). do an inguinal hernia repair,arm left 2 left instrument tool 18 blue arm right 1 right instrument tool 9 cyan do an inguinal hernia repair,inguinal hernia repair,inguinal hernia repair,17,3,arm left: 2. left instrument: Tool #18 (Blue). arm right: 1. right instrument: Tool #9 (Cyan),strip_cmr_state_template | strip_cmr_do_carrier,0.00047214297873113,0.0004723209062011879
cmr_versius:02,cmr_versius,CMR_STATE_PROMPT,cmr-surgical-60hz/inguinal_hernia,cmr_surgical/inguinal_hernia,arm left: 1. left instrument: Tool #9 (Blue). arm right: 2. right instrument: Tool #0 (Cyan). do an inguinal hernia repair,arm left 1 left instrument tool 9 blue arm right 2 right instrument tool 0 cyan do an inguinal hernia repair,inguinal hernia repair,inguinal hernia repair,17,3,arm left: 1. left instrument: Tool #9 (Blue). arm right: 2. right instrument: Tool #0 (Cyan),strip_cmr_state_template | strip_cmr_do_carrier,1.829762956240246e-07,1.8304525039160042e-07
cmr_versius:02,cmr_versius,CMR_STATE_PROMPT,cmr-surgical-60hz/inguinal_hernia,cmr_surgical/inguinal_hernia,arm left: 2. left instrument: Tool #9 (Blue). arm right: -1. right instrument: Tool #3 (None). do an inguinal hernia repair,arm left 2 left instrument tool 9 blue arm right 1 right instrument tool 3 none do an inguinal hernia repair,inguinal hernia repair,inguinal hernia repair,17,3,arm left: 2. left instrument: Tool #9 (Blue). arm right: -1. right instrument: Tool #3 (None),strip_cmr_state_template | strip_cmr_do_carrier,9.216723509474062e-06,9.220196839312983e-06
cmr_versius:02,cmr_versius,CMR_STATE_PROMPT,cmr-surgical-60hz/inguinal_hernia,cmr_surgical/inguinal_hernia,arm left: 2. left instrument: Tool #9 (Blue). arm right: 1. right instrument: Tool #2 (Purple). do an inguinal hernia repair,arm left 2 left instrument tool 9 blue arm right 1 right instrument tool 2 purple do an inguinal hernia repair,inguinal hernia repair,inguinal hernia repair,17,3,arm left: 2. left instrument: Tool #9 (Blue). arm right: 1. right instrument: Tool #2 (Purple),strip_cmr_state_template | strip_cmr_do_carrier,0.00021687784186067376,0.0002169595724538462
cmr_versius:02,cmr_versius,CMR_STATE_PROMPT,cmr-surgical-60hz/inguinal_hernia,cmr_surgical/inguinal_hernia,arm left: 2. left instrument: Tool #13 (Blue). arm right: 1. right instrument: Tool #2 (Purple). do an inguinal hernia repair,arm left 2 left instrument tool 13 blue arm right 1 right instrument tool 2 purple do an inguinal hernia repair,inguinal hernia repair,inguinal hernia repair,17,3,arm left: 2. left instrument: Tool #13 (Blue). arm right: 1. right instrument: Tool #2 (Purple),strip_cmr_state_template | strip_cmr_do_carrier,0.0001750139972340348,0.00017507995140291023
cmr_versius:02,cmr_versius,CMR_STATE_PROMPT,cmr-surgical-60hz/inguinal_hernia,cmr_surgical/inguinal_hernia,arm left: 2. left instrument: Tool #2 (Blue). arm right: 1. right instrument: Tool #9 (Purple). do an inguinal hernia repair,arm left 2 left instrument tool 2 blue arm right 1 right instrument tool 9 purple do an inguinal hernia repair,inguinal hernia repair,inguinal hernia repair,17,3,arm left: 2. left instrument: Tool #2 (Blue). arm right: 1. right instrument: Tool #9 (Purple),strip_cmr_state_template | strip_cmr_do_carrier,8.371071207120969e-05,8.374225852193868e-05
cmr_versius:02,cmr_versius,CMR_STATE_PROMPT,cmr-surgical-60hz/inguinal_hernia,cmr_surgical/inguinal_hernia,arm left: 1. left instrument: Tool #9 (Purple). arm right: 2. right instrument: Tool #2 (Blue). do an inguinal hernia repair,arm left 1 left instrument tool 9 purple arm right 2 right instrument tool 2 blue do an inguinal hernia repair,inguinal hernia repair,inguinal hernia repair,17,3,arm left: 1. left instrument: Tool #9 (Purple). arm right: 2. right instrument: Tool #2 (Blue),strip_cmr_state_template | strip_cmr_do_carrier,3.295836945508204e-05,3.2970789843732395e-05
cmr_versius:02,cmr_versius,CMR_STATE_PROMPT,cmr-surgical-60hz/inguinal_hernia,cmr_surgical/inguinal_hernia,arm left: 1. left instrument: Tool #13 (Purple). arm right: 2. right instrument: Tool #2 (Blue). do an inguinal hernia repair,arm left 1 left instrument tool 13 purple arm right 2 right instrument tool 2 blue do an inguinal hernia repair,inguinal hernia repair,inguinal hernia repair,17,3,arm left: 1. left instrument: Tool #13 (Purple). arm right: 2. right instrument: Tool #2 (Blue),strip_cmr_state_template | strip_cmr_do_carrier,1.1308689610989973e-05,1.1312951299975715e-05
cmr_versius:02,cmr_versius,CMR_STATE_PROMPT,cmr-surgical-60hz/inguinal_hernia,cmr_surgical/inguinal_hernia,arm left: 1. left instrument: Tool #2 (Purple). arm right: 2. right instrument: Tool #13 (Blue). do an inguinal hernia repair,arm left 1 left instrument tool 2 purple arm right 2 right instrument tool 13 blue do an inguinal hernia repair,inguinal hernia repair,inguinal hernia repair,17,3,arm left: 1. left instrument: Tool #2 (Purple). arm right: 2. right instrument: Tool #13 (Blue),strip_cmr_state_template | strip_cmr_do_carrier,4.640429765310314e-07,4.642178515085948e-07
cmr_versius:02,cmr_versius,CMR_STATE_PROMPT,cmr-surgical-60hz/inguinal_hernia,cmr_surgical/inguinal_hernia,arm left: -1. left instrument: Tool #3 (None). arm right: 2. right instrument: Tool #13 (Blue). do an inguinal hernia repair,arm left 1 left instrument tool 3 none arm right 2 right instrument tool 13 blue do an inguinal hernia repair,inguinal hernia repair,inguinal hernia repair,17,3,arm left: -1. left instrument: Tool #3 (None). arm right: 2. right instrument: Tool #13 (Blue),strip_cmr_state_template | strip_cmr_do_carrier,1.2827204229313064e-06,1.2832038171782295e-06
cmr_versius:02,cmr_versius,CMR_STATE_PROMPT,cmr-surgical-60hz/inguinal_hernia,cmr_surgical/inguinal_hernia,arm left: 0. left instrument: Tool #14 (White). arm right: 1. right instrument: Tool #2 (Purple). do an inguinal hernia repair,arm left 0 left instrument tool 14 white arm right 1 right instrument tool 2 purple do an inguinal hernia repair,inguinal hernia repair,inguinal hernia repair,17,3,arm left: 0. left instrument: Tool #14 (White). arm right: 1. right instrument: Tool #2 (Purple),strip_cmr_state_template | strip_cmr_do_carrier,3.785911601210488e-05,3.787338325112804e-05
cmr_versius:02,cmr_versius,CMR_STATE_PROMPT,cmr-surgical-60hz/inguinal_hernia,cmr_surgical/inguinal_hernia,arm left: -1. left instrument: Tool #3 (None). arm right: 1. right instrument: Tool #8 (Blue). do an inguinal hernia repair,arm left 1 left instrument tool 3 none arm right 1 right instrument tool 8 blue do an inguinal hernia repair,inguinal hernia repair,inguinal hernia repair,17,3,arm left: -1. left instrument: Tool #3 (None). arm right: 1. right instrument: Tool #8 (Blue),strip_cmr_state_template | strip_cmr_do_carrier,7.694436184024705e-06,7.697335838632351e-06
cmr_versius:02,cmr_versius,CMR_STATE_PROMPT,cmr-surgical-60hz/inguinal_hernia,cmr_surgical/inguinal_hernia,arm left: 2. left instrument: Tool #18 (Green). arm right: 1. right instrument: Tool #8 (Blue). do an inguinal hernia repair,arm left 2 left instrument tool 18 green arm right 1 right instrument tool 8 blue do an inguinal hernia repair,inguinal hernia repair,inguinal hernia repair,17,3,arm left: 2. left instrument: Tool #18 (Green). arm right: 1. right instrument: Tool #8 (Blue),strip_cmr_state_template | strip_cmr_do_carrier,0.00034078108930158546,0.0003409095129355151
cmr_versius:02,cmr_versius,CMR_STATE_PROMPT,cmr-surgical-60hz/inguinal_hernia,cmr_surgical/inguinal_hernia,arm left: 2. left instrument: Tool #0 (Green). arm right: 1. right instrument: Tool #2 (Blue). do an inguinal hernia repair,arm left 2 left instrument tool 0 green arm right 1 right instrument tool 2 blue do an inguinal hernia repair,inguinal hernia repair,inguinal hernia repair,17,3,arm left: 2. left instrument: Tool #0 (Green). arm right: 1. right instrument: Tool #2 (Blue),strip_cmr_state_template | strip_cmr_do_carrier,0.0004638637729425337,0.0004640385803870773
cmr_versius:02,cmr_versius,CMR_STATE_PROMPT,cmr-surgical-60hz/inguinal_hernia,cmr_surgical/inguinal_hernia,arm left: 2. left instrument: Tool #0 (Green). arm right: 1. right instrument: Tool #9 (Blue). do an inguinal hernia repair,arm left 2 left instrument tool 0 green arm right 1 right instrument tool 9 blue do an inguinal hernia repair,inguinal hernia repair,inguinal hernia repair,17,3,arm left: 2. left instrument: Tool #0 (Green). arm right: 1. right instrument: Tool #9 (Blue),strip_cmr_state_template | strip_cmr_do_carrier,0.0006498450297926312,0.0006500899244268614
cmr_versius:02,cmr_versius,CMR_STATE_PROMPT,cmr-surgical-60hz/inguinal_hernia,cmr_surgical/inguinal_hernia,arm left: 0. left instrument: Tool #17 (White). arm right: 1. right instrument: Tool #9 (Cyan). do an inguinal hernia repair,arm left 0 left instrument tool 17 white arm right 1 right instrument tool 9 cyan do an inguinal hernia repair,inguinal hernia repair,inguinal hernia repair,17,3,arm left: 0. left instrument: Tool #17 (White). arm right: 1. right instrument: Tool #9 (Cyan),strip_cmr_state_template | strip_cmr_do_carrier,8.23581965664424e-06,8.238923332059044e-06
cmr_versius:02,cmr_versius,CMR_STATE_PROMPT,cmr-surgical-60hz/inguinal_hernia,cmr_surgical/inguinal_hernia,arm left: 1. left instrument: Tool #13 (Blue). arm right: 2. right instrument: Tool #2 (Orange). do an inguinal hernia repair,arm left 1 left instrument tool 13 blue arm right 2 right instrument tool 2 orange do an inguinal hernia repair,inguinal hernia repair,inguinal hernia repair,17,3,arm left: 1. left instrument: Tool #13 (Blue). arm right: 2. right instrument: Tool #2 (Orange),strip_cmr_state_template | strip_cmr_do_carrier,0.0001345007817586,0.00013455146848888547
cmr_versius:02,cmr_versius,CMR_STATE_PROMPT,cmr-surgical-60hz/inguinal_hernia,cmr_surgical/inguinal_hernia,arm left: 1. left instrument: Tool #0 (Green). arm right: 2. right instrument: Tool #9 (Blue). do an inguinal hernia repair,arm left 1 left instrument tool 0 green arm right 2 right instrument tool 9 blue do an inguinal hernia repair,inguinal hernia repair,inguinal hernia repair,17,3,arm left: 1. left instrument: Tool #0 (Green). arm right: 2. right instrument: Tool #9 (Blue),strip_cmr_state_template | strip_cmr_do_carrier,0.00010385130906479432,0.0001038904455160739
cmr_versius:02,cmr_versius,CMR_STATE_PROMPT,cmr-surgical-60hz/inguinal_hernia,cmr_surgical/inguinal_hernia,arm left: 1. left instrument: Tool #0 (Green). arm right: 2. right instrument: Tool #2 (Blue). do an inguinal hernia repair,arm left 1 left instrument tool 0 green arm right 2 right instrument tool 2 blue do an inguinal hernia repair,inguinal hernia repair,inguinal hernia repair,17,3,arm left: 1. left instrument: Tool #0 (Green). arm right: 2. right instrument: Tool #2 (Blue),strip_cmr_state_template | strip_cmr_do_carrier,7.529568882606768e-05,7.532406406836208e-05
cmr_versius:02,cmr_versius,CMR_STATE_PROMPT,cmr-surgical-60hz/inguinal_hernia,cmr_surgical/inguinal_hernia,arm left: -1. left instrument: Tool #3 (None). arm right: 1. right instrument: Tool #8 (Orange). do an inguinal hernia repair,arm left 1 left instrument tool 3 none arm right 1 right instrument tool 8 orange do an inguinal hernia repair,inguinal hernia repair,inguinal hernia repair,17,3,arm left: -1. left instrument: Tool #3 (None). arm right: 1. right instrument: Tool #8 (Orange),strip_cmr_state_template | strip_cmr_do_carrier,4.59892998692136e-06,4.600663097471359e-06
cmr_versius:02,cmr_versius,CMR_STATE_PROMPT,cmr-surgical-60hz/inguinal_hernia,cmr_surgical/inguinal_hernia,arm left: 2. left instrument: Tool #18 (Blue). arm right: 1. right instrument: Tool #8 (Orange). do an inguinal hernia repair,arm left 2 left instrument tool 18 blue arm right 1 right instrument tool 8 orange do an inguinal hernia repair,inguinal hernia repair,inguinal hernia repair,17,3,arm left: 2. left instrument: Tool #18 (Blue). arm right: 1. right instrument: Tool #8 (Orange),strip_cmr_state_template | strip_cmr_do_carrier,7.443739795484158e-05,7.446544974951488e-05
cmr_versius:02,cmr_versius,CMR_STATE_PROMPT,cmr-surgical-60hz/inguinal_hernia,cmr_surgical/inguinal_hernia,arm left: 2. left instrument: Tool #18 (Blue). arm right: 0. right instrument: Tool #17 (White). do an inguinal hernia repair,arm left 2 left instrument tool 18 blue arm right 0 right instrument tool 17 white do an inguinal hernia repair,inguinal hernia repair,inguinal hernia repair,17,3,arm left: 2. left instrument: Tool #18 (Blue). arm right: 0. right instrument: Tool #17 (White),strip_cmr_state_template | strip_cmr_do_carrier,7.568050495294708e-06,7.570902521351555e-06
cmr_versius:02,cmr_versius,CMR_STATE_PROMPT,cmr-surgical-60hz/inguinal_hernia,cmr_surgical/inguinal_hernia,arm left: 2. left instrument: Tool #18 (Blue). arm right: 1. right instrument: Tool #0 (Orange). do an inguinal hernia repair,arm left 2 left instrument tool 18 blue arm right 1 right instrument tool 0 orange do an inguinal hernia repair,inguinal hernia repair,inguinal hernia repair,17,3,arm left: 2. left instrument: Tool #18 (Blue). arm right: 1. right instrument: Tool #0 (Orange),strip_cmr_state_template | strip_cmr_do_carrier,4.922628258355202e-05,4.9244833548651595e-05
cmr_versius:02,cmr_versius,CMR_STATE_PROMPT,cmr-surgical-60hz/inguinal_hernia,cmr_surgical/inguinal_hernia,arm left: -1. left instrument: Tool #3 (None). arm right: 1. right instrument: Tool #0 (Orange). do an inguinal hernia repair,arm left 1 left instrument tool 3 none arm right 1 right instrument tool 0 orange do an inguinal hernia repair,inguinal hernia repair,inguinal hernia repair,17,3,arm left: -1. left instrument: Tool #3 (None). arm right: 1. right instrument: Tool #0 (Orange),strip_cmr_state_template | strip_cmr_do_carrier,2.5771362379540456e-05,2.5781074338660257e-05
cmr_versius:02,cmr_versius,CMR_STATE_PROMPT,cmr-surgical-60hz/inguinal_hernia,cmr_surgical/inguinal_hernia,arm left: 2. left instrument: Tool #0 (Blue). arm right: 1. right instrument: Tool #2 (Orange). do an inguinal hernia repair,arm left 2 left instrument tool 0 blue arm right 1 right instrument tool 2 orange do an inguinal hernia repair,inguinal hernia repair,inguinal hernia repair,17,3,arm left: 2. left instrument: Tool #0 (Blue). arm right: 1. right instrument: Tool #2 (Orange),strip_cmr_state_template | strip_cmr_do_carrier,0.0002735495619579168,0.00027365264933544266
cmr_versius:02,cmr_versius,CMR_STATE_PROMPT,cmr-surgical-60hz/inguinal_hernia,cmr_surgical/inguinal_hernia,arm left: 2. left instrument: Tool #9 (Cyan). arm right: -1. right instrument: Tool #3 (None). do an inguinal hernia repair,arm left 2 left instrument tool 9 cyan arm right 1 right instrument tool 3 none do an inguinal hernia repair,inguinal hernia repair,inguinal hernia repair,17,3,arm left: 2. left instrument: Tool #9 (Cyan). arm right: -1. right instrument: Tool #3 (None),strip_cmr_state_template | strip_cmr_do_carrier,1.465696718555331e-06,1.46624906756983e-06
cmr_versius:02,cmr_versius,CMR_STATE_PROMPT,cmr-surgical-60hz/inguinal_hernia,cmr_surgical/inguinal_hernia,arm left: 2. left instrument: Tool #9 (Cyan). arm right: 1. right instrument: Tool #13 (Purple). do an inguinal hernia repair,arm left 2 left instrument tool 9 cyan arm right 1 right instrument tool 13 purple do an inguinal hernia repair,inguinal hernia repair,inguinal hernia repair,17,3,arm left: 2. left instrument: Tool #9 (Cyan). arm right: 1. right instrument: Tool #13 (Purple),strip_cmr_state_template | strip_cmr_do_carrier,6.188182863861986e-05,6.190514885666445e-05
cmr_versius:02,cmr_versius,CMR_STATE_PROMPT,cmr-surgical-60hz/inguinal_hernia,cmr_surgical/inguinal_hernia,arm left: -1. left instrument: Tool #3 (None). arm right: 1. right instrument: Tool #13 (Purple). do an inguinal hernia repair,arm left 1 left instrument tool 3 none arm right 1 right instrument tool 13 purple do an inguinal hernia repair,inguinal hernia repair,inguinal hernia repair,17,3,arm left: -1. left instrument: Tool #3 (None). arm right: 1. right instrument: Tool #13 (Purple),strip_cmr_state_template | strip_cmr_do_carrier,6.692782442000404e-06,6.6953046225711155e-06
cmr_versius:02,cmr_versius,CMR_STATE_PROMPT,cmr-surgical-60hz/inguinal_hernia,cmr_surgical/inguinal_hernia,arm left: 2. left instrument: Tool #9 (Cyan). arm right: 0. right instrument: Tool #14 (White). do an inguinal hernia repair,arm left 2 left instrument tool 9 cyan arm right 0 right instrument tool 14 white do an inguinal hernia repair,inguinal hernia repair,inguinal hernia repair,17,3,arm left: 2. left instrument: Tool #9 (Cyan). arm right: 0. right instrument: Tool #14 (White),strip_cmr_state_template | strip_cmr_do_carrier,6.47019272155056e-07,6.472631019001952e-07
cmr_versius:02,cmr_versius,CMR_STATE_PROMPT,cmr-surgical-60hz/inguinal_hernia,cmr_surgical/inguinal_hernia,arm left: 2. left instrument: Tool #2 (Cyan). arm right: 1. right instrument: Tool #13 (Purple). do an inguinal hernia repair,arm left 2 left instrument tool 2 cyan arm right 1 right instrument tool 13 purple do an inguinal hernia repair,inguinal hernia repair,inguinal hernia repair,17,3,arm left: 2. left instrument: Tool #2 (Cyan). arm right: 1. right instrument: Tool #13 (Purple),strip_cmr_state_template | strip_cmr_do_carrier,2.3322875454592166e-05,2.333166469939946e-05
cmr_versius:02,cmr_versius,CMR_STATE_PROMPT,cmr-surgical-60hz/inguinal_hernia,cmr_surgical/inguinal_hernia,arm left: 2. left instrument: Tool #13 (Cyan). arm right: -1. right instrument: Tool #3 (None). do an inguinal hernia repair,arm left 2 left instrument tool 13 cyan arm right 1 right instrument tool 3 none do an inguinal hernia repair,inguinal hernia repair,inguinal hernia repair,17,3,arm left: 2. left instrument: Tool #13 (Cyan). arm right: -1. right instrument: Tool #3 (None),strip_cmr_state_template | strip_cmr_do_carrier,7.537868838284559e-06,7.540709490359126e-06
cmr_versius:02,cmr_versius,CMR_STATE_PROMPT,cmr-surgical-60hz/inguinal_hernia,cmr_surgical/inguinal_hernia,arm left: 2. left instrument: Tool #13 (Cyan). arm right: 1. right instrument: Tool #2 (Purple). do an inguinal hernia repair,arm left 2 left instrument tool 13 cyan arm right 1 right instrument tool 2 purple do an inguinal hernia repair,inguinal hernia repair,inguinal hernia repair,17,3,arm left: 2. left instrument: Tool #13 (Cyan). arm right: 1. right instrument: Tool #2 (Purple),strip_cmr_state_template | strip_cmr_do_carrier,8.925281883969817e-05,8.928645383792343e-05
cmr_versius:02,cmr_versius,CMR_STATE_PROMPT,cmr-surgical-60hz/inguinal_hernia,cmr_surgical/inguinal_hernia,arm left: 1. left instrument: Tool #1 (Cyan). arm right: 2. right instrument: Tool #9 (Blue). do an inguinal hernia repair,arm left 1 left instrument tool 1 cyan arm right 2 right instrument tool 9 blue do an inguinal hernia repair,inguinal hernia repair,inguinal hernia repair,17,3,arm left: 1. left instrument: Tool #1 (Cyan). arm right: 2. right instrument: Tool #9 (Blue),strip_cmr_state_template | strip_cmr_do_carrier,0.00018434390195729694,0.00018441337210844483
cmr_versius:02,cmr_versius,CMR_STATE_PROMPT,cmr-surgical-60hz/inguinal_hernia,cmr_surgical/inguinal_hernia,arm left: 1. left instrument: Tool #1 (Cyan). arm right: -1. right instrument: Tool #3 (None). do an inguinal hernia repair,arm left 1 left instrument tool 1 cyan arm right 1 right instrument tool 3 none do an inguinal hernia repair,inguinal hernia repair,inguinal hernia repair,17,3,arm left: 1. left instrument: Tool #1 (Cyan). arm right: -1. right instrument: Tool #3 (None),strip_cmr_state_template | strip_cmr_do_carrier,3.033256529519913e-06,3.034399614739108e-06
cmr_versius:02,cmr_versius,CMR_STATE_PROMPT,cmr-surgical-60hz/inguinal_hernia,cmr_surgical/inguinal_hernia,arm left: 1. left instrument: Tool #2 (Cyan). arm right: 2. right instrument: Tool #2 (Blue). do an inguinal hernia repair,arm left 1 left instrument tool 2 cyan arm right 2 right instrument tool 2 blue do an inguinal hernia repair,inguinal hernia repair,inguinal hernia repair,17,3,arm left: 1. left instrument: Tool #2 (Cyan). arm right: 2. right instrument: Tool #2 (Blue),strip_cmr_state_template | strip_cmr_do_carrier,6.324754861832908e-05,6.327138350907186e-05
cmr_versius:02,cmr_versius,CMR_STATE_PROMPT,cmr-surgical-60hz/inguinal_hernia,cmr_surgical/inguinal_hernia,arm left: 1. left instrument: Tool #2 (Orange). arm right: 2. right instrument: Tool #2 (Green). do an inguinal hernia repair,arm left 1 left instrument tool 2 orange arm right 2 right instrument tool 2 green do an inguinal hernia repair,inguinal hernia repair,inguinal hernia repair,17,3,arm left: 1. left instrument: Tool #2 (Orange). arm right: 2. right instrument: Tool #2 (Green),strip_cmr_state_template | strip_cmr_do_carrier,9.24124610579481e-05,9.244728676994334e-05
cmr_versius:02,cmr_versius,CMR_STATE_PROMPT,cmr-surgical-60hz/inguinal_hernia,cmr_surgical/inguinal_hernia,arm left: 1. left instrument: Tool #2 (Orange). arm right: -1. right instrument: Tool #3 (None). do an inguinal hernia repair,arm left 1 left instrument tool 2 orange arm right 1 right instrument tool 3 none do an inguinal hernia repair,inguinal hernia repair,inguinal hernia repair,17,3,arm left: 1. left instrument: Tool #2 (Orange). arm right: -1. right instrument: Tool #3 (None),strip_cmr_state_template | strip_cmr_do_carrier,4.741915587006939e-05,4.743702581797991e-05
cmr_versius:02,cmr_versius,CMR_STATE_PROMPT,cmr-surgical-60hz/inguinal_hernia,cmr_surgical/inguinal_hernia,arm left: 1. left instrument: Tool #12 (Orange). arm right: -1. right instrument: Tool #3 (None). do an inguinal hernia repair,arm left 1 left instrument tool 12 orange arm right 1 right instrument tool 3 none do an inguinal hernia repair,inguinal hernia repair,inguinal hernia repair,17,3,arm left: 1. left instrument: Tool #12 (Orange). arm right: -1. right instrument: Tool #3 (None),strip_cmr_state_template | strip_cmr_do_carrier,7.33036994633979e-06,7.3331324022861774e-06
cmr_versius:02,cmr_versius,CMR_STATE_PROMPT,cmr-surgical-60hz/inguinal_hernia,cmr_surgical/inguinal_hernia,arm left: 1. left instrument: Tool #12 (Orange). arm right: 2. right instrument: Tool #9 (Blue). do an inguinal hernia repair,arm left 1 left instrument tool 12 orange arm right 2 right instrument tool 9 blue do an inguinal hernia repair,inguinal hernia repair,inguinal hernia repair,17,3,arm left: 1. left instrument: Tool #12 (Orange). arm right: 2. right instrument: Tool #9 (Blue),strip_cmr_state_template | strip_cmr_do_carrier,0.0002627256652126523,0.0002628246735957828
cmr_versius:02,cmr_versius,CMR_STATE_PROMPT,cmr-surgical-60hz/inguinal_hernia,cmr_surgical/inguinal_hernia,arm left: 1. left instrument: Tool #12 (Orange). arm right: 0. right instrument: Tool #17 (White). do an inguinal hernia repair,arm left 1 left instrument tool 12 orange arm right 0 right instrument tool 17 white do an inguinal hernia repair,inguinal hernia repair,inguinal hernia repair,17,3,arm left: 1. left instrument: Tool #12 (Orange). arm right: 0. right instrument: Tool #17 (White),strip_cmr_state_template | strip_cmr_do_carrier,3.0558927722775244e-07,3.0570443879834295e-07
cmr_versius:02,cmr_versius,CMR_STATE_PROMPT,cmr-surgical-60hz/inguinal_hernia,cmr_surgical/inguinal_hernia,arm left: 1. left instrument: Tool #18 (Cyan). arm right: 2. right instrument: Tool #2 (Purple). do an inguinal hernia repair,arm left 1 left instrument tool 18 cyan arm right 2 right instrument tool 2 purple do an inguinal hernia repair,inguinal hernia repair,inguinal hernia repair,17,3,arm left: 1. left instrument: Tool #18 (Cyan). arm right: 2. right instrument: Tool #2 (Purple),strip_cmr_state_template | strip_cmr_do_carrier,0.00018408735787271067,0.00018415673134500917
cmr_versius:02,cmr_versius,CMR_STATE_PROMPT,cmr-surgical-60hz/inguinal_hernia,cmr_surgical/inguinal_hernia,arm left: -1. left instrument: Tool #3 (None). arm right: 2. right instrument: Tool #2 (Purple). do an inguinal hernia repair,arm left 1 left instrument tool 3 none arm right 2 right instrument tool 2 purple do an inguinal hernia repair,inguinal hernia repair,inguinal hernia repair,17,3,arm left: -1. left instrument: Tool #3 (None). arm right: 2. right instrument: Tool #2 (Purple),strip_cmr_state_template | strip_cmr_do_carrier,2.7861442127493226e-05,2.7871941734885957e-05
cmr_versius:02,cmr_versius,CMR_STATE_PROMPT,cmr-surgical-60hz/inguinal_hernia,cmr_surgical/inguinal_hernia,arm left: -1. left instrument: Tool #3 (None). arm right: 2. right instrument: Tool #9 (Purple). do an inguinal hernia repair,arm left 1 left instrument tool 3 none arm right 2 right instrument tool 9 purple do an inguinal hernia repair,inguinal hernia repair,inguinal hernia repair,17,3,arm left: -1. left instrument: Tool #3 (None). arm right: 2. right instrument: Tool #9 (Purple),strip_cmr_state_template | strip_cmr_do_carrier,8.567817883755875e-06,8.571046672975765e-06
cmr_versius:02,cmr_versius,CMR_STATE_PROMPT,cmr-surgical-60hz/inguinal_hernia,cmr_surgical/inguinal_hernia,arm left: 1. left instrument: Tool #18 (Cyan). arm right: 2. right instrument: Tool #9 (Purple). do an inguinal hernia repair,arm left 1 left instrument tool 18 cyan arm right 2 right instrument tool 9 purple do an inguinal hernia repair,inguinal hernia repair,inguinal hernia repair,17,3,arm left: 1. left instrument: Tool #18 (Cyan). arm right: 2. right instrument: Tool #9 (Purple),strip_cmr_state_template | strip_cmr_do_carrier,3.853820329483322e-06,3.855272644845769e-06
cmr_versius:02,cmr_versius,CMR_STATE_PROMPT,cmr-surgical-60hz/inguinal_hernia,cmr_surgical/inguinal_hernia,arm left: 2. left instrument: Tool #0 (Cyan). arm right: 1. right instrument: Tool #2 (Pink). do an inguinal hernia repair,arm left 2 left instrument tool 0 cyan arm right 1 right instrument tool 2 pink do an inguinal hernia repair,inguinal hernia repair,inguinal hernia repair,17,3,arm left: 2. left instrument: Tool #0 (Cyan). arm right: 1. right instrument: Tool #2 (Pink),strip_cmr_state_template | strip_cmr_do_carrier,0.0006267900165440041,0.0006270262228775198
cmr_versius:02,cmr_versius,CMR_STATE_PROMPT,cmr-surgical-60hz/inguinal_hernia,cmr_surgical/inguinal_hernia,arm left: 2. left instrument: Tool #0 (Cyan). arm right: 1. right instrument: Tool #9 (Pink). do an inguinal hernia repair,arm left 2 left instrument tool 0 cyan arm right 1 right instrument tool 9 pink do an inguinal hernia repair,inguinal hernia repair,inguinal hernia repair,17,3,arm left: 2. left instrument: Tool #0 (Cyan). arm right: 1. right instrument: Tool #9 (Pink),strip_cmr_state_template | strip_cmr_do_carrier,0.0003038934453744947,0.0003040079678694558
cmr_versius:02,cmr_versius,CMR_STATE_PROMPT,cmr-surgical-60hz/inguinal_hernia,cmr_surgical/inguinal_hernia,arm left: 0. left instrument: Tool #14 (White). arm right: 1. right instrument: Tool #2 (Pink). do an inguinal hernia repair,arm left 0 left instrument tool 14 white arm right 1 right instrument tool 2 pink do an inguinal hernia repair,inguinal hernia repair,inguinal hernia repair,17,3,arm left: 0. left instrument: Tool #14 (White). arm right: 1. right instrument: Tool #2 (Pink),strip_cmr_state_template | strip_cmr_do_carrier,5.330835169417458e-06,5.33284409903776e-06
cmr_versius:02,cmr_versius,CMR_STATE_PROMPT,cmr-surgical-60hz/inguinal_hernia,cmr_surgical/inguinal_hernia,arm left: 2. left instrument: Tool #18 (Blue). arm right: 1. right instrument: Tool #9 (Green). do an inguinal hernia repair,arm left 2 left instrument tool 18 blue arm right 1 right instrument tool 9 green do an inguinal hernia repair,inguinal hernia repair,inguinal hernia repair,17,3,arm left: 2. left instrument: Tool #18 (Blue). arm right: 1. right instrument: Tool #9 (Green),strip_cmr_state_template | strip_cmr_do_carrier,5.7729964446161336e-05,5.775172003076845e-05
cmr_versius:02,cmr_versius,CMR_STATE_PROMPT,cmr-surgical-60hz/inguinal_hernia,cmr_surgical/inguinal_hernia,arm left: 2. left instrument: Tool #18 (Blue). arm right: 0. right instrument: Tool #14 (White). do an inguinal hernia repair,arm left 2 left instrument tool 18 blue arm right 0 right instrument tool 14 white do an inguinal hernia repair,inguinal hernia repair,inguinal hernia repair,17,3,arm left: 2. left instrument: Tool #18 (Blue). arm right: 0. right instrument: Tool #14 (White),strip_cmr_state_template | strip_cmr_do_carrier,1.5967982911931634e-05,1.5974000459431934e-05
cmr_versius:02,cmr_versius,CMR_STATE_PROMPT,cmr-surgical-60hz/inguinal_hernia,cmr_surgical/inguinal_hernia,arm left: 2. left instrument: Tool #2 (Blue). arm right: 1. right instrument: Tool #2 (Cyan). do an inguinal hernia repair,arm left 2 left instrument tool 2 blue arm right 1 right instrument tool 2 cyan do an inguinal hernia repair,inguinal hernia repair,inguinal hernia repair,17,3,arm left: 2. left instrument: Tool #2 (Blue). arm right: 1. right instrument: Tool #2 (Cyan),strip_cmr_state_template | strip_cmr_do_carrier,0.0006658413080080099,0.0006660922308528487
cmr_versius:02,cmr_versius,CMR_STATE_PROMPT,cmr-surgical-60hz/inguinal_hernia,cmr_surgical/inguinal_hernia,arm left: 2. left instrument: Tool #13 (Blue). arm right: 1. right instrument: Tool #8 (Cyan). do an inguinal hernia repair,arm left 2 left instrument tool 13 blue arm right 1 right instrument tool 8 cyan do an inguinal hernia repair,inguinal hernia repair,inguinal hernia repair,17,3,arm left: 2. left instrument: Tool #13 (Blue). arm right: 1. right instrument: Tool #8 (Cyan),strip_cmr_state_template | strip_cmr_do_carrier,0.000105996093066078,0.00010603603778097339
cmr_versius:02,cmr_versius,CMR_STATE_PROMPT,cmr-surgical-60hz/inguinal_hernia,cmr_surgical/inguinal_hernia,arm left: 2. left instrument: Tool #13 (Blue). arm right: 1. right instrument: Tool #2 (Cyan). do an inguinal hernia repair,arm left 2 left instrument tool 13 blue arm right 1 right instrument tool 2 cyan do an inguinal hernia repair,inguinal hernia repair,inguinal hernia repair,17,3,arm left: 2. left instrument: Tool #13 (Blue). arm right: 1. right instrument: Tool #2 (Cyan),strip_cmr_state_template | strip_cmr_do_carrier,2.705785550959803e-05,2.706805228471254e-05
cmr_versius:02,cmr_versius,CMR_STATE_PROMPT,cmr-surgical-60hz/inguinal_hernia,cmr_surgical/inguinal_hernia,arm left: 2. left instrument: Tool #13 (Blue). arm right: 1. right instrument: Tool #18 (Cyan). do an inguinal hernia repair,arm left 2 left instrument tool 13 blue arm right 1 right instrument tool 18 cyan do an inguinal hernia repair,inguinal hernia repair,inguinal hernia repair,17,3,arm left: 2. left instrument: Tool #13 (Blue). arm right: 1. right instrument: Tool #18 (Cyan),strip_cmr_state_template | strip_cmr_do_carrier,8.495381906931518e-05,8.498583398593935e-05
cmr_versius:02,cmr_versius,CMR_STATE_PROMPT,cmr-surgical-60hz/inguinal_hernia,cmr_surgical/inguinal_hernia,arm left: 1. left instrument: Tool #13 (Orange). arm right: -1. right instrument: Tool #3 (None). do an inguinal hernia repair,arm left 1 left instrument tool 13 orange arm right 1 right instrument tool 3 none do an inguinal hernia repair,inguinal hernia repair,inguinal hernia repair,17,3,arm left: 1. left instrument: Tool #13 (Orange). arm right: -1. right instrument: Tool #3 (None),strip_cmr_state_template | strip_cmr_do_carrier,0.00012801361185498124,0.0001280618538899503
cmr_versius:02,cmr_versius,CMR_STATE_PROMPT,cmr-surgical-60hz/inguinal_hernia,cmr_surgical/inguinal_hernia,arm left: 1. left instrument: Tool #13 (Orange). arm right: 2. right instrument: Tool #8 (Blue). do an inguinal hernia repair,arm left 1 left instrument tool 13 orange arm right 2 right instrument tool 8 blue do an inguinal hernia repair,inguinal hernia repair,inguinal hernia repair,17,3,arm left: 1. left instrument: Tool #13 (Orange). arm right: 2. right instrument: Tool #8 (Blue),strip_cmr_state_template | strip_cmr_do_carrier,0.0001698453884710469,0.00016990939484545677
cmr_versius:02,cmr_versius,CMR_STATE_PROMPT,cmr-surgical-60hz/inguinal_hernia,cmr_surgical/inguinal_hernia,arm left: 1. left instrument: Tool #13 (Orange). arm right: 0. right instrument: Tool #17 (White). do an inguinal hernia repair,arm left 1 left instrument tool 13 orange arm right 0 right instrument tool 17 white do an inguinal hernia repair,inguinal hernia repair,inguinal hernia repair,17,3,arm left: 1. left instrument: Tool #13 (Orange). arm right: 0. right instrument: Tool #17 (White),strip_cmr_state_template | strip_cmr_do_carrier,1.4715444146010474e-05,1.4720989673246132e-05
cmr_versius:02,cmr_versius,CMR_STATE_PROMPT,cmr-surgical-60hz/inguinal_hernia,cmr_surgical/inguinal_hernia,arm left: -1. left instrument: Tool #3 (None). arm right: 2. right instrument: Tool #18 (Blue). do an inguinal hernia repair,arm left 1 left instrument tool 3 none arm right 2 right instrument tool 18 blue do an inguinal hernia repair,inguinal hernia repair,inguinal hernia repair,17,3,arm left: -1. left instrument: Tool #3 (None). arm right: 2. right instrument: Tool #18 (Blue),strip_cmr_state_template | strip_cmr_do_carrier,1.3808108082142888e-06,1.3813311679036237e-06
cmr_versius:02,cmr_versius,CMR_STATE_PROMPT,cmr-surgical-60hz/inguinal_hernia,cmr_surgical/inguinal_hernia,arm left: 1. left instrument: Tool #13 (Orange). arm right: 2. right instrument: Tool #18 (Blue). do an inguinal hernia repair,arm left 1 left instrument tool 13 orange arm right 2 right instrument tool 18 blue do an inguinal hernia repair,inguinal hernia repair,inguinal hernia repair,17,3,arm left: 1. left instrument: Tool #13 (Orange). arm right: 2. right instrument: Tool #18 (Blue),strip_cmr_state_template | strip_cmr_do_carrier,0.00015299459209156845,0.00015305224822949632
cmr_versius:02,cmr_versius,CMR_STATE_PROMPT,cmr-surgical-60hz/inguinal_hernia,cmr_surgical/inguinal_hernia,arm left: -1. left instrument: Tool #3 (None). arm right: 2. right instrument: Tool #8 (Blue). do an inguinal hernia repair,arm left 1 left instrument tool 3 none arm right 2 right instrument tool 8 blue do an inguinal hernia repair,inguinal hernia repair,inguinal hernia repair,17,3,arm left: -1. left instrument: Tool #3 (None). arm right: 2. right instrument: Tool #8 (Blue),strip_cmr_state_template | strip_cmr_do_carrier,2.6220314527566415e-07,2.623019567467264e-07
cmr_versius:02,cmr_versius,CMR_STATE_PROMPT,cmr-surgical-60hz/inguinal_hernia,cmr_surgical/inguinal_hernia,arm left: 1. left instrument: Tool #13 (Orange). arm right: 2. right instrument: Tool #2 (Blue). do an inguinal hernia repair,arm left 1 left instrument tool 13 orange arm right 2 right instrument tool 2 blue do an inguinal hernia repair,inguinal hernia repair,inguinal hernia repair,17,3,arm left: 1. left instrument: Tool #13 (Orange). arm right: 2. right instrument: Tool #2 (Blue),strip_cmr_state_template | strip_cmr_do_carrier,6.300986806937416e-05,6.303361339000648e-05
cmr_versius:02,cmr_versius,CMR_STATE_PROMPT,cmr-surgical-60hz/inguinal_hernia,cmr_surgical/inguinal_hernia,arm left: -1. left instrument: Tool #3 (None). arm right: 2. right instrument: Tool #0 (Purple). do an inguinal hernia repair,arm left 1 left instrument tool 3 none arm right 2 right instrument tool 0 purple do an inguinal hernia repair,inguinal hernia repair,inguinal hernia repair,17,3,arm left: -1. left instrument: Tool #3 (None). arm right: 2. right instrument: Tool #0 (Purple),strip_cmr_state_template | strip_cmr_do_carrier,2.8067054665874865e-05,2.807763175852188e-05
cmr_versius:02,cmr_versius,CMR_STATE_PROMPT,cmr-surgical-60hz/inguinal_hernia,cmr_surgical/inguinal_hernia,arm left: 1. left instrument: Tool #9 (Pink). arm right: 2. right instrument: Tool #0 (Purple). do an inguinal hernia repair,arm left 1 left instrument tool 9 pink arm right 2 right instrument tool 0 purple do an inguinal hernia repair,inguinal hernia repair,inguinal hernia repair,17,3,arm left: 1. left instrument: Tool #9 (Pink). arm right: 2. right instrument: Tool #0 (Purple),strip_cmr_state_template | strip_cmr_do_carrier,0.0001639448745255629,0.00016400665728643694
cmr_versius:02,cmr_versius,CMR_STATE_PROMPT,cmr-surgical-60hz/inguinal_hernia,cmr_surgical/inguinal_hernia,arm left: 1. left instrument: Tool #12 (Pink). arm right: -1. right instrument: Tool #3 (None). do an inguinal hernia repair,arm left 1 left instrument tool 12 pink arm right 1 right instrument tool 3 none do an inguinal hernia repair,inguinal hernia repair,inguinal hernia repair,17,3,arm left: 1. left instrument: Tool #12 (Pink). arm right: -1. right instrument: Tool #3 (None),strip_cmr_state_template | strip_cmr_do_carrier,3.7387527621321317e-06,3.740161714187134e-06
cmr_versius:02,cmr_versius,CMR_STATE_PROMPT,cmr-surgical-60hz/inguinal_hernia,cmr_surgical/inguinal_hernia,arm left: 1. left instrument: Tool #12 (Pink). arm right: 2. right instrument: Tool #2 (Purple). do an inguinal hernia repair,arm left 1 left instrument tool 12 pink arm right 2 right instrument tool 2 purple do an inguinal hernia repair,inguinal hernia repair,inguinal hernia repair,17,3,arm left: 1. left instrument: Tool #12 (Pink). arm right: 2. right instrument: Tool #2 (Purple),strip_cmr_state_template | strip_cmr_do_carrier,9.326697922204793e-05,9.330212695991649e-05
cmr_versius:02,cmr_versius,CMR_STATE_PROMPT,cmr-surgical-60hz/inguinal_hernia,cmr_surgical/inguinal_hernia,arm left: 1. left instrument: Tool #9 (Pink). arm right: -1. right instrument: Tool #3 (None). do an inguinal hernia repair,arm left 1 left instrument tool 9 pink arm right 1 right instrument tool 3 none do an inguinal hernia repair,inguinal hernia repair,inguinal hernia repair,17,3,arm left: 1. left instrument: Tool #9 (Pink). arm right: -1. right instrument: Tool #3 (None),strip_cmr_state_template | strip_cmr_do_carrier,7.922684965163951e-08,7.925670635512595e-08
cmr_versius:02,cmr_versius,CMR_STATE_PROMPT,cmr-surgical-60hz/inguinal_hernia,cmr_surgical/inguinal_hernia,arm left: 1. left instrument: Tool #12 (Pink). arm right: 2. right instrument: Tool #0 (Purple). do an inguinal hernia repair,arm left 1 left instrument tool 12 pink arm right 2 right instrument tool 0 purple do an inguinal hernia repair,inguinal hernia repair,inguinal hernia repair,17,3,arm left: 1. left instrument: Tool #12 (Pink). arm right: 2. right instrument: Tool #0 (Purple),strip_cmr_state_template | strip_cmr_do_carrier,0.00020986060660581427,0.0002099396927481065
cmr_versius:02,cmr_versius,CMR_STATE_PROMPT,cmr-surgical-60hz/inguinal_hernia,cmr_surgical/inguinal_hernia,arm left: 0. left instrument: Tool #17 (White). arm right: 2. right instrument: Tool #0 (Purple). do an inguinal hernia repair,arm left 0 left instrument tool 17 white arm right 2 right instrument tool 0 purple do an inguinal hernia repair,inguinal hernia repair,inguinal hernia repair,17,3,arm left: 0. left instrument: Tool #17 (White). arm right: 2. right instrument: Tool #0 (Purple),strip_cmr_state_template | strip_cmr_do_carrier,5.173136011539434e-05,5.1750855121023196e-05
cmr_versius:02,cmr_versius,CMR_STATE_PROMPT,cmr-surgical-60hz/inguinal_hernia,cmr_surgical/inguinal_hernia,arm left: 0. left instrument: Tool #17 (White). arm right: 2. right instrument: Tool #2 (Purple). do an inguinal hernia repair,arm left 0 left instrument tool 17 white arm right 2 right instrument tool 2 purple do an inguinal hernia repair,inguinal hernia repair,inguinal hernia repair,17,3,arm left: 0. left instrument: Tool #17 (White). arm right: 2. right instrument: Tool #2 (Purple),strip_cmr_state_template | strip_cmr_do_carrier,7.828367287007238e-07,7.831317413661255e-07
cmr_versius:02,cmr_versius,CMR_STATE_PROMPT,cmr-surgical-60hz/inguinal_hernia,cmr_surgical/inguinal_hernia,arm left: 1. left instrument: Tool #0 (Purple). arm right: 2. right instrument: Tool #9 (Green). do an inguinal hernia repair,arm left 1 left instrument tool 0 purple arm right 2 right instrument tool 9 green do an inguinal hernia repair,inguinal hernia repair,inguinal hernia repair,17,3,arm left: 1. left instrument: Tool #0 (Purple). arm right: 2. right instrument: Tool #9 (Green),strip_cmr_state_template | strip_cmr_do_carrier,0.00020407516022768148,0.0002041520661197453
cmr_versius:02,cmr_versius,CMR_STATE_PROMPT,cmr-surgical-60hz/inguinal_hernia,cmr_surgical/inguinal_hernia,arm left: 0. left instrument: Tool #14 (White). arm right: 2. right instrument: Tool #9 (Green). do an inguinal hernia repair,arm left 0 left instrument tool 14 white arm right 2 right instrument tool 9 green do an inguinal hernia repair,inguinal hernia repair,inguinal hernia repair,17,3,arm left: 0. left instrument: Tool #14 (White). arm right: 2. right instrument: Tool #9 (Green),strip_cmr_state_template | strip_cmr_do_carrier,6.375875043393847e-06,6.378277797150612e-06
cmr_versius:02,cmr_versius,CMR_STATE_PROMPT,cmr-surgical-60hz/inguinal_hernia,cmr_surgical/inguinal_hernia,arm left: 1. left instrument: Tool #0 (Purple). arm right: 0. right instrument: Tool #14 (White). do an inguinal hernia repair,arm left 1 left instrument tool 0 purple arm right 0 right instrument tool 14 white do an inguinal hernia repair,inguinal hernia repair,inguinal hernia repair,17,3,arm left: 1. left instrument: Tool #0 (Purple). arm right: 0. right instrument: Tool #14 (White),strip_cmr_state_template | strip_cmr_do_carrier,1.1751982698326528e-06,1.1756411442677016e-06
cmr_versius:02,cmr_versius,CMR_STATE_PROMPT,cmr-surgical-60hz/inguinal_hernia,cmr_surgical/inguinal_hernia,arm left: 1. left instrument: Tool #0 (Purple). arm right: 2. right instrument: Tool #2 (Green). do an inguinal hernia repair,arm left 1 left instrument tool 0 purple arm right 2 right instrument tool 2 green do an inguinal hernia repair,inguinal hernia repair,inguinal hernia repair,17,3,arm left: 1. left instrument: Tool #0 (Purple). arm right: 2. right instrument: Tool #2 (Green),strip_cmr_state_template | strip_cmr_do_carrier,0.0002891629103999792,0.00028927188168071353
cmr_versius:02,cmr_versius,CMR_STATE_PROMPT,cmr-surgical-60hz/inguinal_hernia,cmr_surgical/inguinal_hernia,arm left: 2. left instrument: Tool #1 (Blue). arm right: 1. right instrument: Tool #9 (Cyan). do an inguinal hernia repair,arm left 2 left instrument tool 1 blue arm right 1 right instrument tool 9 cyan do an inguinal hernia repair,inguinal hernia repair,inguinal hernia repair,17,3,arm left: 2. left instrument: Tool #1 (Blue). arm right: 1. right instrument: Tool #9 (Cyan),strip_cmr_state_template | strip_cmr_do_carrier,0.00016779492214791995,0.00016785815580240866
cmr_versius:02,cmr_versius,CMR_STATE_PROMPT,cmr-surgical-60hz/inguinal_hernia,cmr_surgical/inguinal_hernia,arm left: 2. left instrument: Tool #1 (Blue). arm right: 1. right instrument: Tool #2 (Cyan). do an inguinal hernia repair,arm left 2 left instrument tool 1 blue arm right 1 right instrument tool 2 cyan do an inguinal hernia repair,inguinal hernia repair,inguinal hernia repair,17,3,arm left: 2. left instrument: Tool #1 (Blue). arm right: 1. right instrument: Tool #2 (Cyan),strip_cmr_state_template | strip_cmr_do_carrier,4.585914147335734e-05,4.587642352855873e-05
cmr_versius:02,cmr_versius,CMR_STATE_PROMPT,cmr-surgical-60hz/inguinal_hernia,cmr_surgical/inguinal_hernia,arm left: 1. left instrument: Tool #1 (Orange). arm right: 2. right instrument: Tool #9 (Blue). do an inguinal hernia repair,arm left 1 left instrument tool 1 orange arm right 2 right instrument tool 9 blue do an inguinal hernia repair,inguinal hernia repair,inguinal hernia repair,17,3,arm left: 1. left instrument: Tool #1 (Orange). arm right: 2. right instrument: Tool #9 (Blue),strip_cmr_state_template | strip_cmr_do_carrier,6.343807032820564e-06,6.346197701721157e-06
cmr_versius:02,cmr_versius,CMR_STATE_PROMPT,cmr-surgical-60hz/inguinal_hernia,cmr_surgical/inguinal_hernia,arm left: 1. left instrument: Tool #1 (Orange). arm right: -1. right instrument: Tool #3 (None). do an inguinal hernia repair,arm left 1 left instrument tool 1 orange arm right 1 right instrument tool 3 none do an inguinal hernia repair,inguinal hernia repair,inguinal hernia repair,17,3,arm left: 1. left instrument: Tool #1 (Orange). arm right: -1. right instrument: Tool #3 (None),strip_cmr_state_template | strip_cmr_do_carrier,3.489942727154721e-05,3.491257914943298e-05
cmr_versius:02,cmr_versius,CMR_STATE_PROMPT,cmr-surgical-60hz/inguinal_hernia,cmr_surgical/inguinal_hernia,arm left: 1. left instrument: Tool #2 (Orange). arm right: 2. right instrument: Tool #2 (Blue). do an inguinal hernia repair,arm left 1 left instrument tool 2 orange arm right 2 right instrument tool 2 blue do an inguinal hernia repair,inguinal hernia repair,inguinal hernia repair,17,3,arm left: 1. left instrument: Tool #2 (Orange). arm right: 2. right instrument: Tool #2 (Blue),strip_cmr_state_template | strip_cmr_do_carrier,6.724850452573688e-05,6.727384718000572e-05
cmr_versius:02,cmr_versius,CMR_STATE_PROMPT,cmr-surgical-60hz/inguinal_hernia,cmr_surgical/inguinal_hernia,arm left: 1. left instrument: Tool #1 (Orange). arm right: 2. right instrument: Tool #9 (Cyan). do an inguinal hernia repair,arm left 1 left instrument tool 1 orange arm right 2 right instrument tool 9 cyan do an inguinal hernia repair,inguinal hernia repair,inguinal hernia repair,17,3,arm left: 1. left instrument: Tool #1 (Orange). arm right: 2. right instrument: Tool #9 (Cyan),strip_cmr_state_template | strip_cmr_do_carrier,2.189113310017325e-05,2.189938279169611e-05
cmr_versius:02,cmr_versius,CMR_STATE_PROMPT,cmr-surgical-60hz/inguinal_hernia,cmr_surgical/inguinal_hernia,arm left: -1. left instrument: Tool #3 (None). arm right: 2. right instrument: Tool #8 (Pink). do an inguinal hernia repair,arm left 1 left instrument tool 3 none arm right 2 right instrument tool 8 pink do an inguinal hernia repair,inguinal hernia repair,inguinal hernia repair,17,3,arm left: -1. left instrument: Tool #3 (None). arm right: 2. right instrument: Tool #8 (Pink),strip_cmr_state_template | strip_cmr_do_carrier,5.057502538119303e-05,5.059408462112576e-05
cmr_versius:02,cmr_versius,CMR_STATE_PROMPT,cmr-surgical-60hz/inguinal_hernia,cmr_surgical/inguinal_hernia,arm left: 1. left instrument: Tool #13 (Orange). arm right: 2. right instrument: Tool #8 (Pink). do an inguinal hernia repair,arm left 1 left instrument tool 13 orange arm right 2 right instrument tool 8 pink do an inguinal hernia repair,inguinal hernia repair,inguinal hernia repair,17,3,arm left: 1. left instrument: Tool #13 (Orange). arm right: 2. right instrument: Tool #8 (Pink),strip_cmr_state_template | strip_cmr_do_carrier,0.00023049731458650322,0.00023058417768917976
cmr_versius:02,cmr_versius,CMR_STATE_PROMPT,cmr-surgical-60hz/inguinal_hernia,cmr_surgical/inguinal_hernia,arm left: -1. left instrument: Tool #3 (None). arm right: 2. right instrument: Tool #13 (Pink). do an inguinal hernia repair,arm left 1 left instrument tool 3 none arm right 2 right instrument tool 13 pink do an inguinal hernia repair,inguinal hernia repair,inguinal hernia repair,17,3,arm left: -1. left instrument: Tool #3 (None). arm right: 2. right instrument: Tool #13 (Pink),strip_cmr_state_template | strip_cmr_do_carrier,2.0648026102067766e-05,2.0655807327695443e-05
cmr_versius:02,cmr_versius,CMR_STATE_PROMPT,cmr-surgical-60hz/inguinal_hernia,cmr_surgical/inguinal_hernia,arm left: 1. left instrument: Tool #8 (Orange). arm right: 2. right instrument: Tool #13 (Pink). do an inguinal hernia repair,arm left 1 left instrument tool 8 orange arm right 2 right instrument tool 13 pink do an inguinal hernia repair,inguinal hernia repair,inguinal hernia repair,17,3,arm left: 1. left instrument: Tool #8 (Orange). arm right: 2. right instrument: Tool #13 (Pink),strip_cmr_state_template | strip_cmr_do_carrier,7.097782552005333e-05,7.10045735720077e-05
cmr_versius:02,cmr_versius,CMR_STATE_PROMPT,cmr-surgical-60hz/inguinal_hernia,cmr_surgical/inguinal_hernia,arm left: 1. left instrument: Tool #8 (Orange). arm right: -1. right instrument: Tool #3 (None). do an inguinal hernia repair,arm left 1 left instrument tool 8 orange arm right 1 right instrument tool 3 none do an inguinal hernia repair,inguinal hernia repair,inguinal hernia repair,17,3,arm left: 1. left instrument: Tool #8 (Orange). arm right: -1. right instrument: Tool #3 (None),strip_cmr_state_template | strip_cmr_do_carrier,7.100234811637409e-06,7.102910540968907e-06
cmr_versius:02,cmr_versius,CMR_STATE_PROMPT,cmr-surgical-60hz/inguinal_hernia,cmr_surgical/inguinal_hernia,arm left: 1. left instrument: Tool #13 (Orange). arm right: 2. right instrument: Tool #2 (Pink). do an inguinal hernia repair,arm left 1 left instrument tool 13 orange arm right 2 right instrument tool 2 pink do an inguinal hernia repair,inguinal hernia repair,inguinal hernia repair,17,3,arm left: 1. left instrument: Tool #13 (Orange). arm right: 2. right instrument: Tool #2 (Pink),strip_cmr_state_template | strip_cmr_do_carrier,9.354238684226553e-05,9.35776383677224e-05
cmr_versius:02,cmr_versius,CMR_STATE_PROMPT,cmr-surgical-60hz/inguinal_hernia,cmr_surgical/inguinal_hernia,arm left: 2. left instrument: Tool #0 (Cyan). arm right: 1. right instrument: Tool #2 (Green). do an inguinal hernia repair,arm left 2 left instrument tool 0 cyan arm right 1 right instrument tool 2 green do an inguinal hernia repair,inguinal hernia repair,inguinal hernia repair,17,3,arm left: 2. left instrument: Tool #0 (Cyan). arm right: 1. right instrument: Tool #2 (Green),strip_cmr_state_template | strip_cmr_do_carrier,0.0001622716789150628,0.00016233283113079416
cmr_versius:02,cmr_versius,CMR_STATE_PROMPT,cmr-surgical-60hz/inguinal_hernia,cmr_surgical/inguinal_hernia,arm left: 2. left instrument: Tool #0 (Cyan). arm right: 1. right instrument: Tool #9 (Green). do an inguinal hernia repair,arm left 2 left instrument tool 0 cyan arm right 1 right instrument tool 9 green do an inguinal hernia repair,inguinal hernia repair,inguinal hernia repair,17,3,arm left: 2. left instrument: Tool #0 (Cyan). arm right: 1. right instrument: Tool #9 (Green),strip_cmr_state_template | strip_cmr_do_carrier,0.00027322510914505767,0.000273328074252274
cmr_versius:02,cmr_versius,CMR_STATE_PROMPT,cmr-surgical-60hz/inguinal_hernia,cmr_surgical/inguinal_hernia,arm left: 1. left instrument: Tool #2 (Orange). arm right: 2. right instrument: Tool #2 (Purple). do an inguinal hernia repair,arm left 1 left instrument tool 2 orange arm right 2 right instrument tool 2 purple do an inguinal hernia repair,inguinal hernia repair,inguinal hernia repair,17,3,arm left: 1. left instrument: Tool #2 (Orange). arm right: 2. right instrument: Tool #2 (Purple),strip_cmr_state_template | strip_cmr_do_carrier,0.00019770305789141386,0.00019777756245146867
cmr_versius:02,cmr_versius,CMR_STATE_PROMPT,cmr-surgical-60hz/inguinal_hernia,cmr_surgical/inguinal_hernia,arm left: 0. left instrument: Tool #17 (White). arm right: 1. right instrument: Tool #2 (Cyan). do an inguinal hernia repair,arm left 0 left instrument tool 17 white arm right 1 right instrument tool 2 cyan do an inguinal hernia repair,inguinal hernia repair,inguinal hernia repair,17,3,arm left: 0. left instrument: Tool #17 (White). arm right: 1. right instrument: Tool #2 (Cyan),strip_cmr_state_template | strip_cmr_do_carrier,1.43645823832675e-05,1.4369995687959148e-05
cmr_versius:02,cmr_versius,CMR_STATE_PROMPT,cmr-surgical-60hz/inguinal_hernia,cmr_surgical/inguinal_hernia,arm left: 2. left instrument: Tool #2 (Blue). arm right: 1. right instrument: Tool #9 (Cyan). do an inguinal hernia repair,arm left 2 left instrument tool 2 blue arm right 1 right instrument tool 9 cyan do an inguinal hernia repair,inguinal hernia repair,inguinal hernia repair,17,3,arm left: 2. left instrument: Tool #2 (Blue). arm right: 1. right instrument: Tool #9 (Cyan),strip_cmr_state_template | strip_cmr_do_carrier,6.503958450330665e-05,6.506409472424733e-05
cmr_versius:02,cmr_versius,CMR_STATE_PROMPT,cmr-surgical-60hz/inguinal_hernia,cmr_surgical/inguinal_hernia,arm left: 2. left instrument: Tool #9 (Blue). arm right: 1. right instrument: Tool #2 (Cyan). do an inguinal hernia repair,arm left 2 left instrument tool 9 blue arm right 1 right instrument tool 2 cyan do an inguinal hernia repair,inguinal hernia repair,inguinal hernia repair,17,3,arm left: 2. left instrument: Tool #9 (Blue). arm right: 1. right instrument: Tool #2 (Cyan),strip_cmr_state_template | strip_cmr_do_carrier,5.1497452273565685e-06,5.1516859130831865e-06
cmr_versius:02,cmr_versius,CMR_STATE_PROMPT,cmr-surgical-60hz/inguinal_hernia,cmr_surgical/inguinal_hernia,arm left: 0. left instrument: Tool #14 (White). arm right: 2. right instrument: Tool #9 (Cyan). do an inguinal hernia repair,arm left 0 left instrument tool 14 white arm right 2 right instrument tool 9 cyan do an inguinal hernia repair,inguinal hernia repair,inguinal hernia repair,17,3,arm left: 0. left instrument: Tool #14 (White). arm right: 2. right instrument: Tool #9 (Cyan),strip_cmr_state_template | strip_cmr_do_carrier,2.3088967612763517e-06,2.3097668709208135e-06
cmr_versius:02,cmr_versius,CMR_STATE_PROMPT,cmr-surgical-60hz/inguinal_hernia,cmr_surgical/inguinal_hernia,arm left: 0. left instrument: Tool #17 (White). arm right: 2. right instrument: Tool #9 (Cyan). do an inguinal hernia repair,arm left 0 left instrument tool 17 white arm right 2 right instrument tool 9 cyan do an inguinal hernia repair,inguinal hernia repair,inguinal hernia repair,17,3,arm left: 0. left instrument: Tool #17 (White). arm right: 2. right instrument: Tool #9 (Cyan),strip_cmr_state_template | strip_cmr_do_carrier,3.734980055005863e-07,3.736387585313081e-07
cmr_versius:02,cmr_versius,CMR_STATE_PROMPT,cmr-surgical-60hz/inguinal_hernia,cmr_surgical/inguinal_hernia,arm left: 1. left instrument: Tool #18 (Blue). arm right: 0. right instrument: Tool #17 (White). do an inguinal hernia repair,arm left 1 left instrument tool 18 blue arm right 0 right instrument tool 17 white do an inguinal hernia repair,inguinal hernia repair,inguinal hernia repair,17,3,arm left: 1. left instrument: Tool #18 (Blue). arm right: 0. right instrument: Tool #17 (White),strip_cmr_state_template | strip_cmr_do_carrier,2.15798847622561e-06,2.158801715958669e-06
cmr_versius:02,cmr_versius,CMR_STATE_PROMPT,cmr-surgical-60hz/inguinal_hernia,cmr_surgical/inguinal_hernia,arm left: 1. left instrument: Tool #9 (Purple). arm right: -1. right instrument: Tool #3 (None). do an inguinal hernia repair,arm left 1 left instrument tool 9 purple arm right 1 right instrument tool 3 none do an inguinal hernia repair,inguinal hernia repair,inguinal hernia repair,17,3,arm left: 1. left instrument: Tool #9 (Purple). arm right: -1. right instrument: Tool #3 (None),strip_cmr_state_template | strip_cmr_do_carrier,1.278947715805038e-06,1.2794296883041762e-06
cmr_versius:02,cmr_versius,CMR_STATE_PROMPT,cmr-surgical-60hz/inguinal_hernia,cmr_surgical/inguinal_hernia,arm left: 2. left instrument: Tool #1 (Pink). arm right: 1. right instrument: Tool #9 (Purple). do an inguinal hernia repair,arm left 2 left instrument tool 1 pink arm right 1 right instrument tool 9 purple do an inguinal hernia repair,inguinal hernia repair,inguinal hernia repair,17,3,arm left: 2. left instrument: Tool #1 (Pink). arm right: 1. right instrument: Tool #9 (Purple),strip_cmr_state_template | strip_cmr_do_carrier,0.0005543766759624056,0.0005545855932689346
cmr_versius:02,cmr_versius,CMR_STATE_PROMPT,cmr-surgical-60hz/inguinal_hernia,cmr_surgical/inguinal_hernia,arm left: 2. left instrument: Tool #1 (Pink). arm right: -1. right instrument: Tool #3 (None). do an inguinal hernia repair,arm left 2 left instrument tool 1 pink arm right 1 right instrument tool 3 none do an inguinal hernia repair,inguinal hernia repair,inguinal hernia repair,17,3,arm left: 2. left instrument: Tool #1 (Pink). arm right: -1. right instrument: Tool #3 (None),strip_cmr_state_template | strip_cmr_do_carrier,4.448210337226932e-05,4.449886648952917e-05
cmr_versius:02,cmr_versius,CMR_STATE_PROMPT,cmr-surgical-60hz/inguinal_hernia,cmr_surgical/inguinal_hernia,arm left: 2. left instrument: Tool #1 (Pink). arm right: 1. right instrument: Tool #2 (Purple). do an inguinal hernia repair,arm left 2 left instrument tool 1 pink arm right 1 right instrument tool 2 purple do an inguinal hernia repair,inguinal hernia repair,inguinal hernia repair,17,3,arm left: 2. left instrument: Tool #1 (Pink). arm right: 1. right instrument: Tool #2 (Purple),strip_cmr_state_template | strip_cmr_do_carrier,0.0004280173961822931,0.0004281786948902569
cmr_versius:02,cmr_versius,CMR_STATE_PROMPT,cmr-surgical-60hz/inguinal_hernia,cmr_surgical/inguinal_hernia,arm left: -1. left instrument: Tool #3 (None). arm right: 1. right instrument: Tool #0 (Blue). do an inguinal hernia repair,arm left 1 left instrument tool 3 none arm right 1 right instrument tool 0 blue do an inguinal hernia repair,inguinal hernia repair,inguinal hernia repair,17,3,arm left: -1. left instrument: Tool #3 (None). arm right: 1. right instrument: Tool #0 (Blue),strip_cmr_state_template | strip_cmr_do_carrier,6.036331402029677e-08,6.038606198485787e-08
cmr_versius:02,cmr_versius,CMR_STATE_PROMPT,cmr-surgical-60hz/inguinal_hernia,cmr_surgical/inguinal_hernia,arm left: 1. left instrument: Tool #0 (Blue). arm right: 2. right instrument: Tool #9 (Green). do an inguinal hernia repair,arm left 1 left instrument tool 0 blue arm right 2 right instrument tool 9 green do an inguinal hernia repair,inguinal hernia repair,inguinal hernia repair,17,3,arm left: 1. left instrument: Tool #0 (Blue). arm right: 2. right instrument: Tool #9 (Green),strip_cmr_state_template | strip_cmr_do_carrier,0.0002524016521616184,0.00025249676993193505
cmr_versius:02,cmr_versius,CMR_STATE_PROMPT,cmr-surgical-60hz/inguinal_hernia,cmr_surgical/inguinal_hernia,arm left: 1. left instrument: Tool #0 (Blue). arm right: 2. right instrument: Tool #2 (Green). do an inguinal hernia repair,arm left 1 left instrument tool 0 blue arm right 2 right instrument tool 2 green do an inguinal hernia repair,inguinal hernia repair,inguinal hernia repair,17,3,arm left: 1. left instrument: Tool #0 (Blue). arm right: 2. right instrument: Tool #2 (Green),strip_cmr_state_template | strip_cmr_do_carrier,0.0001434420976478565,0.00014349615392039258
cmr_versius:02,cmr_versius,CMR_STATE_PROMPT,cmr-surgical-60hz/inguinal_hernia,cmr_surgical/inguinal_hernia,arm left: 1. left instrument: Tool #0 (Blue). arm right: 0. right instrument: Tool #14 (White). do an inguinal hernia repair,arm left 1 left instrument tool 0 blue arm right 0 right instrument tool 14 white do an inguinal hernia repair,inguinal hernia repair,inguinal hernia repair,17,3,arm left: 1. left instrument: Tool #0 (Blue). arm right: 0. right instrument: Tool #14 (White),strip_cmr_state_template | strip_cmr_do_carrier,7.494482706332471e-06,7.49730700830751e-06
cmr_versius:02,cmr_versius,CMR_STATE_PROMPT,cmr-surgical-60hz/inguinal_hernia,cmr_surgical/inguinal_hernia,arm left: 2. left instrument: Tool #18 (Orange). arm right: 1. right instrument: Tool #9 (Pink). do an inguinal hernia repair,arm left 2 left instrument tool 18 orange arm right 1 right instrument tool 9 pink do an inguinal hernia repair,inguinal hernia repair,inguinal hernia repair,17,3,arm left: 2. left instrument: Tool #18 (Orange). arm right: 1. right instrument: Tool #9 (Pink),strip_cmr_state_template | strip_cmr_do_carrier,9.350088706387657e-05,9.353612295010781e-05
cmr_versius:02,cmr_versius,CMR_STATE_PROMPT,cmr-surgical-60hz/inguinal_hernia,cmr_surgical/inguinal_hernia,arm left: 2. left instrument: Tool #18 (Orange). arm right: -1. right instrument: Tool #3 (None). do an inguinal hernia repair,arm left 2 left instrument tool 18 orange arm right 1 right instrument tool 3 none do an inguinal hernia repair,inguinal hernia repair,inguinal hernia repair,17,3,arm left: 2. left instrument: Tool #18 (Orange). arm right: -1. right instrument: Tool #3 (None),strip_cmr_state_template | strip_cmr_do_carrier,1.952375937843974e-06,1.9531116923227467e-06
cmr_versius:02,cmr_versius,CMR_STATE_PROMPT,cmr-surgical-60hz/inguinal_hernia,cmr_surgical/inguinal_hernia,arm left: 2. left instrument: Tool #2 (Orange). arm right: -1. right instrument: Tool #3 (None). do an inguinal hernia repair,arm left 2 left instrument tool 2 orange arm right 1 right instrument tool 3 none do an inguinal hernia repair,inguinal hernia repair,inguinal hernia repair,17,3,arm left: 2. left instrument: Tool #2 (Orange). arm right: -1. right instrument: Tool #3 (None),strip_cmr_state_template | strip_cmr_do_carrier,4.7347474434670283e-07,4.736531736937289e-07
cmr_versius:02,cmr_versius,CMR_STATE_PROMPT,cmr-surgical-60hz/inguinal_hernia,cmr_surgical/inguinal_hernia,arm left: 2. left instrument: Tool #12 (Orange). arm right: 1. right instrument: Tool #2 (Cyan). do an inguinal hernia repair,arm left 2 left instrument tool 12 orange arm right 1 right instrument tool 2 cyan do an inguinal hernia repair,inguinal hernia repair,inguinal hernia repair,17,3,arm left: 2. left instrument: Tool #12 (Orange). arm right: 1. right instrument: Tool #2 (Cyan),strip_cmr_state_template | strip_cmr_do_carrier,0.0001122814231384414,0.00011232373648514671
cmr_versius:02,cmr_versius,CMR_STATE_PROMPT,cmr-surgical-60hz/inguinal_hernia,cmr_surgical/inguinal_hernia,arm left: 2. left instrument: Tool #12 (Orange). arm right: -1. right instrument: Tool #3 (None). do an inguinal hernia repair,arm left 2 left instrument tool 12 orange arm right 1 right instrument tool 3 none do an inguinal hernia repair,inguinal hernia repair,inguinal hernia repair,17,3,arm left: 2. left instrument: Tool #12 (Orange). arm right: -1. right instrument: Tool #3 (None),strip_cmr_state_template | strip_cmr_do_carrier,1.0582443489183277e-05,1.0586431491720394e-05
cmr_versius:02,cmr_versius,CMR_STATE_PROMPT,cmr-surgical-60hz/inguinal_hernia,cmr_surgical/inguinal_hernia,arm left: 2. left instrument: Tool #12 (Orange). arm right: 0. right instrument: Tool #17 (White). do an inguinal hernia repair,arm left 2 left instrument tool 12 orange arm right 0 right instrument tool 17 white do an inguinal hernia repair,inguinal hernia repair,inguinal hernia repair,17,3,arm left: 2. left instrument: Tool #12 (Orange). arm right: 0. right instrument: Tool #17 (White),strip_cmr_state_template | strip_cmr_do_carrier,3.268862089555384e-05,3.2700939629237565e-05
cmr_versius:02,cmr_versius,CMR_STATE_PROMPT,cmr-surgical-60hz/inguinal_hernia,cmr_surgical/inguinal_hernia,arm left: 2. left instrument: Tool #12 (Orange). arm right: 1. right instrument: Tool #9 (Cyan). do an inguinal hernia repair,arm left 2 left instrument tool 12 orange arm right 1 right instrument tool 9 cyan do an inguinal hernia repair,inguinal hernia repair,inguinal hernia repair,17,3,arm left: 2. left instrument: Tool #12 (Orange). arm right: 1. right instrument: Tool #9 (Cyan),strip_cmr_state_template | strip_cmr_do_carrier,9.72396398260087e-05,9.727628466429494e-05
cmr_versius:03,cmr_versius,CMR_STATE_PROMPT,cmr-surgical-60hz/prostatectomy,cmr_surgical/prostatectomy,arm left: -1. left instrument: Tool #3 (None). arm right: -1. right instrument: Tool #3 (None). do a prostatectomy,arm left 1 left instrument tool 3 none arm right 1 right instrument tool 3 none do a prostatectomy,prostatectomy,prostatectomy,15,1,arm left: -1. left instrument: Tool #3 (None). arm right: -1. right instrument: Tool #3 (None),strip_cmr_state_template | strip_cmr_do_carrier,0.0016677383896419537,0.0016683668782264604
cmr_versius:03,cmr_versius,CMR_STATE_PROMPT,cmr-surgical-60hz/prostatectomy,cmr_surgical/prostatectomy,arm left: -1. left instrument: Tool #3 (None). arm right: 3. right instrument: Tool #9 (Blue). do a prostatectomy,arm left 1 left instrument tool 3 none arm right 3 right instrument tool 9 blue do a prostatectomy,prostatectomy,prostatectomy,15,1,arm left: -1. left instrument: Tool #3 (None). arm right: 3. right instrument: Tool #9 (Blue),strip_cmr_state_template | strip_cmr_do_carrier,0.00017346718731226472,0.00017353255856454827
cmr_versius:03,cmr_versius,CMR_STATE_PROMPT,cmr-surgical-60hz/prostatectomy,cmr_surgical/prostatectomy,arm left: 1. left instrument: Tool #18 (Pink). arm right: 3. right instrument: Tool #9 (Blue). do a prostatectomy,arm left 1 left instrument tool 18 pink arm right 3 right instrument tool 9 blue do a prostatectomy,prostatectomy,prostatectomy,15,1,arm left: 1. left instrument: Tool #18 (Pink). arm right: 3. right instrument: Tool #9 (Blue),strip_cmr_state_template | strip_cmr_do_carrier,0.0010257764313896605,0.001026162996081934
cmr_versius:03,cmr_versius,CMR_STATE_PROMPT,cmr-surgical-60hz/prostatectomy,cmr_surgical/prostatectomy,arm left: 1. left instrument: Tool #18 (Pink). arm right: -1. right instrument: Tool #3 (None). do a prostatectomy,arm left 1 left instrument tool 18 pink arm right 1 right instrument tool 3 none do a prostatectomy,prostatectomy,prostatectomy,15,1,arm left: 1. left instrument: Tool #18 (Pink). arm right: -1. right instrument: Tool #3 (None),strip_cmr_state_template | strip_cmr_do_carrier,4.8747148778515914e-05,4.876551918164678e-05
cmr_versius:03,cmr_versius,CMR_STATE_PROMPT,cmr-surgical-60hz/prostatectomy,cmr_surgical/prostatectomy,arm left: 1. left instrument: Tool #18 (Pink). arm right: 2. right instrument: Tool #0 (Orange). do a prostatectomy,arm left 1 left instrument tool 18 pink arm right 2 right instrument tool 0 orange do a prostatectomy,prostatectomy,prostatectomy,15,1,arm left: 1. left instrument: Tool #18 (Pink). arm right: 2. right instrument: Tool #0 (Orange),strip_cmr_state_template | strip_cmr_do_carrier,2.5626113155179117e-05,2.5635770377009192e-05
cmr_versius:03,cmr_versius,CMR_STATE_PROMPT,cmr-surgical-60hz/prostatectomy,cmr_surgical/prostatectomy,arm left: -1. left instrument: Tool #3 (None). arm right: 3. right instrument: Tool #2 (Blue). do a prostatectomy,arm left 1 left instrument tool 3 none arm right 3 right instrument tool 2 blue do a prostatectomy,prostatectomy,prostatectomy,15,1,arm left: -1. left instrument: Tool #3 (None). arm right: 3. right instrument: Tool #2 (Blue),strip_cmr_state_template | strip_cmr_do_carrier,0.0001104761827785219,0.00011051781581891204
cmr_versius:03,cmr_versius,CMR_STATE_PROMPT,cmr-surgical-60hz/prostatectomy,cmr_surgical/prostatectomy,arm left: 1. left instrument: Tool #2 (Pink). arm right: 3. right instrument: Tool #2 (Blue). do a prostatectomy,arm left 1 left instrument tool 2 pink arm right 3 right instrument tool 2 blue do a prostatectomy,prostatectomy,prostatectomy,15,1,arm left: 1. left instrument: Tool #2 (Pink). arm right: 3. right instrument: Tool #2 (Blue),strip_cmr_state_template | strip_cmr_do_carrier,0.0005090400544260365,0.0005092318865894324
cmr_versius:03,cmr_versius,CMR_STATE_PROMPT,cmr-surgical-60hz/prostatectomy,cmr_surgical/prostatectomy,arm left: 1. left instrument: Tool #2 (Pink). arm right: -1. right instrument: Tool #3 (None). do a prostatectomy,arm left 1 left instrument tool 2 pink arm right 1 right instrument tool 3 none do a prostatectomy,prostatectomy,prostatectomy,15,1,arm left: 1. left instrument: Tool #2 (Pink). arm right: -1. right instrument: Tool #3 (None),strip_cmr_state_template | strip_cmr_do_carrier,2.0568799252416126e-05,2.057655062134032e-05
cmr_versius:03,cmr_versius,CMR_STATE_PROMPT,cmr-surgical-60hz/prostatectomy,cmr_surgical/prostatectomy,arm left: 1. left instrument: Tool #2 (Pink). arm right: 2. right instrument: Tool #0 (Orange). do a prostatectomy,arm left 1 left instrument tool 2 pink arm right 2 right instrument tool 0 orange do a prostatectomy,prostatectomy,prostatectomy,15,1,arm left: 1. left instrument: Tool #2 (Pink). arm right: 2. right instrument: Tool #0 (Orange),strip_cmr_state_template | strip_cmr_do_carrier,7.63030016287814e-06,7.63317564777344e-06
cmr_versius:03,cmr_versius,CMR_STATE_PROMPT,cmr-surgical-60hz/prostatectomy,cmr_surgical/prostatectomy,arm left: -1. left instrument: Tool #3 (None). arm right: 2. right instrument: Tool #0 (Orange). do a prostatectomy,arm left 1 left instrument tool 3 none arm right 2 right instrument tool 0 orange do a prostatectomy,prostatectomy,prostatectomy,15,1,arm left: -1. left instrument: Tool #3 (None). arm right: 2. right instrument: Tool #0 (Orange),strip_cmr_state_template | strip_cmr_do_carrier,1.666970643741758e-05,1.6675988430005903e-05
cmr_versius:03,cmr_versius,CMR_STATE_PROMPT,cmr-surgical-60hz/prostatectomy,cmr_surgical/prostatectomy,arm left: 1. left instrument: Tool #2 (Orange). arm right: 3. right instrument: Tool #2 (Blue). do a prostatectomy,arm left 1 left instrument tool 2 orange arm right 3 right instrument tool 2 blue do a prostatectomy,prostatectomy,prostatectomy,15,1,arm left: 1. left instrument: Tool #2 (Orange). arm right: 3. right instrument: Tool #2 (Blue),strip_cmr_state_template | strip_cmr_do_carrier,0.0010849796379686298,0.0010853885134380202
cmr_versius:03,cmr_versius,CMR_STATE_PROMPT,cmr-surgical-60hz/prostatectomy,cmr_surgical/prostatectomy,arm left: 1. left instrument: Tool #2 (Orange). arm right: -1. right instrument: Tool #3 (None). do a prostatectomy,arm left 1 left instrument tool 2 orange arm right 1 right instrument tool 3 none do a prostatectomy,prostatectomy,prostatectomy,15,1,arm left: 1. left instrument: Tool #2 (Orange). arm right: -1. right instrument: Tool #3 (None),strip_cmr_state_template | strip_cmr_do_carrier,7.842892209443372e-05,7.84584780982636e-05
cmr_versius:03,cmr_versius,CMR_STATE_PROMPT,cmr-surgical-60hz/prostatectomy,cmr_surgical/prostatectomy,arm left: 1. left instrument: Tool #18 (Orange). arm right: 3. right instrument: Tool #2 (Blue). do a prostatectomy,arm left 1 left instrument tool 18 orange arm right 3 right instrument tool 2 blue do a prostatectomy,prostatectomy,prostatectomy,15,1,arm left: 1. left instrument: Tool #18 (Orange). arm right: 3. right instrument: Tool #2 (Blue),strip_cmr_state_template | strip_cmr_do_carrier,5.939561464240889e-05,5.9417997928663116e-05
cmr_versius:03,cmr_versius,CMR_STATE_PROMPT,cmr-surgical-60hz/prostatectomy,cmr_surgical/prostatectomy,arm left: 2. left instrument: Tool #0 (Green). arm right: 3. right instrument: Tool #9 (Blue). do a prostatectomy,arm left 2 left instrument tool 0 green arm right 3 right instrument tool 9 blue do a prostatectomy,prostatectomy,prostatectomy,15,1,arm left: 2. left instrument: Tool #0 (Green). arm right: 3. right instrument: Tool #9 (Blue),strip_cmr_state_template | strip_cmr_do_carrier,0.00012026069871049939,0.00012030601905377011
cmr_versius:03,cmr_versius,CMR_STATE_PROMPT,cmr-surgical-60hz/prostatectomy,cmr_surgical/prostatectomy,arm left: 1. left instrument: Tool #18 (Orange). arm right: 3. right instrument: Tool #9 (Blue). do a prostatectomy,arm left 1 left instrument tool 18 orange arm right 3 right instrument tool 9 blue do a prostatectomy,prostatectomy,prostatectomy,15,1,arm left: 1. left instrument: Tool #18 (Orange). arm right: 3. right instrument: Tool #9 (Blue),strip_cmr_state_template | strip_cmr_do_carrier,0.002595267868402892,0.0025962458972347276
cmr_versius:03,cmr_versius,CMR_STATE_PROMPT,cmr-surgical-60hz/prostatectomy,cmr_surgical/prostatectomy,arm left: 1. left instrument: Tool #18 (Orange). arm right: -1. right instrument: Tool #3 (None). do a prostatectomy,arm left 1 left instrument tool 18 orange arm right 1 right instrument tool 3 none do a prostatectomy,prostatectomy,prostatectomy,15,1,arm left: 1. left instrument: Tool #18 (Orange). arm right: -1. right instrument: Tool #3 (None),strip_cmr_state_template | strip_cmr_do_carrier,0.00022177481571057035,0.0002218583917323678
cmr_versius:03,cmr_versius,CMR_STATE_PROMPT,cmr-surgical-60hz/prostatectomy,cmr_surgical/prostatectomy,arm left: 2. left instrument: Tool #0 (Green). arm right: -1. right instrument: Tool #3 (None). do a prostatectomy,arm left 2 left instrument tool 0 green arm right 1 right instrument tool 3 none do a prostatectomy,prostatectomy,prostatectomy,15,1,arm left: 2. left instrument: Tool #0 (Green). arm right: -1. right instrument: Tool #3 (None),strip_cmr_state_template | strip_cmr_do_carrier,1.9955734344397487e-05,1.9963254679306603e-05
cmr_versius:03,cmr_versius,CMR_STATE_PROMPT,cmr-surgical-60hz/prostatectomy,cmr_surgical/prostatectomy,arm left: 2. left instrument: Tool #0 (Green). arm right: 3. right instrument: Tool #2 (Blue). do a prostatectomy,arm left 2 left instrument tool 0 green arm right 3 right instrument tool 2 blue do a prostatectomy,prostatectomy,prostatectomy,15,1,arm left: 2. left instrument: Tool #0 (Green). arm right: 3. right instrument: Tool #2 (Blue),strip_cmr_state_template | strip_cmr_do_carrier,2.0414118260239117e-05,2.042181133750412e-05
cmr_versius:03,cmr_versius,CMR_STATE_PROMPT,cmr-surgical-60hz/prostatectomy,cmr_surgical/prostatectomy,arm left: 1. left instrument: Tool #18 (Orange). arm right: 0. right instrument: Tool #14 (White). do a prostatectomy,arm left 1 left instrument tool 18 orange arm right 0 right instrument tool 14 white do a prostatectomy,prostatectomy,prostatectomy,15,1,arm left: 1. left instrument: Tool #18 (Orange). arm right: 0. right instrument: Tool #14 (White),strip_cmr_state_template | strip_cmr_do_carrier,3.4633451419145276e-06,3.4646503063812203e-06
cmr_versius:03,cmr_versius,CMR_STATE_PROMPT,cmr-surgical-60hz/prostatectomy,cmr_surgical/prostatectomy,arm left: 3. left instrument: Tool #18 (Pink). arm right: -1. right instrument: Tool #3 (None). do a prostatectomy,arm left 3 left instrument tool 18 pink arm right 1 right instrument tool 3 none do a prostatectomy,prostatectomy,prostatectomy,15,1,arm left: 3. left instrument: Tool #18 (Pink). arm right: -1. right instrument: Tool #3 (None),strip_cmr_state_template | strip_cmr_do_carrier,4.589309583749376e-05,4.591039068842522e-05
cmr_versius:03,cmr_versius,CMR_STATE_PROMPT,cmr-surgical-60hz/prostatectomy,cmr_surgical/prostatectomy,arm left: 3. left instrument: Tool #18 (Pink). arm right: 2. right instrument: Tool #9 (Green). do a prostatectomy,arm left 3 left instrument tool 18 pink arm right 2 right instrument tool 9 green do a prostatectomy,prostatectomy,prostatectomy,15,1,arm left: 3. left instrument: Tool #18 (Pink). arm right: 2. right instrument: Tool #9 (Green),strip_cmr_state_template | strip_cmr_do_carrier,0.00034857738857801935,0.00034870875025374686
cmr_versius:03,cmr_versius,CMR_STATE_PROMPT,cmr-surgical-60hz/prostatectomy,cmr_surgical/prostatectomy,arm left: 3. left instrument: Tool #18 (Pink). arm right: 1. right instrument: Tool #0 (Blue). do a prostatectomy,arm left 3 left instrument tool 18 pink arm right 1 right instrument tool 0 blue do a prostatectomy,prostatectomy,prostatectomy,15,1,arm left: 3. left instrument: Tool #18 (Pink). arm right: 1. right instrument: Tool #0 (Blue),strip_cmr_state_template | strip_cmr_do_carrier,5.3664872517606965e-05,5.368509616897567e-05
cmr_versius:03,cmr_versius,CMR_STATE_PROMPT,cmr-surgical-60hz/prostatectomy,cmr_surgical/prostatectomy,arm left: -1. left instrument: Tool #3 (None). arm right: 1. right instrument: Tool #0 (Blue). do a prostatectomy,arm left 1 left instrument tool 3 none arm right 1 right instrument tool 0 blue do a prostatectomy,prostatectomy,prostatectomy,15,1,arm left: -1. left instrument: Tool #3 (None). arm right: 1. right instrument: Tool #0 (Blue),strip_cmr_state_template | strip_cmr_do_carrier,1.6522570859493108e-05,1.6528797403917814e-05
cmr_versius:03,cmr_versius,CMR_STATE_PROMPT,cmr-surgical-60hz/prostatectomy,cmr_surgical/prostatectomy,arm left: -1. left instrument: Tool #3 (None). arm right: 2. right instrument: Tool #9 (Green). do a prostatectomy,arm left 1 left instrument tool 3 none arm right 2 right instrument tool 9 green do a prostatectomy,prostatectomy,prostatectomy,15,1,arm left: -1. left instrument: Tool #3 (None). arm right: 2. right instrument: Tool #9 (Green),strip_cmr_state_template | strip_cmr_do_carrier,6.596201139567931e-05,6.598686923395344e-05
cmr_versius:03,cmr_versius,CMR_STATE_PROMPT,cmr-surgical-60hz/prostatectomy,cmr_surgical/prostatectomy,arm left: 3. left instrument: Tool #2 (Pink). arm right: -1. right instrument: Tool #3 (None). do a prostatectomy,arm left 3 left instrument tool 2 pink arm right 1 right instrument tool 3 none do a prostatectomy,prostatectomy,prostatectomy,15,1,arm left: 3. left instrument: Tool #2 (Pink). arm right: -1. right instrument: Tool #3 (None),strip_cmr_state_template | strip_cmr_do_carrier,1.1884027447745928e-05,1.1888505953268894e-05
cmr_versius:03,cmr_versius,CMR_STATE_PROMPT,cmr-surgical-60hz/prostatectomy,cmr_surgical/prostatectomy,arm left: 3. left instrument: Tool #2 (Pink). arm right: 2. right instrument: Tool #2 (Green). do a prostatectomy,arm left 3 left instrument tool 2 pink arm right 2 right instrument tool 2 green do a prostatectomy,prostatectomy,prostatectomy,15,1,arm left: 3. left instrument: Tool #2 (Pink). arm right: 2. right instrument: Tool #2 (Green),strip_cmr_state_template | strip_cmr_do_carrier,2.9500683373856914e-05,2.9511800730662256e-05
cmr_versius:03,cmr_versius,CMR_STATE_PROMPT,cmr-surgical-60hz/prostatectomy,cmr_surgical/prostatectomy,arm left: 3. left instrument: Tool #2 (Pink). arm right: 1. right instrument: Tool #0 (Blue). do a prostatectomy,arm left 3 left instrument tool 2 pink arm right 1 right instrument tool 0 blue do a prostatectomy,prostatectomy,prostatectomy,15,1,arm left: 3. left instrument: Tool #2 (Pink). arm right: 1. right instrument: Tool #0 (Blue),strip_cmr_state_template | strip_cmr_do_carrier,2.5993952099990304e-06,2.6003747942229424e-06
cmr_versius:03,cmr_versius,CMR_STATE_PROMPT,cmr-surgical-60hz/prostatectomy,cmr_surgical/prostatectomy,arm left: -1. left instrument: Tool #3 (None). arm right: 2. right instrument: Tool #2 (Green). do a prostatectomy,arm left 1 left instrument tool 3 none arm right 2 right instrument tool 2 green do a prostatectomy,prostatectomy,prostatectomy,15,1,arm left: -1. left instrument: Tool #3 (None). arm right: 2. right instrument: Tool #2 (Green),strip_cmr_state_template | strip_cmr_do_carrier,5.871086829899115e-05,5.873299353802238e-05
cmr_versius:03,cmr_versius,CMR_STATE_PROMPT,cmr-surgical-60hz/prostatectomy,cmr_surgical/prostatectomy,arm left: -1. left instrument: Tool #3 (None). arm right: 1. right instrument: Tool #9 (Pink). do a prostatectomy,arm left 1 left instrument tool 3 none arm right 1 right instrument tool 9 pink do a prostatectomy,prostatectomy,prostatectomy,15,1,arm left: -1. left instrument: Tool #3 (None). arm right: 1. right instrument: Tool #9 (Pink),strip_cmr_state_template | strip_cmr_do_carrier,3.599162598460195e-05,3.60051894584715e-05
cmr_versius:03,cmr_versius,CMR_STATE_PROMPT,cmr-surgical-60hz/prostatectomy,cmr_surgical/prostatectomy,arm left: 3. left instrument: Tool #18 (Blue). arm right: 1. right instrument: Tool #9 (Pink). do a prostatectomy,arm left 3 left instrument tool 18 blue arm right 1 right instrument tool 9 pink do a prostatectomy,prostatectomy,prostatectomy,15,1,arm left: 3. left instrument: Tool #18 (Blue). arm right: 1. right instrument: Tool #9 (Pink),strip_cmr_state_template | strip_cmr_do_carrier,0.0004060489225860314,0.0004062019424566427
cmr_versius:03,cmr_versius,CMR_STATE_PROMPT,cmr-surgical-60hz/prostatectomy,cmr_surgical/prostatectomy,arm left: 2. left instrument: Tool #0 (Orange). arm right: 1. right instrument: Tool #9 (Pink). do a prostatectomy,arm left 2 left instrument tool 0 orange arm right 1 right instrument tool 9 pink do a prostatectomy,prostatectomy,prostatectomy,15,1,arm left: 2. left instrument: Tool #0 (Orange). arm right: 1. right instrument: Tool #9 (Pink),strip_cmr_state_template | strip_cmr_do_carrier,3.232644101143206e-05,3.233862325732842e-05
cmr_versius:03,cmr_versius,CMR_STATE_PROMPT,cmr-surgical-60hz/prostatectomy,cmr_surgical/prostatectomy,arm left: 3. left instrument: Tool #18 (Blue). arm right: -1. right instrument: Tool #3 (None). do a prostatectomy,arm left 3 left instrument tool 18 blue arm right 1 right instrument tool 3 none do a prostatectomy,prostatectomy,prostatectomy,15,1,arm left: 3. left instrument: Tool #18 (Blue). arm right: -1. right instrument: Tool #3 (None),strip_cmr_state_template | strip_cmr_do_carrier,6.018222407823589e-05,6.0204903798903293e-05
cmr_versius:03,cmr_versius,CMR_STATE_PROMPT,cmr-surgical-60hz/prostatectomy,cmr_surgical/prostatectomy,arm left: 2. left instrument: Tool #0 (Orange). arm right: -1. right instrument: Tool #3 (None). do a prostatectomy,arm left 2 left instrument tool 0 orange arm right 1 right instrument tool 3 none do a prostatectomy,prostatectomy,prostatectomy,15,1,arm left: 2. left instrument: Tool #0 (Orange). arm right: -1. right instrument: Tool #3 (None),strip_cmr_state_template | strip_cmr_do_carrier,1.8269334258955446e-05,1.827621907260464e-05
cmr_versius:03,cmr_versius,CMR_STATE_PROMPT,cmr-surgical-60hz/prostatectomy,cmr_surgical/prostatectomy,arm left: 2. left instrument: Tool #0 (Orange). arm right: 0. right instrument: Tool #14 (White). do a prostatectomy,arm left 2 left instrument tool 0 orange arm right 0 right instrument tool 14 white do a prostatectomy,prostatectomy,prostatectomy,15,1,arm left: 2. left instrument: Tool #0 (Orange). arm right: 0. right instrument: Tool #14 (White),strip_cmr_state_template | strip_cmr_do_carrier,4.359363084403308e-06,4.361005913968954e-06
cmr_versius:03,cmr_versius,CMR_STATE_PROMPT,cmr-surgical-60hz/prostatectomy,cmr_surgical/prostatectomy,arm left: -1. left instrument: Tool #3 (None). arm right: 0. right instrument: Tool #14 (White). do a prostatectomy,arm left 1 left instrument tool 3 none arm right 0 right instrument tool 14 white do a prostatectomy,prostatectomy,prostatectomy,15,1,arm left: -1. left instrument: Tool #3 (None). arm right: 0. right instrument: Tool #14 (White),strip_cmr_state_template | strip_cmr_do_carrier,6.76182298241112e-05,6.764371180966297e-05
cmr_versius:03,cmr_versius,CMR_STATE_PROMPT,cmr-surgical-60hz/prostatectomy,cmr_surgical/prostatectomy,arm left: -1. left instrument: Tool #3 (None). arm right: 1. right instrument: Tool #2 (Pink). do a prostatectomy,arm left 1 left instrument tool 3 none arm right 1 right instrument tool 2 pink do a prostatectomy,prostatectomy,prostatectomy,15,1,arm left: -1. left instrument: Tool #3 (None). arm right: 1. right instrument: Tool #2 (Pink),strip_cmr_state_template | strip_cmr_do_carrier,2.3771827602618123e-05,2.3780786035411838e-05
cmr_versius:03,cmr_versius,CMR_STATE_PROMPT,cmr-surgical-60hz/prostatectomy,cmr_surgical/prostatectomy,arm left: 3. left instrument: Tool #18 (Blue). arm right: 1. right instrument: Tool #2 (Pink). do a prostatectomy,arm left 3 left instrument tool 18 blue arm right 1 right instrument tool 2 pink do a prostatectomy,prostatectomy,prostatectomy,15,1,arm left: 3. left instrument: Tool #18 (Blue). arm right: 1. right instrument: Tool #2 (Pink),strip_cmr_state_template | strip_cmr_do_carrier,3.621610205861493e-05,3.622975012647769e-05
cmr_versius:03,cmr_versius,CMR_STATE_PROMPT,cmr-surgical-60hz/prostatectomy,cmr_surgical/prostatectomy,arm left: 2. left instrument: Tool #0 (Orange). arm right: 1. right instrument: Tool #2 (Pink). do a prostatectomy,arm left 2 left instrument tool 0 orange arm right 1 right instrument tool 2 pink do a prostatectomy,prostatectomy,prostatectomy,15,1,arm left: 2. left instrument: Tool #0 (Orange). arm right: 1. right instrument: Tool #2 (Pink),strip_cmr_state_template | strip_cmr_do_carrier,2.404912157639886e-05,2.405818450765478e-05
cmr_versius:03,cmr_versius,CMR_STATE_PROMPT,cmr-surgical-60hz/prostatectomy,cmr_surgical/prostatectomy,arm left: 3. left instrument: Tool #18 (Blue). arm right: 0. right instrument: Tool #14 (White). do a prostatectomy,arm left 3 left instrument tool 18 blue arm right 0 right instrument tool 14 white do a prostatectomy,prostatectomy,prostatectomy,15,1,arm left: 3. left instrument: Tool #18 (Blue). arm right: 0. right instrument: Tool #14 (White),strip_cmr_state_template | strip_cmr_do_carrier,8.015116289757531e-06,8.018136792926909e-06
cmr_versius:03,cmr_versius,CMR_STATE_PROMPT,cmr-surgical-60hz/prostatectomy,cmr_surgical/prostatectomy,arm left: 3. left instrument: Tool #2 (Blue). arm right: 1. right instrument: Tool #2 (Pink). do a prostatectomy,arm left 3 left instrument tool 2 blue arm right 1 right instrument tool 2 pink do a prostatectomy,prostatectomy,prostatectomy,15,1,arm left: 3. left instrument: Tool #2 (Blue). arm right: 1. right instrument: Tool #2 (Pink),strip_cmr_state_template | strip_cmr_do_carrier,0.0002322289871574605,0.00023231650284237038
cmr_versius:03,cmr_versius,CMR_STATE_PROMPT,cmr-surgical-60hz/prostatectomy,cmr_surgical/prostatectomy,arm left: 3. left instrument: Tool #2 (Blue). arm right: -1. right instrument: Tool #3 (None). do a prostatectomy,arm left 3 left instrument tool 2 blue arm right 1 right instrument tool 3 none do a prostatectomy,prostatectomy,prostatectomy,15,1,arm left: 3. left instrument: Tool #2 (Blue). arm right: -1. right instrument: Tool #3 (None),strip_cmr_state_template | strip_cmr_do_carrier,1.2259411806809648e-05,1.2264031776237227e-05
cmr_versius:03,cmr_versius,CMR_STATE_PROMPT,cmr-surgical-60hz/prostatectomy,cmr_surgical/prostatectomy,arm left: -1. left instrument: Tool #3 (None). arm right: 3. right instrument: Tool #9 (Orange). do a prostatectomy,arm left 1 left instrument tool 3 none arm right 3 right instrument tool 9 orange do a prostatectomy,prostatectomy,prostatectomy,15,1,arm left: -1. left instrument: Tool #3 (None). arm right: 3. right instrument: Tool #9 (Orange),strip_cmr_state_template | strip_cmr_do_carrier,9.78395002590854e-05,9.787637115526946e-05
cmr_versius:03,cmr_versius,CMR_STATE_PROMPT,cmr-surgical-60hz/prostatectomy,cmr_surgical/prostatectomy,arm left: 2. left instrument: Tool #1 (Green). arm right: 3. right instrument: Tool #9 (Orange). do a prostatectomy,arm left 2 left instrument tool 1 green arm right 3 right instrument tool 9 orange do a prostatectomy,prostatectomy,prostatectomy,15,1,arm left: 2. left instrument: Tool #1 (Green). arm right: 3. right instrument: Tool #9 (Orange),strip_cmr_state_template | strip_cmr_do_carrier,0.0003885718568235923,0.0003887182904475893
cmr_versius:03,cmr_versius,CMR_STATE_PROMPT,cmr-surgical-60hz/prostatectomy,cmr_surgical/prostatectomy,arm left: 2. left instrument: Tool #1 (Green). arm right: -1. right instrument: Tool #3 (None). do a prostatectomy,arm left 2 left instrument tool 1 green arm right 1 right instrument tool 3 none do a prostatectomy,prostatectomy,prostatectomy,15,1,arm left: 2. left instrument: Tool #1 (Green). arm right: -1. right instrument: Tool #3 (None),strip_cmr_state_template | strip_cmr_do_carrier,1.937473744695213e-05,1.9382038832702348e-05
cmr_versius:03,cmr_versius,CMR_STATE_PROMPT,cmr-surgical-60hz/prostatectomy,cmr_surgical/prostatectomy,arm left: 2. left instrument: Tool #1 (Green). arm right: 1. right instrument: Tool #0 (Blue). do a prostatectomy,arm left 2 left instrument tool 1 green arm right 1 right instrument tool 0 blue do a prostatectomy,prostatectomy,prostatectomy,15,1,arm left: 2. left instrument: Tool #1 (Green). arm right: 1. right instrument: Tool #0 (Blue),strip_cmr_state_template | strip_cmr_do_carrier,9.368009065237433e-05,9.371539407162535e-05
cmr_versius:03,cmr_versius,CMR_STATE_PROMPT,cmr-surgical-60hz/prostatectomy,cmr_surgical/prostatectomy,arm left: -1. left instrument: Tool #3 (None). arm right: 3. right instrument: Tool #2 (Orange). do a prostatectomy,arm left 1 left instrument tool 3 none arm right 3 right instrument tool 2 orange do a prostatectomy,prostatectomy,prostatectomy,15,1,arm left: -1. left instrument: Tool #3 (None). arm right: 3. right instrument: Tool #2 (Orange),strip_cmr_state_template | strip_cmr_do_carrier,6.16856478680539e-05,6.170889415521366e-05
cmr_versius:03,cmr_versius,CMR_STATE_PROMPT,cmr-surgical-60hz/prostatectomy,cmr_surgical/prostatectomy,arm left: 2. left instrument: Tool #2 (Green). arm right: 3. right instrument: Tool #2 (Orange). do a prostatectomy,arm left 2 left instrument tool 2 green arm right 3 right instrument tool 2 orange do a prostatectomy,prostatectomy,prostatectomy,15,1,arm left: 2. left instrument: Tool #2 (Green). arm right: 3. right instrument: Tool #2 (Orange),strip_cmr_state_template | strip_cmr_do_carrier,0.00047987702833998056,0.0004800578703929979
cmr_versius:03,cmr_versius,CMR_STATE_PROMPT,cmr-surgical-60hz/prostatectomy,cmr_surgical/prostatectomy,arm left: 2. left instrument: Tool #2 (Green). arm right: -1. right instrument: Tool #3 (None). do a prostatectomy,arm left 2 left instrument tool 2 green arm right 1 right instrument tool 3 none do a prostatectomy,prostatectomy,prostatectomy,15,1,arm left: 2. left instrument: Tool #2 (Green). arm right: -1. right instrument: Tool #3 (None),strip_cmr_state_template | strip_cmr_do_carrier,4.219584285375058e-05,4.2211744391852676e-05
cmr_versius:03,cmr_versius,CMR_STATE_PROMPT,cmr-surgical-60hz/prostatectomy,cmr_surgical/prostatectomy,arm left: 2. left instrument: Tool #2 (Green). arm right: 1. right instrument: Tool #0 (Blue). do a prostatectomy,arm left 2 left instrument tool 2 green arm right 1 right instrument tool 0 blue do a prostatectomy,prostatectomy,prostatectomy,15,1,arm left: 2. left instrument: Tool #2 (Green). arm right: 1. right instrument: Tool #0 (Blue),strip_cmr_state_template | strip_cmr_do_carrier,9.111087709938546e-07,9.114521230839485e-07
cmr_versius:03,cmr_versius,CMR_STATE_PROMPT,cmr-surgical-60hz/prostatectomy,cmr_surgical/prostatectomy,arm left: -1. left instrument: Tool #3 (None). arm right: 3. right instrument: Tool #9 (Green). do a prostatectomy,arm left 1 left instrument tool 3 none arm right 3 right instrument tool 9 green do a prostatectomy,prostatectomy,prostatectomy,15,1,arm left: -1. left instrument: Tool #3 (None). arm right: 3. right instrument: Tool #9 (Green),strip_cmr_state_template | strip_cmr_do_carrier,0.00017686073737234326,0.00017692738748675948
cmr_versius:03,cmr_versius,CMR_STATE_PROMPT,cmr-surgical-60hz/prostatectomy,cmr_surgical/prostatectomy,arm left: 1. left instrument: Tool #18 (Orange). arm right: 3. right instrument: Tool #9 (Green). do a prostatectomy,arm left 1 left instrument tool 18 orange arm right 3 right instrument tool 9 green do a prostatectomy,prostatectomy,prostatectomy,15,1,arm left: 1. left instrument: Tool #18 (Orange). arm right: 3. right instrument: Tool #9 (Green),strip_cmr_state_template | strip_cmr_do_carrier,0.0019134981909077766,0.0019142192942756243
cmr_versius:03,cmr_versius,CMR_STATE_PROMPT,cmr-surgical-60hz/prostatectomy,cmr_surgical/prostatectomy,arm left: 2. left instrument: Tool #0 (Blue). arm right: 3. right instrument: Tool #9 (Green). do a prostatectomy,arm left 2 left instrument tool 0 blue arm right 3 right instrument tool 9 green do a prostatectomy,prostatectomy,prostatectomy,15,1,arm left: 2. left instrument: Tool #0 (Blue). arm right: 3. right instrument: Tool #9 (Green),strip_cmr_state_template | strip_cmr_do_carrier,7.520703020860038e-05,7.523537203982182e-05
cmr_versius:03,cmr_versius,CMR_STATE_PROMPT,cmr-surgical-60hz/prostatectomy,cmr_surgical/prostatectomy,arm left: 2. left instrument: Tool #0 (Blue). arm right: -1. right instrument: Tool #3 (None). do a prostatectomy,arm left 2 left instrument tool 0 blue arm right 1 right instrument tool 3 none do a prostatectomy,prostatectomy,prostatectomy,15,1,arm left: 2. left instrument: Tool #0 (Blue). arm right: -1. right instrument: Tool #3 (None),strip_cmr_state_template | strip_cmr_do_carrier,1.0146695816099262e-05,1.0150519606767202e-05
cmr_versius:03,cmr_versius,CMR_STATE_PROMPT,cmr-surgical-60hz/prostatectomy,cmr_surgical/prostatectomy,arm left: -1. left instrument: Tool #3 (None). arm right: 3. right instrument: Tool #2 (Green). do a prostatectomy,arm left 1 left instrument tool 3 none arm right 3 right instrument tool 2 green do a prostatectomy,prostatectomy,prostatectomy,15,1,arm left: -1. left instrument: Tool #3 (None). arm right: 3. right instrument: Tool #2 (Green),strip_cmr_state_template | strip_cmr_do_carrier,0.00021710231793468677,0.00021718413312185242
cmr_versius:03,cmr_versius,CMR_STATE_PROMPT,cmr-surgical-60hz/prostatectomy,cmr_surgical/prostatectomy,arm left: 1. left instrument: Tool #2 (Orange). arm right: 3. right instrument: Tool #2 (Green). do a prostatectomy,arm left 1 left instrument tool 2 orange arm right 3 right instrument tool 2 green do a prostatectomy,prostatectomy,prostatectomy,15,1,arm left: 1. left instrument: Tool #2 (Orange). arm right: 3. right instrument: Tool #2 (Green),strip_cmr_state_template | strip_cmr_do_carrier,0.0006589881855131429,0.0006592365257531303
cmr_versius:03,cmr_versius,CMR_STATE_PROMPT,cmr-surgical-60hz/prostatectomy,cmr_surgical/prostatectomy,arm left: 2. left instrument: Tool #0 (Blue). arm right: 3. right instrument: Tool #2 (Green). do a prostatectomy,arm left 2 left instrument tool 0 blue arm right 3 right instrument tool 2 green do a prostatectomy,prostatectomy,prostatectomy,15,1,arm left: 2. left instrument: Tool #0 (Blue). arm right: 3. right instrument: Tool #2 (Green),strip_cmr_state_template | strip_cmr_do_carrier,0.00019836139528494774,0.00019843614793999106
cmr_versius:03,cmr_versius,CMR_STATE_PROMPT,cmr-surgical-60hz/prostatectomy,cmr_surgical/prostatectomy,arm left: 2. left instrument: Tool #18 (Blue). arm right: -1. right instrument: Tool #3 (None). do a prostatectomy,arm left 2 left instrument tool 18 blue arm right 1 right instrument tool 3 none do a prostatectomy,prostatectomy,prostatectomy,15,1,arm left: 2. left instrument: Tool #18 (Blue). arm right: -1. right instrument: Tool #3 (None),strip_cmr_state_template | strip_cmr_do_carrier,0.00010738633564210796,0.00010742680427106214
cmr_versius:03,cmr_versius,CMR_STATE_PROMPT,cmr-surgical-60hz/prostatectomy,cmr_surgical/prostatectomy,arm left: 2. left instrument: Tool #18 (Blue). arm right: 3. right instrument: Tool #2 (Green). do a prostatectomy,arm left 2 left instrument tool 18 blue arm right 3 right instrument tool 2 green do a prostatectomy,prostatectomy,prostatectomy,15,1,arm left: 2. left instrument: Tool #18 (Blue). arm right: 3. right instrument: Tool #2 (Green),strip_cmr_state_template | strip_cmr_do_carrier,8.635726612028707e-06,8.638980992708728e-06
cmr_versius:03,cmr_versius,CMR_STATE_PROMPT,cmr-surgical-60hz/prostatectomy,cmr_surgical/prostatectomy,arm left: 2. left instrument: Tool #18 (Pink). arm right: 3. right instrument: Tool #9 (Orange). do a prostatectomy,arm left 2 left instrument tool 18 pink arm right 3 right instrument tool 9 orange do a prostatectomy,prostatectomy,prostatectomy,15,1,arm left: 2. left instrument: Tool #18 (Pink). arm right: 3. right instrument: Tool #9 (Orange),strip_cmr_state_template | strip_cmr_do_carrier,0.0003921332923507898,0.0003922810681046959
cmr_versius:03,cmr_versius,CMR_STATE_PROMPT,cmr-surgical-60hz/prostatectomy,cmr_surgical/prostatectomy,arm left: 2. left instrument: Tool #18 (Pink). arm right: -1. right instrument: Tool #3 (None). do a prostatectomy,arm left 2 left instrument tool 18 pink arm right 1 right instrument tool 3 none do a prostatectomy,prostatectomy,prostatectomy,15,1,arm left: 2. left instrument: Tool #18 (Pink). arm right: -1. right instrument: Tool #3 (None),strip_cmr_state_template | strip_cmr_do_carrier,3.212460118017669e-05,3.213670736256655e-05
cmr_versius:03,cmr_versius,CMR_STATE_PROMPT,cmr-surgical-60hz/prostatectomy,cmr_surgical/prostatectomy,arm left: 2. left instrument: Tool #18 (Pink). arm right: 1. right instrument: Tool #0 (Blue). do a prostatectomy,arm left 2 left instrument tool 18 pink arm right 1 right instrument tool 0 blue do a prostatectomy,prostatectomy,prostatectomy,15,1,arm left: 2. left instrument: Tool #18 (Pink). arm right: 1. right instrument: Tool #0 (Blue),strip_cmr_state_template | strip_cmr_do_carrier,4.524984927246497e-05,4.5266901715399075e-05
cmr_versius:03,cmr_versius,CMR_STATE_PROMPT,cmr-surgical-60hz/prostatectomy,cmr_surgical/prostatectomy,arm left: 2. left instrument: Tool #2 (Pink). arm right: -1. right instrument: Tool #3 (None). do a prostatectomy,arm left 2 left instrument tool 2 pink arm right 1 right instrument tool 3 none do a prostatectomy,prostatectomy,prostatectomy,15,1,arm left: 2. left instrument: Tool #2 (Pink). arm right: -1. right instrument: Tool #3 (None),strip_cmr_state_template | strip_cmr_do_carrier,1.161993794890713e-05,1.162431693208514e-05
cmr_versius:03,cmr_versius,CMR_STATE_PROMPT,cmr-surgical-60hz/prostatectomy,cmr_surgical/prostatectomy,arm left: 2. left instrument: Tool #2 (Pink). arm right: 3. right instrument: Tool #2 (Orange). do a prostatectomy,arm left 2 left instrument tool 2 pink arm right 3 right instrument tool 2 orange do a prostatectomy,prostatectomy,prostatectomy,15,1,arm left: 2. left instrument: Tool #2 (Pink). arm right: 3. right instrument: Tool #2 (Orange),strip_cmr_state_template | strip_cmr_do_carrier,0.0001528550019278965,0.00015291260546115634
cmr_versius:03,cmr_versius,CMR_STATE_PROMPT,cmr-surgical-60hz/prostatectomy,cmr_surgical/prostatectomy,arm left: 1. left instrument: Tool #18 (Orange). arm right: 3. right instrument: Tool #2 (Green). do a prostatectomy,arm left 1 left instrument tool 18 orange arm right 3 right instrument tool 2 green do a prostatectomy,prostatectomy,prostatectomy,15,1,arm left: 1. left instrument: Tool #18 (Orange). arm right: 3. right instrument: Tool #2 (Green),strip_cmr_state_template | strip_cmr_do_carrier,2.4088735001224682e-05,2.409781286083234e-05
cmr_versius:03,cmr_versius,CMR_STATE_PROMPT,cmr-surgical-60hz/prostatectomy,cmr_surgical/prostatectomy,arm left: 1. left instrument: Tool #18 (Orange). arm right: 2. right instrument: Tool #0 (Green). do a prostatectomy,arm left 1 left instrument tool 18 orange arm right 2 right instrument tool 0 green do a prostatectomy,prostatectomy,prostatectomy,15,1,arm left: 1. left instrument: Tool #18 (Orange). arm right: 2. right instrument: Tool #0 (Green),strip_cmr_state_template | strip_cmr_do_carrier,0.0001672856066858737,0.0001673486484044114
cmr_versius:03,cmr_versius,CMR_STATE_PROMPT,cmr-surgical-60hz/prostatectomy,cmr_surgical/prostatectomy,arm left: -1. left instrument: Tool #3 (None). arm right: 2. right instrument: Tool #0 (Green). do a prostatectomy,arm left 1 left instrument tool 3 none arm right 2 right instrument tool 0 green do a prostatectomy,prostatectomy,prostatectomy,15,1,arm left: -1. left instrument: Tool #3 (None). arm right: 2. right instrument: Tool #0 (Green),strip_cmr_state_template | strip_cmr_do_carrier,4.3176746706580406e-05,4.319301789910662e-05
cmr_versius:03,cmr_versius,CMR_STATE_PROMPT,cmr-surgical-60hz/prostatectomy,cmr_surgical/prostatectomy,arm left: 1. left instrument: Tool #2 (Orange). arm right: 2. right instrument: Tool #0 (Green). do a prostatectomy,arm left 1 left instrument tool 2 orange arm right 2 right instrument tool 0 green do a prostatectomy,prostatectomy,prostatectomy,15,1,arm left: 1. left instrument: Tool #2 (Orange). arm right: 2. right instrument: Tool #0 (Green),strip_cmr_state_template | strip_cmr_do_carrier,1.0220263605061497e-05,1.0224115119811247e-05
cmr_versius:03,cmr_versius,CMR_STATE_PROMPT,cmr-surgical-60hz/prostatectomy,cmr_surgical/prostatectomy,arm left: 1. left instrument: Tool #18 (Blue). arm right: 3. right instrument: Tool #9 (Orange). do a prostatectomy,arm left 1 left instrument tool 18 blue arm right 3 right instrument tool 9 orange do a prostatectomy,prostatectomy,prostatectomy,15,1,arm left: 1. left instrument: Tool #18 (Blue). arm right: 3. right instrument: Tool #9 (Orange),strip_cmr_state_template | strip_cmr_do_carrier,0.00014551142750661477,0.00014556626360781095
cmr_versius:03,cmr_versius,CMR_STATE_PROMPT,cmr-surgical-60hz/prostatectomy,cmr_surgical/prostatectomy,arm left: 1. left instrument: Tool #18 (Blue). arm right: -1. right instrument: Tool #3 (None). do a prostatectomy,arm left 1 left instrument tool 18 blue arm right 1 right instrument tool 3 none do a prostatectomy,prostatectomy,prostatectomy,15,1,arm left: 1. left instrument: Tool #18 (Blue). arm right: -1. right instrument: Tool #3 (None),strip_cmr_state_template | strip_cmr_do_carrier,8.844168680755045e-05,8.847501613000191e-05
cmr_versius:03,cmr_versius,CMR_STATE_PROMPT,cmr-surgical-60hz/prostatectomy,cmr_surgical/prostatectomy,arm left: 1. left instrument: Tool #18 (Blue). arm right: 2. right instrument: Tool #0 (Green). do a prostatectomy,arm left 1 left instrument tool 18 blue arm right 2 right instrument tool 0 green do a prostatectomy,prostatectomy,prostatectomy,15,1,arm left: 1. left instrument: Tool #18 (Blue). arm right: 2. right instrument: Tool #0 (Green),strip_cmr_state_template | strip_cmr_do_carrier,2.3454920204011564e-05,2.3463759209991335e-05
cmr_versius:03,cmr_versius,CMR_STATE_PROMPT,cmr-surgical-60hz/prostatectomy,cmr_surgical/prostatectomy,arm left: -1. left instrument: Tool #3 (None). arm right: 2. right instrument: Tool #9 (Blue). do a prostatectomy,arm left 1 left instrument tool 3 none arm right 2 right instrument tool 9 blue do a prostatectomy,prostatectomy,prostatectomy,15,1,arm left: -1. left instrument: Tool #3 (None). arm right: 2. right instrument: Tool #9 (Blue),strip_cmr_state_template | strip_cmr_do_carrier,7.978521030632727e-05,7.981527742848589e-05
cmr_versius:03,cmr_versius,CMR_STATE_PROMPT,cmr-surgical-60hz/prostatectomy,cmr_surgical/prostatectomy,arm left: 1. left instrument: Tool #18 (Green). arm right: 2. right instrument: Tool #9 (Blue). do a prostatectomy,arm left 1 left instrument tool 18 green arm right 2 right instrument tool 9 blue do a prostatectomy,prostatectomy,prostatectomy,15,1,arm left: 1. left instrument: Tool #18 (Green). arm right: 2. right instrument: Tool #9 (Blue),strip_cmr_state_template | strip_cmr_do_carrier,0.0006319661707212445,0.0006322043276927213
cmr_versius:03,cmr_versius,CMR_STATE_PROMPT,cmr-surgical-60hz/prostatectomy,cmr_surgical/prostatectomy,arm left: 3. left instrument: Tool #0 (Orange). arm right: 2. right instrument: Tool #9 (Blue). do a prostatectomy,arm left 3 left instrument tool 0 orange arm right 2 right instrument tool 9 blue do a prostatectomy,prostatectomy,prostatectomy,15,1,arm left: 3. left instrument: Tool #0 (Orange). arm right: 2. right instrument: Tool #9 (Blue),strip_cmr_state_template | strip_cmr_do_carrier,7.07005315462726e-05,7.072717509976478e-05
cmr_versius:03,cmr_versius,CMR_STATE_PROMPT,cmr-surgical-60hz/prostatectomy,cmr_surgical/prostatectomy,arm left: 1. left instrument: Tool #18 (Green). arm right: -1. right instrument: Tool #3 (None). do a prostatectomy,arm left 1 left instrument tool 18 green arm right 1 right instrument tool 3 none do a prostatectomy,prostatectomy,prostatectomy,15,1,arm left: 1. left instrument: Tool #18 (Green). arm right: -1. right instrument: Tool #3 (None),strip_cmr_state_template | strip_cmr_do_carrier,9.26331644248348e-05,9.266807330907547e-05
cmr_versius:03,cmr_versius,CMR_STATE_PROMPT,cmr-surgical-60hz/prostatectomy,cmr_surgical/prostatectomy,arm left: -1. left instrument: Tool #3 (None). arm right: 2. right instrument: Tool #2 (Blue). do a prostatectomy,arm left 1 left instrument tool 3 none arm right 2 right instrument tool 2 blue do a prostatectomy,prostatectomy,prostatectomy,15,1,arm left: -1. left instrument: Tool #3 (None). arm right: 2. right instrument: Tool #2 (Blue),strip_cmr_state_template | strip_cmr_do_carrier,5.251985590478446e-05,5.25396480557004e-05
cmr_versius:03,cmr_versius,CMR_STATE_PROMPT,cmr-surgical-60hz/prostatectomy,cmr_surgical/prostatectomy,arm left: 1. left instrument: Tool #2 (Green). arm right: 2. right instrument: Tool #2 (Blue). do a prostatectomy,arm left 1 left instrument tool 2 green arm right 2 right instrument tool 2 blue do a prostatectomy,prostatectomy,prostatectomy,15,1,arm left: 1. left instrument: Tool #2 (Green). arm right: 2. right instrument: Tool #2 (Blue),strip_cmr_state_template | strip_cmr_do_carrier,0.00039941650345805117,0.00039956702389605634
cmr_versius:03,cmr_versius,CMR_STATE_PROMPT,cmr-surgical-60hz/prostatectomy,cmr_surgical/prostatectomy,arm left: 1. left instrument: Tool #2 (Green). arm right: -1. right instrument: Tool #3 (None). do a prostatectomy,arm left 1 left instrument tool 2 green arm right 1 right instrument tool 3 none do a prostatectomy,prostatectomy,prostatectomy,15,1,arm left: 1. left instrument: Tool #2 (Green). arm right: -1. right instrument: Tool #3 (None),strip_cmr_state_template | strip_cmr_do_carrier,4.84377867941619e-05,4.845604061397439e-05
cmr_versius:03,cmr_versius,CMR_STATE_PROMPT,cmr-surgical-60hz/prostatectomy,cmr_surgical/prostatectomy,arm left: 3. left instrument: Tool #0 (Orange). arm right: 2. right instrument: Tool #2 (Blue). do a prostatectomy,arm left 3 left instrument tool 0 orange arm right 2 right instrument tool 2 blue do a prostatectomy,prostatectomy,prostatectomy,15,1,arm left: 3. left instrument: Tool #0 (Orange). arm right: 2. right instrument: Tool #2 (Blue),strip_cmr_state_template | strip_cmr_do_carrier,2.957802386994542e-06,2.9589170372580355e-06
cmr_versius:03,cmr_versius,CMR_STATE_PROMPT,cmr-surgical-60hz/prostatectomy,cmr_surgical/prostatectomy,arm left: 3. left instrument: Tool #0 (Orange). arm right: -1. right instrument: Tool #3 (None). do a prostatectomy,arm left 3 left instrument tool 0 orange arm right 1 right instrument tool 3 none do a prostatectomy,prostatectomy,prostatectomy,15,1,arm left: 3. left instrument: Tool #0 (Orange). arm right: -1. right instrument: Tool #3 (None),strip_cmr_state_template | strip_cmr_do_carrier,9.846765599560913e-06,9.850476361279941e-06
cmr_versius:03,cmr_versius,CMR_STATE_PROMPT,cmr-surgical-60hz/prostatectomy,cmr_surgical/prostatectomy,arm left: -1. left instrument: Tool #3 (None). arm right: 1. right instrument: Tool #9 (Blue). do a prostatectomy,arm left 1 left instrument tool 3 none arm right 1 right instrument tool 9 blue do a prostatectomy,prostatectomy,prostatectomy,15,1,arm left: -1. left instrument: Tool #3 (None). arm right: 1. right instrument: Tool #9 (Blue),strip_cmr_state_template | strip_cmr_do_carrier,9.381590810891999e-05,9.385126271109129e-05
cmr_versius:03,cmr_versius,CMR_STATE_PROMPT,cmr-surgical-60hz/prostatectomy,cmr_surgical/prostatectomy,arm left: 2. left instrument: Tool #18 (Green). arm right: 1. right instrument: Tool #9 (Blue). do a prostatectomy,arm left 2 left instrument tool 18 green arm right 1 right instrument tool 9 blue do a prostatectomy,prostatectomy,prostatectomy,15,1,arm left: 2. left instrument: Tool #18 (Green). arm right: 1. right instrument: Tool #9 (Blue),strip_cmr_state_template | strip_cmr_do_carrier,0.00172175789662943,0.001722406742509597
cmr_versius:03,cmr_versius,CMR_STATE_PROMPT,cmr-surgical-60hz/prostatectomy,cmr_surgical/prostatectomy,arm left: 3. left instrument: Tool #0 (Pink). arm right: 1. right instrument: Tool #9 (Blue). do a prostatectomy,arm left 3 left instrument tool 0 pink arm right 1 right instrument tool 9 blue do a prostatectomy,prostatectomy,prostatectomy,15,1,arm left: 3. left instrument: Tool #0 (Pink). arm right: 1. right instrument: Tool #9 (Blue),strip_cmr_state_template | strip_cmr_do_carrier,3.3522389170459186e-05,3.353502211040341e-05
cmr_versius:03,cmr_versius,CMR_STATE_PROMPT,cmr-surgical-60hz/prostatectomy,cmr_surgical/prostatectomy,arm left: 2. left instrument: Tool #18 (Green). arm right: -1. right instrument: Tool #3 (None). do a prostatectomy,arm left 2 left instrument tool 18 green arm right 1 right instrument tool 3 none do a prostatectomy,prostatectomy,prostatectomy,15,1,arm left: 2. left instrument: Tool #18 (Green). arm right: -1. right instrument: Tool #3 (None),strip_cmr_state_template | strip_cmr_do_carrier,9.139005742672931e-05,9.14244978450748e-05
cmr_versius:03,cmr_versius,CMR_STATE_PROMPT,cmr-surgical-60hz/prostatectomy,cmr_surgical/prostatectomy,arm left: -1. left instrument: Tool #3 (None). arm right: 1. right instrument: Tool #2 (Blue). do a prostatectomy,arm left 1 left instrument tool 3 none arm right 1 right instrument tool 2 blue do a prostatectomy,prostatectomy,prostatectomy,15,1,arm left: -1. left instrument: Tool #3 (None). arm right: 1. right instrument: Tool #2 (Blue),strip_cmr_state_template | strip_cmr_do_carrier,7.085521253844961e-05,7.088191438360097e-05
cmr_versius:03,cmr_versius,CMR_STATE_PROMPT,cmr-surgical-60hz/prostatectomy,cmr_surgical/prostatectomy,arm left: 2. left instrument: Tool #2 (Green). arm right: 1. right instrument: Tool #2 (Blue). do a prostatectomy,arm left 2 left instrument tool 2 green arm right 1 right instrument tool 2 blue do a prostatectomy,prostatectomy,prostatectomy,15,1,arm left: 2. left instrument: Tool #2 (Green). arm right: 1. right instrument: Tool #2 (Blue),strip_cmr_state_template | strip_cmr_do_carrier,0.00046525401551856366,0.00046542934687716605
cmr_versius:03,cmr_versius,CMR_STATE_PROMPT,cmr-surgical-60hz/prostatectomy,cmr_surgical/prostatectomy,arm left: 3. left instrument: Tool #0 (Pink). arm right: 1. right instrument: Tool #2 (Blue). do a prostatectomy,arm left 3 left instrument tool 0 pink arm right 1 right instrument tool 2 blue do a prostatectomy,prostatectomy,prostatectomy,15,1,arm left: 3. left instrument: Tool #0 (Pink). arm right: 1. right instrument: Tool #2 (Blue),strip_cmr_state_template | strip_cmr_do_carrier,1.1376598339262808e-05,1.1380885619708681e-05
cmr_versius:03,cmr_versius,CMR_STATE_PROMPT,cmr-surgical-60hz/prostatectomy,cmr_surgical/prostatectomy,arm left: 0. left instrument: Tool #14 (White). arm right: 1. right instrument: Tool #2 (Blue). do a prostatectomy,arm left 0 left instrument tool 14 white arm right 1 right instrument tool 2 blue do a prostatectomy,prostatectomy,prostatectomy,15,1,arm left: 0. left instrument: Tool #14 (White). arm right: 1. right instrument: Tool #2 (Blue),strip_cmr_state_template | strip_cmr_do_carrier,2.2824878113924716e-06,2.2833479688024377e-06
cmr_versius:03,cmr_versius,CMR_STATE_PROMPT,cmr-surgical-60hz/prostatectomy,cmr_surgical/prostatectomy,arm left: 0. left instrument: Tool #14 (White). arm right: -1. right instrument: Tool #3 (None). do a prostatectomy,arm left 0 left instrument tool 14 white arm right 1 right instrument tool 3 none do a prostatectomy,prostatectomy,prostatectomy,15,1,arm left: 0. left instrument: Tool #14 (White). arm right: -1. right instrument: Tool #3 (None),strip_cmr_state_template | strip_cmr_do_carrier,1.5735961423666114e-05,1.5741891533677633e-05
cmr_versius:03,cmr_versius,CMR_STATE_PROMPT,cmr-surgical-60hz/prostatectomy,cmr_surgical/prostatectomy,arm left: 1. left instrument: Tool #18 (Green). arm right: 0. right instrument: Tool #14 (White). do a prostatectomy,arm left 1 left instrument tool 18 green arm right 0 right instrument tool 14 white do a prostatectomy,prostatectomy,prostatectomy,15,1,arm left: 1. left instrument: Tool #18 (Green). arm right: 0. right instrument: Tool #14 (White),strip_cmr_state_template | strip_cmr_do_carrier,7.377528785418147e-06,7.380309013211848e-06
cmr_versius:03,cmr_versius,CMR_STATE_PROMPT,cmr-surgical-60hz/prostatectomy,cmr_surgical/prostatectomy,arm left: 1. left instrument: Tool #18 (Green). arm right: 3. right instrument: Tool #9 (Pink). do a prostatectomy,arm left 1 left instrument tool 18 green arm right 3 right instrument tool 9 pink do a prostatectomy,prostatectomy,prostatectomy,15,1,arm left: 1. left instrument: Tool #18 (Green). arm right: 3. right instrument: Tool #9 (Pink),strip_cmr_state_template | strip_cmr_do_carrier,0.0007618189773002818,0.0007621060694087728
cmr_versius:03,cmr_versius,CMR_STATE_PROMPT,cmr-surgical-60hz/prostatectomy,cmr_surgical/prostatectomy,arm left: 1. left instrument: Tool #18 (Green). arm right: 2. right instrument: Tool #0 (Orange). do a prostatectomy,arm left 1 left instrument tool 18 green arm right 2 right instrument tool 0 orange do a prostatectomy,prostatectomy,prostatectomy,15,1,arm left: 1. left instrument: Tool #18 (Green). arm right: 2. right instrument: Tool #0 (Orange),strip_cmr_state_template | strip_cmr_do_carrier,7.714808802506555e-05,7.717716134552242e-05
cmr_versius:03,cmr_versius,CMR_STATE_PROMPT,cmr-surgical-60hz/prostatectomy,cmr_surgical/prostatectomy,arm left: -1. left instrument: Tool #3 (None). arm right: 3. right instrument: Tool #9 (Pink). do a prostatectomy,arm left 1 left instrument tool 3 none arm right 3 right instrument tool 9 pink do a prostatectomy,prostatectomy,prostatectomy,15,1,arm left: -1. left instrument: Tool #3 (None). arm right: 3. right instrument: Tool #9 (Pink),strip_cmr_state_template | strip_cmr_do_carrier,6.770122938088911e-05,6.772674264489216e-05
cmr_versius:03,cmr_versius,CMR_STATE_PROMPT,cmr-surgical-60hz/prostatectomy,cmr_surgical/prostatectomy,arm left: -1. left instrument: Tool #3 (None). arm right: 3. right instrument: Tool #2 (Pink). do a prostatectomy,arm left 1 left instrument tool 3 none arm right 3 right instrument tool 2 pink do a prostatectomy,prostatectomy,prostatectomy,15,1,arm left: -1. left instrument: Tool #3 (None). arm right: 3. right instrument: Tool #2 (Pink),strip_cmr_state_template | strip_cmr_do_carrier,6.064249434764064e-05,6.066534752153783e-05
cmr_versius:03,cmr_versius,CMR_STATE_PROMPT,cmr-surgical-60hz/prostatectomy,cmr_surgical/prostatectomy,arm left: 1. left instrument: Tool #2 (Green). arm right: 3. right instrument: Tool #2 (Pink). do a prostatectomy,arm left 1 left instrument tool 2 green arm right 3 right instrument tool 2 pink do a prostatectomy,prostatectomy,prostatectomy,15,1,arm left: 1. left instrument: Tool #2 (Green). arm right: 3. right instrument: Tool #2 (Pink),strip_cmr_state_template | strip_cmr_do_carrier,0.0005610788901722216,0.0005612903332136909
cmr_versius:03,cmr_versius,CMR_STATE_PROMPT,cmr-surgical-60hz/prostatectomy,cmr_surgical/prostatectomy,arm left: 1. left instrument: Tool #2 (Green). arm right: 2. right instrument: Tool #0 (Orange). do a prostatectomy,arm left 1 left instrument tool 2 green arm right 2 right instrument tool 0 orange do a prostatectomy,prostatectomy,prostatectomy,15,1,arm left: 1. left instrument: Tool #2 (Green). arm right: 2. right instrument: Tool #0 (Orange),strip_cmr_state_template | strip_cmr_do_carrier,1.106346364778252e-05,1.1067632923162232e-05
cmr_versius:03,cmr_versius,CMR_STATE_PROMPT,cmr-surgical-60hz/prostatectomy,cmr_surgical/prostatectomy,arm left: 2. left instrument: Tool #18 (Blue). arm right: 3. right instrument: Tool #9 (Pink). do a prostatectomy,arm left 2 left instrument tool 18 blue arm right 3 right instrument tool 9 pink do a prostatectomy,prostatectomy,prostatectomy,15,1,arm left: 2. left instrument: Tool #18 (Blue). arm right: 3. right instrument: Tool #9 (Pink),strip_cmr_state_template | strip_cmr_do_carrier,0.00026520433379461077,0.00026530427626603604
cmr_versius:03,cmr_versius,CMR_STATE_PROMPT,cmr-surgical-60hz/prostatectomy,cmr_surgical/prostatectomy,arm left: 2. left instrument: Tool #18 (Blue). arm right: 1. right instrument: Tool #0 (Green). do a prostatectomy,arm left 2 left instrument tool 18 blue arm right 1 right instrument tool 0 green do a prostatectomy,prostatectomy,prostatectomy,15,1,arm left: 2. left instrument: Tool #18 (Blue). arm right: 1. right instrument: Tool #0 (Green),strip_cmr_state_template | strip_cmr_do_carrier,1.9518100317750338e-05,1.952545572991639e-05
cmr_versius:03,cmr_versius,CMR_STATE_PROMPT,cmr-surgical-60hz/prostatectomy,cmr_surgical/prostatectomy,arm left: -1. left instrument: Tool #3 (None). arm right: 1. right instrument: Tool #0 (Green). do a prostatectomy,arm left 1 left instrument tool 3 none arm right 1 right instrument tool 0 green do a prostatectomy,prostatectomy,prostatectomy,15,1,arm left: -1. left instrument: Tool #3 (None). arm right: 1. right instrument: Tool #0 (Green),strip_cmr_state_template | strip_cmr_do_carrier,9.222382570163466e-06,9.225858032624066e-06
cmr_versius:03,cmr_versius,CMR_STATE_PROMPT,cmr-surgical-60hz/prostatectomy,cmr_surgical/prostatectomy,arm left: 2. left instrument: Tool #2 (Blue). arm right: 3. right instrument: Tool #2 (Pink). do a prostatectomy,arm left 2 left instrument tool 2 blue arm right 3 right instrument tool 2 pink do a prostatectomy,prostatectomy,prostatectomy,15,1,arm left: 2. left instrument: Tool #2 (Blue). arm right: 3. right instrument: Tool #2 (Pink),strip_cmr_state_template | strip_cmr_do_carrier,0.00019531870698761216,0.0001953923130030668
cmr_versius:03,cmr_versius,CMR_STATE_PROMPT,cmr-surgical-60hz/prostatectomy,cmr_surgical/prostatectomy,arm left: 2. left instrument: Tool #2 (Blue). arm right: -1. right instrument: Tool #3 (None). do a prostatectomy,arm left 2 left instrument tool 2 blue arm right 1 right instrument tool 3 none do a prostatectomy,prostatectomy,prostatectomy,15,1,arm left: 2. left instrument: Tool #2 (Blue). arm right: -1. right instrument: Tool #3 (None),strip_cmr_state_template | strip_cmr_do_carrier,5.1365407524146285e-05,5.138476462023999e-05
cmr_versius:03,cmr_versius,CMR_STATE_PROMPT,cmr-surgical-60hz/prostatectomy,cmr_surgical/prostatectomy,arm left: 2. left instrument: Tool #2 (Blue). arm right: 1. right instrument: Tool #0 (Green). do a prostatectomy,arm left 2 left instrument tool 2 blue arm right 1 right instrument tool 0 green do a prostatectomy,prostatectomy,prostatectomy,15,1,arm left: 2. left instrument: Tool #2 (Blue). arm right: 1. right instrument: Tool #0 (Green),strip_cmr_state_template | strip_cmr_do_carrier,7.488823645643069e-06,7.49164581499643e-06
cmr_versius:03,cmr_versius,CMR_STATE_PROMPT,cmr-surgical-60hz/prostatectomy,cmr_surgical/prostatectomy,arm left: -1. left instrument: Tool #3 (None). arm right: 2. right instrument: Tool #9 (Orange). do a prostatectomy,arm left 1 left instrument tool 3 none arm right 2 right instrument tool 9 orange do a prostatectomy,prostatectomy,prostatectomy,15,1,arm left: -1. left instrument: Tool #3 (None). arm right: 2. right instrument: Tool #9 (Orange),strip_cmr_state_template | strip_cmr_do_carrier,5.4543913278027533e-05,5.4564468196630155e-05
cmr_versius:03,cmr_versius,CMR_STATE_PROMPT,cmr-surgical-60hz/prostatectomy,cmr_surgical/prostatectomy,arm left: 3. left instrument: Tool #0 (Blue). arm right: 2. right instrument: Tool #9 (Orange). do a prostatectomy,arm left 3 left instrument tool 0 blue arm right 2 right instrument tool 9 orange do a prostatectomy,prostatectomy,prostatectomy,15,1,arm left: 3. left instrument: Tool #0 (Blue). arm right: 2. right instrument: Tool #9 (Orange),strip_cmr_state_template | strip_cmr_do_carrier,0.00012499733250752955,0.00012504443785514444
cmr_versius:03,cmr_versius,CMR_STATE_PROMPT,cmr-surgical-60hz/prostatectomy,cmr_surgical/prostatectomy,arm left: 1. left instrument: Tool #18 (Green). arm right: 2. right instrument: Tool #9 (Orange). do a prostatectomy,arm left 1 left instrument tool 18 green arm right 2 right instrument tool 9 orange do a prostatectomy,prostatectomy,prostatectomy,15,1,arm left: 1. left instrument: Tool #18 (Green). arm right: 2. right instrument: Tool #9 (Orange),strip_cmr_state_template | strip_cmr_do_carrier,0.0006593088656188758,0.0006595573267074249
cmr_versius:03,cmr_versius,CMR_STATE_PROMPT,cmr-surgical-60hz/prostatectomy,cmr_surgical/prostatectomy,arm left: 1. left instrument: Tool #18 (Green). arm right: 3. right instrument: Tool #0 (Blue). do a prostatectomy,arm left 1 left instrument tool 18 green arm right 3 right instrument tool 0 blue do a prostatectomy,prostatectomy,prostatectomy,15,1,arm left: 1. left instrument: Tool #18 (Green). arm right: 3. right instrument: Tool #0 (Blue),strip_cmr_state_template | strip_cmr_do_carrier,2.4466005713851536e-06,2.4475225748237703e-06
cmr_versius:03,cmr_versius,CMR_STATE_PROMPT,cmr-surgical-60hz/prostatectomy,cmr_surgical/prostatectomy,arm left: -1. left instrument: Tool #3 (None). arm right: 2. right instrument: Tool #2 (Orange). do a prostatectomy,arm left 1 left instrument tool 3 none arm right 2 right instrument tool 2 orange do a prostatectomy,prostatectomy,prostatectomy,15,1,arm left: -1. left instrument: Tool #3 (None). arm right: 2. right instrument: Tool #2 (Orange),strip_cmr_state_template | strip_cmr_do_carrier,4.3725675593452485e-05,4.3742153650281425e-05
cmr_versius:03,cmr_versius,CMR_STATE_PROMPT,cmr-surgical-60hz/prostatectomy,cmr_surgical/prostatectomy,arm left: 1. left instrument: Tool #2 (Green). arm right: 2. right instrument: Tool #2 (Orange). do a prostatectomy,arm left 1 left instrument tool 2 green arm right 2 right instrument tool 2 orange do a prostatectomy,prostatectomy,prostatectomy,15,1,arm left: 1. left instrument: Tool #2 (Green). arm right: 2. right instrument: Tool #2 (Orange),strip_cmr_state_template | strip_cmr_do_carrier,0.00010777492447611362,0.00010781553954508967
cmr_versius:03,cmr_versius,CMR_STATE_PROMPT,cmr-surgical-60hz/prostatectomy,cmr_surgical/prostatectomy,arm left: 3. left instrument: Tool #0 (Blue). arm right: 2. right instrument: Tool #2 (Orange). do a prostatectomy,arm left 3 left instrument tool 0 blue arm right 2 right instrument tool 2 orange do a prostatectomy,prostatectomy,prostatectomy,15,1,arm left: 3. left instrument: Tool #0 (Blue). arm right: 2. right instrument: Tool #2 (Orange),strip_cmr_state_template | strip_cmr_do_carrier,1.120494016501759e-06,1.1209162755939243e-06
cmr_versius:03,cmr_versius,CMR_STATE_PROMPT,cmr-surgical-60hz/prostatectomy,cmr_surgical/prostatectomy,arm left: 3. left instrument: Tool #0 (Blue). arm right: -1. right instrument: Tool #3 (None). do a prostatectomy,arm left 3 left instrument tool 0 blue arm right 1 right instrument tool 3 none do a prostatectomy,prostatectomy,prostatectomy,15,1,arm left: 3. left instrument: Tool #0 (Blue). arm right: -1. right instrument: Tool #3 (None),strip_cmr_state_template | strip_cmr_do_carrier,4.79699711105046e-06,4.798804863359174e-06
cmr_versius:03,cmr_versius,CMR_STATE_PROMPT,cmr-surgical-60hz/prostatectomy,cmr_surgical/prostatectomy,arm left: 3. left instrument: Tool #0 (Pink). arm right: 2. right instrument: Tool #9 (Blue). do a prostatectomy,arm left 3 left instrument tool 0 pink arm right 2 right instrument tool 9 blue do a prostatectomy,prostatectomy,prostatectomy,15,1,arm left: 3. left instrument: Tool #0 (Pink). arm right: 2. right instrument: Tool #9 (Blue),strip_cmr_state_template | strip_cmr_do_carrier,6.189503311356181e-05,6.191835830772363e-05
cmr_versius:03,cmr_versius,CMR_STATE_PROMPT,cmr-surgical-60hz/prostatectomy,cmr_surgical/prostatectomy,arm left: 3. left instrument: Tool #0 (Pink). arm right: -1. right instrument: Tool #3 (None). do a prostatectomy,arm left 3 left instrument tool 0 pink arm right 1 right instrument tool 3 none do a prostatectomy,prostatectomy,prostatectomy,15,1,arm left: 3. left instrument: Tool #0 (Pink). arm right: -1. right instrument: Tool #3 (None),strip_cmr_state_template | strip_cmr_do_carrier,2.4137780193866173e-05,2.414687653619504e-05
cmr_versius:03,cmr_versius,CMR_STATE_PROMPT,cmr-surgical-60hz/prostatectomy,cmr_surgical/prostatectomy,arm left: 3. left instrument: Tool #0 (Pink). arm right: 0. right instrument: Tool #14 (White). do a prostatectomy,arm left 3 left instrument tool 0 pink arm right 0 right instrument tool 14 white do a prostatectomy,prostatectomy,prostatectomy,15,1,arm left: 3. left instrument: Tool #0 (Pink). arm right: 0. right instrument: Tool #14 (White),strip_cmr_state_template | strip_cmr_do_carrier,1.1789709769589216e-06,1.1794152731417553e-06
cmr_versius:03,cmr_versius,CMR_STATE_PROMPT,cmr-surgical-60hz/prostatectomy,cmr_surgical/prostatectomy,arm left: 3. left instrument: Tool #0 (Pink). arm right: 2. right instrument: Tool #2 (Blue). do a prostatectomy,arm left 3 left instrument tool 0 pink arm right 2 right instrument tool 2 blue do a prostatectomy,prostatectomy,prostatectomy,15,1,arm left: 3. left instrument: Tool #0 (Pink). arm right: 2. right instrument: Tool #2 (Blue),strip_cmr_state_template | strip_cmr_do_carrier,1.0431535204132536e-06,1.043546633675825e-06
cmr_versius:03,cmr_versius,CMR_STATE_PROMPT,cmr-surgical-60hz/prostatectomy,cmr_surgical/prostatectomy,arm left: 1. left instrument: Tool #2 (Orange). arm right: 3. right instrument: Tool #2 (Pink). do a prostatectomy,arm left 1 left instrument tool 2 orange arm right 3 right instrument tool 2 pink do a prostatectomy,prostatectomy,prostatectomy,15,1,arm left: 1. left instrument: Tool #2 (Orange). arm right: 3. right instrument: Tool #2 (Pink),strip_cmr_state_template | strip_cmr_do_carrier,0.0006266881534515948,0.0006269243213979203
cmr_versius:03,cmr_versius,CMR_STATE_PROMPT,cmr-surgical-60hz/prostatectomy,cmr_surgical/prostatectomy,arm left: 2. left instrument: Tool #0 (Blue). arm right: 3. right instrument: Tool #2 (Pink). do a prostatectomy,arm left 2 left instrument tool 0 blue arm right 3 right instrument tool 2 pink do a prostatectomy,prostatectomy,prostatectomy,15,1,arm left: 2. left instrument: Tool #0 (Blue). arm right: 3. right instrument: Tool #2 (Pink),strip_cmr_state_template | strip_cmr_do_carrier,4.729088382777626e-06,4.730870543626209e-06
cmr_versius:03,cmr_versius,CMR_STATE_PROMPT,cmr-surgical-60hz/prostatectomy,cmr_surgical/prostatectomy,arm left: 2. left instrument: Tool #0 (Blue). arm right: 3. right instrument: Tool #9 (Pink). do a prostatectomy,arm left 2 left instrument tool 0 blue arm right 3 right instrument tool 9 pink do a prostatectomy,prostatectomy,prostatectomy,15,1,arm left: 2. left instrument: Tool #0 (Blue). arm right: 3. right instrument: Tool #9 (Pink),strip_cmr_state_template | strip_cmr_do_carrier,8.965272579508265e-05,8.968651149857312e-05
cmr_versius:03,cmr_versius,CMR_STATE_PROMPT,cmr-surgical-60hz/prostatectomy,cmr_surgical/prostatectomy,arm left: 1. left instrument: Tool #18 (Orange). arm right: 3. right instrument: Tool #9 (Pink). do a prostatectomy,arm left 1 left instrument tool 18 orange arm right 3 right instrument tool 9 pink do a prostatectomy,prostatectomy,prostatectomy,15,1,arm left: 1. left instrument: Tool #18 (Orange). arm right: 3. right instrument: Tool #9 (Pink),strip_cmr_state_template | strip_cmr_do_carrier,0.0008390859055998247,0.0008394021158138278
cmr_versius:03,cmr_versius,CMR_STATE_PROMPT,cmr-surgical-60hz/prostatectomy,cmr_surgical/prostatectomy,arm left: 1. left instrument: Tool #18 (Blue). arm right: 2. right instrument: Tool #9 (Orange). do a prostatectomy,arm left 1 left instrument tool 18 blue arm right 2 right instrument tool 9 orange do a prostatectomy,prostatectomy,prostatectomy,15,1,arm left: 1. left instrument: Tool #18 (Blue). arm right: 2. right instrument: Tool #9 (Orange),strip_cmr_state_template | strip_cmr_do_carrier,0.00042084359358169346,0.0004210021888362439
cmr_versius:03,cmr_versius,CMR_STATE_PROMPT,cmr-surgical-60hz/prostatectomy,cmr_surgical/prostatectomy,arm left: 3. left instrument: Tool #0 (Green). arm right: 2. right instrument: Tool #9 (Orange). do a prostatectomy,arm left 3 left instrument tool 0 green arm right 2 right instrument tool 9 orange do a prostatectomy,prostatectomy,prostatectomy,15,1,arm left: 3. left instrument: Tool #0 (Green). arm right: 2. right instrument: Tool #9 (Orange),strip_cmr_state_template | strip_cmr_do_carrier,4.857360425070756e-05,4.859190925344031e-05
cmr_versius:03,cmr_versius,CMR_STATE_PROMPT,cmr-surgical-60hz/prostatectomy,cmr_surgical/prostatectomy,arm left: 3. left instrument: Tool #0 (Green). arm right: -1. right instrument: Tool #3 (None). do a prostatectomy,arm left 3 left instrument tool 0 green arm right 1 right instrument tool 3 none do a prostatectomy,prostatectomy,prostatectomy,15,1,arm left: 3. left instrument: Tool #0 (Green). arm right: -1. right instrument: Tool #3 (None),strip_cmr_state_template | strip_cmr_do_carrier,3.3150777518521734e-05,3.316327041630913e-05
cmr_versius:03,cmr_versius,CMR_STATE_PROMPT,cmr-surgical-60hz/prostatectomy,cmr_surgical/prostatectomy,arm left: 1. left instrument: Tool #2 (Blue). arm right: -1. right instrument: Tool #3 (None). do a prostatectomy,arm left 1 left instrument tool 2 blue arm right 1 right instrument tool 3 none do a prostatectomy,prostatectomy,prostatectomy,15,1,arm left: 1. left instrument: Tool #2 (Blue). arm right: -1. right instrument: Tool #3 (None),strip_cmr_state_template | strip_cmr_do_carrier,3.6314192443897906e-05,3.632787747720308e-05
cmr_versius:03,cmr_versius,CMR_STATE_PROMPT,cmr-surgical-60hz/prostatectomy,cmr_surgical/prostatectomy,arm left: 1. left instrument: Tool #2 (Blue). arm right: 2. right instrument: Tool #2 (Orange). do a prostatectomy,arm left 1 left instrument tool 2 blue arm right 2 right instrument tool 2 orange do a prostatectomy,prostatectomy,prostatectomy,15,1,arm left: 1. left instrument: Tool #2 (Blue). arm right: 2. right instrument: Tool #2 (Orange),strip_cmr_state_template | strip_cmr_do_carrier,9.195407714210646e-05,9.198873011174582e-05
cmr_versius:03,cmr_versius,CMR_STATE_PROMPT,cmr-surgical-60hz/prostatectomy,cmr_surgical/prostatectomy,arm left: 3. left instrument: Tool #0 (Green). arm right: 2. right instrument: Tool #2 (Orange). do a prostatectomy,arm left 3 left instrument tool 0 green arm right 2 right instrument tool 2 orange do a prostatectomy,prostatectomy,prostatectomy,15,1,arm left: 3. left instrument: Tool #0 (Green). arm right: 2. right instrument: Tool #2 (Orange),strip_cmr_state_template | strip_cmr_do_carrier,1.6279231249848786e-06,1.6285366091541355e-06
cmr_versius:03,cmr_versius,CMR_STATE_PROMPT,cmr-surgical-60hz/prostatectomy,cmr_surgical/prostatectomy,arm left: 1. left instrument: Tool #18 (Green). arm right: 3. right instrument: Tool #9 (Orange). do a prostatectomy,arm left 1 left instrument tool 18 green arm right 3 right instrument tool 9 orange do a prostatectomy,prostatectomy,prostatectomy,15,1,arm left: 1. left instrument: Tool #18 (Green). arm right: 3. right instrument: Tool #9 (Orange),strip_cmr_state_template | strip_cmr_do_carrier,0.0018173507497948225,0.0018180356199203678
cmr_versius:03,cmr_versius,CMR_STATE_PROMPT,cmr-surgical-60hz/prostatectomy,cmr_surgical/prostatectomy,arm left: 2. left instrument: Tool #0 (Blue). arm right: 3. right instrument: Tool #9 (Orange). do a prostatectomy,arm left 2 left instrument tool 0 blue arm right 3 right instrument tool 9 orange do a prostatectomy,prostatectomy,prostatectomy,15,1,arm left: 2. left instrument: Tool #0 (Blue). arm right: 3. right instrument: Tool #9 (Orange),strip_cmr_state_template | strip_cmr_do_carrier,0.00022872036953003078,0.00022880656298950055
cmr_versius:03,cmr_versius,CMR_STATE_PROMPT,cmr-surgical-60hz/prostatectomy,cmr_surgical/prostatectomy,arm left: 0. left instrument: Tool #14 (White). arm right: 0. right instrument: Tool #14 (White). do a prostatectomy,arm left 0 left instrument tool 14 white arm right 0 right instrument tool 14 white do a prostatectomy,prostatectomy,prostatectomy,15,1,arm left: 0. left instrument: Tool #14 (White). arm right: 0. right instrument: Tool #14 (White),strip_cmr_state_template | strip_cmr_do_carrier,2.7069173630976832e-05,2.7079374671334698e-05
cmr_versius:03,cmr_versius,CMR_STATE_PROMPT,cmr-surgical-60hz/prostatectomy,cmr_surgical/prostatectomy,arm left: 1. left instrument: Tool #2 (Green). arm right: 3. right instrument: Tool #2 (Orange). do a prostatectomy,arm left 1 left instrument tool 2 green arm right 3 right instrument tool 2 orange do a prostatectomy,prostatectomy,prostatectomy,15,1,arm left: 1. left instrument: Tool #2 (Green). arm right: 3. right instrument: Tool #2 (Orange),strip_cmr_state_template | strip_cmr_do_carrier,0.0004940397708919926,0.0004942259501861951
cmr_versius:03,cmr_versius,CMR_STATE_PROMPT,cmr-surgical-60hz/prostatectomy,cmr_surgical/prostatectomy,arm left: 2. left instrument: Tool #0 (Blue). arm right: 3. right instrument: Tool #2 (Orange). do a prostatectomy,arm left 2 left instrument tool 0 blue arm right 3 right instrument tool 2 orange do a prostatectomy,prostatectomy,prostatectomy,15,1,arm left: 2. left instrument: Tool #0 (Blue). arm right: 3. right instrument: Tool #2 (Orange),strip_cmr_state_template | strip_cmr_do_carrier,4.081314569197316e-05,4.0828526159512027e-05
cmr_versius:03,cmr_versius,CMR_STATE_PROMPT,cmr-surgical-60hz/prostatectomy,cmr_surgical/prostatectomy,arm left: 2. left instrument: Tool #18 (Pink). arm right: 1. right instrument: Tool #9 (Green). do a prostatectomy,arm left 2 left instrument tool 18 pink arm right 1 right instrument tool 9 green do a prostatectomy,prostatectomy,prostatectomy,15,1,arm left: 2. left instrument: Tool #18 (Pink). arm right: 1. right instrument: Tool #9 (Green),strip_cmr_state_template | strip_cmr_do_carrier,0.0004862132899585486,0.00048639651983697094
cmr_versius:03,cmr_versius,CMR_STATE_PROMPT,cmr-surgical-60hz/prostatectomy,cmr_surgical/prostatectomy,arm left: -1. left instrument: Tool #3 (None). arm right: 1. right instrument: Tool #9 (Green). do a prostatectomy,arm left 1 left instrument tool 3 none arm right 1 right instrument tool 9 green do a prostatectomy,prostatectomy,prostatectomy,15,1,arm left: -1. left instrument: Tool #3 (None). arm right: 1. right instrument: Tool #9 (Green),strip_cmr_state_template | strip_cmr_do_carrier,0.00010785415132576526,0.00010789479625144479
cmr_versius:03,cmr_versius,CMR_STATE_PROMPT,cmr-surgical-60hz/prostatectomy,cmr_surgical/prostatectomy,arm left: 3. left instrument: Tool #0 (Orange). arm right: 1. right instrument: Tool #9 (Green). do a prostatectomy,arm left 3 left instrument tool 0 orange arm right 1 right instrument tool 9 green do a prostatectomy,prostatectomy,prostatectomy,15,1,arm left: 3. left instrument: Tool #0 (Orange). arm right: 1. right instrument: Tool #9 (Green),strip_cmr_state_template | strip_cmr_do_carrier,0.00025079825163295427,0.00025089276516046224
cmr_versius:03,cmr_versius,CMR_STATE_PROMPT,cmr-surgical-60hz/prostatectomy,cmr_surgical/prostatectomy,arm left: -1. left instrument: Tool #3 (None). arm right: 1. right instrument: Tool #2 (Green). do a prostatectomy,arm left 1 left instrument tool 3 none arm right 1 right instrument tool 2 green do a prostatectomy,prostatectomy,prostatectomy,15,1,arm left: -1. left instrument: Tool #3 (None). arm right: 1. right instrument: Tool #2 (Green),strip_cmr_state_template | strip_cmr_do_carrier,4.2263751582023415e-05,4.2279678711585644e-05
cmr_versius:03,cmr_versius,CMR_STATE_PROMPT,cmr-surgical-60hz/prostatectomy,cmr_surgical/prostatectomy,arm left: 2. left instrument: Tool #2 (Pink). arm right: 1. right instrument: Tool #2 (Green). do a prostatectomy,arm left 2 left instrument tool 2 pink arm right 1 right instrument tool 2 green do a prostatectomy,prostatectomy,prostatectomy,15,1,arm left: 2. left instrument: Tool #2 (Pink). arm right: 1. right instrument: Tool #2 (Green),strip_cmr_state_template | strip_cmr_do_carrier,0.00022185026985309573,0.0002219338743098489
cmr_versius:03,cmr_versius,CMR_STATE_PROMPT,cmr-surgical-60hz/prostatectomy,cmr_surgical/prostatectomy,arm left: 3. left instrument: Tool #0 (Orange). arm right: 1. right instrument: Tool #2 (Green). do a prostatectomy,arm left 3 left instrument tool 0 orange arm right 1 right instrument tool 2 green do a prostatectomy,prostatectomy,prostatectomy,15,1,arm left: 3. left instrument: Tool #0 (Orange). arm right: 1. right instrument: Tool #2 (Green),strip_cmr_state_template | strip_cmr_do_carrier,3.1596422182499093e-06,3.160832932019904e-06
cmr_versius:03,cmr_versius,CMR_STATE_PROMPT,cmr-surgical-60hz/prostatectomy,cmr_surgical/prostatectomy,arm left: 3. left instrument: Tool #18 (Orange). arm right: 1. right instrument: Tool #9 (Green). do a prostatectomy,arm left 3 left instrument tool 18 orange arm right 1 right instrument tool 9 green do a prostatectomy,prostatectomy,prostatectomy,15,1,arm left: 3. left instrument: Tool #18 (Orange). arm right: 1. right instrument: Tool #9 (Green),strip_cmr_state_template | strip_cmr_do_carrier,0.00017999019793358303,0.00018005802738778697
cmr_versius:03,cmr_versius,CMR_STATE_PROMPT,cmr-surgical-60hz/prostatectomy,cmr_surgical/prostatectomy,arm left: 2. left instrument: Tool #0 (Pink). arm right: 1. right instrument: Tool #9 (Green). do a prostatectomy,arm left 2 left instrument tool 0 pink arm right 1 right instrument tool 9 green do a prostatectomy,prostatectomy,prostatectomy,15,1,arm left: 2. left instrument: Tool #0 (Pink). arm right: 1. right instrument: Tool #9 (Green),strip_cmr_state_template | strip_cmr_do_carrier,3.24169859824625e-05,3.24292023503057e-05
cmr_versius:03,cmr_versius,CMR_STATE_PROMPT,cmr-surgical-60hz/prostatectomy,cmr_surgical/prostatectomy,arm left: 3. left instrument: Tool #18 (Orange). arm right: -1. right instrument: Tool #3 (None). do a prostatectomy,arm left 3 left instrument tool 18 orange arm right 1 right instrument tool 3 none do a prostatectomy,prostatectomy,prostatectomy,15,1,arm left: 3. left instrument: Tool #18 (Orange). arm right: -1. right instrument: Tool #3 (None),strip_cmr_state_template | strip_cmr_do_carrier,4.806994784935071e-05,4.8088063048754156e-05
cmr_versius:03,cmr_versius,CMR_STATE_PROMPT,cmr-surgical-60hz/prostatectomy,cmr_surgical/prostatectomy,arm left: 3. left instrument: Tool #2 (Orange). arm right: 1. right instrument: Tool #2 (Green). do a prostatectomy,arm left 3 left instrument tool 2 orange arm right 1 right instrument tool 2 green do a prostatectomy,prostatectomy,prostatectomy,15,1,arm left: 3. left instrument: Tool #2 (Orange). arm right: 1. right instrument: Tool #2 (Green),strip_cmr_state_template | strip_cmr_do_carrier,0.00013751894745961485,0.00013757077158812838
cmr_versius:03,cmr_versius,CMR_STATE_PROMPT,cmr-surgical-60hz/prostatectomy,cmr_surgical/prostatectomy,arm left: 3. left instrument: Tool #2 (Orange). arm right: -1. right instrument: Tool #3 (None). do a prostatectomy,arm left 3 left instrument tool 2 orange arm right 1 right instrument tool 3 none do a prostatectomy,prostatectomy,prostatectomy,15,1,arm left: 3. left instrument: Tool #2 (Orange). arm right: -1. right instrument: Tool #3 (None),strip_cmr_state_template | strip_cmr_do_carrier,1.5917051365727007e-05,1.592304971963221e-05
cmr_versius:03,cmr_versius,CMR_STATE_PROMPT,cmr-surgical-60hz/prostatectomy,cmr_surgical/prostatectomy,arm left: 2. left instrument: Tool #0 (Pink). arm right: 1. right instrument: Tool #2 (Green). do a prostatectomy,arm left 2 left instrument tool 0 pink arm right 1 right instrument tool 2 green do a prostatectomy,prostatectomy,prostatectomy,15,1,arm left: 2. left instrument: Tool #0 (Pink). arm right: 1. right instrument: Tool #2 (Green),strip_cmr_state_template | strip_cmr_do_carrier,1.2261298160372781e-07,1.2265918840674253e-07
cmr_versius:03,cmr_versius,CMR_STATE_PROMPT,cmr-surgical-60hz/prostatectomy,cmr_surgical/prostatectomy,arm left: 2. left instrument: Tool #1 (Orange). arm right: 1. right instrument: Tool #9 (Blue). do a prostatectomy,arm left 2 left instrument tool 1 orange arm right 1 right instrument tool 9 blue do a prostatectomy,prostatectomy,prostatectomy,15,1,arm left: 2. left instrument: Tool #1 (Orange). arm right: 1. right instrument: Tool #9 (Blue),strip_cmr_state_template | strip_cmr_do_carrier,0.00023443979353345387,0.0002345281423625658
cmr_versius:03,cmr_versius,CMR_STATE_PROMPT,cmr-surgical-60hz/prostatectomy,cmr_surgical/prostatectomy,arm left: 3. left instrument: Tool #13 (Green). arm right: 1. right instrument: Tool #9 (Blue). do a prostatectomy,arm left 3 left instrument tool 13 green arm right 1 right instrument tool 9 blue do a prostatectomy,prostatectomy,prostatectomy,15,1,arm left: 3. left instrument: Tool #13 (Green). arm right: 1. right instrument: Tool #9 (Blue),strip_cmr_state_template | strip_cmr_do_carrier,4.046228392923018e-05,4.0477532174225035e-05
cmr_versius:03,cmr_versius,CMR_STATE_PROMPT,cmr-surgical-60hz/prostatectomy,cmr_surgical/prostatectomy,arm left: 2. left instrument: Tool #1 (Orange). arm right: -1. right instrument: Tool #3 (None). do a prostatectomy,arm left 2 left instrument tool 1 orange arm right 1 right instrument tool 3 none do a prostatectomy,prostatectomy,prostatectomy,15,1,arm left: 2. left instrument: Tool #1 (Orange). arm right: -1. right instrument: Tool #3 (None),strip_cmr_state_template | strip_cmr_do_carrier,5.3961030027019046e-05,5.3981365285588877e-05
cmr_versius:03,cmr_versius,CMR_STATE_PROMPT,cmr-surgical-60hz/prostatectomy,cmr_surgical/prostatectomy,arm left: 3. left instrument: Tool #13 (Green). arm right: -1. right instrument: Tool #3 (None). do a prostatectomy,arm left 3 left instrument tool 13 green arm right 1 right instrument tool 3 none do a prostatectomy,prostatectomy,prostatectomy,15,1,arm left: 3. left instrument: Tool #13 (Green). arm right: -1. right instrument: Tool #3 (None),strip_cmr_state_template | strip_cmr_do_carrier,1.654520710225072e-05,1.6551442177162135e-05
cmr_versius:03,cmr_versius,CMR_STATE_PROMPT,cmr-surgical-60hz/prostatectomy,cmr_surgical/prostatectomy,arm left: 3. left instrument: Tool #13 (Green). arm right: 0. right instrument: Tool #14 (White). do a prostatectomy,arm left 3 left instrument tool 13 green arm right 0 right instrument tool 14 white do a prostatectomy,prostatectomy,prostatectomy,15,1,arm left: 3. left instrument: Tool #13 (Green). arm right: 0. right instrument: Tool #14 (White),strip_cmr_state_template | strip_cmr_do_carrier,2.4088735001224686e-06,2.409781286083235e-06
cmr_versius:03,cmr_versius,CMR_STATE_PROMPT,cmr-surgical-60hz/prostatectomy,cmr_surgical/prostatectomy,arm left: 2. left instrument: Tool #1 (Orange). arm right: 0. right instrument: Tool #14 (White). do a prostatectomy,arm left 2 left instrument tool 1 orange arm right 0 right instrument tool 14 white do a prostatectomy,prostatectomy,prostatectomy,15,1,arm left: 2. left instrument: Tool #1 (Orange). arm right: 0. right instrument: Tool #14 (White),strip_cmr_state_template | strip_cmr_do_carrier,9.035633567413173e-07,9.039038653358411e-07
cmr_versius:03,cmr_versius,CMR_STATE_PROMPT,cmr-surgical-60hz/prostatectomy,cmr_surgical/prostatectomy,arm left: 3. left instrument: Tool #13 (Green). arm right: 1. right instrument: Tool #2 (Blue). do a prostatectomy,arm left 3 left instrument tool 13 green arm right 1 right instrument tool 2 blue do a prostatectomy,prostatectomy,prostatectomy,15,1,arm left: 3. left instrument: Tool #13 (Green). arm right: 1. right instrument: Tool #2 (Blue),strip_cmr_state_template | strip_cmr_do_carrier,2.209674563855489e-05,2.2105072815332034e-05
cmr_versius:03,cmr_versius,CMR_STATE_PROMPT,cmr-surgical-60hz/prostatectomy,cmr_surgical/prostatectomy,arm left: 2. left instrument: Tool #1 (Orange). arm right: 1. right instrument: Tool #2 (Blue). do a prostatectomy,arm left 2 left instrument tool 1 orange arm right 1 right instrument tool 2 blue do a prostatectomy,prostatectomy,prostatectomy,15,1,arm left: 2. left instrument: Tool #1 (Orange). arm right: 1. right instrument: Tool #2 (Blue),strip_cmr_state_template | strip_cmr_do_carrier,2.214579083119638e-06,2.215413649069473e-06
cmr_versius:03,cmr_versius,CMR_STATE_PROMPT,cmr-surgical-60hz/prostatectomy,cmr_surgical/prostatectomy,arm left: 2. left instrument: Tool #2 (Orange). arm right: -1. right instrument: Tool #3 (None). do a prostatectomy,arm left 2 left instrument tool 2 orange arm right 1 right instrument tool 3 none do a prostatectomy,prostatectomy,prostatectomy,15,1,arm left: 2. left instrument: Tool #2 (Orange). arm right: -1. right instrument: Tool #3 (None),strip_cmr_state_template | strip_cmr_do_carrier,6.105560577796705e-05,6.10786146332467e-05
cmr_versius:03,cmr_versius,CMR_STATE_PROMPT,cmr-surgical-60hz/prostatectomy,cmr_surgical/prostatectomy,arm left: 2. left instrument: Tool #2 (Orange). arm right: 1. right instrument: Tool #2 (Blue). do a prostatectomy,arm left 2 left instrument tool 2 orange arm right 1 right instrument tool 2 blue do a prostatectomy,prostatectomy,prostatectomy,15,1,arm left: 2. left instrument: Tool #2 (Orange). arm right: 1. right instrument: Tool #2 (Blue),strip_cmr_state_template | strip_cmr_do_carrier,0.00033073248387076917,0.0003308571206794733
cmr_versius:03,cmr_versius,CMR_STATE_PROMPT,cmr-surgical-60hz/prostatectomy,cmr_surgical/prostatectomy,arm left: 2. left instrument: Tool #2 (Orange). arm right: 0. right instrument: Tool #14 (White). do a prostatectomy,arm left 2 left instrument tool 2 orange arm right 0 right instrument tool 14 white do a prostatectomy,prostatectomy,prostatectomy,15,1,arm left: 2. left instrument: Tool #2 (Orange). arm right: 0. right instrument: Tool #14 (White),strip_cmr_state_template | strip_cmr_do_carrier,5.904286652610279e-07,5.906511687893911e-07
cmr_versius:03,cmr_versius,CMR_STATE_PROMPT,cmr-surgical-60hz/prostatectomy,cmr_surgical/prostatectomy,arm left: -1. left instrument: Tool #3 (None). arm right: 1. right instrument: Tool #9 (Orange). do a prostatectomy,arm left 1 left instrument tool 3 none arm right 1 right instrument tool 9 orange do a prostatectomy,prostatectomy,prostatectomy,15,1,arm left: -1. left instrument: Tool #3 (None). arm right: 1. right instrument: Tool #9 (Orange),strip_cmr_state_template | strip_cmr_do_carrier,0.00016337519574949634,0.00016343676382645482
cmr_versius:03,cmr_versius,CMR_STATE_PROMPT,cmr-surgical-60hz/prostatectomy,cmr_surgical/prostatectomy,arm left: 2. left instrument: Tool #0 (Green). arm right: 1. right instrument: Tool #9 (Orange). do a prostatectomy,arm left 2 left instrument tool 0 green arm right 1 right instrument tool 9 orange do a prostatectomy,prostatectomy,prostatectomy,15,1,arm left: 2. left instrument: Tool #0 (Green). arm right: 1. right instrument: Tool #9 (Orange),strip_cmr_state_template | strip_cmr_do_carrier,0.00028845175510667755,0.0002885604583879544
cmr_versius:03,cmr_versius,CMR_STATE_PROMPT,cmr-surgical-60hz/prostatectomy,cmr_surgical/prostatectomy,arm left: 3. left instrument: Tool #18 (Blue). arm right: 1. right instrument: Tool #9 (Orange). do a prostatectomy,arm left 3 left instrument tool 18 blue arm right 1 right instrument tool 9 orange do a prostatectomy,prostatectomy,prostatectomy,15,1,arm left: 3. left instrument: Tool #18 (Blue). arm right: 1. right instrument: Tool #9 (Orange),strip_cmr_state_template | strip_cmr_do_carrier,0.0022388168400523504,0.0022396605400208307
cmr_versius:03,cmr_versius,CMR_STATE_PROMPT,cmr-surgical-60hz/prostatectomy,cmr_surgical/prostatectomy,arm left: -1. left instrument: Tool #3 (None). arm right: 1. right instrument: Tool #2 (Orange). do a prostatectomy,arm left 1 left instrument tool 3 none arm right 1 right instrument tool 2 orange do a prostatectomy,prostatectomy,prostatectomy,15,1,arm left: -1. left instrument: Tool #3 (None). arm right: 1. right instrument: Tool #2 (Orange),strip_cmr_state_template | strip_cmr_do_carrier,6.903676770358818e-05,6.906278426630714e-05
cmr_versius:03,cmr_versius,CMR_STATE_PROMPT,cmr-surgical-60hz/prostatectomy,cmr_surgical/prostatectomy,arm left: 3. left instrument: Tool #2 (Blue). arm right: 1. right instrument: Tool #2 (Orange). do a prostatectomy,arm left 3 left instrument tool 2 blue arm right 1 right instrument tool 2 orange do a prostatectomy,prostatectomy,prostatectomy,15,1,arm left: 3. left instrument: Tool #2 (Blue). arm right: 1. right instrument: Tool #2 (Orange),strip_cmr_state_template | strip_cmr_do_carrier,0.0004661255108647317,0.00046630117064707245
cmr_versius:03,cmr_versius,CMR_STATE_PROMPT,cmr-surgical-60hz/prostatectomy,cmr_surgical/prostatectomy,arm left: 2. left instrument: Tool #0 (Green). arm right: 1. right instrument: Tool #2 (Orange). do a prostatectomy,arm left 2 left instrument tool 0 green arm right 1 right instrument tool 2 orange do a prostatectomy,prostatectomy,prostatectomy,15,1,arm left: 2. left instrument: Tool #0 (Green). arm right: 1. right instrument: Tool #2 (Orange),strip_cmr_state_template | strip_cmr_do_carrier,3.5878444770813893e-06,3.589196559224989e-06
cmr_versius:03,cmr_versius,CMR_STATE_PROMPT,cmr-surgical-60hz/prostatectomy,cmr_surgical/prostatectomy,arm left: 1. left instrument: Tool #1 (Orange). arm right: -1. right instrument: Tool #3 (None). do a prostatectomy,arm left 1 left instrument tool 1 orange arm right 1 right instrument tool 3 none do a prostatectomy,prostatectomy,prostatectomy,15,1,arm left: 1. left instrument: Tool #1 (Orange). arm right: -1. right instrument: Tool #3 (None),strip_cmr_state_template | strip_cmr_do_carrier,3.24716902357934e-05,3.248392721897949e-05
cmr_versius:03,cmr_versius,CMR_STATE_PROMPT,cmr-surgical-60hz/prostatectomy,cmr_surgical/prostatectomy,arm left: 1. left instrument: Tool #1 (Orange). arm right: 3. right instrument: Tool #9 (Green). do a prostatectomy,arm left 1 left instrument tool 1 orange arm right 3 right instrument tool 9 green do a prostatectomy,prostatectomy,prostatectomy,15,1,arm left: 1. left instrument: Tool #1 (Orange). arm right: 3. right instrument: Tool #9 (Green),strip_cmr_state_template | strip_cmr_do_carrier,0.00020743664227718673,0.00020751481494652702
cmr_versius:03,cmr_versius,CMR_STATE_PROMPT,cmr-surgical-60hz/prostatectomy,cmr_surgical/prostatectomy,arm left: 2. left instrument: Tool #13 (Blue). arm right: 3. right instrument: Tool #9 (Green). do a prostatectomy,arm left 2 left instrument tool 13 blue arm right 3 right instrument tool 9 green do a prostatectomy,prostatectomy,prostatectomy,15,1,arm left: 2. left instrument: Tool #13 (Blue). arm right: 3. right instrument: Tool #9 (Green),strip_cmr_state_template | strip_cmr_do_carrier,2.936486591731125e-05,2.9375932091196326e-05
cmr_versius:03,cmr_versius,CMR_STATE_PROMPT,cmr-surgical-60hz/prostatectomy,cmr_surgical/prostatectomy,arm left: 2. left instrument: Tool #13 (Blue). arm right: 3. right instrument: Tool #2 (Green). do a prostatectomy,arm left 2 left instrument tool 13 blue arm right 3 right instrument tool 2 green do a prostatectomy,prostatectomy,prostatectomy,15,1,arm left: 2. left instrument: Tool #13 (Blue). arm right: 3. right instrument: Tool #2 (Green),strip_cmr_state_template | strip_cmr_do_carrier,2.499418471152913e-06,2.5003603790605207e-06
cmr_versius:03,cmr_versius,CMR_STATE_PROMPT,cmr-surgical-60hz/prostatectomy,cmr_surgical/prostatectomy,arm left: 0. left instrument: Tool #14 (White). arm right: 3. right instrument: Tool #2 (Green). do a prostatectomy,arm left 0 left instrument tool 14 white arm right 3 right instrument tool 2 green do a prostatectomy,prostatectomy,prostatectomy,15,1,arm left: 0. left instrument: Tool #14 (White). arm right: 3. right instrument: Tool #2 (Green),strip_cmr_state_template | strip_cmr_do_carrier,9.690198253820768e-06,9.693850013006716e-06
cmr_versius:03,cmr_versius,CMR_STATE_PROMPT,cmr-surgical-60hz/prostatectomy,cmr_surgical/prostatectomy,arm left: 2. left instrument: Tool #2 (Blue). arm right: 3. right instrument: Tool #2 (Green). do a prostatectomy,arm left 2 left instrument tool 2 blue arm right 3 right instrument tool 2 green do a prostatectomy,prostatectomy,prostatectomy,15,1,arm left: 2. left instrument: Tool #2 (Blue). arm right: 3. right instrument: Tool #2 (Green),strip_cmr_state_template | strip_cmr_do_carrier,0.0005622427703206755,0.0005624546519713365
cmr_versius:03,cmr_versius,CMR_STATE_PROMPT,cmr-surgical-60hz/prostatectomy,cmr_surgical/prostatectomy,arm left: 2. left instrument: Tool #18 (Blue). arm right: 1. right instrument: Tool #9 (Green). do a prostatectomy,arm left 2 left instrument tool 18 blue arm right 1 right instrument tool 9 green do a prostatectomy,prostatectomy,prostatectomy,15,1,arm left: 2. left instrument: Tool #18 (Blue). arm right: 1. right instrument: Tool #9 (Green),strip_cmr_state_template | strip_cmr_do_carrier,0.0006287989830887421,0.0006290359465029533
cmr_versius:03,cmr_versius,CMR_STATE_PROMPT,cmr-surgical-60hz/prostatectomy,cmr_surgical/prostatectomy,arm left: 2. left instrument: Tool #2 (Blue). arm right: 1. right instrument: Tool #2 (Green). do a prostatectomy,arm left 2 left instrument tool 2 blue arm right 1 right instrument tool 2 green do a prostatectomy,prostatectomy,prostatectomy,15,1,arm left: 2. left instrument: Tool #2 (Blue). arm right: 1. right instrument: Tool #2 (Green),strip_cmr_state_template | strip_cmr_do_carrier,8.979797501944399e-05,8.983181546022418e-05
cmr_versius:03,cmr_versius,CMR_STATE_PROMPT,cmr-surgical-60hz/prostatectomy,cmr_surgical/prostatectomy,arm left: 2. left instrument: Tool #18 (Green). arm right: 3. right instrument: Tool #9 (Orange). do a prostatectomy,arm left 2 left instrument tool 18 green arm right 3 right instrument tool 9 orange do a prostatectomy,prostatectomy,prostatectomy,15,1,arm left: 2. left instrument: Tool #18 (Green). arm right: 3. right instrument: Tool #9 (Orange),strip_cmr_state_template | strip_cmr_do_carrier,0.000997950829979867,0.0009983269085713515
cmr_versius:03,cmr_versius,CMR_STATE_PROMPT,cmr-surgical-60hz/prostatectomy,cmr_surgical/prostatectomy,arm left: 1. left instrument: Tool #0 (Blue). arm right: 3. right instrument: Tool #9 (Orange). do a prostatectomy,arm left 1 left instrument tool 0 blue arm right 3 right instrument tool 9 orange do a prostatectomy,prostatectomy,prostatectomy,15,1,arm left: 1. left instrument: Tool #0 (Blue). arm right: 3. right instrument: Tool #9 (Orange),strip_cmr_state_template | strip_cmr_do_carrier,7.888541965671221e-05,7.89151476920241e-05
cmr_versius:03,cmr_versius,CMR_STATE_PROMPT,cmr-surgical-60hz/prostatectomy,cmr_surgical/prostatectomy,arm left: 1. left instrument: Tool #0 (Blue). arm right: -1. right instrument: Tool #3 (None). do a prostatectomy,arm left 1 left instrument tool 0 blue arm right 1 right instrument tool 3 none do a prostatectomy,prostatectomy,prostatectomy,15,1,arm left: 1. left instrument: Tool #0 (Blue). arm right: -1. right instrument: Tool #3 (None),strip_cmr_state_template | strip_cmr_do_carrier,1.4390991333151377e-05,1.439641459007752e-05
cmr_versius:03,cmr_versius,CMR_STATE_PROMPT,cmr-surgical-60hz/prostatectomy,cmr_surgical/prostatectomy,arm left: 1. left instrument: Tool #0 (Blue). arm right: 2. right instrument: Tool #18 (Green). do a prostatectomy,arm left 1 left instrument tool 0 blue arm right 2 right instrument tool 18 green do a prostatectomy,prostatectomy,prostatectomy,15,1,arm left: 1. left instrument: Tool #0 (Blue). arm right: 2. right instrument: Tool #18 (Green),strip_cmr_state_template | strip_cmr_do_carrier,1.6260367714217441e-06,1.6266495447171084e-06
cmr_versius:03,cmr_versius,CMR_STATE_PROMPT,cmr-surgical-60hz/prostatectomy,cmr_surgical/prostatectomy,arm left: 1. left instrument: Tool #0 (Blue). arm right: 3. right instrument: Tool #2 (Orange). do a prostatectomy,arm left 1 left instrument tool 0 blue arm right 3 right instrument tool 2 orange do a prostatectomy,prostatectomy,prostatectomy,15,1,arm left: 1. left instrument: Tool #0 (Blue). arm right: 3. right instrument: Tool #2 (Orange),strip_cmr_state_template | strip_cmr_do_carrier,4.181291308043432e-05,4.182867031113623e-05
cmr_versius:03,cmr_versius,CMR_STATE_PROMPT,cmr-surgical-60hz/prostatectomy,cmr_surgical/prostatectomy,arm left: 1. left instrument: Tool #0 (Blue). arm right: 0. right instrument: Tool #14 (White). do a prostatectomy,arm left 1 left instrument tool 0 blue arm right 0 right instrument tool 14 white do a prostatectomy,prostatectomy,prostatectomy,15,1,arm left: 1. left instrument: Tool #0 (Blue). arm right: 0. right instrument: Tool #14 (White),strip_cmr_state_template | strip_cmr_do_carrier,4.636657058184047e-06,4.638404386211895e-06
cmr_versius:03,cmr_versius,CMR_STATE_PROMPT,cmr-surgical-60hz/prostatectomy,cmr_surgical/prostatectomy,arm left: 2. left instrument: Tool #18 (Green). arm right: 0. right instrument: Tool #14 (White). do a prostatectomy,arm left 2 left instrument tool 18 green arm right 0 right instrument tool 14 white do a prostatectomy,prostatectomy,prostatectomy,15,1,arm left: 2. left instrument: Tool #18 (Green). arm right: 0. right instrument: Tool #14 (White),strip_cmr_state_template | strip_cmr_do_carrier,2.950256972742005e-06,2.951368779509928e-06
cmr_versius:03,cmr_versius,CMR_STATE_PROMPT,cmr-surgical-60hz/prostatectomy,cmr_surgical/prostatectomy,arm left: 1. left instrument: Tool #18 (Blue). arm right: 3. right instrument: Tool #2 (Green). do a prostatectomy,arm left 1 left instrument tool 18 blue arm right 3 right instrument tool 2 green do a prostatectomy,prostatectomy,prostatectomy,15,1,arm left: 1. left instrument: Tool #18 (Blue). arm right: 3. right instrument: Tool #2 (Green),strip_cmr_state_template | strip_cmr_do_carrier,4.5110259108793036e-05,4.51272589470591e-05
cmr_versius:03,cmr_versius,CMR_STATE_PROMPT,cmr-surgical-60hz/prostatectomy,cmr_surgical/prostatectomy,arm left: 2. left instrument: Tool #0 (Orange). arm right: 3. right instrument: Tool #2 (Green). do a prostatectomy,arm left 2 left instrument tool 0 orange arm right 3 right instrument tool 2 green do a prostatectomy,prostatectomy,prostatectomy,15,1,arm left: 2. left instrument: Tool #0 (Orange). arm right: 3. right instrument: Tool #2 (Green),strip_cmr_state_template | strip_cmr_do_carrier,3.4471225012715724e-05,3.4484215522227896e-05
cmr_versius:03,cmr_versius,CMR_STATE_PROMPT,cmr-surgical-60hz/prostatectomy,cmr_surgical/prostatectomy,arm left: 1. left instrument: Tool #2 (Blue). arm right: 3. right instrument: Tool #2 (Green). do a prostatectomy,arm left 1 left instrument tool 2 blue arm right 3 right instrument tool 2 green do a prostatectomy,prostatectomy,prostatectomy,15,1,arm left: 1. left instrument: Tool #2 (Blue). arm right: 3. right instrument: Tool #2 (Green),strip_cmr_state_template | strip_cmr_do_carrier,0.0007730540991223094,0.0007733454251957044
cmr_versius:03,cmr_versius,CMR_STATE_PROMPT,cmr-surgical-60hz/prostatectomy,cmr_surgical/prostatectomy,arm left: 2. left instrument: Tool #0 (Orange). arm right: 3. right instrument: Tool #9 (Green). do a prostatectomy,arm left 2 left instrument tool 0 orange arm right 3 right instrument tool 9 green do a prostatectomy,prostatectomy,prostatectomy,15,1,arm left: 2. left instrument: Tool #0 (Orange). arm right: 3. right instrument: Tool #9 (Green),strip_cmr_state_template | strip_cmr_do_carrier,0.00011095343022999488,0.00011099524312147985
cmr_versius:03,cmr_versius,CMR_STATE_PROMPT,cmr-surgical-60hz/prostatectomy,cmr_surgical/prostatectomy,arm left: 1. left instrument: Tool #18 (Blue). arm right: 3. right instrument: Tool #9 (Green). do a prostatectomy,arm left 1 left instrument tool 18 blue arm right 3 right instrument tool 9 green do a prostatectomy,prostatectomy,prostatectomy,15,1,arm left: 1. left instrument: Tool #18 (Blue). arm right: 3. right instrument: Tool #9 (Green),strip_cmr_state_template | strip_cmr_do_carrier,0.0012707383050982774,0.0012712171838742351
cmr_versius:03,cmr_versius,CMR_STATE_PROMPT,cmr-surgical-60hz/prostatectomy,cmr_surgical/prostatectomy,arm left: 3. left instrument: Tool #18 (Green). arm right: 1. right instrument: Tool #0 (Blue). do a prostatectomy,arm left 3 left instrument tool 18 green arm right 1 right instrument tool 0 blue do a prostatectomy,prostatectomy,prostatectomy,15,1,arm left: 3. left instrument: Tool #18 (Green). arm right: 1. right instrument: Tool #0 (Blue),strip_cmr_state_template | strip_cmr_do_carrier,5.876745890588518e-05,5.878960547113319e-05
cmr_versius:03,cmr_versius,CMR_STATE_PROMPT,cmr-surgical-60hz/prostatectomy,cmr_surgical/prostatectomy,arm left: 3. left instrument: Tool #18 (Green). arm right: -1. right instrument: Tool #3 (None). do a prostatectomy,arm left 3 left instrument tool 18 green arm right 1 right instrument tool 3 none do a prostatectomy,prostatectomy,prostatectomy,15,1,arm left: 3. left instrument: Tool #18 (Green). arm right: -1. right instrument: Tool #3 (None),strip_cmr_state_template | strip_cmr_do_carrier,4.598552716208734e-05,4.600285684583954e-05
cmr_versius:03,cmr_versius,CMR_STATE_PROMPT,cmr-surgical-60hz/prostatectomy,cmr_surgical/prostatectomy,arm left: 3. left instrument: Tool #18 (Green). arm right: 2. right instrument: Tool #9 (Orange). do a prostatectomy,arm left 3 left instrument tool 18 green arm right 2 right instrument tool 9 orange do a prostatectomy,prostatectomy,prostatectomy,15,1,arm left: 3. left instrument: Tool #18 (Green). arm right: 2. right instrument: Tool #9 (Orange),strip_cmr_state_template | strip_cmr_do_carrier,0.0005174796002674992,0.0005176746128806903
cmr_versius:03,cmr_versius,CMR_STATE_PROMPT,cmr-surgical-60hz/prostatectomy,cmr_surgical/prostatectomy,arm left: 3. left instrument: Tool #2 (Green). arm right: 2. right instrument: Tool #2 (Orange). do a prostatectomy,arm left 3 left instrument tool 2 green arm right 2 right instrument tool 2 orange do a prostatectomy,prostatectomy,prostatectomy,15,1,arm left: 3. left instrument: Tool #2 (Green). arm right: 2. right instrument: Tool #2 (Orange),strip_cmr_state_template | strip_cmr_do_carrier,0.00044482857913694573,0.0004449962131530398
cmr_versius:03,cmr_versius,CMR_STATE_PROMPT,cmr-surgical-60hz/prostatectomy,cmr_surgical/prostatectomy,arm left: 3. left instrument: Tool #2 (Green). arm right: -1. right instrument: Tool #3 (None). do a prostatectomy,arm left 3 left instrument tool 2 green arm right 1 right instrument tool 3 none do a prostatectomy,prostatectomy,prostatectomy,15,1,arm left: 3. left instrument: Tool #2 (Green). arm right: -1. right instrument: Tool #3 (None),strip_cmr_state_template | strip_cmr_do_carrier,3.0506109823007485e-05,3.0517606075597545e-05
cmr_versius:03,cmr_versius,CMR_STATE_PROMPT,cmr-surgical-60hz/prostatectomy,cmr_surgical/prostatectomy,arm left: 3. left instrument: Tool #2 (Green). arm right: 1. right instrument: Tool #0 (Blue). do a prostatectomy,arm left 3 left instrument tool 2 green arm right 1 right instrument tool 0 blue do a prostatectomy,prostatectomy,prostatectomy,15,1,arm left: 3. left instrument: Tool #2 (Green). arm right: 1. right instrument: Tool #0 (Blue),strip_cmr_state_template | strip_cmr_do_carrier,1.6371662574442367e-05,1.637783224895567e-05
cmr_versius:03,cmr_versius,CMR_STATE_PROMPT,cmr-surgical-60hz/prostatectomy,cmr_surgical/prostatectomy,arm left: 3. left instrument: Tool #0 (Green). arm right: 2. right instrument: Tool #9 (Blue). do a prostatectomy,arm left 3 left instrument tool 0 green arm right 2 right instrument tool 9 blue do a prostatectomy,prostatectomy,prostatectomy,15,1,arm left: 3. left instrument: Tool #0 (Green). arm right: 2. right instrument: Tool #9 (Blue),strip_cmr_state_template | strip_cmr_do_carrier,0.00012250923215775545,0.0001225553998627061
cmr_versius:03,cmr_versius,CMR_STATE_PROMPT,cmr-surgical-60hz/prostatectomy,cmr_surgical/prostatectomy,arm left: 1. left instrument: Tool #18 (Orange). arm right: 2. right instrument: Tool #9 (Blue). do a prostatectomy,arm left 1 left instrument tool 18 orange arm right 2 right instrument tool 9 blue do a prostatectomy,prostatectomy,prostatectomy,15,1,arm left: 1. left instrument: Tool #18 (Orange). arm right: 2. right instrument: Tool #9 (Blue),strip_cmr_state_template | strip_cmr_do_carrier,0.0007201626315655875,0.0007204340254459096
cmr_versius:03,cmr_versius,CMR_STATE_PROMPT,cmr-surgical-60hz/prostatectomy,cmr_surgical/prostatectomy,arm left: 1. left instrument: Tool #2 (Orange). arm right: 2. right instrument: Tool #2 (Blue). do a prostatectomy,arm left 1 left instrument tool 2 orange arm right 2 right instrument tool 2 blue do a prostatectomy,prostatectomy,prostatectomy,15,1,arm left: 1. left instrument: Tool #2 (Orange). arm right: 2. right instrument: Tool #2 (Blue),strip_cmr_state_template | strip_cmr_do_carrier,0.0002518376324462413,0.00025193253766526405
cmr_versius:03,cmr_versius,CMR_STATE_PROMPT,cmr-surgical-60hz/prostatectomy,cmr_surgical/prostatectomy,arm left: 3. left instrument: Tool #0 (Green). arm right: 2. right instrument: Tool #2 (Blue). do a prostatectomy,arm left 3 left instrument tool 0 green arm right 2 right instrument tool 2 blue do a prostatectomy,prostatectomy,prostatectomy,15,1,arm left: 3. left instrument: Tool #0 (Green). arm right: 2. right instrument: Tool #2 (Blue),strip_cmr_state_template | strip_cmr_do_carrier,9.563812565090771e-06,9.567416695725918e-06
cmr_versius:03,cmr_versius,CMR_STATE_PROMPT,cmr-surgical-60hz/prostatectomy,cmr_surgical/prostatectomy,arm left: 3. left instrument: Tool #13 (Green). arm right: 1. right instrument: Tool #9 (Orange). do a prostatectomy,arm left 3 left instrument tool 13 green arm right 1 right instrument tool 9 orange do a prostatectomy,prostatectomy,prostatectomy,15,1,arm left: 3. left instrument: Tool #13 (Green). arm right: 1. right instrument: Tool #9 (Orange),strip_cmr_state_template | strip_cmr_do_carrier,7.827046839513044e-05,7.829996468555337e-05
cmr_versius:03,cmr_versius,CMR_STATE_PROMPT,cmr-surgical-60hz/prostatectomy,cmr_surgical/prostatectomy,arm left: 2. left instrument: Tool #18 (Blue). arm right: 1. right instrument: Tool #9 (Orange). do a prostatectomy,arm left 2 left instrument tool 18 blue arm right 1 right instrument tool 9 orange do a prostatectomy,prostatectomy,prostatectomy,15,1,arm left: 2. left instrument: Tool #18 (Blue). arm right: 1. right instrument: Tool #9 (Orange),strip_cmr_state_template | strip_cmr_do_carrier,0.001427186810563945,0.001427724647087928
cmr_versius:03,cmr_versius,CMR_STATE_PROMPT,cmr-surgical-60hz/prostatectomy,cmr_surgical/prostatectomy,arm left: 0. left instrument: Tool #14 (White). arm right: 1. right instrument: Tool #9 (Orange). do a prostatectomy,arm left 0 left instrument tool 14 white arm right 1 right instrument tool 9 orange do a prostatectomy,prostatectomy,prostatectomy,15,1,arm left: 0. left instrument: Tool #14 (White). arm right: 1. right instrument: Tool #9 (Orange),strip_cmr_state_template | strip_cmr_do_carrier,9.959946813348967e-07,9.963700227501546e-07
cmr_versius:03,cmr_versius,CMR_STATE_PROMPT,cmr-surgical-60hz/prostatectomy,cmr_surgical/prostatectomy,arm left: 3. left instrument: Tool #13 (Green). arm right: 1. right instrument: Tool #2 (Orange). do a prostatectomy,arm left 3 left instrument tool 13 green arm right 1 right instrument tool 2 orange do a prostatectomy,prostatectomy,prostatectomy,15,1,arm left: 3. left instrument: Tool #13 (Green). arm right: 1. right instrument: Tool #2 (Orange),strip_cmr_state_template | strip_cmr_do_carrier,1.6298094785480129e-06,1.6304236735911624e-06
cmr_versius:03,cmr_versius,CMR_STATE_PROMPT,cmr-surgical-60hz/prostatectomy,cmr_surgical/prostatectomy,arm left: 2. left instrument: Tool #2 (Blue). arm right: 1. right instrument: Tool #2 (Orange). do a prostatectomy,arm left 2 left instrument tool 2 blue arm right 1 right instrument tool 2 orange do a prostatectomy,prostatectomy,prostatectomy,15,1,arm left: 2. left instrument: Tool #2 (Blue). arm right: 1. right instrument: Tool #2 (Orange),strip_cmr_state_template | strip_cmr_do_carrier,0.00032917435582762025,0.0003292984054544891
cmr_versius:03,cmr_versius,CMR_STATE_PROMPT,cmr-surgical-60hz/prostatectomy,cmr_surgical/prostatectomy,arm left: 3. left instrument: Tool #0 (Green). arm right: 1. right instrument: Tool #9 (Cyan). do a prostatectomy,arm left 3 left instrument tool 0 green arm right 1 right instrument tool 9 cyan do a prostatectomy,prostatectomy,prostatectomy,15,1,arm left: 3. left instrument: Tool #0 (Green). arm right: 1. right instrument: Tool #9 (Cyan),strip_cmr_state_template | strip_cmr_do_carrier,4.3902992828387104e-05,4.3919537707361944e-05
cmr_versius:03,cmr_versius,CMR_STATE_PROMPT,cmr-surgical-60hz/prostatectomy,cmr_surgical/prostatectomy,arm left: -1. left instrument: Tool #3 (None). arm right: 1. right instrument: Tool #9 (Cyan). do a prostatectomy,arm left 1 left instrument tool 3 none arm right 1 right instrument tool 9 cyan do a prostatectomy,prostatectomy,prostatectomy,15,1,arm left: -1. left instrument: Tool #3 (None). arm right: 1. right instrument: Tool #9 (Cyan),strip_cmr_state_template | strip_cmr_do_carrier,1.4681489781874055e-05,1.4687022513379648e-05
cmr_versius:03,cmr_versius,CMR_STATE_PROMPT,cmr-surgical-60hz/prostatectomy,cmr_surgical/prostatectomy,arm left: 2. left instrument: Tool #18 (Blue). arm right: 1. right instrument: Tool #9 (Cyan). do a prostatectomy,arm left 2 left instrument tool 18 blue arm right 1 right instrument tool 9 cyan do a prostatectomy,prostatectomy,prostatectomy,15,1,arm left: 2. left instrument: Tool #18 (Blue). arm right: 1. right instrument: Tool #9 (Cyan),strip_cmr_state_template | strip_cmr_do_carrier,0.0005749586796897637,0.0005751753533413342
cmr_versius:03,cmr_versius,CMR_STATE_PROMPT,cmr-surgical-60hz/prostatectomy,cmr_surgical/prostatectomy,arm left: 3. left instrument: Tool #0 (Green). arm right: 1. right instrument: Tool #2 (Cyan). do a prostatectomy,arm left 3 left instrument tool 0 green arm right 1 right instrument tool 2 cyan do a prostatectomy,prostatectomy,prostatectomy,15,1,arm left: 3. left instrument: Tool #0 (Green). arm right: 1. right instrument: Tool #2 (Cyan),strip_cmr_state_template | strip_cmr_do_carrier,3.3256413318057258e-06,3.3268946024782636e-06
cmr_versius:03,cmr_versius,CMR_STATE_PROMPT,cmr-surgical-60hz/prostatectomy,cmr_surgical/prostatectomy,arm left: -1. left instrument: Tool #3 (None). arm right: 1. right instrument: Tool #2 (Cyan). do a prostatectomy,arm left 1 left instrument tool 3 none arm right 1 right instrument tool 2 cyan do a prostatectomy,prostatectomy,prostatectomy,15,1,arm left: -1. left instrument: Tool #3 (None). arm right: 1. right instrument: Tool #2 (Cyan),strip_cmr_state_template | strip_cmr_do_carrier,1.2280161696004128e-06,1.2284789485044524e-06
cmr_versius:03,cmr_versius,CMR_STATE_PROMPT,cmr-surgical-60hz/prostatectomy,cmr_surgical/prostatectomy,arm left: 2. left instrument: Tool #2 (Blue). arm right: 1. right instrument: Tool #2 (Cyan). do a prostatectomy,arm left 2 left instrument tool 2 blue arm right 1 right instrument tool 2 cyan do a prostatectomy,prostatectomy,prostatectomy,15,1,arm left: 2. left instrument: Tool #2 (Blue). arm right: 1. right instrument: Tool #2 (Cyan),strip_cmr_state_template | strip_cmr_do_carrier,0.00011720291958465873,0.00011724708760134966
cmr_versius:03,cmr_versius,CMR_STATE_PROMPT,cmr-surgical-60hz/prostatectomy,cmr_surgical/prostatectomy,arm left: 1. left instrument: Tool #1 (Blue). arm right: 3. right instrument: Tool #9 (Green). do a prostatectomy,arm left 1 left instrument tool 1 blue arm right 3 right instrument tool 9 green do a prostatectomy,prostatectomy,prostatectomy,15,1,arm left: 1. left instrument: Tool #1 (Blue). arm right: 3. right instrument: Tool #9 (Green),strip_cmr_state_template | strip_cmr_do_carrier,0.0006524236751134357,0.000652669541512277
cmr_versius:03,cmr_versius,CMR_STATE_PROMPT,cmr-surgical-60hz/prostatectomy,cmr_surgical/prostatectomy,arm left: 1. left instrument: Tool #1 (Blue). arm right: -1. right instrument: Tool #3 (None). do a prostatectomy,arm left 1 left instrument tool 1 blue arm right 1 right instrument tool 3 none do a prostatectomy,prostatectomy,prostatectomy,15,1,arm left: 1. left instrument: Tool #1 (Blue). arm right: -1. right instrument: Tool #3 (None),strip_cmr_state_template | strip_cmr_do_carrier,5.0403367206947805e-06,5.042236175735631e-06
cmr_versius:03,cmr_versius,CMR_STATE_PROMPT,cmr-surgical-60hz/prostatectomy,cmr_surgical/prostatectomy,arm left: 0. left instrument: Tool #14 (White). arm right: 3. right instrument: Tool #9 (Green). do a prostatectomy,arm left 0 left instrument tool 14 white arm right 3 right instrument tool 9 green do a prostatectomy,prostatectomy,prostatectomy,15,1,arm left: 0. left instrument: Tool #14 (White). arm right: 3. right instrument: Tool #9 (Green),strip_cmr_state_template | strip_cmr_do_carrier,2.2806014578293375e-06,2.2814609043654114e-06
cmr_versius:03,cmr_versius,CMR_STATE_PROMPT,cmr-surgical-60hz/prostatectomy,cmr_surgical/prostatectomy,arm left: 3. left instrument: Tool #0 (Green). arm right: 1. right instrument: Tool #9 (Orange). do a prostatectomy,arm left 3 left instrument tool 0 green arm right 1 right instrument tool 9 orange do a prostatectomy,prostatectomy,prostatectomy,15,1,arm left: 3. left instrument: Tool #0 (Green). arm right: 1. right instrument: Tool #9 (Orange),strip_cmr_state_template | strip_cmr_do_carrier,0.00013898841688529643,0.00013904079478457225
cmr_versius:03,cmr_versius,CMR_STATE_PROMPT,cmr-surgical-60hz/prostatectomy,cmr_surgical/prostatectomy,arm left: 2. left instrument: Tool #2 (Blue). arm right: 1. right instrument: Tool #9 (Orange). do a prostatectomy,arm left 2 left instrument tool 2 blue arm right 1 right instrument tool 9 orange do a prostatectomy,prostatectomy,prostatectomy,15,1,arm left: 2. left instrument: Tool #2 (Blue). arm right: 1. right instrument: Tool #9 (Orange),strip_cmr_state_template | strip_cmr_do_carrier,5.09315462046254e-08,5.0950739799723825e-08
cmr_versius:03,cmr_versius,CMR_STATE_PROMPT,cmr-surgical-60hz/prostatectomy,cmr_surgical/prostatectomy,arm left: 3. left instrument: Tool #0 (Green). arm right: 1. right instrument: Tool #2 (Orange). do a prostatectomy,arm left 3 left instrument tool 0 green arm right 1 right instrument tool 2 orange do a prostatectomy,prostatectomy,prostatectomy,15,1,arm left: 3. left instrument: Tool #0 (Green). arm right: 1. right instrument: Tool #2 (Orange),strip_cmr_state_template | strip_cmr_do_carrier,2.403214439433065e-06,2.4041200927721536e-06
cmr_versius:03,cmr_versius,CMR_STATE_PROMPT,cmr-surgical-60hz/prostatectomy,cmr_surgical/prostatectomy,arm left: -1. left instrument: Tool #3 (None). arm right: 3. right instrument: Tool #9 (Cyan). do a prostatectomy,arm left 1 left instrument tool 3 none arm right 3 right instrument tool 9 cyan do a prostatectomy,prostatectomy,prostatectomy,15,1,arm left: -1. left instrument: Tool #3 (None). arm right: 3. right instrument: Tool #9 (Cyan),strip_cmr_state_template | strip_cmr_do_carrier,2.974590933706437e-05,2.9757119107475744e-05
cmr_versius:03,cmr_versius,CMR_STATE_PROMPT,cmr-surgical-60hz/prostatectomy,cmr_surgical/prostatectomy,arm left: 1. left instrument: Tool #18 (Orange). arm right: 3. right instrument: Tool #9 (Cyan). do a prostatectomy,arm left 1 left instrument tool 18 orange arm right 3 right instrument tool 9 cyan do a prostatectomy,prostatectomy,prostatectomy,15,1,arm left: 1. left instrument: Tool #18 (Orange). arm right: 3. right instrument: Tool #9 (Cyan),strip_cmr_state_template | strip_cmr_do_carrier,0.0004547545715861583,0.00045492594622067485
cmr_versius:03,cmr_versius,CMR_STATE_PROMPT,cmr-surgical-60hz/prostatectomy,cmr_surgical/prostatectomy,arm left: 2. left instrument: Tool #0 (Green). arm right: 3. right instrument: Tool #9 (Cyan). do a prostatectomy,arm left 2 left instrument tool 0 green arm right 3 right instrument tool 9 cyan do a prostatectomy,prostatectomy,prostatectomy,15,1,arm left: 2. left instrument: Tool #0 (Green). arm right: 3. right instrument: Tool #9 (Cyan),strip_cmr_state_template | strip_cmr_do_carrier,3.7483731653041165e-05,3.749785742815971e-05
cmr_versius:03,cmr_versius,CMR_STATE_PROMPT,cmr-surgical-60hz/prostatectomy,cmr_surgical/prostatectomy,arm left: 3. left instrument: Tool #18 (Cyan). arm right: 1. right instrument: Tool #9 (Blue). do a prostatectomy,arm left 3 left instrument tool 18 cyan arm right 1 right instrument tool 9 blue do a prostatectomy,prostatectomy,prostatectomy,15,1,arm left: 3. left instrument: Tool #18 (Cyan). arm right: 1. right instrument: Tool #9 (Blue),strip_cmr_state_template | strip_cmr_do_carrier,0.0006822016524610734,0.0006824587407151822
cmr_versius:03,cmr_versius,CMR_STATE_PROMPT,cmr-surgical-60hz/prostatectomy,cmr_surgical/prostatectomy,arm left: 3. left instrument: Tool #18 (Cyan). arm right: -1. right instrument: Tool #3 (None). do a prostatectomy,arm left 3 left instrument tool 18 cyan arm right 1 right instrument tool 3 none do a prostatectomy,prostatectomy,prostatectomy,15,1,arm left: 3. left instrument: Tool #18 (Cyan). arm right: -1. right instrument: Tool #3 (None),strip_cmr_state_template | strip_cmr_do_carrier,4.395203802102859e-06,4.396860138272464e-06
cmr_versius:03,cmr_versius,CMR_STATE_PROMPT,cmr-surgical-60hz/prostatectomy,cmr_surgical/prostatectomy,arm left: 2. left instrument: Tool #0 (Green). arm right: 1. right instrument: Tool #9 (Blue). do a prostatectomy,arm left 2 left instrument tool 0 green arm right 1 right instrument tool 9 blue do a prostatectomy,prostatectomy,prostatectomy,15,1,arm left: 2. left instrument: Tool #0 (Green). arm right: 1. right instrument: Tool #9 (Blue),strip_cmr_state_template | strip_cmr_do_carrier,0.00013171652389941383,0.0001317661613798339
cmr_versius:03,cmr_versius,CMR_STATE_PROMPT,cmr-surgical-60hz/prostatectomy,cmr_surgical/prostatectomy,arm left: 3. left instrument: Tool #18 (Cyan). arm right: 0. right instrument: Tool #17 (White). do a prostatectomy,arm left 3 left instrument tool 18 cyan arm right 0 right instrument tool 17 white do a prostatectomy,prostatectomy,prostatectomy,15,1,arm left: 3. left instrument: Tool #18 (Cyan). arm right: 0. right instrument: Tool #17 (White),strip_cmr_state_template | strip_cmr_do_carrier,3.5501174058187044e-06,3.5514552704844537e-06
cmr_versius:03,cmr_versius,CMR_STATE_PROMPT,cmr-surgical-60hz/prostatectomy,cmr_surgical/prostatectomy,arm left: 3. left instrument: Tool #2 (Cyan). arm right: -1. right instrument: Tool #3 (None). do a prostatectomy,arm left 3 left instrument tool 2 cyan arm right 1 right instrument tool 3 none do a prostatectomy,prostatectomy,prostatectomy,15,1,arm left: 3. left instrument: Tool #2 (Cyan). arm right: -1. right instrument: Tool #3 (None),strip_cmr_state_template | strip_cmr_do_carrier,5.8929685312314725e-06,5.895189301271749e-06
cmr_versius:03,cmr_versius,CMR_STATE_PROMPT,cmr-surgical-60hz/prostatectomy,cmr_surgical/prostatectomy,arm left: 3. left instrument: Tool #2 (Cyan). arm right: 1. right instrument: Tool #2 (Blue). do a prostatectomy,arm left 3 left instrument tool 2 cyan arm right 1 right instrument tool 2 blue do a prostatectomy,prostatectomy,prostatectomy,15,1,arm left: 3. left instrument: Tool #2 (Cyan). arm right: 1. right instrument: Tool #2 (Blue),strip_cmr_state_template | strip_cmr_do_carrier,0.00010175557025615216,0.00010179391692653713
cmr_versius:03,cmr_versius,CMR_STATE_PROMPT,cmr-surgical-60hz/prostatectomy,cmr_surgical/prostatectomy,arm left: 2. left instrument: Tool #0 (Green). arm right: 1. right instrument: Tool #2 (Blue). do a prostatectomy,arm left 2 left instrument tool 0 green arm right 1 right instrument tool 2 blue do a prostatectomy,prostatectomy,prostatectomy,15,1,arm left: 2. left instrument: Tool #0 (Green). arm right: 1. right instrument: Tool #2 (Blue),strip_cmr_state_template | strip_cmr_do_carrier,1.1446393421098776e-05,1.1450707003878673e-05
cmr_versius:03,cmr_versius,CMR_STATE_PROMPT,cmr-surgical-60hz/prostatectomy,cmr_surgical/prostatectomy,arm left: 2. left instrument: Tool #0 (Orange). arm right: 3. right instrument: Tool #9 (Blue). do a prostatectomy,arm left 2 left instrument tool 0 orange arm right 3 right instrument tool 9 blue do a prostatectomy,prostatectomy,prostatectomy,15,1,arm left: 2. left instrument: Tool #0 (Orange). arm right: 3. right instrument: Tool #9 (Blue),strip_cmr_state_template | strip_cmr_do_carrier,4.160352783492642e-05,4.161920615862626e-05
cmr_versius:03,cmr_versius,CMR_STATE_PROMPT,cmr-surgical-60hz/prostatectomy,cmr_surgical/prostatectomy,arm left: 2. left instrument: Tool #0 (Orange). arm right: 3. right instrument: Tool #2 (Blue). do a prostatectomy,arm left 2 left instrument tool 0 orange arm right 3 right instrument tool 2 blue do a prostatectomy,prostatectomy,prostatectomy,15,1,arm left: 2. left instrument: Tool #0 (Orange). arm right: 3. right instrument: Tool #2 (Blue),strip_cmr_state_template | strip_cmr_do_carrier,2.772939737807383e-06,2.7739847224294083e-06
cmr_versius:03,cmr_versius,CMR_STATE_PROMPT,cmr-surgical-60hz/prostatectomy,cmr_surgical/prostatectomy,arm left: 1. left instrument: Tool #2 (Green). arm right: 3. right instrument: Tool #2 (Blue). do a prostatectomy,arm left 1 left instrument tool 2 green arm right 3 right instrument tool 2 blue do a prostatectomy,prostatectomy,prostatectomy,15,1,arm left: 1. left instrument: Tool #2 (Green). arm right: 3. right instrument: Tool #2 (Blue),strip_cmr_state_template | strip_cmr_do_carrier,0.00033564832125629703,0.00033577481060236507
cmr_versius:03,cmr_versius,CMR_STATE_PROMPT,cmr-surgical-60hz/prostatectomy,cmr_surgical/prostatectomy,arm left: 2. left instrument: Tool #0 (Cyan). arm right: 3. right instrument: Tool #2 (Blue). do a prostatectomy,arm left 2 left instrument tool 0 cyan arm right 3 right instrument tool 2 blue do a prostatectomy,prostatectomy,prostatectomy,15,1,arm left: 2. left instrument: Tool #0 (Cyan). arm right: 3. right instrument: Tool #2 (Blue),strip_cmr_state_template | strip_cmr_do_carrier,1.361947272582946e-06,1.3624605235333556e-06
cmr_versius:03,cmr_versius,CMR_STATE_PROMPT,cmr-surgical-60hz/prostatectomy,cmr_surgical/prostatectomy,arm left: 2. left instrument: Tool #0 (Cyan). arm right: -1. right instrument: Tool #3 (None). do a prostatectomy,arm left 2 left instrument tool 0 cyan arm right 1 right instrument tool 3 none do a prostatectomy,prostatectomy,prostatectomy,15,1,arm left: 2. left instrument: Tool #0 (Cyan). arm right: -1. right instrument: Tool #3 (None),strip_cmr_state_template | strip_cmr_do_carrier,2.590717983608612e-05,2.5916942978126184e-05
cmr_versius:03,cmr_versius,CMR_STATE_PROMPT,cmr-surgical-60hz/prostatectomy,cmr_surgical/prostatectomy,arm left: 1. left instrument: Tool #18 (Green). arm right: 3. right instrument: Tool #9 (Blue). do a prostatectomy,arm left 1 left instrument tool 18 green arm right 3 right instrument tool 9 blue do a prostatectomy,prostatectomy,prostatectomy,15,1,arm left: 1. left instrument: Tool #18 (Green). arm right: 3. right instrument: Tool #9 (Blue),strip_cmr_state_template | strip_cmr_do_carrier,0.0015419242660415868,0.0015425053414700831
cmr_versius:03,cmr_versius,CMR_STATE_PROMPT,cmr-surgical-60hz/prostatectomy,cmr_surgical/prostatectomy,arm left: 2. left instrument: Tool #0 (Cyan). arm right: 3. right instrument: Tool #9 (Blue). do a prostatectomy,arm left 2 left instrument tool 0 cyan arm right 3 right instrument tool 9 blue do a prostatectomy,prostatectomy,prostatectomy,15,1,arm left: 2. left instrument: Tool #0 (Cyan). arm right: 3. right instrument: Tool #9 (Blue),strip_cmr_state_template | strip_cmr_do_carrier,0.00013671536084171963,0.00013676688213795494
cmr_versius:03,cmr_versius,CMR_STATE_PROMPT,cmr-surgical-60hz/prostatectomy,cmr_surgical/prostatectomy,arm left: -1. left instrument: Tool #3 (None). arm right: 2. right instrument: Tool #0 (Blue). do a prostatectomy,arm left 1 left instrument tool 3 none arm right 2 right instrument tool 0 blue do a prostatectomy,prostatectomy,prostatectomy,15,1,arm left: -1. left instrument: Tool #3 (None). arm right: 2. right instrument: Tool #0 (Blue),strip_cmr_state_template | strip_cmr_do_carrier,1.0837101220206407e-05,1.0841185190719015e-05
cmr_versius:03,cmr_versius,CMR_STATE_PROMPT,cmr-surgical-60hz/prostatectomy,cmr_surgical/prostatectomy,arm left: 1. left instrument: Tool #18 (Orange). arm right: 2. right instrument: Tool #0 (Blue). do a prostatectomy,arm left 1 left instrument tool 18 orange arm right 2 right instrument tool 0 blue do a prostatectomy,prostatectomy,prostatectomy,15,1,arm left: 1. left instrument: Tool #18 (Orange). arm right: 2. right instrument: Tool #0 (Blue),strip_cmr_state_template | strip_cmr_do_carrier,3.814584175370129e-05,3.8160217045556116e-05
cmr_versius:03,cmr_versius,CMR_STATE_PROMPT,cmr-surgical-60hz/prostatectomy,cmr_surgical/prostatectomy,arm left: 2. left instrument: Tool #18 (Green). arm right: 3. right instrument: Tool #9 (Blue). do a prostatectomy,arm left 2 left instrument tool 18 green arm right 3 right instrument tool 9 blue do a prostatectomy,prostatectomy,prostatectomy,15,1,arm left: 2. left instrument: Tool #18 (Green). arm right: 3. right instrument: Tool #9 (Blue),strip_cmr_state_template | strip_cmr_do_carrier,0.0011719311054613042,0.001172372748662771
cmr_versius:03,cmr_versius,CMR_STATE_PROMPT,cmr-surgical-60hz/prostatectomy,cmr_surgical/prostatectomy,arm left: 2. left instrument: Tool #18 (Green). arm right: 1. right instrument: Tool #0 (Orange). do a prostatectomy,arm left 2 left instrument tool 18 green arm right 1 right instrument tool 0 orange do a prostatectomy,prostatectomy,prostatectomy,15,1,arm left: 2. left instrument: Tool #18 (Green). arm right: 1. right instrument: Tool #0 (Orange),strip_cmr_state_template | strip_cmr_do_carrier,6.075378920786557e-05,6.077668432332242e-05
cmr_versius:03,cmr_versius,CMR_STATE_PROMPT,cmr-surgical-60hz/prostatectomy,cmr_surgical/prostatectomy,arm left: 2. left instrument: Tool #2 (Green). arm right: 3. right instrument: Tool #2 (Blue). do a prostatectomy,arm left 2 left instrument tool 2 green arm right 3 right instrument tool 2 blue do a prostatectomy,prostatectomy,prostatectomy,15,1,arm left: 2. left instrument: Tool #2 (Green). arm right: 3. right instrument: Tool #2 (Blue),strip_cmr_state_template | strip_cmr_do_carrier,0.0003648151200494792,0.0003649526009276736
cmr_versius:03,cmr_versius,CMR_STATE_PROMPT,cmr-surgical-60hz/prostatectomy,cmr_surgical/prostatectomy,arm left: -1. left instrument: Tool #3 (None). arm right: 1. right instrument: Tool #0 (Orange). do a prostatectomy,arm left 1 left instrument tool 3 none arm right 1 right instrument tool 0 orange do a prostatectomy,prostatectomy,prostatectomy,15,1,arm left: -1. left instrument: Tool #3 (None). arm right: 1. right instrument: Tool #0 (Orange),strip_cmr_state_template | strip_cmr_do_carrier,2.0978137975616265e-05,2.0986043604175136e-05
cmr_versius:03,cmr_versius,CMR_STATE_PROMPT,cmr-surgical-60hz/prostatectomy,cmr_surgical/prostatectomy,arm left: 2. left instrument: Tool #2 (Green). arm right: 1. right instrument: Tool #0 (Orange). do a prostatectomy,arm left 2 left instrument tool 2 green arm right 1 right instrument tool 0 orange do a prostatectomy,prostatectomy,prostatectomy,15,1,arm left: 2. left instrument: Tool #2 (Green). arm right: 1. right instrument: Tool #0 (Orange),strip_cmr_state_template | strip_cmr_do_carrier,7.283211107261433e-06,7.285955791360507e-06
cmr_versius:03,cmr_versius,CMR_STATE_PROMPT,cmr-surgical-60hz/prostatectomy,cmr_surgical/prostatectomy,arm left: 2. left instrument: Tool #18 (Orange). arm right: 3. right instrument: Tool #9 (Blue). do a prostatectomy,arm left 2 left instrument tool 18 orange arm right 3 right instrument tool 9 blue do a prostatectomy,prostatectomy,prostatectomy,15,1,arm left: 2. left instrument: Tool #18 (Orange). arm right: 3. right instrument: Tool #9 (Blue),strip_cmr_state_template | strip_cmr_do_carrier,0.0002990153350602295,0.0002991280192353045
cmr_versius:03,cmr_versius,CMR_STATE_PROMPT,cmr-surgical-60hz/prostatectomy,cmr_surgical/prostatectomy,arm left: 1. left instrument: Tool #0 (Pink). arm right: 3. right instrument: Tool #9 (Blue). do a prostatectomy,arm left 1 left instrument tool 0 pink arm right 3 right instrument tool 9 blue do a prostatectomy,prostatectomy,prostatectomy,15,1,arm left: 1. left instrument: Tool #0 (Pink). arm right: 3. right instrument: Tool #9 (Blue),strip_cmr_state_template | strip_cmr_do_carrier,2.4305665660985123e-05,2.4314825271090426e-05
cmr_versius:03,cmr_versius,CMR_STATE_PROMPT,cmr-surgical-60hz/prostatectomy,cmr_surgical/prostatectomy,arm left: 2. left instrument: Tool #18 (Orange). arm right: -1. right instrument: Tool #3 (None). do a prostatectomy,arm left 2 left instrument tool 18 orange arm right 1 right instrument tool 3 none do a prostatectomy,prostatectomy,prostatectomy,15,1,arm left: 2. left instrument: Tool #18 (Orange). arm right: -1. right instrument: Tool #3 (None),strip_cmr_state_template | strip_cmr_do_carrier,3.8600452962416656e-05,3.861499957487958e-05
cmr_versius:03,cmr_versius,CMR_STATE_PROMPT,cmr-surgical-60hz/prostatectomy,cmr_surgical/prostatectomy,arm left: 1. left instrument: Tool #0 (Pink). arm right: -1. right instrument: Tool #3 (None). do a prostatectomy,arm left 1 left instrument tool 0 pink arm right 1 right instrument tool 3 none do a prostatectomy,prostatectomy,prostatectomy,15,1,arm left: 1. left instrument: Tool #0 (Pink). arm right: -1. right instrument: Tool #3 (None),strip_cmr_state_template | strip_cmr_do_carrier,4.5928936555193314e-05,4.594624491272873e-05
cmr_versius:03,cmr_versius,CMR_STATE_PROMPT,cmr-surgical-60hz/prostatectomy,cmr_surgical/prostatectomy,arm left: 2. left instrument: Tool #2 (Orange). arm right: 3. right instrument: Tool #2 (Blue). do a prostatectomy,arm left 2 left instrument tool 2 orange arm right 3 right instrument tool 2 blue do a prostatectomy,prostatectomy,prostatectomy,15,1,arm left: 2. left instrument: Tool #2 (Orange). arm right: 3. right instrument: Tool #2 (Blue),strip_cmr_state_template | strip_cmr_do_carrier,0.0001374001071851374,0.0001374518865285957
cmr_versius:03,cmr_versius,CMR_STATE_PROMPT,cmr-surgical-60hz/prostatectomy,cmr_surgical/prostatectomy,arm left: 1. left instrument: Tool #0 (Pink). arm right: 3. right instrument: Tool #2 (Blue). do a prostatectomy,arm left 1 left instrument tool 0 pink arm right 3 right instrument tool 2 blue do a prostatectomy,prostatectomy,prostatectomy,15,1,arm left: 1. left instrument: Tool #0 (Pink). arm right: 3. right instrument: Tool #2 (Blue),strip_cmr_state_template | strip_cmr_do_carrier,0.00021900942138701552,0.00021909195526768652
cmr_versius:03,cmr_versius,CMR_STATE_PROMPT,cmr-surgical-60hz/prostatectomy,cmr_surgical/prostatectomy,arm left: 3. left instrument: Tool #1 (Green). arm right: 2. right instrument: Tool #9 (Orange). do a prostatectomy,arm left 3 left instrument tool 1 green arm right 2 right instrument tool 9 orange do a prostatectomy,prostatectomy,prostatectomy,15,1,arm left: 3. left instrument: Tool #1 (Green). arm right: 2. right instrument: Tool #9 (Orange),strip_cmr_state_template | strip_cmr_do_carrier,0.0003682426244736942,0.00036838139700975134
cmr_versius:03,cmr_versius,CMR_STATE_PROMPT,cmr-surgical-60hz/prostatectomy,cmr_surgical/prostatectomy,arm left: 3. left instrument: Tool #1 (Green). arm right: -1. right instrument: Tool #3 (None). do a prostatectomy,arm left 3 left instrument tool 1 green arm right 1 right instrument tool 3 none do a prostatectomy,prostatectomy,prostatectomy,15,1,arm left: 3. left instrument: Tool #1 (Green). arm right: -1. right instrument: Tool #3 (None),strip_cmr_state_template | strip_cmr_do_carrier,1.7160158363832493e-05,1.7166625183632875e-05
cmr_versius:03,cmr_versius,CMR_STATE_PROMPT,cmr-surgical-60hz/prostatectomy,cmr_surgical/prostatectomy,arm left: 3. left instrument: Tool #1 (Green). arm right: 1. right instrument: Tool #0 (Blue). do a prostatectomy,arm left 3 left instrument tool 1 green arm right 1 right instrument tool 0 blue do a prostatectomy,prostatectomy,prostatectomy,15,1,arm left: 3. left instrument: Tool #1 (Green). arm right: 1. right instrument: Tool #0 (Blue),strip_cmr_state_template | strip_cmr_do_carrier,2.5484636637944045e-05,2.549424054423218e-05
cmr_versius:03,cmr_versius,CMR_STATE_PROMPT,cmr-surgical-60hz/prostatectomy,cmr_surgical/prostatectomy,arm left: 3. left instrument: Tool #1 (Green). arm right: 0. right instrument: Tool #14 (White). do a prostatectomy,arm left 3 left instrument tool 1 green arm right 0 right instrument tool 14 white do a prostatectomy,prostatectomy,prostatectomy,15,1,arm left: 3. left instrument: Tool #1 (Green). arm right: 0. right instrument: Tool #14 (White),strip_cmr_state_template | strip_cmr_do_carrier,4.6404297653103144e-07,4.6421785150859484e-07
cmr_versius:03,cmr_versius,CMR_STATE_PROMPT,cmr-surgical-60hz/prostatectomy,cmr_surgical/prostatectomy,arm left: 3. left instrument: Tool #2 (Green). arm right: 2. right instrument: Tool #2 (Blue). do a prostatectomy,arm left 3 left instrument tool 2 green arm right 2 right instrument tool 2 blue do a prostatectomy,prostatectomy,prostatectomy,15,1,arm left: 3. left instrument: Tool #2 (Green). arm right: 2. right instrument: Tool #2 (Blue),strip_cmr_state_template | strip_cmr_do_carrier,0.00030090168862336375,0.00030101508367233134
cmr_versius:03,cmr_versius,CMR_STATE_PROMPT,cmr-surgical-60hz/prostatectomy,cmr_surgical/prostatectomy,arm left: 1. left instrument: Tool #0 (Orange). arm right: 2. right instrument: Tool #2 (Blue). do a prostatectomy,arm left 1 left instrument tool 0 orange arm right 2 right instrument tool 2 blue do a prostatectomy,prostatectomy,prostatectomy,15,1,arm left: 1. left instrument: Tool #0 (Orange). arm right: 2. right instrument: Tool #2 (Blue),strip_cmr_state_template | strip_cmr_do_carrier,1.216698048221607e-06,1.2171565618822914e-06
cmr_versius:03,cmr_versius,CMR_STATE_PROMPT,cmr-surgical-60hz/prostatectomy,cmr_surgical/prostatectomy,arm left: 3. left instrument: Tool #18 (Green). arm right: 2. right instrument: Tool #9 (Blue). do a prostatectomy,arm left 3 left instrument tool 18 green arm right 2 right instrument tool 9 blue do a prostatectomy,prostatectomy,prostatectomy,15,1,arm left: 3. left instrument: Tool #18 (Green). arm right: 2. right instrument: Tool #9 (Blue),strip_cmr_state_template | strip_cmr_do_carrier,0.0008785823765047301,0.0008789134709962951
cmr_versius:03,cmr_versius,CMR_STATE_PROMPT,cmr-surgical-60hz/prostatectomy,cmr_surgical/prostatectomy,arm left: 1. left instrument: Tool #0 (Orange). arm right: 2. right instrument: Tool #9 (Blue). do a prostatectomy,arm left 1 left instrument tool 0 orange arm right 2 right instrument tool 9 blue do a prostatectomy,prostatectomy,prostatectomy,15,1,arm left: 1. left instrument: Tool #0 (Orange). arm right: 2. right instrument: Tool #9 (Blue),strip_cmr_state_template | strip_cmr_do_carrier,4.9820483955939316e-05,4.983925884631504e-05
cmr_versius:03,cmr_versius,CMR_STATE_PROMPT,cmr-surgical-60hz/prostatectomy,cmr_surgical/prostatectomy,arm left: 1. left instrument: Tool #0 (Orange). arm right: -1. right instrument: Tool #3 (None). do a prostatectomy,arm left 1 left instrument tool 0 orange arm right 1 right instrument tool 3 none do a prostatectomy,prostatectomy,prostatectomy,15,1,arm left: 1. left instrument: Tool #0 (Orange). arm right: -1. right instrument: Tool #3 (None),strip_cmr_state_template | strip_cmr_do_carrier,3.142665036181701e-06,3.143849352086663e-06
cmr_versius:03,cmr_versius,CMR_STATE_PROMPT,cmr-surgical-60hz/prostatectomy,cmr_surgical/prostatectomy,arm left: 1. left instrument: Tool #0 (Orange). arm right: 3. right instrument: Tool #9 (Blue). do a prostatectomy,arm left 1 left instrument tool 0 orange arm right 3 right instrument tool 9 blue do a prostatectomy,prostatectomy,prostatectomy,15,1,arm left: 1. left instrument: Tool #0 (Orange). arm right: 3. right instrument: Tool #9 (Blue),strip_cmr_state_template | strip_cmr_do_carrier,4.133943833608762e-05,4.1355017137442506e-05
cmr_versius:03,cmr_versius,CMR_STATE_PROMPT,cmr-surgical-60hz/prostatectomy,cmr_surgical/prostatectomy,arm left: 1. left instrument: Tool #2 (Green). arm right: 0. right instrument: Tool #14 (White). do a prostatectomy,arm left 1 left instrument tool 2 green arm right 0 right instrument tool 14 white do a prostatectomy,prostatectomy,prostatectomy,15,1,arm left: 1. left instrument: Tool #2 (Green). arm right: 0. right instrument: Tool #14 (White),strip_cmr_state_template | strip_cmr_do_carrier,4.810201585992399e-07,4.812014314418362e-07
cmr_versius:03,cmr_versius,CMR_STATE_PROMPT,cmr-surgical-60hz/prostatectomy,cmr_surgical/prostatectomy,arm left: 1. left instrument: Tool #1 (Green). arm right: -1. right instrument: Tool #3 (None). do a prostatectomy,arm left 1 left instrument tool 1 green arm right 1 right instrument tool 3 none do a prostatectomy,prostatectomy,prostatectomy,15,1,arm left: 1. left instrument: Tool #1 (Green). arm right: -1. right instrument: Tool #3 (None),strip_cmr_state_template | strip_cmr_do_carrier,7.203984257609793e-06,7.206699085005381e-06
cmr_versius:03,cmr_versius,CMR_STATE_PROMPT,cmr-surgical-60hz/prostatectomy,cmr_surgical/prostatectomy,arm left: 1. left instrument: Tool #1 (Green). arm right: 3. right instrument: Tool #9 (Pink). do a prostatectomy,arm left 1 left instrument tool 1 green arm right 3 right instrument tool 9 pink do a prostatectomy,prostatectomy,prostatectomy,15,1,arm left: 1. left instrument: Tool #1 (Green). arm right: 3. right instrument: Tool #9 (Pink),strip_cmr_state_template | strip_cmr_do_carrier,0.00043233148678118116,0.0004324944112577372
cmr_versius:03,cmr_versius,CMR_STATE_PROMPT,cmr-surgical-60hz/prostatectomy,cmr_surgical/prostatectomy,arm left: 2. left instrument: Tool #0 (Orange). arm right: 3. right instrument: Tool #9 (Pink). do a prostatectomy,arm left 2 left instrument tool 0 orange arm right 3 right instrument tool 9 pink do a prostatectomy,prostatectomy,prostatectomy,15,1,arm left: 2. left instrument: Tool #0 (Orange). arm right: 3. right instrument: Tool #9 (Pink),strip_cmr_state_template | strip_cmr_do_carrier,1.8082585256205153e-05,1.8089399693338986e-05
cmr_versius:03,cmr_versius,CMR_STATE_PROMPT,cmr-surgical-60hz/prostatectomy,cmr_surgical/prostatectomy,arm left: 2. left instrument: Tool #0 (Orange). arm right: 1. right instrument: Tool #2 (Green). do a prostatectomy,arm left 2 left instrument tool 0 orange arm right 1 right instrument tool 2 green do a prostatectomy,prostatectomy,prostatectomy,15,1,arm left: 2. left instrument: Tool #0 (Orange). arm right: 1. right instrument: Tool #2 (Green),strip_cmr_state_template | strip_cmr_do_carrier,7.790640215744552e-06,7.793576124920718e-06
cmr_versius:03,cmr_versius,CMR_STATE_PROMPT,cmr-surgical-60hz/prostatectomy,cmr_surgical/prostatectomy,arm left: 3. left instrument: Tool #2 (Pink). arm right: 1. right instrument: Tool #2 (Green). do a prostatectomy,arm left 3 left instrument tool 2 pink arm right 1 right instrument tool 2 green do a prostatectomy,prostatectomy,prostatectomy,15,1,arm left: 3. left instrument: Tool #2 (Pink). arm right: 1. right instrument: Tool #2 (Green),strip_cmr_state_template | strip_cmr_do_carrier,7.054962326122185e-07,7.057620994480263e-07
cmr_versius:03,cmr_versius,CMR_STATE_PROMPT,cmr-surgical-60hz/prostatectomy,cmr_surgical/prostatectomy,arm left: 1. left instrument: Tool #18 (Green). arm right: 3. right instrument: Tool #2 (Pink). do a prostatectomy,arm left 1 left instrument tool 18 green arm right 3 right instrument tool 2 pink do a prostatectomy,prostatectomy,prostatectomy,15,1,arm left: 1. left instrument: Tool #18 (Green). arm right: 3. right instrument: Tool #2 (Pink),strip_cmr_state_template | strip_cmr_do_carrier,7.75857220517127e-06,7.761496029491264e-06
cmr_versius:03,cmr_versius,CMR_STATE_PROMPT,cmr-surgical-60hz/prostatectomy,cmr_surgical/prostatectomy,arm left: 1. left instrument: Tool #2 (Orange). arm right: 2. right instrument: Tool #0 (Blue). do a prostatectomy,arm left 1 left instrument tool 2 orange arm right 2 right instrument tool 0 blue do a prostatectomy,prostatectomy,prostatectomy,15,1,arm left: 1. left instrument: Tool #2 (Orange). arm right: 2. right instrument: Tool #0 (Blue),strip_cmr_state_template | strip_cmr_do_carrier,1.486446607749808e-06,1.4870067763771248e-06
cmr_versius:03,cmr_versius,CMR_STATE_PROMPT,cmr-surgical-60hz/prostatectomy,cmr_surgical/prostatectomy,arm left: 1. left instrument: Tool #18 (Cyan). arm right: -1. right instrument: Tool #3 (None). do a prostatectomy,arm left 1 left instrument tool 18 cyan arm right 1 right instrument tool 3 none do a prostatectomy,prostatectomy,prostatectomy,15,1,arm left: 1. left instrument: Tool #18 (Cyan). arm right: -1. right instrument: Tool #3 (None),strip_cmr_state_template | strip_cmr_do_carrier,7.381301492544415e-06,7.384083142085901e-06
cmr_versius:03,cmr_versius,CMR_STATE_PROMPT,cmr-surgical-60hz/prostatectomy,cmr_surgical/prostatectomy,arm left: 1. left instrument: Tool #18 (Cyan). arm right: 3. right instrument: Tool #9 (Blue). do a prostatectomy,arm left 1 left instrument tool 18 cyan arm right 3 right instrument tool 9 blue do a prostatectomy,prostatectomy,prostatectomy,15,1,arm left: 1. left instrument: Tool #18 (Cyan). arm right: 3. right instrument: Tool #9 (Blue),strip_cmr_state_template | strip_cmr_do_carrier,0.000401506583206004,0.0004016578912922821
cmr_versius:03,cmr_versius,CMR_STATE_PROMPT,cmr-surgical-60hz/prostatectomy,cmr_surgical/prostatectomy,arm left: 1. left instrument: Tool #2 (Cyan). arm right: 3. right instrument: Tool #2 (Blue). do a prostatectomy,arm left 1 left instrument tool 2 cyan arm right 3 right instrument tool 2 blue do a prostatectomy,prostatectomy,prostatectomy,15,1,arm left: 1. left instrument: Tool #2 (Cyan). arm right: 3. right instrument: Tool #2 (Blue),strip_cmr_state_template | strip_cmr_do_carrier,0.00013199947693388395,0.00013204922104538794
cmr_versius:03,cmr_versius,CMR_STATE_PROMPT,cmr-surgical-60hz/prostatectomy,cmr_surgical/prostatectomy,arm left: 1. left instrument: Tool #2 (Cyan). arm right: -1. right instrument: Tool #3 (None). do a prostatectomy,arm left 1 left instrument tool 2 cyan arm right 1 right instrument tool 3 none do a prostatectomy,prostatectomy,prostatectomy,15,1,arm left: 1. left instrument: Tool #2 (Cyan). arm right: -1. right instrument: Tool #3 (None),strip_cmr_state_template | strip_cmr_do_carrier,1.2714023015525007e-06,1.2718814305560687e-06
cmr_versius:03,cmr_versius,CMR_STATE_PROMPT,cmr-surgical-60hz/prostatectomy,cmr_surgical/prostatectomy,arm left: 1. left instrument: Tool #18 (Cyan). arm right: 3. right instrument: Tool #2 (Blue). do a prostatectomy,arm left 1 left instrument tool 18 cyan arm right 3 right instrument tool 2 blue do a prostatectomy,prostatectomy,prostatectomy,15,1,arm left: 1. left instrument: Tool #18 (Cyan). arm right: 3. right instrument: Tool #2 (Blue),strip_cmr_state_template | strip_cmr_do_carrier,9.954287752659564e-06,9.958039034190467e-06
cmr_versius:03,cmr_versius,CMR_STATE_PROMPT,cmr-surgical-60hz/prostatectomy,cmr_surgical/prostatectomy,arm left: 2. left instrument: Tool #18 (Blue). arm right: 1. right instrument: Tool #0 (Orange). do a prostatectomy,arm left 2 left instrument tool 18 blue arm right 1 right instrument tool 0 orange do a prostatectomy,prostatectomy,prostatectomy,15,1,arm left: 2. left instrument: Tool #18 (Blue). arm right: 1. right instrument: Tool #0 (Orange),strip_cmr_state_template | strip_cmr_do_carrier,5.4313778143325166e-05,5.43342463353129e-05
cmr_versius:03,cmr_versius,CMR_STATE_PROMPT,cmr-surgical-60hz/prostatectomy,cmr_surgical/prostatectomy,arm left: 2. left instrument: Tool #18 (Blue). arm right: 3. right instrument: Tool #9 (Green). do a prostatectomy,arm left 2 left instrument tool 18 blue arm right 3 right instrument tool 9 green do a prostatectomy,prostatectomy,prostatectomy,15,1,arm left: 2. left instrument: Tool #18 (Blue). arm right: 3. right instrument: Tool #9 (Green),strip_cmr_state_template | strip_cmr_do_carrier,0.0009933669908214508,0.0009937413419893765
cmr_versius:03,cmr_versius,CMR_STATE_PROMPT,cmr-surgical-60hz/prostatectomy,cmr_surgical/prostatectomy,arm left: 2. left instrument: Tool #2 (Blue). arm right: 1. right instrument: Tool #0 (Orange). do a prostatectomy,arm left 2 left instrument tool 2 blue arm right 1 right instrument tool 0 orange do a prostatectomy,prostatectomy,prostatectomy,15,1,arm left: 2. left instrument: Tool #2 (Blue). arm right: 1. right instrument: Tool #0 (Orange),strip_cmr_state_template | strip_cmr_do_carrier,3.802888783278697e-06,3.8043219050460454e-06
cmr_versius:03,cmr_versius,CMR_STATE_PROMPT,cmr-surgical-60hz/prostatectomy,cmr_surgical/prostatectomy,arm left: 2. left instrument: Tool #18 (Blue). arm right: 0. right instrument: Tool #14 (White). do a prostatectomy,arm left 2 left instrument tool 18 blue arm right 0 right instrument tool 14 white do a prostatectomy,prostatectomy,prostatectomy,15,1,arm left: 2. left instrument: Tool #18 (Blue). arm right: 0. right instrument: Tool #14 (White),strip_cmr_state_template | strip_cmr_do_carrier,1.0752215309865362e-07,1.0756267291052807e-07
cmr_versius:03,cmr_versius,CMR_STATE_PROMPT,cmr-surgical-60hz/prostatectomy,cmr_surgical/prostatectomy,arm left: 2. left instrument: Tool #18 (Orange). arm right: 1. right instrument: Tool #9 (Pink). do a prostatectomy,arm left 2 left instrument tool 18 orange arm right 1 right instrument tool 9 pink do a prostatectomy,prostatectomy,prostatectomy,15,1,arm left: 2. left instrument: Tool #18 (Orange). arm right: 1. right instrument: Tool #9 (Pink),strip_cmr_state_template | strip_cmr_do_carrier,0.00044308936115173593,0.00044325633974210104
cmr_versius:03,cmr_versius,CMR_STATE_PROMPT,cmr-surgical-60hz/prostatectomy,cmr_surgical/prostatectomy,arm left: 3. left instrument: Tool #0 (Green). arm right: 1. right instrument: Tool #9 (Pink). do a prostatectomy,arm left 3 left instrument tool 0 green arm right 1 right instrument tool 9 pink do a prostatectomy,prostatectomy,prostatectomy,15,1,arm left: 3. left instrument: Tool #0 (Green). arm right: 1. right instrument: Tool #9 (Pink),strip_cmr_state_template | strip_cmr_do_carrier,3.646510072894866e-05,3.6478842632165234e-05
cmr_versius:03,cmr_versius,CMR_STATE_PROMPT,cmr-surgical-60hz/prostatectomy,cmr_surgical/prostatectomy,arm left: 3. left instrument: Tool #0 (Green). arm right: 0. right instrument: Tool #14 (White). do a prostatectomy,arm left 3 left instrument tool 0 green arm right 0 right instrument tool 14 white do a prostatectomy,prostatectomy,prostatectomy,15,1,arm left: 3. left instrument: Tool #0 (Green). arm right: 0. right instrument: Tool #14 (White),strip_cmr_state_template | strip_cmr_do_carrier,3.584071769955121e-06,3.5854224303509358e-06
cmr_versius:03,cmr_versius,CMR_STATE_PROMPT,cmr-surgical-60hz/prostatectomy,cmr_surgical/prostatectomy,arm left: 2. left instrument: Tool #18 (Orange). arm right: 0. right instrument: Tool #14 (White). do a prostatectomy,arm left 2 left instrument tool 18 orange arm right 0 right instrument tool 14 white do a prostatectomy,prostatectomy,prostatectomy,15,1,arm left: 2. left instrument: Tool #18 (Orange). arm right: 0. right instrument: Tool #14 (White),strip_cmr_state_template | strip_cmr_do_carrier,1.6581047819950271e-06,1.6587296401465647e-06
cmr_versius:03,cmr_versius,CMR_STATE_PROMPT,cmr-surgical-60hz/prostatectomy,cmr_surgical/prostatectomy,arm left: 2. left instrument: Tool #18 (Orange). arm right: 1. right instrument: Tool #2 (Pink). do a prostatectomy,arm left 2 left instrument tool 18 orange arm right 1 right instrument tool 2 pink do a prostatectomy,prostatectomy,prostatectomy,15,1,arm left: 2. left instrument: Tool #18 (Orange). arm right: 1. right instrument: Tool #2 (Pink),strip_cmr_state_template | strip_cmr_do_carrier,8.924338707188252e-06,8.927701851573832e-06
cmr_versius:03,cmr_versius,CMR_STATE_PROMPT,cmr-surgical-60hz/prostatectomy,cmr_surgical/prostatectomy,arm left: 3. left instrument: Tool #0 (Green). arm right: 1. right instrument: Tool #2 (Pink). do a prostatectomy,arm left 3 left instrument tool 0 green arm right 1 right instrument tool 2 pink do a prostatectomy,prostatectomy,prostatectomy,15,1,arm left: 3. left instrument: Tool #0 (Green). arm right: 1. right instrument: Tool #2 (Pink),strip_cmr_state_template | strip_cmr_do_carrier,4.600627705128182e-05,4.602361455464683e-05
cmr_versius:03,cmr_versius,CMR_STATE_PROMPT,cmr-surgical-60hz/prostatectomy,cmr_surgical/prostatectomy,arm left: 2. left instrument: Tool #2 (Orange). arm right: 1. right instrument: Tool #2 (Pink). do a prostatectomy,arm left 2 left instrument tool 2 orange arm right 1 right instrument tool 2 pink do a prostatectomy,prostatectomy,prostatectomy,15,1,arm left: 2. left instrument: Tool #2 (Orange). arm right: 1. right instrument: Tool #2 (Pink),strip_cmr_state_template | strip_cmr_do_carrier,0.00016619906703350837,0.000166261699288684
cmr_versius:03,cmr_versius,CMR_STATE_PROMPT,cmr-surgical-60hz/prostatectomy,cmr_surgical/prostatectomy,arm left: 1. left instrument: Tool #18 (None). arm right: 2. right instrument: Tool #9 (None). do a prostatectomy,arm left 1 left instrument tool 18 none arm right 2 right instrument tool 9 none do a prostatectomy,prostatectomy,prostatectomy,15,1,arm left: 1. left instrument: Tool #18 (None). arm right: 2. right instrument: Tool #9 (None),strip_cmr_state_template | strip_cmr_do_carrier,1.886353563134274e-09,1.8870644370268083e-09
cmr_versius:03,cmr_versius,CMR_STATE_PROMPT,cmr-surgical-60hz/prostatectomy,cmr_surgical/prostatectomy,arm left: 3. left instrument: Tool #13 (Orange). arm right: 1. right instrument: Tool #9 (Blue). do a prostatectomy,arm left 3 left instrument tool 13 orange arm right 1 right instrument tool 9 blue do a prostatectomy,prostatectomy,prostatectomy,15,1,arm left: 3. left instrument: Tool #13 (Orange). arm right: 1. right instrument: Tool #9 (Blue),strip_cmr_state_template | strip_cmr_do_carrier,6.453970080907607e-05,6.456402264843522e-05
cmr_versius:03,cmr_versius,CMR_STATE_PROMPT,cmr-surgical-60hz/prostatectomy,cmr_surgical/prostatectomy,arm left: 3. left instrument: Tool #13 (Orange). arm right: -1. right instrument: Tool #3 (None). do a prostatectomy,arm left 3 left instrument tool 13 orange arm right 1 right instrument tool 3 none do a prostatectomy,prostatectomy,prostatectomy,15,1,arm left: 3. left instrument: Tool #13 (Orange). arm right: -1. right instrument: Tool #3 (None),strip_cmr_state_template | strip_cmr_do_carrier,3.3973227672048276e-06,3.3986030510852815e-06
cmr_versius:03,cmr_versius,CMR_STATE_PROMPT,cmr-surgical-60hz/prostatectomy,cmr_surgical/prostatectomy,arm left: 3. left instrument: Tool #13 (Orange). arm right: 1. right instrument: Tool #2 (Blue). do a prostatectomy,arm left 3 left instrument tool 13 orange arm right 1 right instrument tool 2 blue do a prostatectomy,prostatectomy,prostatectomy,15,1,arm left: 3. left instrument: Tool #13 (Orange). arm right: 1. right instrument: Tool #2 (Blue),strip_cmr_state_template | strip_cmr_do_carrier,5.26481279470776e-06,5.266796843741823e-06
cmr_versius:03,cmr_versius,CMR_STATE_PROMPT,cmr-surgical-60hz/prostatectomy,cmr_surgical/prostatectomy,arm left: 3. left instrument: Tool #18 (Orange). arm right: 2. right instrument: Tool #9 (Blue). do a prostatectomy,arm left 3 left instrument tool 18 orange arm right 2 right instrument tool 9 blue do a prostatectomy,prostatectomy,prostatectomy,15,1,arm left: 3. left instrument: Tool #18 (Orange). arm right: 2. right instrument: Tool #9 (Blue),strip_cmr_state_template | strip_cmr_do_carrier,0.0002932147978535916,0.0002933252960914471
cmr_versius:03,cmr_versius,CMR_STATE_PROMPT,cmr-surgical-60hz/prostatectomy,cmr_surgical/prostatectomy,arm left: 3. left instrument: Tool #18 (Orange). arm right: 1. right instrument: Tool #0 (Green). do a prostatectomy,arm left 3 left instrument tool 18 orange arm right 1 right instrument tool 0 green do a prostatectomy,prostatectomy,prostatectomy,15,1,arm left: 3. left instrument: Tool #18 (Orange). arm right: 1. right instrument: Tool #0 (Green),strip_cmr_state_template | strip_cmr_do_carrier,2.3066331370005904e-05,2.3075023935963812e-05
cmr_versius:03,cmr_versius,CMR_STATE_PROMPT,cmr-surgical-60hz/prostatectomy,cmr_surgical/prostatectomy,arm left: 3. left instrument: Tool #2 (Orange). arm right: 2. right instrument: Tool #2 (Blue). do a prostatectomy,arm left 3 left instrument tool 2 orange arm right 2 right instrument tool 2 blue do a prostatectomy,prostatectomy,prostatectomy,15,1,arm left: 3. left instrument: Tool #2 (Orange). arm right: 2. right instrument: Tool #2 (Blue),strip_cmr_state_template | strip_cmr_do_carrier,0.0002026339861054469,0.0002027103488898568
cmr_versius:03,cmr_versius,CMR_STATE_PROMPT,cmr-surgical-60hz/prostatectomy,cmr_surgical/prostatectomy,arm left: 3. left instrument: Tool #2 (Orange). arm right: 1. right instrument: Tool #0 (Green). do a prostatectomy,arm left 3 left instrument tool 2 orange arm right 1 right instrument tool 0 green do a prostatectomy,prostatectomy,prostatectomy,15,1,arm left: 3. left instrument: Tool #2 (Orange). arm right: 1. right instrument: Tool #0 (Green),strip_cmr_state_template | strip_cmr_do_carrier,2.6088269778147015e-06,2.609810116408076e-06
cmr_versius:03,cmr_versius,CMR_STATE_PROMPT,cmr-surgical-60hz/prostatectomy,cmr_surgical/prostatectomy,arm left: 2. left instrument: Tool #1 (Orange). arm right: 1. right instrument: Tool #9 (Green). do a prostatectomy,arm left 2 left instrument tool 1 orange arm right 1 right instrument tool 9 green do a prostatectomy,prostatectomy,prostatectomy,15,1,arm left: 2. left instrument: Tool #1 (Orange). arm right: 1. right instrument: Tool #9 (Green),strip_cmr_state_template | strip_cmr_do_carrier,0.0010220980419415487,0.0010224832204297316
cmr_versius:03,cmr_versius,CMR_STATE_PROMPT,cmr-surgical-60hz/prostatectomy,cmr_surgical/prostatectomy,arm left: 3. left instrument: Tool #0 (Blue). arm right: 1. right instrument: Tool #9 (Green). do a prostatectomy,arm left 3 left instrument tool 0 blue arm right 1 right instrument tool 9 green do a prostatectomy,prostatectomy,prostatectomy,15,1,arm left: 3. left instrument: Tool #0 (Blue). arm right: 1. right instrument: Tool #9 (Green),strip_cmr_state_template | strip_cmr_do_carrier,4.872451253575831e-05,4.8742874408402464e-05
cmr_versius:03,cmr_versius,CMR_STATE_PROMPT,cmr-surgical-60hz/prostatectomy,cmr_surgical/prostatectomy,arm left: 2. left instrument: Tool #2 (Orange). arm right: 1. right instrument: Tool #2 (Green). do a prostatectomy,arm left 2 left instrument tool 2 orange arm right 1 right instrument tool 2 green do a prostatectomy,prostatectomy,prostatectomy,15,1,arm left: 2. left instrument: Tool #2 (Orange). arm right: 1. right instrument: Tool #2 (Green),strip_cmr_state_template | strip_cmr_do_carrier,0.000623585101840239,0.0006238201003990112
cmr_versius:03,cmr_versius,CMR_STATE_PROMPT,cmr-surgical-60hz/prostatectomy,cmr_surgical/prostatectomy,arm left: 3. left instrument: Tool #18 (Orange). arm right: 1. right instrument: Tool #9 (Blue). do a prostatectomy,arm left 3 left instrument tool 18 orange arm right 1 right instrument tool 9 blue do a prostatectomy,prostatectomy,prostatectomy,15,1,arm left: 3. left instrument: Tool #18 (Orange). arm right: 1. right instrument: Tool #9 (Blue),strip_cmr_state_template | strip_cmr_do_carrier,0.00045374159972275525,0.0004539125926179915
cmr_versius:03,cmr_versius,CMR_STATE_PROMPT,cmr-surgical-60hz/prostatectomy,cmr_surgical/prostatectomy,arm left: 3. left instrument: Tool #2 (Orange). arm right: 0. right instrument: Tool #14 (White). do a prostatectomy,arm left 3 left instrument tool 2 orange arm right 0 right instrument tool 14 white do a prostatectomy,prostatectomy,prostatectomy,15,1,arm left: 3. left instrument: Tool #2 (Orange). arm right: 0. right instrument: Tool #14 (White),strip_cmr_state_template | strip_cmr_do_carrier,2.3183285290920233e-06,2.3192021931059477e-06
cmr_versius:03,cmr_versius,CMR_STATE_PROMPT,cmr-surgical-60hz/prostatectomy,cmr_surgical/prostatectomy,arm left: 3. left instrument: Tool #18 (Orange). arm right: 0. right instrument: Tool #14 (White). do a prostatectomy,arm left 3 left instrument tool 18 orange arm right 0 right instrument tool 14 white do a prostatectomy,prostatectomy,prostatectomy,15,1,arm left: 3. left instrument: Tool #18 (Orange). arm right: 0. right instrument: Tool #14 (White),strip_cmr_state_template | strip_cmr_do_carrier,3.5595491736343755e-06,3.5608905926695874e-06
cmr_versius:03,cmr_versius,CMR_STATE_PROMPT,cmr-surgical-60hz/prostatectomy,cmr_surgical/prostatectomy,arm left: 3. left instrument: Tool #2 (Orange). arm right: 1. right instrument: Tool #2 (Blue). do a prostatectomy,arm left 3 left instrument tool 2 orange arm right 1 right instrument tool 2 blue do a prostatectomy,prostatectomy,prostatectomy,15,1,arm left: 3. left instrument: Tool #2 (Orange). arm right: 1. right instrument: Tool #2 (Blue),strip_cmr_state_template | strip_cmr_do_carrier,0.0001497236550130936,0.00014978007849569182
cmr_versius:03,cmr_versius,CMR_STATE_PROMPT,cmr-surgical-60hz/prostatectomy,cmr_surgical/prostatectomy,arm left: 1. left instrument: Tool #18 (Pink). arm right: 3. right instrument: Tool #9 (Green). do a prostatectomy,arm left 1 left instrument tool 18 pink arm right 3 right instrument tool 9 green do a prostatectomy,prostatectomy,prostatectomy,15,1,arm left: 1. left instrument: Tool #18 (Pink). arm right: 3. right instrument: Tool #9 (Green),strip_cmr_state_template | strip_cmr_do_carrier,0.00045856500578368947,0.00045873781638346893
cmr_versius:03,cmr_versius,CMR_STATE_PROMPT,cmr-surgical-60hz/prostatectomy,cmr_surgical/prostatectomy,arm left: 1. left instrument: Tool #18 (Pink). arm right: 2. right instrument: Tool #0 (Blue). do a prostatectomy,arm left 1 left instrument tool 18 pink arm right 2 right instrument tool 0 blue do a prostatectomy,prostatectomy,prostatectomy,15,1,arm left: 1. left instrument: Tool #18 (Pink). arm right: 2. right instrument: Tool #0 (Blue),strip_cmr_state_template | strip_cmr_do_carrier,3.401095474331097e-05,3.402377179959336e-05
cmr_versius:03,cmr_versius,CMR_STATE_PROMPT,cmr-surgical-60hz/prostatectomy,cmr_surgical/prostatectomy,arm left: 1. left instrument: Tool #18 (Pink). arm right: 0. right instrument: Tool #14 (White). do a prostatectomy,arm left 1 left instrument tool 18 pink arm right 0 right instrument tool 14 white do a prostatectomy,prostatectomy,prostatectomy,15,1,arm left: 1. left instrument: Tool #18 (Pink). arm right: 0. right instrument: Tool #14 (White),strip_cmr_state_template | strip_cmr_do_carrier,9.809038528298227e-08,9.812735072539404e-08
cmr_versius:03,cmr_versius,CMR_STATE_PROMPT,cmr-surgical-60hz/prostatectomy,cmr_surgical/prostatectomy,arm left: 1. left instrument: Tool #2 (Pink). arm right: 3. right instrument: Tool #2 (Green). do a prostatectomy,arm left 1 left instrument tool 2 pink arm right 3 right instrument tool 2 green do a prostatectomy,prostatectomy,prostatectomy,15,1,arm left: 1. left instrument: Tool #2 (Pink). arm right: 3. right instrument: Tool #2 (Green),strip_cmr_state_template | strip_cmr_do_carrier,0.0001765909888128151,0.00017665753727226467
cmr_versius:03,cmr_versius,CMR_STATE_PROMPT,cmr-surgical-60hz/prostatectomy,cmr_surgical/prostatectomy,arm left: 1. left instrument: Tool #2 (Pink). arm right: 2. right instrument: Tool #0 (Blue). do a prostatectomy,arm left 1 left instrument tool 2 pink arm right 2 right instrument tool 0 blue do a prostatectomy,prostatectomy,prostatectomy,15,1,arm left: 1. left instrument: Tool #2 (Pink). arm right: 2. right instrument: Tool #0 (Blue),strip_cmr_state_template | strip_cmr_do_carrier,1.309506643527813e-05,1.3100001321840102e-05
cmr_versius:03,cmr_versius,CMR_STATE_PROMPT,cmr-surgical-60hz/prostatectomy,cmr_surgical/prostatectomy,arm left: 1. left instrument: Tool #1 (Orange). arm right: 3. right instrument: Tool #9 (Pink). do a prostatectomy,arm left 1 left instrument tool 1 orange arm right 3 right instrument tool 9 pink do a prostatectomy,prostatectomy,prostatectomy,15,1,arm left: 1. left instrument: Tool #1 (Orange). arm right: 3. right instrument: Tool #9 (Pink),strip_cmr_state_template | strip_cmr_do_carrier,0.0009581563152119863,0.000958517397207834
cmr_versius:03,cmr_versius,CMR_STATE_PROMPT,cmr-surgical-60hz/prostatectomy,cmr_surgical/prostatectomy,arm left: 1. left instrument: Tool #18 (Blue). arm right: 0. right instrument: Tool #14 (White). do a prostatectomy,arm left 1 left instrument tool 18 blue arm right 0 right instrument tool 14 white do a prostatectomy,prostatectomy,prostatectomy,15,1,arm left: 1. left instrument: Tool #18 (Blue). arm right: 0. right instrument: Tool #14 (White),strip_cmr_state_template | strip_cmr_do_carrier,1.0073128027137023e-06,1.0076924093723154e-06
cmr_versius:03,cmr_versius,CMR_STATE_PROMPT,cmr-surgical-60hz/prostatectomy,cmr_surgical/prostatectomy,arm left: 3. left instrument: Tool #18 (Pink). arm right: 2. right instrument: Tool #9 (Blue). do a prostatectomy,arm left 3 left instrument tool 18 pink arm right 2 right instrument tool 9 blue do a prostatectomy,prostatectomy,prostatectomy,15,1,arm left: 3. left instrument: Tool #18 (Pink). arm right: 2. right instrument: Tool #9 (Blue),strip_cmr_state_template | strip_cmr_do_carrier,0.000573334529271905,0.0005735505908610541
cmr_versius:03,cmr_versius,CMR_STATE_PROMPT,cmr-surgical-60hz/prostatectomy,cmr_surgical/prostatectomy,arm left: 3. left instrument: Tool #18 (Pink). arm right: 1. right instrument: Tool #0 (Green). do a prostatectomy,arm left 3 left instrument tool 18 pink arm right 1 right instrument tool 0 green do a prostatectomy,prostatectomy,prostatectomy,15,1,arm left: 3. left instrument: Tool #18 (Pink). arm right: 1. right instrument: Tool #0 (Green),strip_cmr_state_template | strip_cmr_do_carrier,4.297490687532503e-05,4.2991102004344745e-05
cmr_versius:03,cmr_versius,CMR_STATE_PROMPT,cmr-surgical-60hz/prostatectomy,cmr_surgical/prostatectomy,arm left: 3. left instrument: Tool #18 (Pink). arm right: 2. right instrument: Tool #2 (Blue). do a prostatectomy,arm left 3 left instrument tool 18 pink arm right 2 right instrument tool 2 blue do a prostatectomy,prostatectomy,prostatectomy,15,1,arm left: 3. left instrument: Tool #18 (Pink). arm right: 2. right instrument: Tool #2 (Blue),strip_cmr_state_template | strip_cmr_do_carrier,2.5984520332174626e-05,2.5994312620044284e-05
cmr_versius:03,cmr_versius,CMR_STATE_PROMPT,cmr-surgical-60hz/prostatectomy,cmr_surgical/prostatectomy,arm left: 3. left instrument: Tool #2 (Pink). arm right: 2. right instrument: Tool #2 (Blue). do a prostatectomy,arm left 3 left instrument tool 2 pink arm right 2 right instrument tool 2 blue do a prostatectomy,prostatectomy,prostatectomy,15,1,arm left: 3. left instrument: Tool #2 (Pink). arm right: 2. right instrument: Tool #2 (Blue),strip_cmr_state_template | strip_cmr_do_carrier,0.00016343933177064292,0.00016350092401731374
cmr_versius:03,cmr_versius,CMR_STATE_PROMPT,cmr-surgical-60hz/prostatectomy,cmr_surgical/prostatectomy,arm left: 3. left instrument: Tool #2 (Pink). arm right: 1. right instrument: Tool #0 (Green). do a prostatectomy,arm left 3 left instrument tool 2 pink arm right 1 right instrument tool 0 green do a prostatectomy,prostatectomy,prostatectomy,15,1,arm left: 3. left instrument: Tool #2 (Pink). arm right: 1. right instrument: Tool #0 (Green),strip_cmr_state_template | strip_cmr_do_carrier,3.250941730705608e-05,3.2521668507720015e-05
cmr_versius:03,cmr_versius,CMR_STATE_PROMPT,cmr-surgical-60hz/prostatectomy,cmr_surgical/prostatectomy,arm left: 2. left instrument: Tool #13 (Pink). arm right: 3. right instrument: Tool #9 (Green). do a prostatectomy,arm left 2 left instrument tool 13 pink arm right 3 right instrument tool 9 green do a prostatectomy,prostatectomy,prostatectomy,15,1,arm left: 2. left instrument: Tool #13 (Pink). arm right: 3. right instrument: Tool #9 (Green),strip_cmr_state_template | strip_cmr_do_carrier,1.5792552030560143e-05,1.579850346678844e-05
cmr_versius:03,cmr_versius,CMR_STATE_PROMPT,cmr-surgical-60hz/prostatectomy,cmr_surgical/prostatectomy,arm left: 2. left instrument: Tool #13 (Pink). arm right: 3. right instrument: Tool #2 (Green). do a prostatectomy,arm left 2 left instrument tool 13 pink arm right 3 right instrument tool 2 green do a prostatectomy,prostatectomy,prostatectomy,15,1,arm left: 2. left instrument: Tool #13 (Pink). arm right: 3. right instrument: Tool #2 (Green),strip_cmr_state_template | strip_cmr_do_carrier,2.8770664544923953e-05,2.8781506793532885e-05
cmr_versius:03,cmr_versius,CMR_STATE_PROMPT,cmr-surgical-60hz/prostatectomy,cmr_surgical/prostatectomy,arm left: 1. left instrument: Tool #1 (Blue). arm right: 0. right instrument: Tool #14 (White). do a prostatectomy,arm left 1 left instrument tool 1 blue arm right 0 right instrument tool 14 white do a prostatectomy,prostatectomy,prostatectomy,15,1,arm left: 1. left instrument: Tool #1 (Blue). arm right: 0. right instrument: Tool #14 (White),strip_cmr_state_template | strip_cmr_do_carrier,6.262693829605791e-07,6.265053930929005e-07
cmr_versius:03,cmr_versius,CMR_STATE_PROMPT,cmr-surgical-60hz/prostatectomy,cmr_surgical/prostatectomy,arm left: 2. left instrument: Tool #13 (Pink). arm right: 0. right instrument: Tool #14 (White). do a prostatectomy,arm left 2 left instrument tool 13 pink arm right 0 right instrument tool 14 white do a prostatectomy,prostatectomy,prostatectomy,15,1,arm left: 2. left instrument: Tool #13 (Pink). arm right: 0. right instrument: Tool #14 (White),strip_cmr_state_template | strip_cmr_do_carrier,1.341197383388469e-06,1.3417028147260606e-06
cmr_versius:03,cmr_versius,CMR_STATE_PROMPT,cmr-surgical-60hz/prostatectomy,cmr_surgical/prostatectomy,arm left: 2. left instrument: Tool #13 (Pink). arm right: -1. right instrument: Tool #3 (None). do a prostatectomy,arm left 2 left instrument tool 13 pink arm right 1 right instrument tool 3 none do a prostatectomy,prostatectomy,prostatectomy,15,1,arm left: 2. left instrument: Tool #13 (Pink). arm right: -1. right instrument: Tool #3 (None),strip_cmr_state_template | strip_cmr_do_carrier,1.4336287079820485e-07,1.4341689721403743e-07
cmr_versius:03,cmr_versius,CMR_STATE_PROMPT,cmr-surgical-60hz/prostatectomy,cmr_surgical/prostatectomy,arm left: 1. left instrument: Tool #1 (Blue). arm right: 3. right instrument: Tool #2 (Green). do a prostatectomy,arm left 1 left instrument tool 1 blue arm right 3 right instrument tool 2 green do a prostatectomy,prostatectomy,prostatectomy,15,1,arm left: 1. left instrument: Tool #1 (Blue). arm right: 3. right instrument: Tool #2 (Green),strip_cmr_state_template | strip_cmr_do_carrier,7.583141323799783e-07,7.58599903684777e-07
cmr_versius:03,cmr_versius,CMR_STATE_PROMPT,cmr-surgical-60hz/prostatectomy,cmr_surgical/prostatectomy,arm left: 2. left instrument: Tool #18 (Blue). arm right: 1. right instrument: Tool #0 (Pink). do a prostatectomy,arm left 2 left instrument tool 18 blue arm right 1 right instrument tool 0 pink do a prostatectomy,prostatectomy,prostatectomy,15,1,arm left: 2. left instrument: Tool #18 (Blue). arm right: 1. right instrument: Tool #0 (Pink),strip_cmr_state_template | strip_cmr_do_carrier,4.310129256405504e-05,4.311753532162555e-05
cmr_versius:03,cmr_versius,CMR_STATE_PROMPT,cmr-surgical-60hz/prostatectomy,cmr_surgical/prostatectomy,arm left: 2. left instrument: Tool #2 (Blue). arm right: 1. right instrument: Tool #0 (Pink). do a prostatectomy,arm left 2 left instrument tool 2 blue arm right 1 right instrument tool 0 pink do a prostatectomy,prostatectomy,prostatectomy,15,1,arm left: 2. left instrument: Tool #2 (Blue). arm right: 1. right instrument: Tool #0 (Pink),strip_cmr_state_template | strip_cmr_do_carrier,8.167910928371406e-06,8.17098901232608e-06
cmr_versius:03,cmr_versius,CMR_STATE_PROMPT,cmr-surgical-60hz/prostatectomy,cmr_surgical/prostatectomy,arm left: -1. left instrument: Tool #3 (None). arm right: 1. right instrument: Tool #0 (Pink). do a prostatectomy,arm left 1 left instrument tool 3 none arm right 1 right instrument tool 0 pink do a prostatectomy,prostatectomy,prostatectomy,15,1,arm left: -1. left instrument: Tool #3 (None). arm right: 1. right instrument: Tool #0 (Pink),strip_cmr_state_template | strip_cmr_do_carrier,1.1304916903863704e-05,1.130917717110166e-05
cmr_versius:03,cmr_versius,CMR_STATE_PROMPT,cmr-surgical-60hz/prostatectomy,cmr_surgical/prostatectomy,arm left: 1. left instrument: Tool #2 (Blue). arm right: 2. right instrument: Tool #2 (Green). do a prostatectomy,arm left 1 left instrument tool 2 blue arm right 2 right instrument tool 2 green do a prostatectomy,prostatectomy,prostatectomy,15,1,arm left: 1. left instrument: Tool #2 (Blue). arm right: 2. right instrument: Tool #2 (Green),strip_cmr_state_template | strip_cmr_do_carrier,0.00033908337109476457,0.00033921115494219093
cmr_versius:03,cmr_versius,CMR_STATE_PROMPT,cmr-surgical-60hz/prostatectomy,cmr_surgical/prostatectomy,arm left: 3. left instrument: Tool #0 (Orange). arm right: 2. right instrument: Tool #2 (Green). do a prostatectomy,arm left 3 left instrument tool 0 orange arm right 2 right instrument tool 2 green do a prostatectomy,prostatectomy,prostatectomy,15,1,arm left: 3. left instrument: Tool #0 (Orange). arm right: 2. right instrument: Tool #2 (Green),strip_cmr_state_template | strip_cmr_do_carrier,2.7955759805649948e-06,2.7966294956737304e-06
cmr_versius:03,cmr_versius,CMR_STATE_PROMPT,cmr-surgical-60hz/prostatectomy,cmr_surgical/prostatectomy,arm left: 1. left instrument: Tool #18 (Blue). arm right: 2. right instrument: Tool #2 (Green). do a prostatectomy,arm left 1 left instrument tool 18 blue arm right 2 right instrument tool 2 green do a prostatectomy,prostatectomy,prostatectomy,15,1,arm left: 1. left instrument: Tool #18 (Blue). arm right: 2. right instrument: Tool #2 (Green),strip_cmr_state_template | strip_cmr_do_carrier,4.9413031586302316e-05,4.943165292791725e-05
cmr_versius:03,cmr_versius,CMR_STATE_PROMPT,cmr-surgical-60hz/prostatectomy,cmr_surgical/prostatectomy,arm left: 3. left instrument: Tool #0 (Orange). arm right: 2. right instrument: Tool #9 (Green). do a prostatectomy,arm left 3 left instrument tool 0 orange arm right 2 right instrument tool 9 green do a prostatectomy,prostatectomy,prostatectomy,15,1,arm left: 3. left instrument: Tool #0 (Orange). arm right: 2. right instrument: Tool #9 (Green),strip_cmr_state_template | strip_cmr_do_carrier,9.784893202690107e-05,9.78858064774546e-05
cmr_versius:03,cmr_versius,CMR_STATE_PROMPT,cmr-surgical-60hz/prostatectomy,cmr_surgical/prostatectomy,arm left: 1. left instrument: Tool #18 (Blue). arm right: 2. right instrument: Tool #9 (Green). do a prostatectomy,arm left 1 left instrument tool 18 blue arm right 2 right instrument tool 9 green do a prostatectomy,prostatectomy,prostatectomy,15,1,arm left: 1. left instrument: Tool #18 (Blue). arm right: 2. right instrument: Tool #9 (Green),strip_cmr_state_template | strip_cmr_do_carrier,0.0010927118012239172,0.0010931235905653931
cmr_versius:03,cmr_versius,CMR_STATE_PROMPT,cmr-surgical-60hz/prostatectomy,cmr_surgical/prostatectomy,arm left: 1. left instrument: Tool #0 (Blue). arm right: 3. right instrument: Tool #9 (Green). do a prostatectomy,arm left 1 left instrument tool 0 blue arm right 3 right instrument tool 9 green do a prostatectomy,prostatectomy,prostatectomy,15,1,arm left: 1. left instrument: Tool #0 (Blue). arm right: 3. right instrument: Tool #9 (Green),strip_cmr_state_template | strip_cmr_do_carrier,6.501317555342276e-05,6.503767582212895e-05
cmr_versius:03,cmr_versius,CMR_STATE_PROMPT,cmr-surgical-60hz/prostatectomy,cmr_surgical/prostatectomy,arm left: 2. left instrument: Tool #1 (Orange). arm right: 3. right instrument: Tool #9 (Green). do a prostatectomy,arm left 2 left instrument tool 1 orange arm right 3 right instrument tool 9 green do a prostatectomy,prostatectomy,prostatectomy,15,1,arm left: 2. left instrument: Tool #1 (Orange). arm right: 3. right instrument: Tool #9 (Green),strip_cmr_state_template | strip_cmr_do_carrier,0.000945351747225431,0.0009457080038092962
cmr_versius:03,cmr_versius,CMR_STATE_PROMPT,cmr-surgical-60hz/prostatectomy,cmr_surgical/prostatectomy,arm left: 2. left instrument: Tool #2 (Orange). arm right: 3. right instrument: Tool #2 (Green). do a prostatectomy,arm left 2 left instrument tool 2 orange arm right 3 right instrument tool 2 green do a prostatectomy,prostatectomy,prostatectomy,15,1,arm left: 2. left instrument: Tool #2 (Orange). arm right: 3. right instrument: Tool #2 (Green),strip_cmr_state_template | strip_cmr_do_carrier,0.0003882040178787811,0.00038835031288236903
cmr_versius:03,cmr_versius,CMR_STATE_PROMPT,cmr-surgical-60hz/prostatectomy,cmr_surgical/prostatectomy,arm left: 3. left instrument: Tool #18 (Orange). arm right: 2. right instrument: Tool #9 (Green). do a prostatectomy,arm left 3 left instrument tool 18 orange arm right 2 right instrument tool 9 green do a prostatectomy,prostatectomy,prostatectomy,15,1,arm left: 3. left instrument: Tool #18 (Orange). arm right: 2. right instrument: Tool #9 (Green),strip_cmr_state_template | strip_cmr_do_carrier,0.0003409923609006565,0.00034112086415246214
cmr_versius:03,cmr_versius,CMR_STATE_PROMPT,cmr-surgical-60hz/prostatectomy,cmr_surgical/prostatectomy,arm left: 3. left instrument: Tool #18 (Orange). arm right: 1. right instrument: Tool #0 (Blue). do a prostatectomy,arm left 3 left instrument tool 18 orange arm right 1 right instrument tool 0 blue do a prostatectomy,prostatectomy,prostatectomy,15,1,arm left: 3. left instrument: Tool #18 (Orange). arm right: 1. right instrument: Tool #0 (Blue),strip_cmr_state_template | strip_cmr_do_carrier,3.302816453691801e-05,3.304061122790239e-05
cmr_versius:03,cmr_versius,CMR_STATE_PROMPT,cmr-surgical-60hz/prostatectomy,cmr_surgical/prostatectomy,arm left: 3. left instrument: Tool #2 (Orange). arm right: 2. right instrument: Tool #2 (Green). do a prostatectomy,arm left 3 left instrument tool 2 orange arm right 2 right instrument tool 2 green do a prostatectomy,prostatectomy,prostatectomy,15,1,arm left: 3. left instrument: Tool #2 (Orange). arm right: 2. right instrument: Tool #2 (Green),strip_cmr_state_template | strip_cmr_do_carrier,0.0001991348002458328,0.00019920984435917204
cmr_versius:03,cmr_versius,CMR_STATE_PROMPT,cmr-surgical-60hz/prostatectomy,cmr_surgical/prostatectomy,arm left: 1. left instrument: Tool #1 (Orange). arm right: 2. right instrument: Tool #0 (Green). do a prostatectomy,arm left 1 left instrument tool 1 orange arm right 2 right instrument tool 0 green do a prostatectomy,prostatectomy,prostatectomy,15,1,arm left: 1. left instrument: Tool #1 (Orange). arm right: 2. right instrument: Tool #0 (Green),strip_cmr_state_template | strip_cmr_do_carrier,2.34568065575747e-05,2.3465646274428362e-05
cmr_versius:03,cmr_versius,CMR_STATE_PROMPT,cmr-surgical-60hz/prostatectomy,cmr_surgical/prostatectomy,arm left: 1. left instrument: Tool #2 (Orange). arm right: 0. right instrument: Tool #14 (White). do a prostatectomy,arm left 1 left instrument tool 2 orange arm right 0 right instrument tool 14 white do a prostatectomy,prostatectomy,prostatectomy,15,1,arm left: 1. left instrument: Tool #2 (Orange). arm right: 0. right instrument: Tool #14 (White),strip_cmr_state_template | strip_cmr_do_carrier,3.885888340056605e-07,3.887352740275225e-07
cmr_versius:03,cmr_versius,CMR_STATE_PROMPT,cmr-surgical-60hz/prostatectomy,cmr_surgical/prostatectomy,arm left: 2. left instrument: Tool #0 (Pink). arm right: -1. right instrument: Tool #3 (None). do a prostatectomy,arm left 2 left instrument tool 0 pink arm right 1 right instrument tool 3 none do a prostatectomy,prostatectomy,prostatectomy,15,1,arm left: 2. left instrument: Tool #0 (Pink). arm right: -1. right instrument: Tool #3 (None),strip_cmr_state_template | strip_cmr_do_carrier,1.0514534760910446e-05,1.051849717198743e-05
cmr_versius:03,cmr_versius,CMR_STATE_PROMPT,cmr-surgical-60hz/prostatectomy,cmr_surgical/prostatectomy,arm left: 2. left instrument: Tool #0 (Pink). arm right: 3. right instrument: Tool #9 (Green). do a prostatectomy,arm left 2 left instrument tool 0 pink arm right 3 right instrument tool 9 green do a prostatectomy,prostatectomy,prostatectomy,15,1,arm left: 2. left instrument: Tool #0 (Pink). arm right: 3. right instrument: Tool #9 (Green),strip_cmr_state_template | strip_cmr_do_carrier,8.667040081176737e-05,8.670306262363375e-05
cmr_versius:03,cmr_versius,CMR_STATE_PROMPT,cmr-surgical-60hz/prostatectomy,cmr_surgical/prostatectomy,arm left: -1. left instrument: Tool #3 (None). arm right: 3. right instrument: Tool #2 (Cyan). do a prostatectomy,arm left 1 left instrument tool 3 none arm right 3 right instrument tool 2 cyan do a prostatectomy,prostatectomy,prostatectomy,15,1,arm left: -1. left instrument: Tool #3 (None). arm right: 3. right instrument: Tool #2 (Cyan),strip_cmr_state_template | strip_cmr_do_carrier,4.936587274722395e-06,4.938447631699157e-06
cmr_versius:03,cmr_versius,CMR_STATE_PROMPT,cmr-surgical-60hz/prostatectomy,cmr_surgical/prostatectomy,arm left: 2. left instrument: Tool #2 (Orange). arm right: 3. right instrument: Tool #2 (Cyan). do a prostatectomy,arm left 2 left instrument tool 2 orange arm right 3 right instrument tool 2 cyan do a prostatectomy,prostatectomy,prostatectomy,15,1,arm left: 2. left instrument: Tool #2 (Orange). arm right: 3. right instrument: Tool #2 (Cyan),strip_cmr_state_template | strip_cmr_do_carrier,8.195828961105794e-05,8.198917565994077e-05
cmr_versius:03,cmr_versius,CMR_STATE_PROMPT,cmr-surgical-60hz/prostatectomy,cmr_surgical/prostatectomy,arm left: 1. left instrument: Tool #0 (Green). arm right: 3. right instrument: Tool #2 (Cyan). do a prostatectomy,arm left 1 left instrument tool 0 green arm right 3 right instrument tool 2 cyan do a prostatectomy,prostatectomy,prostatectomy,15,1,arm left: 1. left instrument: Tool #0 (Green). arm right: 3. right instrument: Tool #2 (Cyan),strip_cmr_state_template | strip_cmr_do_carrier,9.243132459357944e-07,9.246615741431361e-07
cmr_versius:03,cmr_versius,CMR_STATE_PROMPT,cmr-surgical-60hz/prostatectomy,cmr_surgical/prostatectomy,arm left: 2. left instrument: Tool #18 (Orange). arm right: 3. right instrument: Tool #9 (Cyan). do a prostatectomy,arm left 2 left instrument tool 18 orange arm right 3 right instrument tool 9 cyan do a prostatectomy,prostatectomy,prostatectomy,15,1,arm left: 2. left instrument: Tool #18 (Orange). arm right: 3. right instrument: Tool #9 (Cyan),strip_cmr_state_template | strip_cmr_do_carrier,0.0006997636041338535,0.0007000273106239018
cmr_versius:03,cmr_versius,CMR_STATE_PROMPT,cmr-surgical-60hz/prostatectomy,cmr_surgical/prostatectomy,arm left: 1. left instrument: Tool #0 (Green). arm right: 3. right instrument: Tool #9 (Cyan). do a prostatectomy,arm left 1 left instrument tool 0 green arm right 3 right instrument tool 9 cyan do a prostatectomy,prostatectomy,prostatectomy,15,1,arm left: 1. left instrument: Tool #0 (Green). arm right: 3. right instrument: Tool #9 (Cyan),strip_cmr_state_template | strip_cmr_do_carrier,7.802901513904926e-05,7.805842043761393e-05
cmr_versius:03,cmr_versius,CMR_STATE_PROMPT,cmr-surgical-60hz/prostatectomy,cmr_surgical/prostatectomy,arm left: 1. left instrument: Tool #0 (Green). arm right: -1. right instrument: Tool #3 (None). do a prostatectomy,arm left 1 left instrument tool 0 green arm right 1 right instrument tool 3 none do a prostatectomy,prostatectomy,prostatectomy,15,1,arm left: 1. left instrument: Tool #0 (Green). arm right: -1. right instrument: Tool #3 (None),strip_cmr_state_template | strip_cmr_do_carrier,8.017002643320666e-07,8.020023857363936e-07
cmr_versius:03,cmr_versius,CMR_STATE_PROMPT,cmr-surgical-60hz/prostatectomy,cmr_surgical/prostatectomy,arm left: 2. left instrument: Tool #1 (Pink). arm right: -1. right instrument: Tool #3 (None). do a prostatectomy,arm left 2 left instrument tool 1 pink arm right 1 right instrument tool 3 none do a prostatectomy,prostatectomy,prostatectomy,15,1,arm left: 2. left instrument: Tool #1 (Pink). arm right: -1. right instrument: Tool #3 (None),strip_cmr_state_template | strip_cmr_do_carrier,4.414067337734201e-06,4.41573078264273e-06
cmr_versius:03,cmr_versius,CMR_STATE_PROMPT,cmr-surgical-60hz/prostatectomy,cmr_surgical/prostatectomy,arm left: 3. left instrument: Tool #4 (Green). arm right: -1. right instrument: Tool #3 (None). do a prostatectomy,arm left 3 left instrument tool 4 green arm right 1 right instrument tool 3 none do a prostatectomy,prostatectomy,prostatectomy,15,1,arm left: 3. left instrument: Tool #4 (Green). arm right: -1. right instrument: Tool #3 (None),strip_cmr_state_template | strip_cmr_do_carrier,5.010155063684633e-06,5.012043144743204e-06
cmr_versius:03,cmr_versius,CMR_STATE_PROMPT,cmr-surgical-60hz/prostatectomy,cmr_surgical/prostatectomy,arm left: 2. left instrument: Tool #1 (Pink). arm right: 1. right instrument: Tool #9 (Blue). do a prostatectomy,arm left 2 left instrument tool 1 pink arm right 1 right instrument tool 9 blue do a prostatectomy,prostatectomy,prostatectomy,15,1,arm left: 2. left instrument: Tool #1 (Pink). arm right: 1. right instrument: Tool #9 (Blue),strip_cmr_state_template | strip_cmr_do_carrier,0.0005295541494251216,0.0005297537123420988
cmr_versius:03,cmr_versius,CMR_STATE_PROMPT,cmr-surgical-60hz/prostatectomy,cmr_surgical/prostatectomy,arm left: 3. left instrument: Tool #4 (Green). arm right: 1. right instrument: Tool #9 (Blue). do a prostatectomy,arm left 3 left instrument tool 4 green arm right 1 right instrument tool 9 blue do a prostatectomy,prostatectomy,prostatectomy,15,1,arm left: 3. left instrument: Tool #4 (Green). arm right: 1. right instrument: Tool #9 (Blue),strip_cmr_state_template | strip_cmr_do_carrier,2.3839736330890958e-05,2.3848720355144803e-05
cmr_versius:03,cmr_versius,CMR_STATE_PROMPT,cmr-surgical-60hz/prostatectomy,cmr_surgical/prostatectomy,arm left: 3. left instrument: Tool #4 (Green). arm right: 0. right instrument: Tool #14 (White). do a prostatectomy,arm left 3 left instrument tool 4 green arm right 0 right instrument tool 14 white do a prostatectomy,prostatectomy,prostatectomy,15,1,arm left: 3. left instrument: Tool #4 (Green). arm right: 0. right instrument: Tool #14 (White),strip_cmr_state_template | strip_cmr_do_carrier,2.923848022858125e-07,2.924949877391553e-07
cmr_versius:03,cmr_versius,CMR_STATE_PROMPT,cmr-surgical-60hz/prostatectomy,cmr_surgical/prostatectomy,arm left: 2. left instrument: Tool #1 (Pink). arm right: 0. right instrument: Tool #14 (White). do a prostatectomy,arm left 2 left instrument tool 1 pink arm right 0 right instrument tool 14 white do a prostatectomy,prostatectomy,prostatectomy,15,1,arm left: 2. left instrument: Tool #1 (Pink). arm right: 0. right instrument: Tool #14 (White),strip_cmr_state_template | strip_cmr_do_carrier,1.086539652365342e-06,1.0869491157274417e-06
cmr_versius:03,cmr_versius,CMR_STATE_PROMPT,cmr-surgical-60hz/prostatectomy,cmr_surgical/prostatectomy,arm left: 3. left instrument: Tool #4 (Green). arm right: 1. right instrument: Tool #2 (Blue). do a prostatectomy,arm left 3 left instrument tool 4 green arm right 1 right instrument tool 2 blue do a prostatectomy,prostatectomy,prostatectomy,15,1,arm left: 3. left instrument: Tool #4 (Green). arm right: 1. right instrument: Tool #2 (Blue),strip_cmr_state_template | strip_cmr_do_carrier,5.549652182741034e-06,5.55174357373287e-06
cmr_versius:03,cmr_versius,CMR_STATE_PROMPT,cmr-surgical-60hz/prostatectomy,cmr_surgical/prostatectomy,arm left: 2. left instrument: Tool #2 (Pink). arm right: 1. right instrument: Tool #2 (Blue). do a prostatectomy,arm left 2 left instrument tool 2 pink arm right 1 right instrument tool 2 blue do a prostatectomy,prostatectomy,prostatectomy,15,1,arm left: 2. left instrument: Tool #2 (Pink). arm right: 1. right instrument: Tool #2 (Blue),strip_cmr_state_template | strip_cmr_do_carrier,0.00014912945364070634,0.0001491856531980284
cmr_versius:03,cmr_versius,CMR_STATE_PROMPT,cmr-surgical-60hz/prostatectomy,cmr_surgical/prostatectomy,arm left: 3. left instrument: Tool #18 (Pink). arm right: 2. right instrument: Tool #9 (Orange). do a prostatectomy,arm left 3 left instrument tool 18 pink arm right 2 right instrument tool 9 orange do a prostatectomy,prostatectomy,prostatectomy,15,1,arm left: 3. left instrument: Tool #18 (Pink). arm right: 2. right instrument: Tool #9 (Orange),strip_cmr_state_template | strip_cmr_do_carrier,0.00038737213595743886,0.0003875181174656402
cmr_versius:03,cmr_versius,CMR_STATE_PROMPT,cmr-surgical-60hz/prostatectomy,cmr_surgical/prostatectomy,arm left: 3. left instrument: Tool #2 (Pink). arm right: 2. right instrument: Tool #2 (Orange). do a prostatectomy,arm left 3 left instrument tool 2 pink arm right 2 right instrument tool 2 orange do a prostatectomy,prostatectomy,prostatectomy,15,1,arm left: 3. left instrument: Tool #2 (Pink). arm right: 2. right instrument: Tool #2 (Orange),strip_cmr_state_template | strip_cmr_do_carrier,0.0001578576115773286,0.0001579171003481514
cmr_versius:03,cmr_versius,CMR_STATE_PROMPT,cmr-surgical-60hz/prostatectomy,cmr_surgical/prostatectomy,arm left: 1. left instrument: Tool #0 (Orange). arm right: 3. right instrument: Tool #2 (Blue). do a prostatectomy,arm left 1 left instrument tool 0 orange arm right 3 right instrument tool 2 blue do a prostatectomy,prostatectomy,prostatectomy,15,1,arm left: 1. left instrument: Tool #0 (Orange). arm right: 3. right instrument: Tool #2 (Blue),strip_cmr_state_template | strip_cmr_do_carrier,3.6217988412178066e-07,3.623163719091472e-07
cmr_versius:03,cmr_versius,CMR_STATE_PROMPT,cmr-surgical-60hz/prostatectomy,cmr_surgical/prostatectomy,arm left: 2. left instrument: Tool #0 (Pink). arm right: 3. right instrument: Tool #9 (Blue). do a prostatectomy,arm left 2 left instrument tool 0 pink arm right 3 right instrument tool 9 blue do a prostatectomy,prostatectomy,prostatectomy,15,1,arm left: 2. left instrument: Tool #0 (Pink). arm right: 3. right instrument: Tool #9 (Blue),strip_cmr_state_template | strip_cmr_do_carrier,3.9213517870435295e-05,3.922829551691329e-05
cmr_versius:03,cmr_versius,CMR_STATE_PROMPT,cmr-surgical-60hz/prostatectomy,cmr_surgical/prostatectomy,arm left: 2. left instrument: Tool #0 (Pink). arm right: 3. right instrument: Tool #2 (Blue). do a prostatectomy,arm left 2 left instrument tool 0 pink arm right 3 right instrument tool 2 blue do a prostatectomy,prostatectomy,prostatectomy,15,1,arm left: 2. left instrument: Tool #0 (Pink). arm right: 3. right instrument: Tool #2 (Blue),strip_cmr_state_template | strip_cmr_do_carrier,4.40954008918268e-05,4.411201827993867e-05
cmr_versius:03,cmr_versius,CMR_STATE_PROMPT,cmr-surgical-60hz/prostatectomy,cmr_surgical/prostatectomy,arm left: 2. left instrument: Tool #0 (Pink). arm right: 0. right instrument: Tool #14 (White). do a prostatectomy,arm left 2 left instrument tool 0 pink arm right 0 right instrument tool 14 white do a prostatectomy,prostatectomy,prostatectomy,15,1,arm left: 2. left instrument: Tool #0 (Pink). arm right: 0. right instrument: Tool #14 (White),strip_cmr_state_template | strip_cmr_do_carrier,8.073593250214695e-07,8.076635790474741e-07
cmr_versius:03,cmr_versius,CMR_STATE_PROMPT,cmr-surgical-60hz/prostatectomy,cmr_surgical/prostatectomy,arm left: 2. left instrument: Tool #0 (Cyan). arm right: 3. right instrument: Tool #2 (Orange). do a prostatectomy,arm left 2 left instrument tool 0 cyan arm right 3 right instrument tool 2 orange do a prostatectomy,prostatectomy,prostatectomy,15,1,arm left: 2. left instrument: Tool #0 (Cyan). arm right: 3. right instrument: Tool #2 (Orange),strip_cmr_state_template | strip_cmr_do_carrier,1.3638336261460803e-06,1.3643475879703825e-06
cmr_versius:03,cmr_versius,CMR_STATE_PROMPT,cmr-surgical-60hz/prostatectomy,cmr_surgical/prostatectomy,arm left: 2. left instrument: Tool #0 (Cyan). arm right: 3. right instrument: Tool #9 (Orange). do a prostatectomy,arm left 2 left instrument tool 0 cyan arm right 3 right instrument tool 9 orange do a prostatectomy,prostatectomy,prostatectomy,15,1,arm left: 2. left instrument: Tool #0 (Cyan). arm right: 3. right instrument: Tool #9 (Orange),strip_cmr_state_template | strip_cmr_do_carrier,7.037985144053978e-05,7.040637414547022e-05
cmr_versius:03,cmr_versius,CMR_STATE_PROMPT,cmr-surgical-60hz/prostatectomy,cmr_surgical/prostatectomy,arm left: 1. left instrument: Tool #18 (Green). arm right: 3. right instrument: Tool #2 (Orange). do a prostatectomy,arm left 1 left instrument tool 18 green arm right 3 right instrument tool 2 orange do a prostatectomy,prostatectomy,prostatectomy,15,1,arm left: 1. left instrument: Tool #18 (Green). arm right: 3. right instrument: Tool #2 (Orange),strip_cmr_state_template | strip_cmr_do_carrier,8.869634453857358e-06,8.872976982900053e-06
cmr_versius:03,cmr_versius,CMR_STATE_PROMPT,cmr-surgical-60hz/prostatectomy,cmr_surgical/prostatectomy,arm left: 2. left instrument: Tool #18 (Orange). arm right: 1. right instrument: Tool #9 (Green). do a prostatectomy,arm left 2 left instrument tool 18 orange arm right 1 right instrument tool 9 green do a prostatectomy,prostatectomy,prostatectomy,15,1,arm left: 2. left instrument: Tool #18 (Orange). arm right: 1. right instrument: Tool #9 (Green),strip_cmr_state_template | strip_cmr_do_carrier,0.0003101089803650222,0.00031022584518945924
cmr_versius:03,cmr_versius,CMR_STATE_PROMPT,cmr-surgical-60hz/prostatectomy,cmr_surgical/prostatectomy,arm left: 3. left instrument: Tool #0 (Pink). arm right: 1. right instrument: Tool #9 (Green). do a prostatectomy,arm left 3 left instrument tool 0 pink arm right 1 right instrument tool 9 green do a prostatectomy,prostatectomy,prostatectomy,15,1,arm left: 3. left instrument: Tool #0 (Pink). arm right: 1. right instrument: Tool #9 (Green),strip_cmr_state_template | strip_cmr_do_carrier,1.9629395177975258e-05,1.9636792531700968e-05
cmr_versius:03,cmr_versius,CMR_STATE_PROMPT,cmr-surgical-60hz/prostatectomy,cmr_surgical/prostatectomy,arm left: -1. left instrument: Tool #3 (None). arm right: 3. right instrument: Tool #0 (Pink). do a prostatectomy,arm left 1 left instrument tool 3 none arm right 3 right instrument tool 0 pink do a prostatectomy,prostatectomy,prostatectomy,15,1,arm left: -1. left instrument: Tool #3 (None). arm right: 3. right instrument: Tool #0 (Pink),strip_cmr_state_template | strip_cmr_do_carrier,3.5652082343237785e-07,3.566551785980668e-07
cmr_versius:03,cmr_versius,CMR_STATE_PROMPT,cmr-surgical-60hz/prostatectomy,cmr_surgical/prostatectomy,arm left: 3. left instrument: Tool #0 (Pink). arm right: 1. right instrument: Tool #2 (Green). do a prostatectomy,arm left 3 left instrument tool 0 pink arm right 1 right instrument tool 2 green do a prostatectomy,prostatectomy,prostatectomy,15,1,arm left: 3. left instrument: Tool #0 (Pink). arm right: 1. right instrument: Tool #2 (Green),strip_cmr_state_template | strip_cmr_do_carrier,8.603658601455425e-06,8.606900897279273e-06
cmr_versius:03,cmr_versius,CMR_STATE_PROMPT,cmr-surgical-60hz/prostatectomy,cmr_surgical/prostatectomy,arm left: 3. left instrument: Tool #0 (Blue). arm right: 1. right instrument: Tool #2 (Green). do a prostatectomy,arm left 3 left instrument tool 0 blue arm right 1 right instrument tool 2 green do a prostatectomy,prostatectomy,prostatectomy,15,1,arm left: 3. left instrument: Tool #0 (Blue). arm right: 1. right instrument: Tool #2 (Green),strip_cmr_state_template | strip_cmr_do_carrier,6.4645336608611575e-06,6.466969825690872e-06
cmr_versius:03,cmr_versius,CMR_STATE_PROMPT,cmr-surgical-60hz/prostatectomy,cmr_surgical/prostatectomy,arm left: 3. left instrument: Tool #2 (Blue). arm right: 2. right instrument: Tool #2 (Green). do a prostatectomy,arm left 3 left instrument tool 2 blue arm right 2 right instrument tool 2 green do a prostatectomy,prostatectomy,prostatectomy,15,1,arm left: 3. left instrument: Tool #2 (Blue). arm right: 2. right instrument: Tool #2 (Green),strip_cmr_state_template | strip_cmr_do_carrier,0.00010460962319717431,0.00010464904541975869
cmr_versius:03,cmr_versius,CMR_STATE_PROMPT,cmr-surgical-60hz/prostatectomy,cmr_surgical/prostatectomy,arm left: 1. left instrument: Tool #0 (Orange). arm right: 2. right instrument: Tool #2 (Green). do a prostatectomy,arm left 1 left instrument tool 0 orange arm right 2 right instrument tool 2 green do a prostatectomy,prostatectomy,prostatectomy,15,1,arm left: 1. left instrument: Tool #0 (Orange). arm right: 2. right instrument: Tool #2 (Green),strip_cmr_state_template | strip_cmr_do_carrier,4.0179330894760046e-07,4.0194472508671023e-07
cmr_versius:03,cmr_versius,CMR_STATE_PROMPT,cmr-surgical-60hz/prostatectomy,cmr_surgical/prostatectomy,arm left: 3. left instrument: Tool #18 (Blue). arm right: 2. right instrument: Tool #2 (Green). do a prostatectomy,arm left 3 left instrument tool 18 blue arm right 2 right instrument tool 2 green do a prostatectomy,prostatectomy,prostatectomy,15,1,arm left: 3. left instrument: Tool #18 (Blue). arm right: 2. right instrument: Tool #2 (Green),strip_cmr_state_template | strip_cmr_do_carrier,1.832403851228634e-05,1.8330943941278416e-05
cmr_versius:03,cmr_versius,CMR_STATE_PROMPT,cmr-surgical-60hz/prostatectomy,cmr_surgical/prostatectomy,arm left: 3. left instrument: Tool #18 (Blue). arm right: 2. right instrument: Tool #9 (Green). do a prostatectomy,arm left 3 left instrument tool 18 blue arm right 2 right instrument tool 9 green do a prostatectomy,prostatectomy,prostatectomy,15,1,arm left: 3. left instrument: Tool #18 (Blue). arm right: 2. right instrument: Tool #9 (Green),strip_cmr_state_template | strip_cmr_do_carrier,0.00037064206620600104,0.0003707817429736495
cmr_versius:03,cmr_versius,CMR_STATE_PROMPT,cmr-surgical-60hz/prostatectomy,cmr_surgical/prostatectomy,arm left: 1. left instrument: Tool #0 (Orange). arm right: 2. right instrument: Tool #9 (Green). do a prostatectomy,arm left 1 left instrument tool 0 orange arm right 2 right instrument tool 9 green do a prostatectomy,prostatectomy,prostatectomy,15,1,arm left: 1. left instrument: Tool #0 (Orange). arm right: 2. right instrument: Tool #9 (Green),strip_cmr_state_template | strip_cmr_do_carrier,1.9946302576581817e-05,1.995381935712147e-05
cmr_versius:03,cmr_versius,CMR_STATE_PROMPT,cmr-surgical-60hz/prostatectomy,cmr_surgical/prostatectomy,arm left: 2. left instrument: Tool #18 (Green). arm right: 1. right instrument: Tool #9 (Orange). do a prostatectomy,arm left 2 left instrument tool 18 green arm right 1 right instrument tool 9 orange do a prostatectomy,prostatectomy,prostatectomy,15,1,arm left: 2. left instrument: Tool #18 (Green). arm right: 1. right instrument: Tool #9 (Orange),strip_cmr_state_template | strip_cmr_do_carrier,0.0003599143734924564,0.000360050007520278
cmr_versius:03,cmr_versius,CMR_STATE_PROMPT,cmr-surgical-60hz/prostatectomy,cmr_surgical/prostatectomy,arm left: 3. left instrument: Tool #0 (Blue). arm right: 1. right instrument: Tool #9 (Orange). do a prostatectomy,arm left 3 left instrument tool 0 blue arm right 1 right instrument tool 9 orange do a prostatectomy,prostatectomy,prostatectomy,15,1,arm left: 3. left instrument: Tool #0 (Blue). arm right: 1. right instrument: Tool #9 (Orange),strip_cmr_state_template | strip_cmr_do_carrier,2.4462233006725267e-05,2.447145161936365e-05
cmr_versius:03,cmr_versius,CMR_STATE_PROMPT,cmr-surgical-60hz/prostatectomy,cmr_surgical/prostatectomy,arm left: 2. left instrument: Tool #2 (Green). arm right: 1. right instrument: Tool #2 (Orange). do a prostatectomy,arm left 2 left instrument tool 2 green arm right 1 right instrument tool 2 orange do a prostatectomy,prostatectomy,prostatectomy,15,1,arm left: 2. left instrument: Tool #2 (Green). arm right: 1. right instrument: Tool #2 (Orange),strip_cmr_state_template | strip_cmr_do_carrier,0.00013496671108869418,0.0001350175734048311
cmr_versius:03,cmr_versius,CMR_STATE_PROMPT,cmr-surgical-60hz/prostatectomy,cmr_surgical/prostatectomy,arm left: 3. left instrument: Tool #0 (Blue). arm right: 1. right instrument: Tool #2 (Orange). do a prostatectomy,arm left 3 left instrument tool 0 blue arm right 1 right instrument tool 2 orange do a prostatectomy,prostatectomy,prostatectomy,15,1,arm left: 3. left instrument: Tool #0 (Blue). arm right: 1. right instrument: Tool #2 (Orange),strip_cmr_state_template | strip_cmr_do_carrier,7.634072870004408e-06,7.636949776647495e-06
cmr_versius:03,cmr_versius,CMR_STATE_PROMPT,cmr-surgical-60hz/prostatectomy,cmr_surgical/prostatectomy,arm left: 1. left instrument: Tool #2 (Pink). arm right: 2. right instrument: Tool #2 (Orange). do a prostatectomy,arm left 1 left instrument tool 2 pink arm right 2 right instrument tool 2 orange do a prostatectomy,prostatectomy,prostatectomy,15,1,arm left: 1. left instrument: Tool #2 (Pink). arm right: 2. right instrument: Tool #2 (Orange),strip_cmr_state_template | strip_cmr_do_carrier,0.0003966341319524282,0.0003967836038514419
cmr_versius:03,cmr_versius,CMR_STATE_PROMPT,cmr-surgical-60hz/prostatectomy,cmr_surgical/prostatectomy,arm left: 1. left instrument: Tool #18 (Pink). arm right: 2. right instrument: Tool #9 (Orange). do a prostatectomy,arm left 1 left instrument tool 18 pink arm right 2 right instrument tool 9 orange do a prostatectomy,prostatectomy,prostatectomy,15,1,arm left: 1. left instrument: Tool #18 (Pink). arm right: 2. right instrument: Tool #9 (Orange),strip_cmr_state_template | strip_cmr_do_carrier,0.00014042015923971537,0.0001404730766922756
cmr_versius:03,cmr_versius,CMR_STATE_PROMPT,cmr-surgical-60hz/prostatectomy,cmr_surgical/prostatectomy,arm left: 1. left instrument: Tool #0 (Pink). arm right: 3. right instrument: Tool #8 (Blue). do a prostatectomy,arm left 1 left instrument tool 0 pink arm right 3 right instrument tool 8 blue do a prostatectomy,prostatectomy,prostatectomy,15,1,arm left: 1. left instrument: Tool #0 (Pink). arm right: 3. right instrument: Tool #8 (Blue),strip_cmr_state_template | strip_cmr_do_carrier,0.0003307400292850217,0.0003308646689372214
cmr_versius:03,cmr_versius,CMR_STATE_PROMPT,cmr-surgical-60hz/prostatectomy,cmr_surgical/prostatectomy,arm left: 1. left instrument: Tool #0 (Pink). arm right: 2. right instrument: Tool #0 (Green). do a prostatectomy,arm left 1 left instrument tool 0 pink arm right 2 right instrument tool 0 green do a prostatectomy,prostatectomy,prostatectomy,15,1,arm left: 1. left instrument: Tool #0 (Pink). arm right: 2. right instrument: Tool #0 (Green),strip_cmr_state_template | strip_cmr_do_carrier,0.0001005690538649407,0.00010060695339564727
cmr_versius:03,cmr_versius,CMR_STATE_PROMPT,cmr-surgical-60hz/prostatectomy,cmr_surgical/prostatectomy,arm left: -1. left instrument: Tool #3 (None). arm right: 3. right instrument: Tool #8 (Blue). do a prostatectomy,arm left 1 left instrument tool 3 none arm right 3 right instrument tool 8 blue do a prostatectomy,prostatectomy,prostatectomy,15,1,arm left: -1. left instrument: Tool #3 (None). arm right: 3. right instrument: Tool #8 (Blue),strip_cmr_state_template | strip_cmr_do_carrier,6.008036098582664e-06,6.010300231930385e-06
cmr_versius:03,cmr_versius,CMR_STATE_PROMPT,cmr-surgical-60hz/prostatectomy,cmr_surgical/prostatectomy,arm left: 2. left instrument: Tool #0 (Green). arm right: 3. right instrument: Tool #8 (Blue). do a prostatectomy,arm left 2 left instrument tool 0 green arm right 3 right instrument tool 8 blue do a prostatectomy,prostatectomy,prostatectomy,15,1,arm left: 2. left instrument: Tool #0 (Green). arm right: 3. right instrument: Tool #8 (Blue),strip_cmr_state_template | strip_cmr_do_carrier,2.567327199425747e-06,2.568294698793486e-06
cmr_versius:03,cmr_versius,CMR_STATE_PROMPT,cmr-surgical-60hz/prostatectomy,cmr_surgical/prostatectomy,arm left: 1. left instrument: Tool #0 (Pink). arm right: 0. right instrument: Tool #14 (White). do a prostatectomy,arm left 1 left instrument tool 0 pink arm right 0 right instrument tool 14 white do a prostatectomy,prostatectomy,prostatectomy,15,1,arm left: 1. left instrument: Tool #0 (Pink). arm right: 0. right instrument: Tool #14 (White),strip_cmr_state_template | strip_cmr_do_carrier,4.114325756552166e-05,4.115876243599172e-05
cmr_versius:03,cmr_versius,CMR_STATE_PROMPT,cmr-surgical-60hz/prostatectomy,cmr_surgical/prostatectomy,arm left: 3. left instrument: Tool #18 (Pink). arm right: 1. right instrument: Tool #9 (Blue). do a prostatectomy,arm left 3 left instrument tool 18 pink arm right 1 right instrument tool 9 blue do a prostatectomy,prostatectomy,prostatectomy,15,1,arm left: 3. left instrument: Tool #18 (Pink). arm right: 1. right instrument: Tool #9 (Blue),strip_cmr_state_template | strip_cmr_do_carrier,0.0004658595350123298,0.0004660350945614517
cmr_versius:03,cmr_versius,CMR_STATE_PROMPT,cmr-surgical-60hz/prostatectomy,cmr_surgical/prostatectomy,arm left: 3. left instrument: Tool #18 (Pink). arm right: 2. right instrument: Tool #0 (Green). do a prostatectomy,arm left 3 left instrument tool 18 pink arm right 2 right instrument tool 0 green do a prostatectomy,prostatectomy,prostatectomy,15,1,arm left: 3. left instrument: Tool #18 (Pink). arm right: 2. right instrument: Tool #0 (Green),strip_cmr_state_template | strip_cmr_do_carrier,3.757427662407161e-05,3.758843652113699e-05
cmr_versius:03,cmr_versius,CMR_STATE_PROMPT,cmr-surgical-60hz/prostatectomy,cmr_surgical/prostatectomy,arm left: 3. left instrument: Tool #2 (Pink). arm right: 1. right instrument: Tool #2 (Blue). do a prostatectomy,arm left 3 left instrument tool 2 pink arm right 1 right instrument tool 2 blue do a prostatectomy,prostatectomy,prostatectomy,15,1,arm left: 3. left instrument: Tool #2 (Pink). arm right: 1. right instrument: Tool #2 (Blue),strip_cmr_state_template | strip_cmr_do_carrier,0.00020664437378067034,0.00020672224788297576
cmr_versius:03,cmr_versius,CMR_STATE_PROMPT,cmr-surgical-60hz/prostatectomy,cmr_surgical/prostatectomy,arm left: 3. left instrument: Tool #18 (Pink). arm right: 1. right instrument: Tool #2 (Blue). do a prostatectomy,arm left 3 left instrument tool 18 pink arm right 1 right instrument tool 2 blue do a prostatectomy,prostatectomy,prostatectomy,15,1,arm left: 3. left instrument: Tool #18 (Pink). arm right: 1. right instrument: Tool #2 (Blue),strip_cmr_state_template | strip_cmr_do_carrier,4.5781800977268845e-06,4.579905388664065e-06
cmr_versius:03,cmr_versius,CMR_STATE_PROMPT,cmr-surgical-60hz/prostatectomy,cmr_surgical/prostatectomy,arm left: 2. left instrument: Tool #1 (Orange). arm right: 1. right instrument: Tool #0 (Blue). do a prostatectomy,arm left 2 left instrument tool 1 orange arm right 1 right instrument tool 0 blue do a prostatectomy,prostatectomy,prostatectomy,15,1,arm left: 2. left instrument: Tool #1 (Orange). arm right: 1. right instrument: Tool #0 (Blue),strip_cmr_state_template | strip_cmr_do_carrier,3.62142157050518e-05,3.622786306204067e-05
cmr_versius:03,cmr_versius,CMR_STATE_PROMPT,cmr-surgical-60hz/prostatectomy,cmr_surgical/prostatectomy,arm left: 2. left instrument: Tool #2 (Orange). arm right: 1. right instrument: Tool #0 (Blue). do a prostatectomy,arm left 2 left instrument tool 2 orange arm right 1 right instrument tool 0 blue do a prostatectomy,prostatectomy,prostatectomy,15,1,arm left: 2. left instrument: Tool #2 (Orange). arm right: 1. right instrument: Tool #0 (Blue),strip_cmr_state_template | strip_cmr_do_carrier,4.300886123946145e-07,4.302506916421123e-07
cmr_versius:03,cmr_versius,CMR_STATE_PROMPT,cmr-surgical-60hz/prostatectomy,cmr_surgical/prostatectomy,arm left: 2. left instrument: Tool #2 (Blue). arm right: 0. right instrument: Tool #14 (White). do a prostatectomy,arm left 2 left instrument tool 2 blue arm right 0 right instrument tool 14 white do a prostatectomy,prostatectomy,prostatectomy,15,1,arm left: 2. left instrument: Tool #2 (Blue). arm right: 0. right instrument: Tool #14 (White),strip_cmr_state_template | strip_cmr_do_carrier,2.1410112941574016e-06,2.141818136025428e-06
cmr_versius:03,cmr_versius,CMR_STATE_PROMPT,cmr-surgical-60hz/prostatectomy,cmr_surgical/prostatectomy,arm left: 3. left instrument: Tool #0 (Orange). arm right: 1. right instrument: Tool #9 (Blue). do a prostatectomy,arm left 3 left instrument tool 0 orange arm right 1 right instrument tool 9 blue do a prostatectomy,prostatectomy,prostatectomy,15,1,arm left: 3. left instrument: Tool #0 (Orange). arm right: 1. right instrument: Tool #9 (Blue),strip_cmr_state_template | strip_cmr_do_carrier,4.768890442959759e-05,4.7706876032474745e-05
cmr_versius:03,cmr_versius,CMR_STATE_PROMPT,cmr-surgical-60hz/prostatectomy,cmr_surgical/prostatectomy,arm left: 3. left instrument: Tool #0 (Orange). arm right: 1. right instrument: Tool #2 (Blue). do a prostatectomy,arm left 3 left instrument tool 0 orange arm right 1 right instrument tool 2 blue do a prostatectomy,prostatectomy,prostatectomy,15,1,arm left: 3. left instrument: Tool #0 (Orange). arm right: 1. right instrument: Tool #2 (Blue),strip_cmr_state_template | strip_cmr_do_carrier,1.5939687608484618e-06,1.594569449287653e-06
cmr_versius:03,cmr_versius,CMR_STATE_PROMPT,cmr-surgical-60hz/prostatectomy,cmr_surgical/prostatectomy,arm left: 3. left instrument: Tool #2 (Green). arm right: 1. right instrument: Tool #0 (Pink). do a prostatectomy,arm left 3 left instrument tool 2 green arm right 1 right instrument tool 0 pink do a prostatectomy,prostatectomy,prostatectomy,15,1,arm left: 3. left instrument: Tool #2 (Green). arm right: 1. right instrument: Tool #0 (Pink),strip_cmr_state_template | strip_cmr_do_carrier,2.8012350412543974e-06,2.8022906889848104e-06
cmr_versius:03,cmr_versius,CMR_STATE_PROMPT,cmr-surgical-60hz/prostatectomy,cmr_surgical/prostatectomy,arm left: 3. left instrument: Tool #18 (Green). arm right: 1. right instrument: Tool #0 (Pink). do a prostatectomy,arm left 3 left instrument tool 18 green arm right 1 right instrument tool 0 pink do a prostatectomy,prostatectomy,prostatectomy,15,1,arm left: 3. left instrument: Tool #18 (Green). arm right: 1. right instrument: Tool #0 (Pink),strip_cmr_state_template | strip_cmr_do_carrier,2.973836392281183e-05,2.9749570849727632e-05
cmr_versius:03,cmr_versius,CMR_STATE_PROMPT,cmr-surgical-60hz/prostatectomy,cmr_surgical/prostatectomy,arm left: 3. left instrument: Tool #0 (Green). arm right: 1. right instrument: Tool #9 (Blue). do a prostatectomy,arm left 3 left instrument tool 0 green arm right 1 right instrument tool 9 blue do a prostatectomy,prostatectomy,prostatectomy,15,1,arm left: 3. left instrument: Tool #0 (Green). arm right: 1. right instrument: Tool #9 (Blue),strip_cmr_state_template | strip_cmr_do_carrier,4.568371059198585e-05,4.5700926535915245e-05
cmr_versius:03,cmr_versius,CMR_STATE_PROMPT,cmr-surgical-60hz/prostatectomy,cmr_surgical/prostatectomy,arm left: 2. left instrument: Tool #18 (Orange). arm right: 1. right instrument: Tool #9 (Blue). do a prostatectomy,arm left 2 left instrument tool 18 orange arm right 1 right instrument tool 9 blue do a prostatectomy,prostatectomy,prostatectomy,15,1,arm left: 2. left instrument: Tool #18 (Orange). arm right: 1. right instrument: Tool #9 (Blue),strip_cmr_state_template | strip_cmr_do_carrier,0.0004367813948366149,0.00043694599626468343
cmr_versius:03,cmr_versius,CMR_STATE_PROMPT,cmr-surgical-60hz/prostatectomy,cmr_surgical/prostatectomy,arm left: 3. left instrument: Tool #0 (Green). arm right: 1. right instrument: Tool #2 (Blue). do a prostatectomy,arm left 3 left instrument tool 0 green arm right 1 right instrument tool 2 blue do a prostatectomy,prostatectomy,prostatectomy,15,1,arm left: 3. left instrument: Tool #0 (Green). arm right: 1. right instrument: Tool #2 (Blue),strip_cmr_state_template | strip_cmr_do_carrier,1.037494459723851e-06,1.0378854403647448e-06
cmr_versius:03,cmr_versius,CMR_STATE_PROMPT,cmr-surgical-60hz/prostatectomy,cmr_surgical/prostatectomy,arm left: 3. left instrument: Tool #0 (Cyan). arm right: 1. right instrument: Tool #9 (Blue). do a prostatectomy,arm left 3 left instrument tool 0 cyan arm right 1 right instrument tool 9 blue do a prostatectomy,prostatectomy,prostatectomy,15,1,arm left: 3. left instrument: Tool #0 (Cyan). arm right: 1. right instrument: Tool #9 (Blue),strip_cmr_state_template | strip_cmr_do_carrier,3.861365743735859e-05,3.8628209025938766e-05
cmr_versius:03,cmr_versius,CMR_STATE_PROMPT,cmr-surgical-60hz/prostatectomy,cmr_surgical/prostatectomy,arm left: 3. left instrument: Tool #0 (Cyan). arm right: 1. right instrument: Tool #2 (Blue). do a prostatectomy,arm left 3 left instrument tool 0 cyan arm right 1 right instrument tool 2 blue do a prostatectomy,prostatectomy,prostatectomy,15,1,arm left: 3. left instrument: Tool #0 (Cyan). arm right: 1. right instrument: Tool #2 (Blue),strip_cmr_state_template | strip_cmr_do_carrier,5.696787760665509e-07,5.698934599820962e-07
cmr_versius:03,cmr_versius,CMR_STATE_PROMPT,cmr-surgical-60hz/prostatectomy,cmr_surgical/prostatectomy,arm left: 0. left instrument: Tool #17 (White). arm right: 1. right instrument: Tool #2 (Blue). do a prostatectomy,arm left 0 left instrument tool 17 white arm right 1 right instrument tool 2 blue do a prostatectomy,prostatectomy,prostatectomy,15,1,arm left: 0. left instrument: Tool #17 (White). arm right: 1. right instrument: Tool #2 (Blue),strip_cmr_state_template | strip_cmr_do_carrier,0.00011072706780241876,0.00011076879538903662
cmr_versius:03,cmr_versius,CMR_STATE_PROMPT,cmr-surgical-60hz/prostatectomy,cmr_surgical/prostatectomy,arm left: 0. left instrument: Tool #17 (White). arm right: -1. right instrument: Tool #3 (None). do a prostatectomy,arm left 0 left instrument tool 17 white arm right 1 right instrument tool 3 none do a prostatectomy,prostatectomy,prostatectomy,15,1,arm left: 0. left instrument: Tool #17 (White). arm right: -1. right instrument: Tool #3 (None),strip_cmr_state_template | strip_cmr_do_carrier,4.200909385100029e-06,4.202492501258702e-06
cmr_versius:03,cmr_versius,CMR_STATE_PROMPT,cmr-surgical-60hz/prostatectomy,cmr_surgical/prostatectomy,arm left: 2. left instrument: Tool #0 (Cyan). arm right: 3. right instrument: Tool #9 (Green). do a prostatectomy,arm left 2 left instrument tool 0 cyan arm right 3 right instrument tool 9 green do a prostatectomy,prostatectomy,prostatectomy,15,1,arm left: 2. left instrument: Tool #0 (Cyan). arm right: 3. right instrument: Tool #9 (Green),strip_cmr_state_template | strip_cmr_do_carrier,4.4080310063321716e-05,4.4096921764442456e-05
cmr_versius:03,cmr_versius,CMR_STATE_PROMPT,cmr-surgical-60hz/prostatectomy,cmr_surgical/prostatectomy,arm left: 2. left instrument: Tool #0 (Cyan). arm right: 3. right instrument: Tool #2 (Green). do a prostatectomy,arm left 2 left instrument tool 0 cyan arm right 3 right instrument tool 2 green do a prostatectomy,prostatectomy,prostatectomy,15,1,arm left: 2. left instrument: Tool #0 (Cyan). arm right: 3. right instrument: Tool #2 (Green),strip_cmr_state_template | strip_cmr_do_carrier,4.810201585992399e-07,4.812014314418362e-07
cmr_versius:03,cmr_versius,CMR_STATE_PROMPT,cmr-surgical-60hz/prostatectomy,cmr_surgical/prostatectomy,arm left: 3. left instrument: Tool #18 (Blue). arm right: 1. right instrument: Tool #2 (Orange). do a prostatectomy,arm left 3 left instrument tool 18 blue arm right 1 right instrument tool 2 orange do a prostatectomy,prostatectomy,prostatectomy,15,1,arm left: 3. left instrument: Tool #18 (Blue). arm right: 1. right instrument: Tool #2 (Orange),strip_cmr_state_template | strip_cmr_do_carrier,3.5255948094979587e-06,3.526923432803105e-06
jhu_imerse_dvrk:00,jhu_imerse_dvrk,TASK_INDEX,Surgical/JHU/LSCR/ARCADE/Cholecystectomy,jhu/lcsr/arcade/cholecystectomy,grasp,grasp,grasp,grasp,1,1,,,0.0015350458608237585,0.0015356243441195883
jhu_imerse_dvrk:00,jhu_imerse_dvrk,TASK_INDEX,Surgical/JHU/LSCR/ARCADE/Cholecystectomy,jhu/lcsr/arcade/cholecystectomy,dissect,dissect,dissect,dissect,1,1,,,0.011360607414291223,0.011364888668543861
jhu_imerse_dvrk:01,jhu_imerse_dvrk,TASK_INDEX,Surgical/JHU/LSCR/ARCADE/cautery,jhu/lcsr/arcade/cautery,nan,nan,,,1,0,,drop_invalid_placeholder,0.00037670885984945397,0.0
jhu_imerse_dvrk:02,jhu_imerse_dvrk,TASK_INDEX,Surgical/JHU/srth_porcine_chole_fix,jhu/imerse/srth_porcine_chole,clipping third clip right tube,clipping third clip right tube,clipping third clip right tube,clip third clip right tube,5,5,,lemmatize_inflection:clipping->clip,0.009545665730784312,0.009549263022770019
jhu_imerse_dvrk:02,jhu_imerse_dvrk,TASK_INDEX,Surgical/JHU/srth_porcine_chole_fix,jhu/imerse/srth_porcine_chole,going back first clip right tube,going back first clip right tube,going back first clip right tube,go back first clip right tube,6,6,,lemmatize_inflection:going->go,0.003912343773462966,0.003913818143433436
jhu_imerse_dvrk:02,jhu_imerse_dvrk,TASK_INDEX,Surgical/JHU/srth_porcine_chole_fix,jhu/imerse/srth_porcine_chole,clipping first clip right tube,clipping first clip right tube,clipping first clip right tube,clip first clip right tube,5,5,,lemmatize_inflection:clipping->clip,0.009913113593701006,0.009916849358716224
jhu_imerse_dvrk:02,jhu_imerse_dvrk,TASK_INDEX,Surgical/JHU/srth_porcine_chole_fix,jhu/imerse/srth_porcine_chole,clipping first clip left tube,clipping first clip left tube,clipping first clip left tube,clip first clip left tube,5,5,,lemmatize_inflection:clipping->clip,0.013101532360774005,0.013106469684025322
jhu_imerse_dvrk:02,jhu_imerse_dvrk,TASK_INDEX,Surgical/JHU/srth_porcine_chole_fix,jhu/imerse/srth_porcine_chole,grabbing gallbladder,grabbing gallbladder,grabbing gallbladder,grab gallbladder,2,2,,lemmatize_inflection:grabbing->grab,0.007765132212804498,0.007768058509268766
jhu_imerse_dvrk:02,jhu_imerse_dvrk,TASK_INDEX,Surgical/JHU/srth_porcine_chole_fix,jhu/imerse/srth_porcine_chole,clipping third clip left tube,clipping third clip left tube,clipping third clip left tube,clip third clip left tube,5,5,,lemmatize_inflection:clipping->clip,0.013013339174598963,0.013018243262175495
jhu_imerse_dvrk:02,jhu_imerse_dvrk,TASK_INDEX,Surgical/JHU/srth_porcine_chole_fix,jhu/imerse/srth_porcine_chole,going back third clip right tube,going back third clip right tube,going back third clip right tube,go back third clip right tube,6,6,,lemmatize_inflection:going->go,0.003982727350151934,0.003984228244231196
jhu_imerse_dvrk:02,jhu_imerse_dvrk,TASK_INDEX,Surgical/JHU/srth_porcine_chole_fix,jhu/imerse/srth_porcine_chole,go back from the cut left tube,go back from the cut left tube,go back from the cut left tube,go back from the cut left tube,7,7,,,0.004905336359968552,0.004907184940012373
jhu_imerse_dvrk:02,jhu_imerse_dvrk,TASK_INDEX,Surgical/JHU/srth_porcine_chole_fix,jhu/imerse/srth_porcine_chole,go to the cutting position right tube,go to the cutting position right tube,go to the cutting position right tube,go to the cutting position right tube,7,7,,preserve_attributive_cutting_position,0.008994280221095436,0.008997669722998085
jhu_imerse_dvrk:02,jhu_imerse_dvrk,TASK_INDEX,Surgical/JHU/srth_porcine_chole_fix,jhu/imerse/srth_porcine_chole,go back from the cut right tube,go back from the cut right tube,go back from the cut right tube,go back from the cut right tube,7,7,,,0.003678539220129776,0.0036799254806619257
jhu_imerse_dvrk:02,jhu_imerse_dvrk,TASK_INDEX,Surgical/JHU/srth_porcine_chole_fix,jhu/imerse/srth_porcine_chole,clipping second clip right tube,clipping second clip right tube,clipping second clip right tube,clip second clip right tube,5,5,,lemmatize_inflection:clipping->clip,0.009566894785291713,0.00957050007746408
jhu_imerse_dvrk:02,jhu_imerse_dvrk,TASK_INDEX,Surgical/JHU/srth_porcine_chole_fix,jhu/imerse/srth_porcine_chole,go to the cutting position left tube,go to the cutting position left tube,go to the cutting position left tube,go to the cutting position left tube,7,7,,preserve_attributive_cutting_position,0.011896747898260016,0.011901231197495225
jhu_imerse_dvrk:02,jhu_imerse_dvrk,TASK_INDEX,Surgical/JHU/srth_porcine_chole_fix,jhu/imerse/srth_porcine_chole,going back third clip left tube,going back third clip left tube,going back third clip left tube,go back third clip left tube,6,6,,lemmatize_inflection:going->go,0.005538503596417483,0.005540590786055389
jhu_imerse_dvrk:02,jhu_imerse_dvrk,TASK_INDEX,Surgical/JHU/srth_porcine_chole_fix,jhu/imerse/srth_porcine_chole,clipping second clip left tube,clipping second clip left tube,clipping second clip left tube,clip second clip left tube,5,5,,lemmatize_inflection:clipping->clip,0.012384232529112854,0.012388899537332347
jhu_imerse_dvrk:02,jhu_imerse_dvrk,TASK_INDEX,Surgical/JHU/srth_porcine_chole_fix,jhu/imerse/srth_porcine_chole,going back second clip left tube,going back second clip left tube,going back second clip left tube,go back second clip left tube,6,6,,lemmatize_inflection:going->go,0.005623989721950643,0.005626109127105301
jhu_imerse_dvrk:02,jhu_imerse_dvrk,TASK_INDEX,Surgical/JHU/srth_porcine_chole_fix,jhu/imerse/srth_porcine_chole,going back first clip left tube,going back first clip left tube,going back first clip left tube,go back first clip left tube,6,6,,lemmatize_inflection:going->go,0.005712325385001573,0.0057144780795235425
jhu_imerse_dvrk:02,jhu_imerse_dvrk,TASK_INDEX,Surgical/JHU/srth_porcine_chole_fix,jhu/imerse/srth_porcine_chole,going back second clip right tube,going back second clip right tube,going back second clip right tube,go back second clip right tube,6,6,,lemmatize_inflection:going->go,0.004279079252000218,0.0042806918265375585
jhu_imerse_dvrk:03,jhu_imerse_dvrk,TASK_INDEX,Surgical/JHU/cao_cautery_combined,jhu/imerse/cao_cautery_combined,resect home out,resect home out,resect home out,resect home out,3,3,,,0.0032377870045683975,0.003239007167265421
jhu_imerse_dvrk:03,jhu_imerse_dvrk,TASK_INDEX,Surgical/JHU/cao_cautery_combined,jhu/imerse/cao_cautery_combined,retract home in,retract home in,retract home in,retract home in,3,3,,,0.0004515804581289125,0.0004517506365961607
jhu_imerse_dvrk:03,jhu_imerse_dvrk,TASK_INDEX,Surgical/JHU/cao_cautery_combined,jhu/imerse/cao_cautery_combined,resect home in,resect home in,resect home in,resect home in,3,3,,,6.831766198858292e-05,6.834340755572144e-05
jhu_imerse_dvrk:05,jhu_imerse_dvrk,TASK_INDEX,Surgical/JHU/srt_needle_pickup+handover,jhu/imerse/srt_needle_pickup_handover,pick up the needle and hand it to the other arm,pick up the needle and hand it to the other arm,pick up the needle and hand it to the other arm,pick up the needle and hand it to the other arm,11,11,,,0.004153557124342363,0.004155122395762604
jhu_imerse_dvrk:07,jhu_imerse_dvrk,TASK_INDEX,Surgical/JHU/srt_tissue_lift,jhu/imerse/srt_tissue_lift,lift the tissue,lift the tissue,lift the tissue,lift the tissue,3,3,,,0.001958130943774951,0.001958868867032445
jhu_imerse_dvrk:09,jhu_imerse_dvrk,TASK_INDEX,Surgical/JHU/Imerse/Wound_Closure/point_labeled,jhu/imerse/wound_closure/point_labeled/fausto_0_1_jesse_0_1_2_labeled,Wound Closure,wound closure,Wound Closure,wound closure,2,2,,lowercase_semantic_text,0.13421115117235924,0.13426172875511994
jhu_imerse_dvrk:10,jhu_imerse_dvrk,TASK_INDEX,Surgical/JHU/suturebot,jhu/imerse/suturebot,knot tying,knot tying,knot tying,knot tie,2,2,,lemmatize_inflection:tying->tie,0.016989227634708243,0.0169956300391227
jhu_imerse_dvrk:10,jhu_imerse_dvrk,TASK_INDEX,Surgical/JHU/suturebot,jhu/imerse/suturebot,needle pickup,needle pickup,needle pickup,needle pickup,2,2,,,0.008173257223787388,0.008176337322497887
jhu_imerse_dvrk:10,jhu_imerse_dvrk,TASK_INDEX,Surgical/JHU/suturebot,jhu/imerse/suturebot,needle throw,needle throw,needle throw,needle throw,2,2,,,0.011620342759036137,0.011624721894767176
jhu_imerse_dvrk:11,jhu_imerse_dvrk,TASK_INDEX,Surgical/JHU/Imerse/NephFat_extracted/nephfat,jhu/imerse/nephfat/nephfat,scissors placing,scissors placing,scissors placing,scissors place,2,2,,lemmatize_inflection:placing->place,0.012574225443110303,0.01257896405031578
jhu_imerse_dvrk:11,jhu_imerse_dvrk,TASK_INDEX,Surgical/JHU/Imerse/NephFat_extracted/nephfat,jhu/imerse/nephfat/nephfat,cut,cut,cut,cut,1,1,,,0.006388734353282695,0.006391141953080974
jhu_imerse_dvrk:11,jhu_imerse_dvrk,TASK_INDEX,Surgical/JHU/Imerse/NephFat_extracted/nephfat,jhu/imerse/nephfat/nephfat,flap grasp,flap grasp,flap grasp,flap grasp,2,2,,,0.0156614856283024,0.01566738767204915
jhu_imerse_dvrk:11,jhu_imerse_dvrk,TASK_INDEX,Surgical/JHU/Imerse/NephFat_extracted/nephfat,jhu/imerse/nephfat/nephfat,remove cap,remove cap,remove cap,remove cap,2,2,,,0.0006047430997091557,0.0006049709976439199
jhu_imerse_dvrk_mono:00,jhu_imerse_dvrk_mono,TASK_INDEX,Surgical/JHU/suturebot,jhu/imerse/suturebot,knot tying,knot tying,knot tying,knot tie,2,2,,lemmatize_inflection:tying->tie,0.017854245888162618,0.017860974275417704
jhu_imerse_dvrk_mono:00,jhu_imerse_dvrk_mono,TASK_INDEX,Surgical/JHU/suturebot,jhu/imerse/suturebot,needle pickup,needle pickup,needle pickup,needle pickup,2,2,,,0.008589404257706117,0.008592641181768793
jhu_imerse_dvrk_mono:00,jhu_imerse_dvrk_mono,TASK_INDEX,Surgical/JHU/suturebot,jhu/imerse/suturebot,needle throw,needle throw,needle throw,needle throw,2,2,,,0.012212000532661303,0.012216602635111205
jhu_lscr_dvrk_smarts:00,jhu_lscr_dvrk_smarts,TASK_INDEX,Surgical/JHU/LSCR/SMARTS/offline_recorder_extracted/offline_data_part1,jhu/lcsr/smarts/SurgSync-stitch-coldcut/P1,perform a simple interrupted stitch on ex-vivo tissue (occasionally on silicon suturing training phantom) ; without cutting the suture thread tail at the end,perform a simple interrupted stitch on exvivo tissue occasionally on silicon suturing training phantom  without cutting the suture thread tail at the end,perform a simple interrupted stitch on ex-vivo tissue (occasionally on silicon suturing training phantom) ; without cutting the suture thread tail at the end,perform a simple interrupted stitch on ex-vivo tissue (occasionally on silicon suture training phantom); without cut the suture thread tail at the end,23,22,,lemmatize_inflection:suturing->suture | lemmatize_inflection:cutting->cut,0.002087430331842429,0.0020882169816807154
jhu_lscr_dvrk_smarts:00,jhu_lscr_dvrk_smarts,TASK_INDEX,Surgical/JHU/LSCR/SMARTS/offline_recorder_extracted/offline_data_part1,jhu/lcsr/smarts/SurgSync-stitch-coldcut/P1,perform cold-cut dissection on ex-vivo tissue by cutting along pre-defined traces using non-energy surigal instruments,perform coldcut dissection on exvivo tissue by cutting along predefined traces using nonenergy surigal instruments,perform cold-cut dissection on ex-vivo tissue by cutting along pre-defined traces using non-energy surigal instruments,perform cold-cut dissect on ex-vivo tissue by cut along pre-defined trace use non-energy surigal instrument,15,11,,canonicalize_action_nominalization:dissection->dissect | lemmatize_inflection:cutting->cut | lemmatize_inflection:traces->trace | lemmatize_inflection:using->use | lemmatize_inflection:instruments->instrument,0.0018893191174215154,0.001890031108885623
jhu_lscr_dvrk_smarts:01,jhu_lscr_dvrk_smarts,TASK_INDEX,Surgical/JHU/LSCR/SMARTS/offline_recorder_extracted/offline_data_part2,jhu/lcsr/smarts/SurgSync-stitch-coldcut/P2,perform cold-cut dissection on ex-vivo tissue by cutting along pre-defined traces using non-energy surigal instruments,perform coldcut dissection on exvivo tissue by cutting along predefined traces using nonenergy surigal instruments,perform cold-cut dissection on ex-vivo tissue by cutting along pre-defined traces using non-energy surigal instruments,perform cold-cut dissect on ex-vivo tissue by cut along pre-defined trace use non-energy surigal instrument,15,11,,canonicalize_action_nominalization:dissection->dissect | lemmatize_inflection:cutting->cut | lemmatize_inflection:traces->trace | lemmatize_inflection:using->use | lemmatize_inflection:instruments->instrument,0.001339684036142632,0.0013401888971740687
jhu_lscr_dvrk_smarts:01,jhu_lscr_dvrk_smarts,TASK_INDEX,Surgical/JHU/LSCR/SMARTS/offline_recorder_extracted/offline_data_part2,jhu/lcsr/smarts/SurgSync-stitch-coldcut/P2,perform a simple interrupted stitch on ex-vivo tissue (occasionally on silicon suturing training phantom) ; without cutting the suture thread tail at the end,perform a simple interrupted stitch on exvivo tissue occasionally on silicon suturing training phantom  without cutting the suture thread tail at the end,perform a simple interrupted stitch on ex-vivo tissue (occasionally on silicon suturing training phantom) ; without cutting the suture thread tail at the end,perform a simple interrupted stitch on ex-vivo tissue (occasionally on silicon suture training phantom); without cut the suture thread tail at the end,23,22,,lemmatize_inflection:suturing->suture | lemmatize_inflection:cutting->cut,0.0009294605501969838,0.000929810818170172
jhu_lscr_dvrk_smarts:01,jhu_lscr_dvrk_smarts,TASK_INDEX,Surgical/JHU/LSCR/SMARTS/offline_recorder_extracted/offline_data_part2,jhu/lcsr/smarts/SurgSync-stitch-coldcut/P2,perform cold-cut dissection to partially peel skin from the underlying fat layer using non-energy instruments,perform coldcut dissection to partially peel skin from the underlying fat layer using nonenergy instruments,perform cold-cut dissection to partially peel skin from the underlying fat layer using non-energy instruments,perform cold-cut dissect to partially peel skin from the underlying fat layer use non-energy instrument,15,13,,canonicalize_action_nominalization:dissection->dissect | lemmatize_inflection:using->use | lemmatize_inflection:instruments->instrument,0.0001586536898555992,0.0001587134786291763
jhu_lscr_dvrk_smarts:02,jhu_lscr_dvrk_smarts,TASK_INDEX,Surgical/JHU/LSCR/SMARTS/offline_recorder_extracted/offline_data_part3,jhu/lcsr/smarts/SurgSync-stitch-coldcut/P3,perform cold-cut dissection on ex-vivo tissue by cutting along pre-defined traces using non-energy surigal instruments,perform coldcut dissection on exvivo tissue by cutting along predefined traces using nonenergy surigal instruments,perform cold-cut dissection on ex-vivo tissue by cutting along pre-defined traces using non-energy surigal instruments,perform cold-cut dissect on ex-vivo tissue by cut along pre-defined trace use non-energy surigal instrument,15,11,,canonicalize_action_nominalization:dissection->dissect | lemmatize_inflection:cutting->cut | lemmatize_inflection:traces->trace | lemmatize_inflection:using->use | lemmatize_inflection:instruments->instrument,0.0005066585744468335,0.0005068495091475395
jhu_lscr_dvrk_smarts:02,jhu_lscr_dvrk_smarts,TASK_INDEX,Surgical/JHU/LSCR/SMARTS/offline_recorder_extracted/offline_data_part3,jhu/lcsr/smarts/SurgSync-stitch-coldcut/P3,perform a simple interrupted stitch on ex-vivo tissue (occasionally on silicon suturing training phantom) ; without cutting the suture thread tail at the end,perform a simple interrupted stitch on exvivo tissue occasionally on silicon suturing training phantom  without cutting the suture thread tail at the end,perform a simple interrupted stitch on ex-vivo tissue (occasionally on silicon suturing training phantom) ; without cutting the suture thread tail at the end,perform a simple interrupted stitch on ex-vivo tissue (occasionally on silicon suture training phantom); without cut the suture thread tail at the end,23,22,,lemmatize_inflection:suturing->suture | lemmatize_inflection:cutting->cut,0.000802477700742007,0.0008027801151238848
stanford_dvrk_real:00,stanford_dvrk_real,TASK_INDEX,Surgical/Stanford/Collaborative Haptics and Robotics in Medicine Lab/Real Robot (dVRK)/Needle Transfer,stanford/collaborative_haptics_and_robotics_in_medicine_lab/real_robot_dvrk/needle_transfer,Needle Transfer,needle transfer,Needle Transfer,needle transfer,2,2,,lowercase_semantic_text,0.023497219881193146,0.02350607482784107
stanford_dvrk_real:01,stanford_dvrk_real,TASK_INDEX,Surgical/Stanford/Collaborative Haptics and Robotics in Medicine Lab/Real Robot (dVRK)/Tissue Retraction,stanford/collaborative_haptics_and_robotics_in_medicine_lab/real_robot_dvrk/tissue_retraction,Tissue Retraction,tissue retraction,Tissue Retraction,tissue retract,2,2,,lowercase_semantic_text | canonicalize_action_nominalization:retraction->retract,0.02184610678232288,0.021854339505640804
stanford_dvrk_real:02,stanford_dvrk_real,TASK_INDEX,Surgical/Stanford/Collaborative Haptics and Robotics in Medicine Lab/Real Robot (dVRK)/Peg Transfer,stanford/collaborative_haptics_and_robotics_in_medicine_lab/real_robot_dvrk/peg_transfer,Peg Transfer,peg transfer,Peg Transfer,peg transfer,2,2,,lowercase_semantic_text,0.02011706437913978,0.020124645511405248
obuda_dvrk:00,obuda_dvrk,TASK_INDEX,Surgical/Obuda/FRS_Dome_1,obuda/frs_dome_1,Knot tying,knot tying,Knot tying,knot tie,2,2,,lowercase_semantic_text | lemmatize_inflection:tying->tie,0.0042304110755650975,0.0042320053094600995
obuda_dvrk:00,obuda_dvrk,TASK_INDEX,Surgical/Obuda/FRS_Dome_1,obuda/frs_dome_1,Suturing,suturing,Suturing,suture,1,1,,lowercase_semantic_text | lemmatize_inflection:suturing->suture,0.006329000349038102,0.006331385438027726
obuda_dvrk:01,obuda_dvrk,TASK_INDEX,Surgical/Obuda/NeedleThreading_1,obuda/needlethreading_1,NeedleThreading,needlethreading,Needle Threading,needle thread,1,2,,split_camel_case | lowercase_semantic_text | lemmatize_inflection:threading->thread,0.007714362673837012,0.007717269837758741
obuda_dvrk:02,obuda_dvrk,TASK_INDEX,Surgical/Obuda/PegTransfer_1,obuda/pegtransfer_1,Peg Transfer,peg transfer,Peg Transfer,peg transfer,2,2,,lowercase_semantic_text,0.010091910582813043,0.010095713727620739
obuda_dvrk:03,obuda_dvrk,TASK_INDEX,Surgical/Obuda/Rollercoaster_1,obuda/rollercoaster_1,Rollercoaster,rollercoaster,Rollercoaster,rollercoaster,1,1,,lowercase_semantic_text,0.009750304139980789,0.009753978550119396
obuda_dvrk:04,obuda_dvrk,TASK_INDEX,Surgical/Obuda/Seaspike_1,obuda/seaspike_1,Seaspike,seaspike,Seaspike,seaspike,1,1,,lowercase_semantic_text,0.006681609453372624,0.0066841274233933766
obuda_dvrk:05,obuda_dvrk,TASK_INDEX,Surgical/Obuda/NeedleThreading_2,obuda/needlethreading_2,NeedleThreading,needlethreading,Needle Threading,needle thread,1,2,,split_camel_case | lowercase_semantic_text | lemmatize_inflection:threading->thread,0.007651041234170911,0.007653924535355996
obuda_dvrk:06,obuda_dvrk,TASK_INDEX,Surgical/Obuda/PegTransfer_2,obuda/pegtransfer_2,PegTransfer,pegtransfer,Peg Transfer,peg transfer,1,2,,split_camel_case | lowercase_semantic_text,0.005848625644809922,0.005850829704196961
obuda_dvrk:07,obuda_dvrk,TASK_INDEX,Surgical/Obuda/Pork_1,obuda/pork_1,Dissection,dissection,Dissection,dissect,1,1,,lowercase_semantic_text | canonicalize_action_nominalization:dissection->dissect,0.012386302322203923,0.012390970110426646
obuda_dvrk:08,obuda_dvrk,TASK_INDEX,Surgical/Obuda/Seaspike_2,obuda/seaspike_2,Seaspike,seaspike,Seaspike,seaspike,1,1,,lowercase_semantic_text,0.0050640685164646745,0.00506597691485229
obuda_dvrk:09,obuda_dvrk,TASK_INDEX,Surgical/Obuda/Seaspike_3,obuda/seaspike_3,Seaspike,seaspike,Seaspike,seaspike,1,1,,lowercase_semantic_text,0.007705455757382797,0.007708359564725732
obuda_dvrk:10,obuda_dvrk,TASK_INDEX,Surgical/Obuda/Skinphantom_1,obuda/skinphantom_1,NeedleInsertion,needleinsertion,Needle Insertion,needle insert,1,2,,split_camel_case | lowercase_semantic_text | canonicalize_action_nominalization:insertion->insert,0.0006989309735248917,0.00069919436623741
obuda_dvrk:10,obuda_dvrk,TASK_INDEX,Surgical/Obuda/Skinphantom_1,obuda/skinphantom_1,SuturePulling,suturepulling,Suture Pulling,suture pull,1,2,,split_camel_case | lowercase_semantic_text | lemmatize_inflection:pulling->pull,0.0007082869782036892,0.0007085538967342696
obuda_dvrk:10,obuda_dvrk,TASK_INDEX,Surgical/Obuda/Skinphantom_1,obuda/skinphantom_1,DoubleKnot,doubleknot,Double Knot,double knot,1,2,,split_camel_case | lowercase_semantic_text,0.0008101551571464369,0.0008104604647840785
obuda_dvrk:10,obuda_dvrk,TASK_INDEX,Surgical/Obuda/Skinphantom_1,obuda/skinphantom_1,SingleKnot,singleknot,Single Knot,single knot,1,2,,split_camel_case | lowercase_semantic_text,0.0009246726544149189,0.0009250211180656417
rob_surgical_bitrack:00,rob_surgical_bitrack,ROB_TOOL_PROMPT,Surgical/Rob Surgical/all_merged_data,rob_surgical/all_merged_data,left tool: mono_hook. right tool: none. aux tool: bi_maryland_forceps. The surgery process is a hemicolectomy.,left tool mono_hook right tool none aux tool bi_maryland_forceps the surgery process is a hemicolectomy,hemicolectomy.,hemicolectomy,13,1,left tool: mono_hook. right tool: none. aux tool: bi_maryland_forceps,strip_rob_tool_template | strip_rob_process_carrier | strip_terminal_punctuation,0.00014306598185858413,0.0001431198963915755
rob_surgical_bitrack:00,rob_surgical_bitrack,ROB_TOOL_PROMPT,Surgical/Rob Surgical/all_merged_data,rob_surgical/all_merged_data,left tool: mono_hook. right tool: forceps. aux tool: bi_maryland_forceps. The surgery process is a hemicolectomy.,left tool mono_hook right tool forceps aux tool bi_maryland_forceps the surgery process is a hemicolectomy,hemicolectomy.,hemicolectomy,13,1,left tool: mono_hook. right tool: forceps. aux tool: bi_maryland_forceps,strip_rob_tool_template | strip_rob_process_carrier | strip_terminal_punctuation,0.0007740985098994033,0.000774390229559859
rob_surgical_bitrack:00,rob_surgical_bitrack,ROB_TOOL_PROMPT,Surgical/Rob Surgical/all_merged_data,rob_surgical/all_merged_data,left tool: mono_hook. right tool: forceps. aux tool: bi_maryland_forceps. The surgery process is a hemicolectomy.Identify the inferior mesenteric artery and vein,left tool mono_hook right tool forceps aux tool bi_maryland_forceps the surgery process is a hemicolectomyidentify the inferior mesenteric artery and vein,hemicolectomy. Identify the inferior mesenteric artery and vein,hemicolectomy. identify the inferior mesenteric artery and vein,19,8,left tool: mono_hook. right tool: forceps. aux tool: bi_maryland_forceps,strip_rob_tool_template | strip_rob_process_carrier | insert_space_after_punctuation | lowercase_semantic_text,0.0010780482149469446,0.0010784544783038657
rob_surgical_bitrack:00,rob_surgical_bitrack,ROB_TOOL_PROMPT,Surgical/Rob Surgical/all_merged_data,rob_surgical/all_merged_data,left tool: mono_hook. right tool: forceps. aux tool: bi_maryland_forceps. The surgery process is a hemicolectomy.Artery coagulation,left tool mono_hook right tool forceps aux tool bi_maryland_forceps the surgery process is a hemicolectomyartery coagulation,hemicolectomy. Artery coagulation,hemicolectomy. artery coagulation,14,3,left tool: mono_hook. right tool: forceps. aux tool: bi_maryland_forceps,strip_rob_tool_template | strip_rob_process_carrier | insert_space_after_punctuation | lowercase_semantic_text,0.000105558887713555,0.00010559866766725352
rob_surgical_bitrack:00,rob_surgical_bitrack,ROB_TOOL_PROMPT,Surgical/Rob Surgical/all_merged_data,rob_surgical/all_merged_data,left tool: mono_hook. right tool: forceps. aux tool: bi_maryland_forceps. The surgery process is a hemicolectomy.Resect the lymphatic tissue around the mesenteric artery and vein,left tool mono_hook right tool forceps aux tool bi_maryland_forceps the surgery process is a hemicolectomyresect the lymphatic tissue around the mesenteric artery and vein,hemicolectomy. Resect the lymphatic tissue around the mesenteric artery and vein,hemicolectomy. resect the lymphatic tissue around the mesenteric artery and vein,22,11,left tool: mono_hook. right tool: forceps. aux tool: bi_maryland_forceps,strip_rob_tool_template | strip_rob_process_carrier | insert_space_after_punctuation | lowercase_semantic_text,0.0037215122753480982,0.003722914730311469
rob_surgical_bitrack:00,rob_surgical_bitrack,ROB_TOOL_PROMPT,Surgical/Rob Surgical/all_merged_data,rob_surgical/all_merged_data,left tool: mono_hook. right tool: forceps. aux tool: bi_maryland_forceps. The surgery process is a hemicolectomy.Dissection and staple of the mesocolon while separating it from the retroperitoneum,left tool mono_hook right tool forceps aux tool bi_maryland_forceps the surgery process is a hemicolectomydissection and staple of the mesocolon while separating it from the retroperitoneum,hemicolectomy. Dissection and staple of the mesocolon while separating it from the retroperitoneum,hemicolectomy. dissect and staple of the mesocolon while separate it from the retroperitoneum,24,13,left tool: mono_hook. right tool: forceps. aux tool: bi_maryland_forceps,strip_rob_tool_template | strip_rob_process_carrier | insert_space_after_punctuation | lowercase_semantic_text | canonicalize_action_nominalization:dissection->dissect | lemmatize_inflection:separating->separate,0.001070786362387927,0.0010711898891097354
rob_surgical_bitrack:00,rob_surgical_bitrack,ROB_TOOL_PROMPT,Surgical/Rob Surgical/all_merged_data,rob_surgical/all_merged_data,left tool: mono_hook. right tool: none. aux tool: bi_maryland_forceps. The surgery process is a hemicolectomy.Dissection and staple of the mesocolon while separating it from the retroperitoneum,left tool mono_hook right tool none aux tool bi_maryland_forceps the surgery process is a hemicolectomydissection and staple of the mesocolon while separating it from the retroperitoneum,hemicolectomy. Dissection and staple of the mesocolon while separating it from the retroperitoneum,hemicolectomy. dissect and staple of the mesocolon while separate it from the retroperitoneum,24,13,left tool: mono_hook. right tool: none. aux tool: bi_maryland_forceps,strip_rob_tool_template | strip_rob_process_carrier | insert_space_after_punctuation | lowercase_semantic_text | canonicalize_action_nominalization:dissection->dissect | lemmatize_inflection:separating->separate,4.31967930572491e-05,4.321307180425906e-05
rob_surgical_bitrack:00,rob_surgical_bitrack,ROB_TOOL_PROMPT,Surgical/Rob Surgical/all_merged_data,rob_surgical/all_merged_data,left tool: mono_hook. right tool: forceps. aux tool: bi_maryland_forceps. The surgery process is a hemicolectomy.Preparing the colon part for anastomosis,left tool mono_hook right tool forceps aux tool bi_maryland_forceps the surgery process is a hemicolectomypreparing the colon part for anastomosis,hemicolectomy. Preparing the colon part for anastomosis,hemicolectomy. prepare the colon part for anastomosis,18,7,left tool: mono_hook. right tool: forceps. aux tool: bi_maryland_forceps,strip_rob_tool_template | strip_rob_process_carrier | insert_space_after_punctuation | lowercase_semantic_text | lemmatize_inflection:preparing->prepare,0.00017428446141642273,0.00017435014065912495
rob_surgical_bitrack:00,rob_surgical_bitrack,ROB_TOOL_PROMPT,Surgical/Rob Surgical/all_merged_data,rob_surgical/all_merged_data,left tool: none. right tool: forceps. aux tool: bi_maryland_forceps. The surgery process is a hemicolectomy.Preparing the colon part for anastomosis,left tool none right tool forceps aux tool bi_maryland_forceps the surgery process is a hemicolectomypreparing the colon part for anastomosis,hemicolectomy. Preparing the colon part for anastomosis,hemicolectomy. prepare the colon part for anastomosis,19,7,left tool: none. right tool: forceps. aux tool: bi_maryland_forceps,strip_rob_tool_template | strip_rob_process_carrier | insert_space_after_punctuation | lowercase_semantic_text | lemmatize_inflection:preparing->prepare,2.994578374852624e-05,2.9957068841774046e-05
rob_surgical_bitrack:00,rob_surgical_bitrack,ROB_TOOL_PROMPT,Surgical/Rob Surgical/all_merged_data,rob_surgical/all_merged_data,left tool: bi_maryland_forceps. right tool: forceps. aux tool: bi_maryland_forceps. The surgery process is a hemicolectomy.Preparing the colon part for anastomosis,left tool bi_maryland_forceps right tool forceps aux tool bi_maryland_forceps the surgery process is a hemicolectomypreparing the colon part for anastomosis,hemicolectomy. Preparing the colon part for anastomosis,hemicolectomy. prepare the colon part for anastomosis,18,7,left tool: bi_maryland_forceps. right tool: forceps. aux tool: bi_maryland_forceps,strip_rob_tool_template | strip_rob_process_carrier | insert_space_after_punctuation | lowercase_semantic_text | lemmatize_inflection:preparing->prepare,0.0017946508200491777,0.0017953271356875187
rob_surgical_bitrack:00,rob_surgical_bitrack,ROB_TOOL_PROMPT,Surgical/Rob Surgical/all_merged_data,rob_surgical/all_merged_data,left tool: bi_maryland_forceps. right tool: forceps. aux tool: bi_maryland_forceps. The surgery process is a hemicolectomy.Create the first penetrating hole inside the colon for anastomosis,left tool bi_maryland_forceps right tool forceps aux tool bi_maryland_forceps the surgery process is a hemicolectomycreate the first penetrating hole inside the colon for anastomosis,hemicolectomy. Create the first penetrating hole inside the colon for anastomosis,hemicolectomy. create the first penetrating hole inside the colon for anastomosis,22,11,left tool: bi_maryland_forceps. right tool: forceps. aux tool: bi_maryland_forceps,strip_rob_tool_template | strip_rob_process_carrier | insert_space_after_punctuation | lowercase_semantic_text,2.3282846864479152e-05,2.329162102447932e-05
rob_surgical_bitrack:00,rob_surgical_bitrack,ROB_TOOL_PROMPT,Surgical/Rob Surgical/all_merged_data,rob_surgical/all_merged_data,left tool: none. right tool: forceps. aux tool: bi_maryland_forceps. The surgery process is a hemicolectomy.Create the first penetrating hole inside the colon for anastomosis,left tool none right tool forceps aux tool bi_maryland_forceps the surgery process is a hemicolectomycreate the first penetrating hole inside the colon for anastomosis,hemicolectomy. Create the first penetrating hole inside the colon for anastomosis,hemicolectomy. create the first penetrating hole inside the colon for anastomosis,23,11,left tool: none. right tool: forceps. aux tool: bi_maryland_forceps,strip_rob_tool_template | strip_rob_process_carrier | insert_space_after_punctuation | lowercase_semantic_text,2.8972545776699137e-05,2.8983464104416387e-05
rob_surgical_bitrack:00,rob_surgical_bitrack,ROB_TOOL_PROMPT,Surgical/Rob Surgical/all_merged_data,rob_surgical/all_merged_data,left tool: mono_hook. right tool: forceps. aux tool: bi_maryland_forceps. The surgery process is a hemicolectomy.Create the first penetrating hole inside the colon for anastomosis,left tool mono_hook right tool forceps aux tool bi_maryland_forceps the surgery process is a hemicolectomycreate the first penetrating hole inside the colon for anastomosis,hemicolectomy. Create the first penetrating hole inside the colon for anastomosis,hemicolectomy. create the first penetrating hole inside the colon for anastomosis,22,11,left tool: mono_hook. right tool: forceps. aux tool: bi_maryland_forceps,strip_rob_tool_template | strip_rob_process_carrier | insert_space_after_punctuation | lowercase_semantic_text,0.0001723379854727685,0.0001724029311844096
rob_surgical_bitrack:00,rob_surgical_bitrack,ROB_TOOL_PROMPT,Surgical/Rob Surgical/all_merged_data,rob_surgical/all_merged_data,left tool: mono_hook. right tool: forceps. aux tool: bi_maryland_forceps. The surgery process is a hemicolectomy.Create the second penetrating hole inside the colon for anastomosis,left tool mono_hook right tool forceps aux tool bi_maryland_forceps the surgery process is a hemicolectomycreate the second penetrating hole inside the colon for anastomosis,hemicolectomy. Create the second penetrating hole inside the colon for anastomosis,hemicolectomy. create the second penetrating hole inside the colon for anastomosis,22,11,left tool: mono_hook. right tool: forceps. aux tool: bi_maryland_forceps,strip_rob_tool_template | strip_rob_process_carrier | insert_space_after_punctuation | lowercase_semantic_text,0.00022683931189508626,0.0002269247964764384
rob_surgical_bitrack:00,rob_surgical_bitrack,ROB_TOOL_PROMPT,Surgical/Rob Surgical/all_merged_data,rob_surgical/all_merged_data,left tool: none. right tool: forceps. aux tool: bi_maryland_forceps. The surgery process is a hemicolectomy.,left tool none right tool forceps aux tool bi_maryland_forceps the surgery process is a hemicolectomy,hemicolectomy.,hemicolectomy,14,1,left tool: none. right tool: forceps. aux tool: bi_maryland_forceps,strip_rob_tool_template | strip_rob_process_carrier | strip_terminal_punctuation,0.0012262049800427783,0.0012266670763985427
rob_surgical_bitrack:00,rob_surgical_bitrack,ROB_TOOL_PROMPT,Surgical/Rob Surgical/all_merged_data,rob_surgical/all_merged_data,left tool: none. right tool: forceps. aux tool: bi_maryland_forceps. The surgery process is a hemicolectomy.Lateral to lateral approximation,left tool none right tool forceps aux tool bi_maryland_forceps the surgery process is a hemicolectomylateral to lateral approximation,hemicolectomy. Lateral to lateral approximation,hemicolectomy. lateral to lateral approximation,17,5,left tool: none. right tool: forceps. aux tool: bi_maryland_forceps,strip_rob_tool_template | strip_rob_process_carrier | insert_space_after_punctuation | lowercase_semantic_text,0.0004694001602581488,0.00046957705409480816
rob_surgical_bitrack:00,rob_surgical_bitrack,ROB_TOOL_PROMPT,Surgical/Rob Surgical/all_merged_data,rob_surgical/all_merged_data,left tool: forceps. right tool: forceps. aux tool: bi_maryland_forceps. The surgery process is a hemicolectomy.,left tool forceps right tool forceps aux tool bi_maryland_forceps the surgery process is a hemicolectomy,hemicolectomy.,hemicolectomy,14,1,left tool: forceps. right tool: forceps. aux tool: bi_maryland_forceps,strip_rob_tool_template | strip_rob_process_carrier | strip_terminal_punctuation,0.00031809908786872,0.00031821896377174486
rob_surgical_bitrack:00,rob_surgical_bitrack,ROB_TOOL_PROMPT,Surgical/Rob Surgical/all_merged_data,rob_surgical/all_merged_data,left tool: forceps. right tool: forceps. aux tool: bi_maryland_forceps. The surgery process is a hemicolectomy.Suturing,left tool forceps right tool forceps aux tool bi_maryland_forceps the surgery process is a hemicolectomysuturing,hemicolectomy. Suturing,hemicolectomy. suture,14,2,left tool: forceps. right tool: forceps. aux tool: bi_maryland_forceps,strip_rob_tool_template | strip_rob_process_carrier | insert_space_after_punctuation | lowercase_semantic_text | lemmatize_inflection:suturing->suture,0.011812338992984289,0.011816790482654086
rob_surgical_bitrack:00,rob_surgical_bitrack,ROB_TOOL_PROMPT,Surgical/Rob Surgical/all_merged_data,rob_surgical/all_merged_data,left tool: forceps. right tool: forceps. aux tool: bi_maryland_forceps. The surgery process is a hemicolectomy.SuturingPause in the surgery,left tool forceps right tool forceps aux tool bi_maryland_forceps the surgery process is a hemicolectomysuturingpause in the surgery,hemicolectomy. Suturing. Pause in the surgery,hemicolectomy. suture. pause in the surgery,17,6,left tool: forceps. right tool: forceps. aux tool: bi_maryland_forceps,strip_rob_tool_template | strip_rob_process_carrier | split_rob_concatenated_phases | insert_space_after_punctuation | lowercase_semantic_text | lemmatize_inflection:suturing->suture,0.0038854654413712796,0.003886929682220182
rob_surgical_bitrack:00,rob_surgical_bitrack,ROB_TOOL_PROMPT,Surgical/Rob Surgical/all_merged_data,rob_surgical/all_merged_data,left tool: forceps. right tool: none. aux tool: bi_maryland_forceps. The surgery process is a hemicolectomy.Suturing,left tool forceps right tool none aux tool bi_maryland_forceps the surgery process is a hemicolectomysuturing,hemicolectomy. Suturing,hemicolectomy. suture,14,2,left tool: forceps. right tool: none. aux tool: bi_maryland_forceps,strip_rob_tool_template | strip_rob_process_carrier | insert_space_after_punctuation | lowercase_semantic_text | lemmatize_inflection:suturing->suture,0.00021126750434585263,0.0002113471206787159
rob_surgical_bitrack:00,rob_surgical_bitrack,ROB_TOOL_PROMPT,Surgical/Rob Surgical/all_merged_data,rob_surgical/all_merged_data,left tool: none. right tool: forceps. aux tool: bi_maryland_forceps. The surgery process is a hemicolectomy.Suturing,left tool none right tool forceps aux tool bi_maryland_forceps the surgery process is a hemicolectomysuturing,hemicolectomy. Suturing,hemicolectomy. suture,14,2,left tool: none. right tool: forceps. aux tool: bi_maryland_forceps,strip_rob_tool_template | strip_rob_process_carrier | insert_space_after_punctuation | lowercase_semantic_text | lemmatize_inflection:suturing->suture,0.00038734871278718695,0.0003874946854683473
rob_surgical_bitrack:00,rob_surgical_bitrack,ROB_TOOL_PROMPT,Surgical/Rob Surgical/all_merged_data,rob_surgical/all_merged_data,left tool: none. right tool: forceps. aux tool: none. The surgery process is a hemicolectomy.,left tool none right tool forceps aux tool none the surgery process is a hemicolectomy,hemicolectomy.,hemicolectomy,15,1,left tool: none. right tool: forceps. aux tool: none,strip_rob_tool_template | strip_rob_process_carrier | strip_terminal_punctuation,3.98278923855399e-05,3.984290155955948e-05
rob_surgical_bitrack:00,rob_surgical_bitrack,ROB_TOOL_PROMPT,Surgical/Rob Surgical/all_merged_data,rob_surgical/all_merged_data,left tool: none. right tool: none. aux tool: none. The surgery process is a hemicolectomy.,left tool none right tool none aux tool none the surgery process is a hemicolectomy,hemicolectomy.,hemicolectomy,15,1,left tool: none. right tool: none. aux tool: none,strip_rob_tool_template | strip_rob_process_carrier | strip_terminal_punctuation,0.0006495989139649054,0.0006498437158501835
rob_surgical_bitrack:00,rob_surgical_bitrack,ROB_TOOL_PROMPT,Surgical/Rob Surgical/all_merged_data,rob_surgical/all_merged_data,left tool: mono_hook. right tool: bi_maryland_forceps. aux tool: bi_maryland_forceps. The surgery process is a hemicolectomy.,left tool mono_hook right tool bi_maryland_forceps aux tool bi_maryland_forceps the surgery process is a hemicolectomy,hemicolectomy.,hemicolectomy,12,1,left tool: mono_hook. right tool: bi_maryland_forceps. aux tool: bi_maryland_forceps,strip_rob_tool_template | strip_rob_process_carrier | strip_terminal_punctuation,0.0002966878524885237,0.00029679965954987635
rob_surgical_bitrack:00,rob_surgical_bitrack,ROB_TOOL_PROMPT,Surgical/Rob Surgical/all_merged_data,rob_surgical/all_merged_data,left tool: mono_hook. right tool: bi_maryland_forceps. aux tool: bi_maryland_forceps. The surgery process is a hemicolectomy.Identify the inferior mesenteric artery and vein,left tool mono_hook right tool bi_maryland_forceps aux tool bi_maryland_forceps the surgery process is a hemicolectomyidentify the inferior mesenteric artery and vein,hemicolectomy. Identify the inferior mesenteric artery and vein,hemicolectomy. identify the inferior mesenteric artery and vein,18,8,left tool: mono_hook. right tool: bi_maryland_forceps. aux tool: bi_maryland_forceps,strip_rob_tool_template | strip_rob_process_carrier | insert_space_after_punctuation | lowercase_semantic_text,0.0010421132744487132,0.0010425059956937369
rob_surgical_bitrack:00,rob_surgical_bitrack,ROB_TOOL_PROMPT,Surgical/Rob Surgical/all_merged_data,rob_surgical/all_merged_data,left tool: mono_hook. right tool: bi_maryland_forceps. aux tool: bi_maryland_forceps. The surgery process is a hemicolectomy.Identify the inferior mesenteric artery and veinArtery coagulation,left tool mono_hook right tool bi_maryland_forceps aux tool bi_maryland_forceps the surgery process is a hemicolectomyidentify the inferior mesenteric artery and veinartery coagulation,hemicolectomy. Identify the inferior mesenteric artery and vein. Artery coagulation,hemicolectomy. identify the inferior mesenteric artery and vein. artery coagulation,19,10,left tool: mono_hook. right tool: bi_maryland_forceps. aux tool: bi_maryland_forceps,strip_rob_tool_template | strip_rob_process_carrier | split_rob_concatenated_phases | insert_space_after_punctuation | lowercase_semantic_text,1.497289187426312e-07,1.4978534420887024e-07
rob_surgical_bitrack:00,rob_surgical_bitrack,ROB_TOOL_PROMPT,Surgical/Rob Surgical/all_merged_data,rob_surgical/all_merged_data,left tool: mono_hook. right tool: bi_maryland_forceps. aux tool: bi_maryland_forceps. The surgery process is a hemicolectomy.Artery coagulation,left tool mono_hook right tool bi_maryland_forceps aux tool bi_maryland_forceps the surgery process is a hemicolectomyartery coagulation,hemicolectomy. Artery coagulation,hemicolectomy. artery coagulation,13,3,left tool: mono_hook. right tool: bi_maryland_forceps. aux tool: bi_maryland_forceps,strip_rob_tool_template | strip_rob_process_carrier | insert_space_after_punctuation | lowercase_semantic_text,0.0013361808708592408,0.001336684411719958
rob_surgical_bitrack:00,rob_surgical_bitrack,ROB_TOOL_PROMPT,Surgical/Rob Surgical/all_merged_data,rob_surgical/all_merged_data,left tool: mono_hook. right tool: bi_maryland_forceps. aux tool: bi_maryland_forceps. The surgery process is a hemicolectomy.Artery coagulationResect the lymphatic tissue around the mesenteric artery and vein,left tool mono_hook right tool bi_maryland_forceps aux tool bi_maryland_forceps the surgery process is a hemicolectomyartery coagulationresect the lymphatic tissue around the mesenteric artery and vein,hemicolectomy. Artery coagulation. Resect the lymphatic tissue around the mesenteric artery and vein,hemicolectomy. artery coagulation. resect the lymphatic tissue around the mesenteric artery and vein,22,13,left tool: mono_hook. right tool: bi_maryland_forceps. aux tool: bi_maryland_forceps,strip_rob_tool_template | strip_rob_process_carrier | split_rob_concatenated_phases | insert_space_after_punctuation | lowercase_semantic_text,1.497289187426312e-07,1.4978534420887024e-07
rob_surgical_bitrack:00,rob_surgical_bitrack,ROB_TOOL_PROMPT,Surgical/Rob Surgical/all_merged_data,rob_surgical/all_merged_data,left tool: mono_hook. right tool: bi_maryland_forceps. aux tool: bi_maryland_forceps. The surgery process is a hemicolectomy.Resect the lymphatic tissue around the mesenteric artery and vein,left tool mono_hook right tool bi_maryland_forceps aux tool bi_maryland_forceps the surgery process is a hemicolectomyresect the lymphatic tissue around the mesenteric artery and vein,hemicolectomy. Resect the lymphatic tissue around the mesenteric artery and vein,hemicolectomy. resect the lymphatic tissue around the mesenteric artery and vein,21,11,left tool: mono_hook. right tool: bi_maryland_forceps. aux tool: bi_maryland_forceps,strip_rob_tool_template | strip_rob_process_carrier | insert_space_after_punctuation | lowercase_semantic_text,0.0004872179015885219,0.0004874015100556637
rob_surgical_bitrack:00,rob_surgical_bitrack,ROB_TOOL_PROMPT,Surgical/Rob Surgical/all_merged_data,rob_surgical/all_merged_data,left tool: mono_hook. right tool: bi_maryland_forceps. aux tool: bi_maryland_forceps. The surgery process is a hemicolectomy.Resect the lymphatic tissue around the mesenteric artery and veinDissection and staple of the mesocolon while separating it from the retroperitoneum,left tool mono_hook right tool bi_maryland_forceps aux tool bi_maryland_forceps the surgery process is a hemicolectomyresect the lymphatic tissue around the mesenteric artery and veindissection and staple of the mesocolon while separating it from the retroperitoneum,hemicolectomy. Resect the lymphatic tissue around the mesenteric artery and vein. Dissection and staple of the mesocolon while separating it from the retroperitoneum,hemicolectomy. resect the lymphatic tissue around the mesenteric artery and vein. dissect and staple of the mesocolon while separate it from the retroperitoneum,32,23,left tool: mono_hook. right tool: bi_maryland_forceps. aux tool: bi_maryland_forceps,strip_rob_tool_template | strip_rob_process_carrier | split_rob_concatenated_phases | insert_space_after_punctuation | lowercase_semantic_text | canonicalize_action_nominalization:dissection->dissect | lemmatize_inflection:separating->separate,1.497289187426312e-07,1.4978534420887024e-07
rob_surgical_bitrack:00,rob_surgical_bitrack,ROB_TOOL_PROMPT,Surgical/Rob Surgical/all_merged_data,rob_surgical/all_merged_data,left tool: mono_hook. right tool: bi_maryland_forceps. aux tool: bi_maryland_forceps. The surgery process is a hemicolectomy.Dissection and staple of the mesocolon while separating it from the retroperitoneum,left tool mono_hook right tool bi_maryland_forceps aux tool bi_maryland_forceps the surgery process is a hemicolectomydissection and staple of the mesocolon while separating it from the retroperitoneum,hemicolectomy. Dissection and staple of the mesocolon while separating it from the retroperitoneum,hemicolectomy. dissect and staple of the mesocolon while separate it from the retroperitoneum,23,13,left tool: mono_hook. right tool: bi_maryland_forceps. aux tool: bi_maryland_forceps,strip_rob_tool_template | strip_rob_process_carrier | insert_space_after_punctuation | lowercase_semantic_text | canonicalize_action_nominalization:dissection->dissect | lemmatize_inflection:separating->separate,0.0003659374774069906,0.00036607538124647877
rob_surgical_bitrack:00,rob_surgical_bitrack,ROB_TOOL_PROMPT,Surgical/Rob Surgical/all_merged_data,rob_surgical/all_merged_data,left tool: mono_hook. right tool: bi_maryland_forceps. aux tool: bi_maryland_forceps. The surgery process is a hemicolectomy.Dissection and staple of the mesocolon while separating it from the retroperitoneumPreparing the colon part for anastomosis,left tool mono_hook right tool bi_maryland_forceps aux tool bi_maryland_forceps the surgery process is a hemicolectomydissection and staple of the mesocolon while separating it from the retroperitoneumpreparing the colon part for anastomosis,hemicolectomy. Dissection and staple of the mesocolon while separating it from the retroperitoneum. Preparing the colon part for anastomosis,hemicolectomy. dissect and staple of the mesocolon while separate it from the retroperitoneum. prepare the colon part for anastomosis,28,19,left tool: mono_hook. right tool: bi_maryland_forceps. aux tool: bi_maryland_forceps,strip_rob_tool_template | strip_rob_process_carrier | split_rob_concatenated_phases | insert_space_after_punctuation | lowercase_semantic_text | canonicalize_action_nominalization:dissection->dissect | lemmatize_inflection:separating->separate | lemmatize_inflection:preparing->prepare,1.497289187426312e-07,1.4978534420887024e-07
rob_surgical_bitrack:00,rob_surgical_bitrack,ROB_TOOL_PROMPT,Surgical/Rob Surgical/all_merged_data,rob_surgical/all_merged_data,left tool: mono_hook. right tool: bi_maryland_forceps. aux tool: bi_maryland_forceps. The surgery process is a hemicolectomy.Preparing the colon part for anastomosis,left tool mono_hook right tool bi_maryland_forceps aux tool bi_maryland_forceps the surgery process is a hemicolectomypreparing the colon part for anastomosis,hemicolectomy. Preparing the colon part for anastomosis,hemicolectomy. prepare the colon part for anastomosis,17,7,left tool: mono_hook. right tool: bi_maryland_forceps. aux tool: bi_maryland_forceps,strip_rob_tool_template | strip_rob_process_carrier | insert_space_after_punctuation | lowercase_semantic_text | lemmatize_inflection:preparing->prepare,0.0003300025369087592,0.00033012689863635
rob_surgical_bitrack:00,rob_surgical_bitrack,ROB_TOOL_PROMPT,Surgical/Rob Surgical/all_merged_data,rob_surgical/all_merged_data,left tool: mono_hook. right tool: bi_maryland_forceps. aux tool: bi_maryland_forceps. The surgery process is a hemicolectomy.Preparing the colon part for anastomosisCreate the first penetrating hole inside the colon for anastomosis,left tool mono_hook right tool bi_maryland_forceps aux tool bi_maryland_forceps the surgery process is a hemicolectomypreparing the colon part for anastomosiscreate the first penetrating hole inside the colon for anastomosis,hemicolectomy. Preparing the colon part for anastomosis. Create the first penetrating hole inside the colon for anastomosis,hemicolectomy. prepare the colon part for anastomosis. create the first penetrating hole inside the colon for anastomosis,26,17,left tool: mono_hook. right tool: bi_maryland_forceps. aux tool: bi_maryland_forceps,strip_rob_tool_template | strip_rob_process_carrier | split_rob_concatenated_phases | insert_space_after_punctuation | lowercase_semantic_text | lemmatize_inflection:preparing->prepare,1.497289187426312e-07,1.4978534420887024e-07
rob_surgical_bitrack:00,rob_surgical_bitrack,ROB_TOOL_PROMPT,Surgical/Rob Surgical/all_merged_data,rob_surgical/all_merged_data,left tool: mono_hook. right tool: bi_maryland_forceps. aux tool: bi_maryland_forceps. The surgery process is a hemicolectomy.Create the first penetrating hole inside the colon for anastomosis,left tool mono_hook right tool bi_maryland_forceps aux tool bi_maryland_forceps the surgery process is a hemicolectomycreate the first penetrating hole inside the colon for anastomosis,hemicolectomy. Create the first penetrating hole inside the colon for anastomosis,hemicolectomy. create the first penetrating hole inside the colon for anastomosis,21,11,left tool: mono_hook. right tool: bi_maryland_forceps. aux tool: bi_maryland_forceps,strip_rob_tool_template | strip_rob_process_carrier | insert_space_after_punctuation | lowercase_semantic_text,0.0008959778497559051,0.0008963154997458795
rob_surgical_bitrack:00,rob_surgical_bitrack,ROB_TOOL_PROMPT,Surgical/Rob Surgical/all_merged_data,rob_surgical/all_merged_data,left tool: mono_hook. right tool: bi_maryland_forceps. aux tool: bi_maryland_forceps. The surgery process is a hemicolectomy.Create the first penetrating hole inside the colon for anastomosisCreate the second penetrating hole inside the colon for anastomosis,left tool mono_hook right tool bi_maryland_forceps aux tool bi_maryland_forceps the surgery process is a hemicolectomycreate the first penetrating hole inside the colon for anastomosiscreate the second penetrating hole inside the colon for anastomosis,hemicolectomy. Create the first penetrating hole inside the colon for anastomosis. Create the second penetrating hole inside the colon for anastomosis,hemicolectomy. create the first penetrating hole inside the colon for anastomosis. create the second penetrating hole inside the colon for anastomosis,30,21,left tool: mono_hook. right tool: bi_maryland_forceps. aux tool: bi_maryland_forceps,strip_rob_tool_template | strip_rob_process_carrier | split_rob_concatenated_phases | insert_space_after_punctuation | lowercase_semantic_text,1.497289187426312e-07,1.4978534420887024e-07
rob_surgical_bitrack:00,rob_surgical_bitrack,ROB_TOOL_PROMPT,Surgical/Rob Surgical/all_merged_data,rob_surgical/all_merged_data,left tool: mono_hook. right tool: bi_maryland_forceps. aux tool: bi_maryland_forceps. The surgery process is a hemicolectomy.Create the second penetrating hole inside the colon for anastomosis,left tool mono_hook right tool bi_maryland_forceps aux tool bi_maryland_forceps the surgery process is a hemicolectomycreate the second penetrating hole inside the colon for anastomosis,hemicolectomy. Create the second penetrating hole inside the colon for anastomosis,hemicolectomy. create the second penetrating hole inside the colon for anastomosis,21,11,left tool: mono_hook. right tool: bi_maryland_forceps. aux tool: bi_maryland_forceps,strip_rob_tool_template | strip_rob_process_carrier | insert_space_after_punctuation | lowercase_semantic_text,0.0003569537422824328,0.00035708826059394663
rob_surgical_bitrack:00,rob_surgical_bitrack,ROB_TOOL_PROMPT,Surgical/Rob Surgical/all_merged_data,rob_surgical/all_merged_data,left tool: mono_hook. right tool: bi_maryland_forceps. aux tool: bi_maryland_forceps. The surgery process is a hemicolectomy.Create the second penetrating hole inside the colon for anastomosisLateral to lateral approximation,left tool mono_hook right tool bi_maryland_forceps aux tool bi_maryland_forceps the surgery process is a hemicolectomycreate the second penetrating hole inside the colon for anastomosislateral to lateral approximation,hemicolectomy. Create the second penetrating hole inside the colon for anastomosis. Lateral to lateral approximation,hemicolectomy. create the second penetrating hole inside the colon for anastomosis. lateral to lateral approximation,24,15,left tool: mono_hook. right tool: bi_maryland_forceps. aux tool: bi_maryland_forceps,strip_rob_tool_template | strip_rob_process_carrier | split_rob_concatenated_phases | insert_space_after_punctuation | lowercase_semantic_text,1.497289187426312e-07,1.4978534420887024e-07
rob_surgical_bitrack:00,rob_surgical_bitrack,ROB_TOOL_PROMPT,Surgical/Rob Surgical/all_merged_data,rob_surgical/all_merged_data,left tool: mono_hook. right tool: bi_maryland_forceps. aux tool: bi_maryland_forceps. The surgery process is a hemicolectomy.Lateral to lateral approximation,left tool mono_hook right tool bi_maryland_forceps aux tool bi_maryland_forceps the surgery process is a hemicolectomylateral to lateral approximation,hemicolectomy. Lateral to lateral approximation,hemicolectomy. lateral to lateral approximation,15,5,left tool: mono_hook. right tool: bi_maryland_forceps. aux tool: bi_maryland_forceps,strip_rob_tool_template | strip_rob_process_carrier | insert_space_after_punctuation | lowercase_semantic_text,0.000552724303538423,0.0005529325981470444
rob_surgical_bitrack:00,rob_surgical_bitrack,ROB_TOOL_PROMPT,Surgical/Rob Surgical/all_merged_data,rob_surgical/all_merged_data,left tool: none. right tool: bi_maryland_forceps. aux tool: bi_maryland_forceps. The surgery process is a hemicolectomy.Lateral to lateral approximation,left tool none right tool bi_maryland_forceps aux tool bi_maryland_forceps the surgery process is a hemicolectomylateral to lateral approximation,hemicolectomy. Lateral to lateral approximation,hemicolectomy. lateral to lateral approximation,16,5,left tool: none. right tool: bi_maryland_forceps. aux tool: bi_maryland_forceps,strip_rob_tool_template | strip_rob_process_carrier | insert_space_after_punctuation | lowercase_semantic_text,9.635055921088319e-05,9.6386868998408e-05
rob_surgical_bitrack:00,rob_surgical_bitrack,ROB_TOOL_PROMPT,Surgical/Rob Surgical/all_merged_data,rob_surgical/all_merged_data,left tool: none. right tool: bi_maryland_forceps. aux tool: bi_maryland_forceps. The surgery process is a hemicolectomy.,left tool none right tool bi_maryland_forceps aux tool bi_maryland_forceps the surgery process is a hemicolectomy,hemicolectomy.,hemicolectomy,13,1,left tool: none. right tool: bi_maryland_forceps. aux tool: bi_maryland_forceps,strip_rob_tool_template | strip_rob_process_carrier | strip_terminal_punctuation,0.0002686136802242804,0.0002687149075107132
rob_surgical_bitrack:00,rob_surgical_bitrack,ROB_TOOL_PROMPT,Surgical/Rob Surgical/all_merged_data,rob_surgical/all_merged_data,left tool: none. right tool: bi_maryland_forceps. aux tool: none. The surgery process is a hemicolectomy.,left tool none right tool bi_maryland_forceps aux tool none the surgery process is a hemicolectomy,hemicolectomy.,hemicolectomy,14,1,left tool: none. right tool: bi_maryland_forceps. aux tool: none,strip_rob_tool_template | strip_rob_process_carrier | strip_terminal_punctuation,0.00019434813652793528,0.00019442137678311354
rob_surgical_bitrack:00,rob_surgical_bitrack,ROB_TOOL_PROMPT,Surgical/Rob Surgical/all_merged_data,rob_surgical/all_merged_data,left tool: forceps. right tool: bi_maryland_forceps. aux tool: none. The surgery process is a hemicolectomy.,left tool forceps right tool bi_maryland_forceps aux tool none the surgery process is a hemicolectomy,hemicolectomy.,hemicolectomy,14,1,left tool: forceps. right tool: bi_maryland_forceps. aux tool: none,strip_rob_tool_template | strip_rob_process_carrier | strip_terminal_punctuation,2.6576883076817038e-05,2.6586898597074465e-05
rob_surgical_bitrack:00,rob_surgical_bitrack,ROB_TOOL_PROMPT,Surgical/Rob Surgical/all_merged_data,rob_surgical/all_merged_data,left tool: forceps. right tool: bi_maryland_forceps. aux tool: forceps. The surgery process is a hemicolectomy.,left tool forceps right tool bi_maryland_forceps aux tool forceps the surgery process is a hemicolectomy,hemicolectomy.,hemicolectomy,14,1,left tool: forceps. right tool: bi_maryland_forceps. aux tool: forceps,strip_rob_tool_template | strip_rob_process_carrier | strip_terminal_punctuation,0.00014853108739269015,0.00014858706145519927
rob_surgical_bitrack:00,rob_surgical_bitrack,ROB_TOOL_PROMPT,Surgical/Rob Surgical/all_merged_data,rob_surgical/all_merged_data,left tool: forceps. right tool: bi_maryland_forceps. aux tool: forceps. The surgery process is a hemicolectomy.Suturing,left tool forceps right tool bi_maryland_forceps aux tool forceps the surgery process is a hemicolectomysuturing,hemicolectomy. Suturing,hemicolectomy. suture,14,2,left tool: forceps. right tool: bi_maryland_forceps. aux tool: forceps,strip_rob_tool_template | strip_rob_process_carrier | insert_space_after_punctuation | lowercase_semantic_text | lemmatize_inflection:suturing->suture,0.007818095492146487,0.007821041747866159
rob_surgical_bitrack:00,rob_surgical_bitrack,ROB_TOOL_PROMPT,Surgical/Rob Surgical/all_merged_data,rob_surgical/all_merged_data,left tool: forceps. right tool: bi_maryland_forceps. aux tool: bi_maryland_forceps. The surgery process is a hemicolectomy.,left tool forceps right tool bi_maryland_forceps aux tool bi_maryland_forceps the surgery process is a hemicolectomy,hemicolectomy.,hemicolectomy,13,1,left tool: forceps. right tool: bi_maryland_forceps. aux tool: bi_maryland_forceps,strip_rob_tool_template | strip_rob_process_carrier | strip_terminal_punctuation,9.822217069516607e-05,9.825918580101888e-05
rob_surgical_bitrack:00,rob_surgical_bitrack,ROB_TOOL_PROMPT,Surgical/Rob Surgical/all_merged_data,rob_surgical/all_merged_data,left tool: none. right tool: none. aux tool: none. The surgery process is a hysterectomy.Urinary bladder mobilization,left tool none right tool none aux tool none the surgery process is a hysterectomyurinary bladder mobilization,hysterectomy. Urinary bladder mobilization,hysterectomy. urinary bladder mobilization,17,4,left tool: none. right tool: none. aux tool: none,strip_rob_tool_template | strip_rob_process_carrier | insert_space_after_punctuation | lowercase_semantic_text,0.00029197139154813086,0.000292081421207297
rob_surgical_bitrack:00,rob_surgical_bitrack,ROB_TOOL_PROMPT,Surgical/Rob Surgical/all_merged_data,rob_surgical/all_merged_data,left tool: none. right tool: none. aux tool: none. The surgery process is a hysterectomy.Urinary bladder mobilizationIdentification of uterus and ovaries,left tool none right tool none aux tool none the surgery process is a hysterectomyurinary bladder mobilizationidentification of uterus and ovaries,hysterectomy. Urinary bladder mobilization. Identification of uterus and ovaries,hysterectomy. urinary bladder mobilization. identification of uterus and ovary,21,9,left tool: none. right tool: none. aux tool: none,strip_rob_tool_template | strip_rob_process_carrier | split_rob_concatenated_phases | insert_space_after_punctuation | lowercase_semantic_text | lemmatize_inflection:ovaries->ovary,7.48644593713156e-08,7.489267210443512e-08
rob_surgical_bitrack:00,rob_surgical_bitrack,ROB_TOOL_PROMPT,Surgical/Rob Surgical/all_merged_data,rob_surgical/all_merged_data,left tool: none. right tool: none. aux tool: none. The surgery process is a hysterectomy.Identification of uterus and ovaries,left tool none right tool none aux tool none the surgery process is a hysterectomyidentification of uterus and ovaries,hysterectomy. Identification of uterus and ovaries,hysterectomy. identification of uterus and ovary,19,6,left tool: none. right tool: none. aux tool: none,strip_rob_tool_template | strip_rob_process_carrier | insert_space_after_punctuation | lowercase_semantic_text | lemmatize_inflection:ovaries->ovary,2.3732033620707044e-05,2.374097705710593e-05
rob_surgical_bitrack:00,rob_surgical_bitrack,ROB_TOOL_PROMPT,Surgical/Rob Surgical/all_merged_data,rob_surgical/all_merged_data,left tool: none. right tool: none. aux tool: mono_round_scissors. The surgery process is a hysterectomy.Identification of uterus and ovaries,left tool none right tool none aux tool mono_round_scissors the surgery process is a hysterectomyidentification of uterus and ovaries,hysterectomy. Identification of uterus and ovaries,hysterectomy. identification of uterus and ovary,18,6,left tool: none. right tool: none. aux tool: mono_round_scissors,strip_rob_tool_template | strip_rob_process_carrier | insert_space_after_punctuation | lowercase_semantic_text | lemmatize_inflection:ovaries->ovary,0.00015137593684880015,0.0001514329829951678
rob_surgical_bitrack:00,rob_surgical_bitrack,ROB_TOOL_PROMPT,Surgical/Rob Surgical/all_merged_data,rob_surgical/all_merged_data,left tool: none. right tool: none. aux tool: mono_round_scissors. The surgery process is a hysterectomy.Identification of uterus and ovariesCoagulation and dissection of the ovarian vessels,left tool none right tool none aux tool mono_round_scissors the surgery process is a hysterectomyidentification of uterus and ovariescoagulation and dissection of the ovarian vessels,hysterectomy. Identification of uterus and ovaries. Coagulation and dissection of the ovarian vessels,hysterectomy. identification of uterus and ovary. coagulation and dissect of the ovarian vessel,24,13,left tool: none. right tool: none. aux tool: mono_round_scissors,strip_rob_tool_template | strip_rob_process_carrier | split_rob_concatenated_phases | insert_space_after_punctuation | lowercase_semantic_text | lemmatize_inflection:ovaries->ovary | canonicalize_action_nominalization:dissection->dissect | lemmatize_inflection:vessels->vessel,7.48644593713156e-08,7.489267210443512e-08
rob_surgical_bitrack:00,rob_surgical_bitrack,ROB_TOOL_PROMPT,Surgical/Rob Surgical/all_merged_data,rob_surgical/all_merged_data,left tool: none. right tool: none. aux tool: mono_round_scissors. The surgery process is a hysterectomy.Coagulation and dissection of the ovarian vessels,left tool none right tool none aux tool mono_round_scissors the surgery process is a hysterectomycoagulation and dissection of the ovarian vessels,hysterectomy. Coagulation and dissection of the ovarian vessels,hysterectomy. coagulation and dissect of the ovarian vessel,20,8,left tool: none. right tool: none. aux tool: mono_round_scissors,strip_rob_tool_template | strip_rob_process_carrier | insert_space_after_punctuation | lowercase_semantic_text | canonicalize_action_nominalization:dissection->dissect | lemmatize_inflection:vessels->vessel,2.3956626998820994e-06,2.396565507341924e-06
rob_surgical_bitrack:00,rob_surgical_bitrack,ROB_TOOL_PROMPT,Surgical/Rob Surgical/all_merged_data,rob_surgical/all_merged_data,left tool: bi_maryland_forceps. right tool: none. aux tool: mono_round_scissors. The surgery process is a hysterectomy.Coagulation and dissection of the ovarian vessels,left tool bi_maryland_forceps right tool none aux tool mono_round_scissors the surgery process is a hysterectomycoagulation and dissection of the ovarian vessels,hysterectomy. Coagulation and dissection of the ovarian vessels,hysterectomy. coagulation and dissect of the ovarian vessel,19,8,left tool: bi_maryland_forceps. right tool: none. aux tool: mono_round_scissors,strip_rob_tool_template | strip_rob_process_carrier | insert_space_after_punctuation | lowercase_semantic_text | canonicalize_action_nominalization:dissection->dissect | lemmatize_inflection:vessels->vessel,0.00011379397824439971,0.00011383686159874137
rob_surgical_bitrack:00,rob_surgical_bitrack,ROB_TOOL_PROMPT,Surgical/Rob Surgical/all_merged_data,rob_surgical/all_merged_data,left tool: bi_maryland_forceps. right tool: bi_maryland_forceps. aux tool: mono_round_scissors. The surgery process is a hysterectomy.Coagulation and dissection of the ovarian vessels,left tool bi_maryland_forceps right tool bi_maryland_forceps aux tool mono_round_scissors the surgery process is a hysterectomycoagulation and dissection of the ovarian vessels,hysterectomy. Coagulation and dissection of the ovarian vessels,hysterectomy. coagulation and dissect of the ovarian vessel,18,8,left tool: bi_maryland_forceps. right tool: bi_maryland_forceps. aux tool: mono_round_scissors,strip_rob_tool_template | strip_rob_process_carrier | insert_space_after_punctuation | lowercase_semantic_text | canonicalize_action_nominalization:dissection->dissect | lemmatize_inflection:vessels->vessel,0.0004542026750057718,0.00045437384165760786
rob_surgical_bitrack:00,rob_surgical_bitrack,ROB_TOOL_PROMPT,Surgical/Rob Surgical/all_merged_data,rob_surgical/all_merged_data,left tool: bi_maryland_forceps. right tool: bi_maryland_forceps. aux tool: mono_round_scissors. The surgery process is a hysterectomy.Coagulation and dissection of the ovarian vesselsError: Surgeon cut an artery/vessel,left tool bi_maryland_forceps right tool bi_maryland_forceps aux tool mono_round_scissors the surgery process is a hysterectomycoagulation and dissection of the ovarian vesselserror surgeon cut an arteryvessel,hysterectomy. Coagulation and dissection of the ovarian vessels. Error: Surgeon cut an artery/vessel,hysterectomy. coagulation and dissect of the ovarian vessel. error: surgeon cut an artery/vessel,22,12,left tool: bi_maryland_forceps. right tool: bi_maryland_forceps. aux tool: mono_round_scissors,strip_rob_tool_template | strip_rob_process_carrier | split_rob_concatenated_phases | insert_space_after_punctuation | lowercase_semantic_text | canonicalize_action_nominalization:dissection->dissect | lemmatize_inflection:vessels->vessel,7.48644593713156e-08,7.489267210443512e-08
rob_surgical_bitrack:00,rob_surgical_bitrack,ROB_TOOL_PROMPT,Surgical/Rob Surgical/all_merged_data,rob_surgical/all_merged_data,left tool: bi_maryland_forceps. right tool: bi_maryland_forceps. aux tool: mono_round_scissors. The surgery process is a hysterectomy.Error: Surgeon cut an artery/vessel,left tool bi_maryland_forceps right tool bi_maryland_forceps aux tool mono_round_scissors the surgery process is a hysterectomyerror surgeon cut an arteryvessel,hysterectomy. Error: Surgeon cut an artery/vessel,hysterectomy. error: surgeon cut an artery/vessel,16,5,left tool: bi_maryland_forceps. right tool: bi_maryland_forceps. aux tool: mono_round_scissors,strip_rob_tool_template | strip_rob_process_carrier | insert_space_after_punctuation | lowercase_semantic_text,0.00030986399733787533,0.000309980769840257
rob_surgical_bitrack:00,rob_surgical_bitrack,ROB_TOOL_PROMPT,Surgical/Rob Surgical/all_merged_data,rob_surgical/all_merged_data,left tool: bi_maryland_forceps. right tool: bi_maryland_forceps. aux tool: mono_round_scissors. The surgery process is a hysterectomy.Error: Surgeon cut an artery/vesselDissection of the broad ligament,left tool bi_maryland_forceps right tool bi_maryland_forceps aux tool mono_round_scissors the surgery process is a hysterectomyerror surgeon cut an arteryvesseldissection of the broad ligament,hysterectomy. Error: Surgeon cut an artery/vessel. Dissection of the broad ligament,hysterectomy. error: surgeon cut an artery/vessel. dissect of the broad ligament,20,10,left tool: bi_maryland_forceps. right tool: bi_maryland_forceps. aux tool: mono_round_scissors,strip_rob_tool_template | strip_rob_process_carrier | split_rob_concatenated_phases | insert_space_after_punctuation | lowercase_semantic_text | canonicalize_action_nominalization:dissection->dissect,7.48644593713156e-08,7.489267210443512e-08
rob_surgical_bitrack:00,rob_surgical_bitrack,ROB_TOOL_PROMPT,Surgical/Rob Surgical/all_merged_data,rob_surgical/all_merged_data,left tool: bi_maryland_forceps. right tool: bi_maryland_forceps. aux tool: mono_round_scissors. The surgery process is a hysterectomy.Dissection of the broad ligament,left tool bi_maryland_forceps right tool bi_maryland_forceps aux tool mono_round_scissors the surgery process is a hysterectomydissection of the broad ligament,hysterectomy. Dissection of the broad ligament,hysterectomy. dissect of the broad ligament,16,6,left tool: bi_maryland_forceps. right tool: bi_maryland_forceps. aux tool: mono_round_scissors,strip_rob_tool_template | strip_rob_process_carrier | insert_space_after_punctuation | lowercase_semantic_text | canonicalize_action_nominalization:dissection->dissect,0.0006961646076938639,0.0006964269578991422
rob_surgical_bitrack:00,rob_surgical_bitrack,ROB_TOOL_PROMPT,Surgical/Rob Surgical/all_merged_data,rob_surgical/all_merged_data,left tool: bi_maryland_forceps. right tool: bi_maryland_forceps. aux tool: mono_round_scissors. The surgery process is a hysterectomy.Dissection of the broad ligamentPelvic lymphadenectomy,left tool bi_maryland_forceps right tool bi_maryland_forceps aux tool mono_round_scissors the surgery process is a hysterectomydissection of the broad ligamentpelvic lymphadenectomy,hysterectomy. Dissection of the broad ligament. Pelvic lymphadenectomy,hysterectomy. dissect of the broad ligament. pelvic lymphadenectomy,17,8,left tool: bi_maryland_forceps. right tool: bi_maryland_forceps. aux tool: mono_round_scissors,strip_rob_tool_template | strip_rob_process_carrier | split_rob_concatenated_phases | insert_space_after_punctuation | lowercase_semantic_text | canonicalize_action_nominalization:dissection->dissect,7.48644593713156e-08,7.489267210443512e-08
rob_surgical_bitrack:00,rob_surgical_bitrack,ROB_TOOL_PROMPT,Surgical/Rob Surgical/all_merged_data,rob_surgical/all_merged_data,left tool: bi_maryland_forceps. right tool: bi_maryland_forceps. aux tool: mono_round_scissors. The surgery process is a hysterectomy.Pelvic lymphadenectomy,left tool bi_maryland_forceps right tool bi_maryland_forceps aux tool mono_round_scissors the surgery process is a hysterectomypelvic lymphadenectomy,hysterectomy. Pelvic lymphadenectomy,hysterectomy. pelvic lymphadenectomy,13,3,left tool: bi_maryland_forceps. right tool: bi_maryland_forceps. aux tool: mono_round_scissors,strip_rob_tool_template | strip_rob_process_carrier | insert_space_after_punctuation | lowercase_semantic_text,0.0026275927950144347,0.0026285830055214634
rob_surgical_bitrack:00,rob_surgical_bitrack,ROB_TOOL_PROMPT,Surgical/Rob Surgical/all_merged_data,rob_surgical/all_merged_data,left tool: bi_maryland_forceps. right tool: bi_maryland_forceps. aux tool: mono_round_scissors. The surgery process is a hysterectomy.Pelvic lymphadenectomyCoagulation of the utterine vessels,left tool bi_maryland_forceps right tool bi_maryland_forceps aux tool mono_round_scissors the surgery process is a hysterectomypelvic lymphadenectomycoagulation of the utterine vessels,hysterectomy. Pelvic lymphadenectomy. Coagulation of the utterine vessels,hysterectomy. pelvic lymphadenectomy. coagulation of the utterine vessel,17,8,left tool: bi_maryland_forceps. right tool: bi_maryland_forceps. aux tool: mono_round_scissors,strip_rob_tool_template | strip_rob_process_carrier | split_rob_concatenated_phases | insert_space_after_punctuation | lowercase_semantic_text | lemmatize_inflection:vessels->vessel,7.48644593713156e-08,7.489267210443512e-08
rob_surgical_bitrack:00,rob_surgical_bitrack,ROB_TOOL_PROMPT,Surgical/Rob Surgical/all_merged_data,rob_surgical/all_merged_data,left tool: bi_maryland_forceps. right tool: bi_maryland_forceps. aux tool: mono_round_scissors. The surgery process is a hysterectomy.Coagulation of the utterine vessels,left tool bi_maryland_forceps right tool bi_maryland_forceps aux tool mono_round_scissors the surgery process is a hysterectomycoagulation of the utterine vessels,hysterectomy. Coagulation of the utterine vessels,hysterectomy. coagulation of the utterine vessel,16,6,left tool: bi_maryland_forceps. right tool: bi_maryland_forceps. aux tool: mono_round_scissors,strip_rob_tool_template | strip_rob_process_carrier | insert_space_after_punctuation | lowercase_semantic_text | lemmatize_inflection:vessels->vessel,0.0011004326882989679,0.0011008473872630917
rob_surgical_bitrack:00,rob_surgical_bitrack,ROB_TOOL_PROMPT,Surgical/Rob Surgical/all_merged_data,rob_surgical/all_merged_data,left tool: bi_maryland_forceps. right tool: bi_maryland_forceps. aux tool: mono_round_scissors. The surgery process is a hysterectomy.Coagulation of the utterine vesselsPelvic lymphadenectomy,left tool bi_maryland_forceps right tool bi_maryland_forceps aux tool mono_round_scissors the surgery process is a hysterectomycoagulation of the utterine vesselspelvic lymphadenectomy,hysterectomy. Coagulation of the utterine vessels. Pelvic lymphadenectomy,hysterectomy. coagulation of the utterine vessel. pelvic lymphadenectomy,17,8,left tool: bi_maryland_forceps. right tool: bi_maryland_forceps. aux tool: mono_round_scissors,strip_rob_tool_template | strip_rob_process_carrier | split_rob_concatenated_phases | insert_space_after_punctuation | lowercase_semantic_text | lemmatize_inflection:vessels->vessel,7.48644593713156e-08,7.489267210443512e-08
rob_surgical_bitrack:00,rob_surgical_bitrack,ROB_TOOL_PROMPT,Surgical/Rob Surgical/all_merged_data,rob_surgical/all_merged_data,left tool: bi_maryland_forceps. right tool: bi_maryland_forceps. aux tool: mono_round_scissors. The surgery process is a hysterectomy.Pelvic lymphadenectomyDissection of the vesicouterine fold,left tool bi_maryland_forceps right tool bi_maryland_forceps aux tool mono_round_scissors the surgery process is a hysterectomypelvic lymphadenectomydissection of the vesicouterine fold,hysterectomy. Pelvic lymphadenectomy. Dissection of the vesicouterine fold,hysterectomy. pelvic lymphadenectomy. dissect of the vesicouterine fold,17,8,left tool: bi_maryland_forceps. right tool: bi_maryland_forceps. aux tool: mono_round_scissors,strip_rob_tool_template | strip_rob_process_carrier | split_rob_concatenated_phases | insert_space_after_punctuation | lowercase_semantic_text | canonicalize_action_nominalization:dissection->dissect,7.48644593713156e-08,7.489267210443512e-08
rob_surgical_bitrack:00,rob_surgical_bitrack,ROB_TOOL_PROMPT,Surgical/Rob Surgical/all_merged_data,rob_surgical/all_merged_data,left tool: bi_maryland_forceps. right tool: bi_maryland_forceps. aux tool: mono_round_scissors. The surgery process is a hysterectomy.Dissection of the vesicouterine fold,left tool bi_maryland_forceps right tool bi_maryland_forceps aux tool mono_round_scissors the surgery process is a hysterectomydissection of the vesicouterine fold,hysterectomy. Dissection of the vesicouterine fold,hysterectomy. dissect of the vesicouterine fold,16,6,left tool: bi_maryland_forceps. right tool: bi_maryland_forceps. aux tool: mono_round_scissors,strip_rob_tool_template | strip_rob_process_carrier | insert_space_after_punctuation | lowercase_semantic_text | canonicalize_action_nominalization:dissection->dissect,0.0002245185136545755,0.0002246031236412009
rob_surgical_bitrack:00,rob_surgical_bitrack,ROB_TOOL_PROMPT,Surgical/Rob Surgical/all_merged_data,rob_surgical/all_merged_data,left tool: bi_maryland_forceps. right tool: bi_maryland_forceps. aux tool: mono_round_scissors. The surgery process is a hysterectomy.Dissection of the vesicouterine foldUterus neck dissection,left tool bi_maryland_forceps right tool bi_maryland_forceps aux tool mono_round_scissors the surgery process is a hysterectomydissection of the vesicouterine folduterus neck dissection,hysterectomy. Dissection of the vesicouterine fold. Uterus neck dissection,hysterectomy. dissect of the vesicouterine fold. uterus neck dissect,18,9,left tool: bi_maryland_forceps. right tool: bi_maryland_forceps. aux tool: mono_round_scissors,strip_rob_tool_template | strip_rob_process_carrier | split_rob_concatenated_phases | insert_space_after_punctuation | lowercase_semantic_text | canonicalize_action_nominalization:dissection->dissect,7.48644593713156e-08,7.489267210443512e-08
rob_surgical_bitrack:00,rob_surgical_bitrack,ROB_TOOL_PROMPT,Surgical/Rob Surgical/all_merged_data,rob_surgical/all_merged_data,left tool: bi_maryland_forceps. right tool: bi_maryland_forceps. aux tool: mono_round_scissors. The surgery process is a hysterectomy.Uterus neck dissection,left tool bi_maryland_forceps right tool bi_maryland_forceps aux tool mono_round_scissors the surgery process is a hysterectomyuterus neck dissection,hysterectomy. Uterus neck dissection,hysterectomy. uterus neck dissect,14,4,left tool: bi_maryland_forceps. right tool: bi_maryland_forceps. aux tool: mono_round_scissors,strip_rob_tool_template | strip_rob_process_carrier | insert_space_after_punctuation | lowercase_semantic_text | canonicalize_action_nominalization:dissection->dissect,0.001046605142010992,0.0010469995560200029
rob_surgical_bitrack:00,rob_surgical_bitrack,ROB_TOOL_PROMPT,Surgical/Rob Surgical/all_merged_data,rob_surgical/all_merged_data,left tool: bi_maryland_forceps. right tool: bi_maryland_forceps. aux tool: mono_round_scissors. The surgery process is a hysterectomy.,left tool bi_maryland_forceps right tool bi_maryland_forceps aux tool mono_round_scissors the surgery process is a hysterectomy,hysterectomy.,hysterectomy,12,1,left tool: bi_maryland_forceps. right tool: bi_maryland_forceps. aux tool: mono_round_scissors,strip_rob_tool_template | strip_rob_process_carrier | strip_terminal_punctuation,0.0007612966873469083,0.0007615835826300006
rob_surgical_bitrack:00,rob_surgical_bitrack,ROB_TOOL_PROMPT,Surgical/Rob Surgical/all_merged_data,rob_surgical/all_merged_data,left tool: bi_maryland_forceps. right tool: bi_maryland_forceps. aux tool: mono_round_scissors. The surgery process is a hysterectomy.Suturing the uterus stump,left tool bi_maryland_forceps right tool bi_maryland_forceps aux tool mono_round_scissors the surgery process is a hysterectomysuturing the uterus stump,hysterectomy. Suturing the uterus stump,hysterectomy. suture the uterus stump,15,5,left tool: bi_maryland_forceps. right tool: bi_maryland_forceps. aux tool: mono_round_scissors,strip_rob_tool_template | strip_rob_process_carrier | insert_space_after_punctuation | lowercase_semantic_text | lemmatize_inflection:suturing->suture,0.00043009631908820815,0.00043025840123997976
rob_surgical_bitrack:00,rob_surgical_bitrack,ROB_TOOL_PROMPT,Surgical/Rob Surgical/all_merged_data,rob_surgical/all_merged_data,left tool: bi_maryland_forceps. right tool: none. aux tool: mono_round_scissors. The surgery process is a hysterectomy.Suturing the uterus stump,left tool bi_maryland_forceps right tool none aux tool mono_round_scissors the surgery process is a hysterectomysuturing the uterus stump,hysterectomy. Suturing the uterus stump,hysterectomy. suture the uterus stump,16,5,left tool: bi_maryland_forceps. right tool: none. aux tool: mono_round_scissors,strip_rob_tool_template | strip_rob_process_carrier | insert_space_after_punctuation | lowercase_semantic_text | lemmatize_inflection:suturing->suture,1.9614488355284684e-05,1.9621880091361995e-05
rob_surgical_bitrack:00,rob_surgical_bitrack,ROB_TOOL_PROMPT,Surgical/Rob Surgical/all_merged_data,rob_surgical/all_merged_data,left tool: bi_maryland_forceps. right tool: forceps. aux tool: mono_round_scissors. The surgery process is a hysterectomy.Suturing the uterus stump,left tool bi_maryland_forceps right tool forceps aux tool mono_round_scissors the surgery process is a hysterectomysuturing the uterus stump,hysterectomy. Suturing the uterus stump,hysterectomy. suture the uterus stump,16,5,left tool: bi_maryland_forceps. right tool: forceps. aux tool: mono_round_scissors,strip_rob_tool_template | strip_rob_process_carrier | insert_space_after_punctuation | lowercase_semantic_text | lemmatize_inflection:suturing->suture,6.408397722184616e-05,6.410812732139646e-05
rob_surgical_bitrack:00,rob_surgical_bitrack,ROB_TOOL_PROMPT,Surgical/Rob Surgical/all_merged_data,rob_surgical/all_merged_data,left tool: bi_maryland_forceps. right tool: forceps. aux tool: none. The surgery process is a hysterectomy.Suturing the uterus stump,left tool bi_maryland_forceps right tool forceps aux tool none the surgery process is a hysterectomysuturing the uterus stump,hysterectomy. Suturing the uterus stump,hysterectomy. suture the uterus stump,17,5,left tool: bi_maryland_forceps. right tool: forceps. aux tool: none,strip_rob_tool_template | strip_rob_process_carrier | insert_space_after_punctuation | lowercase_semantic_text | lemmatize_inflection:suturing->suture,3.159280185469518e-05,3.1604707628071615e-05
rob_surgical_bitrack:00,rob_surgical_bitrack,ROB_TOOL_PROMPT,Surgical/Rob Surgical/all_merged_data,rob_surgical/all_merged_data,left tool: bi_maryland_forceps. right tool: forceps. aux tool: forceps. The surgery process is a hysterectomy.Suturing the uterus stump,left tool bi_maryland_forceps right tool forceps aux tool forceps the surgery process is a hysterectomysuturing the uterus stump,hysterectomy. Suturing the uterus stump,hysterectomy. suture the uterus stump,17,5,left tool: bi_maryland_forceps. right tool: forceps. aux tool: forceps,strip_rob_tool_template | strip_rob_process_carrier | insert_space_after_punctuation | lowercase_semantic_text | lemmatize_inflection:suturing->suture,0.0022912267790591136,0.0022920902297562363
rob_surgical_bitrack:00,rob_surgical_bitrack,ROB_TOOL_PROMPT,Surgical/Rob Surgical/all_merged_data,rob_surgical/all_merged_data,left tool: mono_hook. right tool: bi_maryland_forceps. aux tool: bi_maryland_forceps. The surgery process is a hemicolectomy InVivo 2.,left tool mono_hook right tool bi_maryland_forceps aux tool bi_maryland_forceps the surgery process is a hemicolectomy invivo 2,hemicolectomy.,hemicolectomy,13,1,left tool: mono_hook. right tool: bi_maryland_forceps. aux tool: bi_maryland_forceps,strip_rob_tool_template | strip_rob_process_carrier | strip_rob_run_identifier | strip_terminal_punctuation,2.245933781139468e-05,2.2467801631330537e-05
rob_surgical_bitrack:00,rob_surgical_bitrack,ROB_TOOL_PROMPT,Surgical/Rob Surgical/all_merged_data,rob_surgical/all_merged_data,left tool: mono_hook. right tool: bi_maryland_forceps. aux tool: bi_maryland_forceps. The surgery process is a hemicolectomy InVivo 2.Identify the inferior mesenteric artery and vein,left tool mono_hook right tool bi_maryland_forceps aux tool bi_maryland_forceps the surgery process is a hemicolectomy invivo 2identify the inferior mesenteric artery and vein,hemicolectomy. Identify the inferior mesenteric artery and vein,hemicolectomy. identify the inferior mesenteric artery and vein,19,8,left tool: mono_hook. right tool: bi_maryland_forceps. aux tool: bi_maryland_forceps,strip_rob_tool_template | strip_rob_process_carrier | strip_rob_run_identifier | insert_space_after_punctuation | lowercase_semantic_text,0.0016080885872958592,0.0016086945968032665
rob_surgical_bitrack:00,rob_surgical_bitrack,ROB_TOOL_PROMPT,Surgical/Rob Surgical/all_merged_data,rob_surgical/all_merged_data,left tool: mono_hook. right tool: bi_maryland_forceps. aux tool: bi_maryland_forceps. The surgery process is a hemicolectomy InVivo 2.Identify the inferior mesenteric artery and veinArtery coagulation,left tool mono_hook right tool bi_maryland_forceps aux tool bi_maryland_forceps the surgery process is a hemicolectomy invivo 2identify the inferior mesenteric artery and veinartery coagulation,hemicolectomy. Identify the inferior mesenteric artery and vein. Artery coagulation,hemicolectomy. identify the inferior mesenteric artery and vein. artery coagulation,20,10,left tool: mono_hook. right tool: bi_maryland_forceps. aux tool: bi_maryland_forceps,strip_rob_tool_template | strip_rob_process_carrier | strip_rob_run_identifier | split_rob_concatenated_phases | insert_space_after_punctuation | lowercase_semantic_text,7.48644593713156e-08,7.489267210443512e-08
rob_surgical_bitrack:00,rob_surgical_bitrack,ROB_TOOL_PROMPT,Surgical/Rob Surgical/all_merged_data,rob_surgical/all_merged_data,left tool: mono_hook. right tool: bi_maryland_forceps. aux tool: bi_maryland_forceps. The surgery process is a hemicolectomy InVivo 2.Artery coagulation,left tool mono_hook right tool bi_maryland_forceps aux tool bi_maryland_forceps the surgery process is a hemicolectomy invivo 2artery coagulation,hemicolectomy. Artery coagulation,hemicolectomy. artery coagulation,14,3,left tool: mono_hook. right tool: bi_maryland_forceps. aux tool: bi_maryland_forceps,strip_rob_tool_template | strip_rob_process_carrier | strip_rob_run_identifier | insert_space_after_punctuation | lowercase_semantic_text,0.0003952094810211751,0.000395358416039313
rob_surgical_bitrack:00,rob_surgical_bitrack,ROB_TOOL_PROMPT,Surgical/Rob Surgical/all_merged_data,rob_surgical/all_merged_data,left tool: mono_hook. right tool: bi_maryland_forceps. aux tool: bi_maryland_forceps. The surgery process is a hemicolectomy InVivo 2.Artery coagulationResect the lymphatic tissue around the mesenteric artery and vein,left tool mono_hook right tool bi_maryland_forceps aux tool bi_maryland_forceps the surgery process is a hemicolectomy invivo 2artery coagulationresect the lymphatic tissue around the mesenteric artery and vein,hemicolectomy. Artery coagulation. Resect the lymphatic tissue around the mesenteric artery and vein,hemicolectomy. artery coagulation. resect the lymphatic tissue around the mesenteric artery and vein,23,13,left tool: mono_hook. right tool: bi_maryland_forceps. aux tool: bi_maryland_forceps,strip_rob_tool_template | strip_rob_process_carrier | strip_rob_run_identifier | split_rob_concatenated_phases | insert_space_after_punctuation | lowercase_semantic_text,7.48644593713156e-08,7.489267210443512e-08
rob_surgical_bitrack:00,rob_surgical_bitrack,ROB_TOOL_PROMPT,Surgical/Rob Surgical/all_merged_data,rob_surgical/all_merged_data,left tool: mono_hook. right tool: bi_maryland_forceps. aux tool: bi_maryland_forceps. The surgery process is a hemicolectomy InVivo 2.Resect the lymphatic tissue around the mesenteric artery and vein,left tool mono_hook right tool bi_maryland_forceps aux tool bi_maryland_forceps the surgery process is a hemicolectomy invivo 2resect the lymphatic tissue around the mesenteric artery and vein,hemicolectomy. Resect the lymphatic tissue around the mesenteric artery and vein,hemicolectomy. resect the lymphatic tissue around the mesenteric artery and vein,22,11,left tool: mono_hook. right tool: bi_maryland_forceps. aux tool: bi_maryland_forceps,strip_rob_tool_template | strip_rob_process_carrier | strip_rob_run_identifier | insert_space_after_punctuation | lowercase_semantic_text,0.0005524248457009379,0.0005526330274586268
rob_surgical_bitrack:00,rob_surgical_bitrack,ROB_TOOL_PROMPT,Surgical/Rob Surgical/all_merged_data,rob_surgical/all_merged_data,left tool: mono_hook. right tool: bi_maryland_forceps. aux tool: bi_maryland_forceps. The surgery process is a hemicolectomy InVivo 2.Resect the lymphatic tissue around the mesenteric artery and veinDissection and staple of the mesocolon while separating it from the retroperitoneum,left tool mono_hook right tool bi_maryland_forceps aux tool bi_maryland_forceps the surgery process is a hemicolectomy invivo 2resect the lymphatic tissue around the mesenteric artery and veindissection and staple of the mesocolon while separating it from the retroperitoneum,hemicolectomy. Resect the lymphatic tissue around the mesenteric artery and vein. Dissection and staple of the mesocolon while separating it from the retroperitoneum,hemicolectomy. resect the lymphatic tissue around the mesenteric artery and vein. dissect and staple of the mesocolon while separate it from the retroperitoneum,33,23,left tool: mono_hook. right tool: bi_maryland_forceps. aux tool: bi_maryland_forceps,strip_rob_tool_template | strip_rob_process_carrier | strip_rob_run_identifier | split_rob_concatenated_phases | insert_space_after_punctuation | lowercase_semantic_text | canonicalize_action_nominalization:dissection->dissect | lemmatize_inflection:separating->separate,7.48644593713156e-08,7.489267210443512e-08
rob_surgical_bitrack:00,rob_surgical_bitrack,ROB_TOOL_PROMPT,Surgical/Rob Surgical/all_merged_data,rob_surgical/all_merged_data,left tool: mono_hook. right tool: bi_maryland_forceps. aux tool: bi_maryland_forceps. The surgery process is a hemicolectomy InVivo 2.Dissection and staple of the mesocolon while separating it from the retroperitoneum,left tool mono_hook right tool bi_maryland_forceps aux tool bi_maryland_forceps the surgery process is a hemicolectomy invivo 2dissection and staple of the mesocolon while separating it from the retroperitoneum,hemicolectomy. Dissection and staple of the mesocolon while separating it from the retroperitoneum,hemicolectomy. dissect and staple of the mesocolon while separate it from the retroperitoneum,24,13,left tool: mono_hook. right tool: bi_maryland_forceps. aux tool: bi_maryland_forceps,strip_rob_tool_template | strip_rob_process_carrier | strip_rob_run_identifier | insert_space_after_punctuation | lowercase_semantic_text | canonicalize_action_nominalization:dissection->dissect | lemmatize_inflection:separating->separate,0.0008246320199750413,0.0008249427832303527
rob_surgical_bitrack:00,rob_surgical_bitrack,ROB_TOOL_PROMPT,Surgical/Rob Surgical/all_merged_data,rob_surgical/all_merged_data,left tool: mono_hook. right tool: bi_maryland_forceps. aux tool: none. The surgery process is a hemicolectomy InVivo 2.Dissection and staple of the mesocolon while separating it from the retroperitoneum,left tool mono_hook right tool bi_maryland_forceps aux tool none the surgery process is a hemicolectomy invivo 2dissection and staple of the mesocolon while separating it from the retroperitoneum,hemicolectomy. Dissection and staple of the mesocolon while separating it from the retroperitoneum,hemicolectomy. dissect and staple of the mesocolon while separate it from the retroperitoneum,25,13,left tool: mono_hook. right tool: bi_maryland_forceps. aux tool: none,strip_rob_tool_template | strip_rob_process_carrier | strip_rob_run_identifier | insert_space_after_punctuation | lowercase_semantic_text | canonicalize_action_nominalization:dissection->dissect | lemmatize_inflection:separating->separate,4.446948886656146e-05,4.448624723003445e-05
rob_surgical_bitrack:00,rob_surgical_bitrack,ROB_TOOL_PROMPT,Surgical/Rob Surgical/all_merged_data,rob_surgical/all_merged_data,left tool: mono_hook. right tool: bi_maryland_forceps. aux tool: bi_maryland_forceps. The surgery process is a hemicolectomy InVivo 2.Dissection and staple of the mesocolon while separating it from the retroperitoneumPreparing the colon part for anastomosis,left tool mono_hook right tool bi_maryland_forceps aux tool bi_maryland_forceps the surgery process is a hemicolectomy invivo 2dissection and staple of the mesocolon while separating it from the retroperitoneumpreparing the colon part for anastomosis,hemicolectomy. Dissection and staple of the mesocolon while separating it from the retroperitoneum. Preparing the colon part for anastomosis,hemicolectomy. dissect and staple of the mesocolon while separate it from the retroperitoneum. prepare the colon part for anastomosis,29,19,left tool: mono_hook. right tool: bi_maryland_forceps. aux tool: bi_maryland_forceps,strip_rob_tool_template | strip_rob_process_carrier | strip_rob_run_identifier | split_rob_concatenated_phases | insert_space_after_punctuation | lowercase_semantic_text | canonicalize_action_nominalization:dissection->dissect | lemmatize_inflection:separating->separate | lemmatize_inflection:preparing->prepare,7.48644593713156e-08,7.489267210443512e-08
rob_surgical_bitrack:00,rob_surgical_bitrack,ROB_TOOL_PROMPT,Surgical/Rob Surgical/all_merged_data,rob_surgical/all_merged_data,left tool: mono_hook. right tool: bi_maryland_forceps. aux tool: bi_maryland_forceps. The surgery process is a hemicolectomy InVivo 2.Preparing the colon part for anastomosis,left tool mono_hook right tool bi_maryland_forceps aux tool bi_maryland_forceps the surgery process is a hemicolectomy invivo 2preparing the colon part for anastomosis,hemicolectomy. Preparing the colon part for anastomosis,hemicolectomy. prepare the colon part for anastomosis,18,7,left tool: mono_hook. right tool: bi_maryland_forceps. aux tool: bi_maryland_forceps,strip_rob_tool_template | strip_rob_process_carrier | strip_rob_run_identifier | insert_space_after_punctuation | lowercase_semantic_text | lemmatize_inflection:preparing->prepare,0.0007130091110524098,0.00071327780912264
rob_surgical_bitrack:00,rob_surgical_bitrack,ROB_TOOL_PROMPT,Surgical/Rob Surgical/all_merged_data,rob_surgical/all_merged_data,left tool: none. right tool: bi_maryland_forceps. aux tool: bi_maryland_forceps. The surgery process is a hemicolectomy InVivo 2.Preparing the colon part for anastomosis,left tool none right tool bi_maryland_forceps aux tool bi_maryland_forceps the surgery process is a hemicolectomy invivo 2preparing the colon part for anastomosis,hemicolectomy. Preparing the colon part for anastomosis,hemicolectomy. prepare the colon part for anastomosis,19,7,left tool: none. right tool: bi_maryland_forceps. aux tool: bi_maryland_forceps,strip_rob_tool_template | strip_rob_process_carrier | strip_rob_run_identifier | insert_space_after_punctuation | lowercase_semantic_text | lemmatize_inflection:preparing->prepare,3.668358509194465e-05,3.669740933117321e-05
rob_surgical_bitrack:00,rob_surgical_bitrack,ROB_TOOL_PROMPT,Surgical/Rob Surgical/all_merged_data,rob_surgical/all_merged_data,left tool: bi_maryland_forceps. right tool: bi_maryland_forceps. aux tool: bi_maryland_forceps. The surgery process is a hemicolectomy InVivo 2.Preparing the colon part for anastomosis,left tool bi_maryland_forceps right tool bi_maryland_forceps aux tool bi_maryland_forceps the surgery process is a hemicolectomy invivo 2preparing the colon part for anastomosis,hemicolectomy. Preparing the colon part for anastomosis,hemicolectomy. prepare the colon part for anastomosis,18,7,left tool: bi_maryland_forceps. right tool: bi_maryland_forceps. aux tool: bi_maryland_forceps,strip_rob_tool_template | strip_rob_process_carrier | strip_rob_run_identifier | insert_space_after_punctuation | lowercase_semantic_text | lemmatize_inflection:preparing->prepare,0.000429347674494495,0.0004295094745189354
rob_surgical_bitrack:00,rob_surgical_bitrack,ROB_TOOL_PROMPT,Surgical/Rob Surgical/all_merged_data,rob_surgical/all_merged_data,left tool: mono_hook. right tool: bi_maryland_forceps. aux tool: bi_maryland_forceps. The surgery process is a hemicolectomy InVivo 2.Preparing the colon part for anastomosisCreate the first penetrating hole inside the colon for anastomosis,left tool mono_hook right tool bi_maryland_forceps aux tool bi_maryland_forceps the surgery process is a hemicolectomy invivo 2preparing the colon part for anastomosiscreate the first penetrating hole inside the colon for anastomosis,hemicolectomy. Preparing the colon part for anastomosis. Create the first penetrating hole inside the colon for anastomosis,hemicolectomy. prepare the colon part for anastomosis. create the first penetrating hole inside the colon for anastomosis,27,17,left tool: mono_hook. right tool: bi_maryland_forceps. aux tool: bi_maryland_forceps,strip_rob_tool_template | strip_rob_process_carrier | strip_rob_run_identifier | split_rob_concatenated_phases | insert_space_after_punctuation | lowercase_semantic_text | lemmatize_inflection:preparing->prepare,7.48644593713156e-08,7.489267210443512e-08
rob_surgical_bitrack:00,rob_surgical_bitrack,ROB_TOOL_PROMPT,Surgical/Rob Surgical/all_merged_data,rob_surgical/all_merged_data,left tool: mono_hook. right tool: bi_maryland_forceps. aux tool: bi_maryland_forceps. The surgery process is a hemicolectomy InVivo 2.Create the first penetrating hole inside the colon for anastomosis,left tool mono_hook right tool bi_maryland_forceps aux tool bi_maryland_forceps the surgery process is a hemicolectomy invivo 2create the first penetrating hole inside the colon for anastomosis,hemicolectomy. Create the first penetrating hole inside the colon for anastomosis,hemicolectomy. create the first penetrating hole inside the colon for anastomosis,22,11,left tool: mono_hook. right tool: bi_maryland_forceps. aux tool: bi_maryland_forceps,strip_rob_tool_template | strip_rob_process_carrier | strip_rob_run_identifier | insert_space_after_punctuation | lowercase_semantic_text,0.0002716831230585043,0.00027178550706699503
rob_surgical_bitrack:00,rob_surgical_bitrack,ROB_TOOL_PROMPT,Surgical/Rob Surgical/all_merged_data,rob_surgical/all_merged_data,left tool: mono_hook. right tool: bi_maryland_forceps. aux tool: bi_maryland_forceps. The surgery process is a hemicolectomy InVivo 2.Create the first penetrating hole inside the colon for anastomosisCreate the second penetrating hole inside the colon for anastomosis,left tool mono_hook right tool bi_maryland_forceps aux tool bi_maryland_forceps the surgery process is a hemicolectomy invivo 2create the first penetrating hole inside the colon for anastomosiscreate the second penetrating hole inside the colon for anastomosis,hemicolectomy. Create the first penetrating hole inside the colon for anastomosis. Create the second penetrating hole inside the colon for anastomosis,hemicolectomy. create the first penetrating hole inside the colon for anastomosis. create the second penetrating hole inside the colon for anastomosis,31,21,left tool: mono_hook. right tool: bi_maryland_forceps. aux tool: bi_maryland_forceps,strip_rob_tool_template | strip_rob_process_carrier | strip_rob_run_identifier | split_rob_concatenated_phases | insert_space_after_punctuation | lowercase_semantic_text,7.48644593713156e-08,7.489267210443512e-08
rob_surgical_bitrack:00,rob_surgical_bitrack,ROB_TOOL_PROMPT,Surgical/Rob Surgical/all_merged_data,rob_surgical/all_merged_data,left tool: mono_hook. right tool: bi_maryland_forceps. aux tool: bi_maryland_forceps. The surgery process is a hemicolectomy InVivo 2.Create the second penetrating hole inside the colon for anastomosis,left tool mono_hook right tool bi_maryland_forceps aux tool bi_maryland_forceps the surgery process is a hemicolectomy invivo 2create the second penetrating hole inside the colon for anastomosis,hemicolectomy. Create the second penetrating hole inside the colon for anastomosis,hemicolectomy. create the second penetrating hole inside the colon for anastomosis,22,11,left tool: mono_hook. right tool: bi_maryland_forceps. aux tool: bi_maryland_forceps,strip_rob_tool_template | strip_rob_process_carrier | strip_rob_run_identifier | insert_space_after_punctuation | lowercase_semantic_text,0.00030986399733787533,0.000309980769840257
rob_surgical_bitrack:00,rob_surgical_bitrack,ROB_TOOL_PROMPT,Surgical/Rob Surgical/all_merged_data,rob_surgical/all_merged_data,left tool: mono_hook. right tool: bi_maryland_forceps. aux tool: bi_maryland_forceps. The surgery process is a hemicolectomy InVivo 2.Create the second penetrating hole inside the colon for anastomosisLateral to lateral approximation,left tool mono_hook right tool bi_maryland_forceps aux tool bi_maryland_forceps the surgery process is a hemicolectomy invivo 2create the second penetrating hole inside the colon for anastomosislateral to lateral approximation,hemicolectomy. Create the second penetrating hole inside the colon for anastomosis. Lateral to lateral approximation,hemicolectomy. create the second penetrating hole inside the colon for anastomosis. lateral to lateral approximation,25,15,left tool: mono_hook. right tool: bi_maryland_forceps. aux tool: bi_maryland_forceps,strip_rob_tool_template | strip_rob_process_carrier | strip_rob_run_identifier | split_rob_concatenated_phases | insert_space_after_punctuation | lowercase_semantic_text,7.48644593713156e-08,7.489267210443512e-08
rob_surgical_bitrack:00,rob_surgical_bitrack,ROB_TOOL_PROMPT,Surgical/Rob Surgical/all_merged_data,rob_surgical/all_merged_data,left tool: mono_hook. right tool: bi_maryland_forceps. aux tool: bi_maryland_forceps. The surgery process is a hemicolectomy InVivo 2.Lateral to lateral approximation,left tool mono_hook right tool bi_maryland_forceps aux tool bi_maryland_forceps the surgery process is a hemicolectomy invivo 2lateral to lateral approximation,hemicolectomy. Lateral to lateral approximation,hemicolectomy. lateral to lateral approximation,16,5,left tool: mono_hook. right tool: bi_maryland_forceps. aux tool: bi_maryland_forceps,strip_rob_tool_template | strip_rob_process_carrier | strip_rob_run_identifier | insert_space_after_punctuation | lowercase_semantic_text,0.0007096402103807007,0.0007099076388779405
rob_surgical_bitrack:00,rob_surgical_bitrack,ROB_TOOL_PROMPT,Surgical/Rob Surgical/all_merged_data,rob_surgical/all_merged_data,left tool: mono_hook. right tool: bi_maryland_forceps. aux tool: bi_maryland_forceps. The surgery process is a hemicolectomy InVivo 2.Lateral to lateral approximationSuturing,left tool mono_hook right tool bi_maryland_forceps aux tool bi_maryland_forceps the surgery process is a hemicolectomy invivo 2lateral to lateral approximationsuturing,hemicolectomy. Lateral to lateral approximation. Suturing,hemicolectomy. lateral to lateral approximation. suture,16,6,left tool: mono_hook. right tool: bi_maryland_forceps. aux tool: bi_maryland_forceps,strip_rob_tool_template | strip_rob_process_carrier | strip_rob_run_identifier | split_rob_concatenated_phases | insert_space_after_punctuation | lowercase_semantic_text | lemmatize_inflection:suturing->suture,7.48644593713156e-08,7.489267210443512e-08
rob_surgical_bitrack:00,rob_surgical_bitrack,ROB_TOOL_PROMPT,Surgical/Rob Surgical/all_merged_data,rob_surgical/all_merged_data,left tool: mono_hook. right tool: bi_maryland_forceps. aux tool: bi_maryland_forceps. The surgery process is a hemicolectomy InVivo 2.Suturing,left tool mono_hook right tool bi_maryland_forceps aux tool bi_maryland_forceps the surgery process is a hemicolectomy invivo 2suturing,hemicolectomy. Suturing,hemicolectomy. suture,13,2,left tool: mono_hook. right tool: bi_maryland_forceps. aux tool: bi_maryland_forceps,strip_rob_tool_template | strip_rob_process_carrier | strip_rob_run_identifier | insert_space_after_punctuation | lowercase_semantic_text | lemmatize_inflection:suturing->suture,0.00012562256282506757,0.00012566990379124212
rob_surgical_bitrack:00,rob_surgical_bitrack,ROB_TOOL_PROMPT,Surgical/Rob Surgical/all_merged_data,rob_surgical/all_merged_data,left tool: none. right tool: bi_maryland_forceps. aux tool: bi_maryland_forceps. The surgery process is a hemicolectomy InVivo 2.Suturing,left tool none right tool bi_maryland_forceps aux tool bi_maryland_forceps the surgery process is a hemicolectomy invivo 2suturing,hemicolectomy. Suturing,hemicolectomy. suture,14,2,left tool: none. right tool: bi_maryland_forceps. aux tool: bi_maryland_forceps,strip_rob_tool_template | strip_rob_process_carrier | strip_rob_run_identifier | insert_space_after_punctuation | lowercase_semantic_text | lemmatize_inflection:suturing->suture,3.990275684491121e-05,3.9917794231663914e-05
rob_surgical_bitrack:00,rob_surgical_bitrack,ROB_TOOL_PROMPT,Surgical/Rob Surgical/all_merged_data,rob_surgical/all_merged_data,left tool: forceps. right tool: bi_maryland_forceps. aux tool: bi_maryland_forceps. The surgery process is a hemicolectomy InVivo 2.Suturing,left tool forceps right tool bi_maryland_forceps aux tool bi_maryland_forceps the surgery process is a hemicolectomy invivo 2suturing,hemicolectomy. Suturing,hemicolectomy. suture,14,2,left tool: forceps. right tool: bi_maryland_forceps. aux tool: bi_maryland_forceps,strip_rob_tool_template | strip_rob_process_carrier | strip_rob_run_identifier | insert_space_after_punctuation | lowercase_semantic_text | lemmatize_inflection:suturing->suture,8.422251679273005e-05,8.42542561174895e-05
rob_surgical_bitrack:00,rob_surgical_bitrack,ROB_TOOL_PROMPT,Surgical/Rob Surgical/all_merged_data,rob_surgical/all_merged_data,left tool: forceps. right tool: none. aux tool: bi_maryland_forceps. The surgery process is a hemicolectomy InVivo 2.Suturing,left tool forceps right tool none aux tool bi_maryland_forceps the surgery process is a hemicolectomy invivo 2suturing,hemicolectomy. Suturing,hemicolectomy. suture,15,2,left tool: forceps. right tool: none. aux tool: bi_maryland_forceps,strip_rob_tool_template | strip_rob_process_carrier | strip_rob_run_identifier | insert_space_after_punctuation | lowercase_semantic_text | lemmatize_inflection:suturing->suture,1.901557268031416e-05,1.902273871452652e-05
rob_surgical_bitrack:00,rob_surgical_bitrack,ROB_TOOL_PROMPT,Surgical/Rob Surgical/all_merged_data,rob_surgical/all_merged_data,left tool: forceps. right tool: forceps. aux tool: bi_maryland_forceps. The surgery process is a hemicolectomy InVivo 2.Suturing,left tool forceps right tool forceps aux tool bi_maryland_forceps the surgery process is a hemicolectomy invivo 2suturing,hemicolectomy. Suturing,hemicolectomy. suture,15,2,left tool: forceps. right tool: forceps. aux tool: bi_maryland_forceps,strip_rob_tool_template | strip_rob_process_carrier | strip_rob_run_identifier | insert_space_after_punctuation | lowercase_semantic_text | lemmatize_inflection:suturing->suture,0.006749704792458444,0.006752248424263766
rob_surgical_bitrack:00,rob_surgical_bitrack,ROB_TOOL_PROMPT,Surgical/Rob Surgical/all_merged_data,rob_surgical/all_merged_data,left tool: mono_hook. right tool: bi_maryland_forceps. aux tool: bi_maryland_forceps. The surgery process is a hemicolectomy 2025-10-10_01.,left tool mono_hook right tool bi_maryland_forceps aux tool bi_maryland_forceps the surgery process is a hemicolectomy 20251010_01,hemicolectomy.,hemicolectomy,12,1,left tool: mono_hook. right tool: bi_maryland_forceps. aux tool: bi_maryland_forceps,strip_rob_tool_template | strip_rob_process_carrier | strip_rob_run_identifier | strip_terminal_punctuation,0.0001122966890569734,0.00011233900815665266
rob_surgical_bitrack:00,rob_surgical_bitrack,ROB_TOOL_PROMPT,Surgical/Rob Surgical/all_merged_data,rob_surgical/all_merged_data,left tool: mono_hook. right tool: bi_maryland_forceps. aux tool: bi_maryland_forceps. The surgery process is a hemicolectomy 2025-10-10_01.Identify the inferior mesenteric artery and vein,left tool mono_hook right tool bi_maryland_forceps aux tool bi_maryland_forceps the surgery process is a hemicolectomy 20251010_01identify the inferior mesenteric artery and vein,hemicolectomy. Identify the inferior mesenteric artery and vein,hemicolectomy. identify the inferior mesenteric artery and vein,18,8,left tool: mono_hook. right tool: bi_maryland_forceps. aux tool: bi_maryland_forceps,strip_rob_tool_template | strip_rob_process_carrier | strip_rob_run_identifier | insert_space_after_punctuation | lowercase_semantic_text,0.0011723774337548023,0.001172819245155454
rob_surgical_bitrack:00,rob_surgical_bitrack,ROB_TOOL_PROMPT,Surgical/Rob Surgical/all_merged_data,rob_surgical/all_merged_data,left tool: mono_hook. right tool: bi_maryland_forceps. aux tool: bi_maryland_forceps. The surgery process is a hemicolectomy 2025-10-10_01.Identify the inferior mesenteric artery and veinArtery coagulation,left tool mono_hook right tool bi_maryland_forceps aux tool bi_maryland_forceps the surgery process is a hemicolectomy 20251010_01identify the inferior mesenteric artery and veinartery coagulation,hemicolectomy. Identify the inferior mesenteric artery and vein. Artery coagulation,hemicolectomy. identify the inferior mesenteric artery and vein. artery coagulation,19,10,left tool: mono_hook. right tool: bi_maryland_forceps. aux tool: bi_maryland_forceps,strip_rob_tool_template | strip_rob_process_carrier | strip_rob_run_identifier | split_rob_concatenated_phases | insert_space_after_punctuation | lowercase_semantic_text,7.48644593713156e-08,7.489267210443512e-08
rob_surgical_bitrack:00,rob_surgical_bitrack,ROB_TOOL_PROMPT,Surgical/Rob Surgical/all_merged_data,rob_surgical/all_merged_data,left tool: mono_hook. right tool: bi_maryland_forceps. aux tool: bi_maryland_forceps. The surgery process is a hemicolectomy 2025-10-10_01.Artery coagulation,left tool mono_hook right tool bi_maryland_forceps aux tool bi_maryland_forceps the surgery process is a hemicolectomy 20251010_01artery coagulation,hemicolectomy. Artery coagulation,hemicolectomy. artery coagulation,13,3,left tool: mono_hook. right tool: bi_maryland_forceps. aux tool: bi_maryland_forceps,strip_rob_tool_template | strip_rob_process_carrier | strip_rob_run_identifier | insert_space_after_punctuation | lowercase_semantic_text,0.0003637664080852225,0.0003639034937554502
rob_surgical_bitrack:00,rob_surgical_bitrack,ROB_TOOL_PROMPT,Surgical/Rob Surgical/all_merged_data,rob_surgical/all_merged_data,left tool: mono_hook. right tool: bi_maryland_forceps. aux tool: bi_maryland_forceps. The surgery process is a hemicolectomy 2025-10-10_01.Artery coagulationResect the lymphatic tissue around the mesenteric artery and vein,left tool mono_hook right tool bi_maryland_forceps aux tool bi_maryland_forceps the surgery process is a hemicolectomy 20251010_01artery coagulationresect the lymphatic tissue around the mesenteric artery and vein,hemicolectomy. Artery coagulation. Resect the lymphatic tissue around the mesenteric artery and vein,hemicolectomy. artery coagulation. resect the lymphatic tissue around the mesenteric artery and vein,22,13,left tool: mono_hook. right tool: bi_maryland_forceps. aux tool: bi_maryland_forceps,strip_rob_tool_template | strip_rob_process_carrier | strip_rob_run_identifier | split_rob_concatenated_phases | insert_space_after_punctuation | lowercase_semantic_text,7.48644593713156e-08,7.489267210443512e-08
rob_surgical_bitrack:00,rob_surgical_bitrack,ROB_TOOL_PROMPT,Surgical/Rob Surgical/all_merged_data,rob_surgical/all_merged_data,left tool: mono_hook. right tool: bi_maryland_forceps. aux tool: bi_maryland_forceps. The surgery process is a hemicolectomy 2025-10-10_01.Resect the lymphatic tissue around the mesenteric artery and vein,left tool mono_hook right tool bi_maryland_forceps aux tool bi_maryland_forceps the surgery process is a hemicolectomy 20251010_01resect the lymphatic tissue around the mesenteric artery and vein,hemicolectomy. Resect the lymphatic tissue around the mesenteric artery and vein,hemicolectomy. resect the lymphatic tissue around the mesenteric artery and vein,21,11,left tool: mono_hook. right tool: bi_maryland_forceps. aux tool: bi_maryland_forceps,strip_rob_tool_template | strip_rob_process_carrier | strip_rob_run_identifier | insert_space_after_punctuation | lowercase_semantic_text,0.0023648934070804885,0.002365784619107001
rob_surgical_bitrack:00,rob_surgical_bitrack,ROB_TOOL_PROMPT,Surgical/Rob Surgical/all_merged_data,rob_surgical/all_merged_data,left tool: mono_hook. right tool: bi_maryland_forceps. aux tool: bi_maryland_forceps. The surgery process is a hemicolectomy 2025-10-10_01.Resect the lymphatic tissue around the mesenteric artery and veinDissection and staple of the mesocolon while separating it from the retroperitoneum,left tool mono_hook right tool bi_maryland_forceps aux tool bi_maryland_forceps the surgery process is a hemicolectomy 20251010_01resect the lymphatic tissue around the mesenteric artery and veindissection and staple of the mesocolon while separating it from the retroperitoneum,hemicolectomy. Resect the lymphatic tissue around the mesenteric artery and vein. Dissection and staple of the mesocolon while separating it from the retroperitoneum,hemicolectomy. resect the lymphatic tissue around the mesenteric artery and vein. dissect and staple of the mesocolon while separate it from the retroperitoneum,32,23,left tool: mono_hook. right tool: bi_maryland_forceps. aux tool: bi_maryland_forceps,strip_rob_tool_template | strip_rob_process_carrier | strip_rob_run_identifier | split_rob_concatenated_phases | insert_space_after_punctuation | lowercase_semantic_text | canonicalize_action_nominalization:dissection->dissect | lemmatize_inflection:separating->separate,7.48644593713156e-08,7.489267210443512e-08
rob_surgical_bitrack:00,rob_surgical_bitrack,ROB_TOOL_PROMPT,Surgical/Rob Surgical/all_merged_data,rob_surgical/all_merged_data,left tool: mono_hook. right tool: bi_maryland_forceps. aux tool: bi_maryland_forceps. The surgery process is a hemicolectomy 2025-10-10_01.Dissection and staple of the mesocolon while separating it from the retroperitoneum,left tool mono_hook right tool bi_maryland_forceps aux tool bi_maryland_forceps the surgery process is a hemicolectomy 20251010_01dissection and staple of the mesocolon while separating it from the retroperitoneum,hemicolectomy. Dissection and staple of the mesocolon while separating it from the retroperitoneum,hemicolectomy. dissect and staple of the mesocolon while separate it from the retroperitoneum,23,13,left tool: mono_hook. right tool: bi_maryland_forceps. aux tool: bi_maryland_forceps,strip_rob_tool_template | strip_rob_process_carrier | strip_rob_run_identifier | insert_space_after_punctuation | lowercase_semantic_text | canonicalize_action_nominalization:dissection->dissect | lemmatize_inflection:separating->separate,0.00023350224877913338,0.00023359024429373313
rob_surgical_bitrack:00,rob_surgical_bitrack,ROB_TOOL_PROMPT,Surgical/Rob Surgical/all_merged_data,rob_surgical/all_merged_data,left tool: mono_hook. right tool: bi_maryland_forceps. aux tool: bi_maryland_forceps. The surgery process is a hemicolectomy 2025-10-10_01.Dissection and staple of the mesocolon while separating it from the retroperitoneumPreparing the colon part for anastomosis,left tool mono_hook right tool bi_maryland_forceps aux tool bi_maryland_forceps the surgery process is a hemicolectomy 20251010_01dissection and staple of the mesocolon while separating it from the retroperitoneumpreparing the colon part for anastomosis,hemicolectomy. Dissection and staple of the mesocolon while separating it from the retroperitoneum. Preparing the colon part for anastomosis,hemicolectomy. dissect and staple of the mesocolon while separate it from the retroperitoneum. prepare the colon part for anastomosis,28,19,left tool: mono_hook. right tool: bi_maryland_forceps. aux tool: bi_maryland_forceps,strip_rob_tool_template | strip_rob_process_carrier | strip_rob_run_identifier | split_rob_concatenated_phases | insert_space_after_punctuation | lowercase_semantic_text | canonicalize_action_nominalization:dissection->dissect | lemmatize_inflection:separating->separate | lemmatize_inflection:preparing->prepare,7.48644593713156e-08,7.489267210443512e-08
rob_surgical_bitrack:00,rob_surgical_bitrack,ROB_TOOL_PROMPT,Surgical/Rob Surgical/all_merged_data,rob_surgical/all_merged_data,left tool: mono_hook. right tool: bi_maryland_forceps. aux tool: bi_maryland_forceps. The surgery process is a hemicolectomy 2025-10-10_01.Preparing the colon part for anastomosis,left tool mono_hook right tool bi_maryland_forceps aux tool bi_maryland_forceps the surgery process is a hemicolectomy 20251010_01preparing the colon part for anastomosis,hemicolectomy. Preparing the colon part for anastomosis,hemicolectomy. prepare the colon part for anastomosis,17,7,left tool: mono_hook. right tool: bi_maryland_forceps. aux tool: bi_maryland_forceps,strip_rob_tool_template | strip_rob_process_carrier | strip_rob_run_identifier | insert_space_after_punctuation | lowercase_semantic_text | lemmatize_inflection:preparing->prepare,0.0004599672383773631,0.0004601405774096494
rob_surgical_bitrack:00,rob_surgical_bitrack,ROB_TOOL_PROMPT,Surgical/Rob Surgical/all_merged_data,rob_surgical/all_merged_data,left tool: mono_hook. right tool: none. aux tool: bi_maryland_forceps. The surgery process is a hemicolectomy 2025-10-10_01.Preparing the colon part for anastomosis,left tool mono_hook right tool none aux tool bi_maryland_forceps the surgery process is a hemicolectomy 20251010_01preparing the colon part for anastomosis,hemicolectomy. Preparing the colon part for anastomosis,hemicolectomy. prepare the colon part for anastomosis,18,7,left tool: mono_hook. right tool: none. aux tool: bi_maryland_forceps,strip_rob_tool_template | strip_rob_process_carrier | strip_rob_run_identifier | insert_space_after_punctuation | lowercase_semantic_text | lemmatize_inflection:preparing->prepare,0.00012614661404066678,0.00012619415249597317
rob_surgical_bitrack:00,rob_surgical_bitrack,ROB_TOOL_PROMPT,Surgical/Rob Surgical/all_merged_data,rob_surgical/all_merged_data,left tool: mono_hook. right tool: none. aux tool: bi_maryland_forceps. The surgery process is a hemicolectomy 2025-10-10_01.Preparing the colon part for anastomosisCreate the first penetrating hole inside the colon for anastomosis,left tool mono_hook right tool none aux tool bi_maryland_forceps the surgery process is a hemicolectomy 20251010_01preparing the colon part for anastomosiscreate the first penetrating hole inside the colon for anastomosis,hemicolectomy. Preparing the colon part for anastomosis. Create the first penetrating hole inside the colon for anastomosis,hemicolectomy. prepare the colon part for anastomosis. create the first penetrating hole inside the colon for anastomosis,27,17,left tool: mono_hook. right tool: none. aux tool: bi_maryland_forceps,strip_rob_tool_template | strip_rob_process_carrier | strip_rob_run_identifier | split_rob_concatenated_phases | insert_space_after_punctuation | lowercase_semantic_text | lemmatize_inflection:preparing->prepare,7.48644593713156e-08,7.489267210443512e-08
rob_surgical_bitrack:00,rob_surgical_bitrack,ROB_TOOL_PROMPT,Surgical/Rob Surgical/all_merged_data,rob_surgical/all_merged_data,left tool: mono_hook. right tool: none. aux tool: bi_maryland_forceps. The surgery process is a hemicolectomy 2025-10-10_01.Create the first penetrating hole inside the colon for anastomosis,left tool mono_hook right tool none aux tool bi_maryland_forceps the surgery process is a hemicolectomy 20251010_01create the first penetrating hole inside the colon for anastomosis,hemicolectomy. Create the first penetrating hole inside the colon for anastomosis,hemicolectomy. create the first penetrating hole inside the colon for anastomosis,22,11,left tool: mono_hook. right tool: none. aux tool: bi_maryland_forceps,strip_rob_tool_template | strip_rob_process_carrier | strip_rob_run_identifier | insert_space_after_punctuation | lowercase_semantic_text,3.2191717529665706e-05,3.22038490049071e-05
rob_surgical_bitrack:00,rob_surgical_bitrack,ROB_TOOL_PROMPT,Surgical/Rob Surgical/all_merged_data,rob_surgical/all_merged_data,left tool: mono_hook. right tool: bi_maryland_forceps. aux tool: bi_maryland_forceps. The surgery process is a hemicolectomy 2025-10-10_01.Create the first penetrating hole inside the colon for anastomosis,left tool mono_hook right tool bi_maryland_forceps aux tool bi_maryland_forceps the surgery process is a hemicolectomy 20251010_01create the first penetrating hole inside the colon for anastomosis,hemicolectomy. Create the first penetrating hole inside the colon for anastomosis,hemicolectomy. create the first penetrating hole inside the colon for anastomosis,21,11,left tool: mono_hook. right tool: bi_maryland_forceps. aux tool: bi_maryland_forceps,strip_rob_tool_template | strip_rob_process_carrier | strip_rob_run_identifier | insert_space_after_punctuation | lowercase_semantic_text,0.00016312965697009665,0.00016319113251556406
rob_surgical_bitrack:00,rob_surgical_bitrack,ROB_TOOL_PROMPT,Surgical/Rob Surgical/all_merged_data,rob_surgical/all_merged_data,left tool: mono_hook. right tool: bi_maryland_forceps. aux tool: bi_maryland_forceps. The surgery process is a hemicolectomy 2025-10-10_01.Create the first penetrating hole inside the colon for anastomosisCreate the second penetrating hole inside the colon for anastomosis,left tool mono_hook right tool bi_maryland_forceps aux tool bi_maryland_forceps the surgery process is a hemicolectomy 20251010_01create the first penetrating hole inside the colon for anastomosiscreate the second penetrating hole inside the colon for anastomosis,hemicolectomy. Create the first penetrating hole inside the colon for anastomosis. Create the second penetrating hole inside the colon for anastomosis,hemicolectomy. create the first penetrating hole inside the colon for anastomosis. create the second penetrating hole inside the colon for anastomosis,30,21,left tool: mono_hook. right tool: bi_maryland_forceps. aux tool: bi_maryland_forceps,strip_rob_tool_template | strip_rob_process_carrier | strip_rob_run_identifier | split_rob_concatenated_phases | insert_space_after_punctuation | lowercase_semantic_text,7.48644593713156e-08,7.489267210443512e-08
rob_surgical_bitrack:00,rob_surgical_bitrack,ROB_TOOL_PROMPT,Surgical/Rob Surgical/all_merged_data,rob_surgical/all_merged_data,left tool: mono_hook. right tool: bi_maryland_forceps. aux tool: bi_maryland_forceps. The surgery process is a hemicolectomy 2025-10-10_01.Create the second penetrating hole inside the colon for anastomosis,left tool mono_hook right tool bi_maryland_forceps aux tool bi_maryland_forceps the surgery process is a hemicolectomy 20251010_01create the second penetrating hole inside the colon for anastomosis,hemicolectomy. Create the second penetrating hole inside the colon for anastomosis,hemicolectomy. create the second penetrating hole inside the colon for anastomosis,21,11,left tool: mono_hook. right tool: bi_maryland_forceps. aux tool: bi_maryland_forceps,strip_rob_tool_template | strip_rob_process_carrier | strip_rob_run_identifier | insert_space_after_punctuation | lowercase_semantic_text,0.00026719125549622537,0.0002672919467407289
rob_surgical_bitrack:00,rob_surgical_bitrack,ROB_TOOL_PROMPT,Surgical/Rob Surgical/all_merged_data,rob_surgical/all_merged_data,left tool: mono_hook. right tool: bi_maryland_forceps. aux tool: bi_maryland_forceps. The surgery process is a hemicolectomy 2025-10-10_01.Create the second penetrating hole inside the colon for anastomosisLateral to lateral approximation,left tool mono_hook right tool bi_maryland_forceps aux tool bi_maryland_forceps the surgery process is a hemicolectomy 20251010_01create the second penetrating hole inside the colon for anastomosislateral to lateral approximation,hemicolectomy. Create the second penetrating hole inside the colon for anastomosis. Lateral to lateral approximation,hemicolectomy. create the second penetrating hole inside the colon for anastomosis. lateral to lateral approximation,24,15,left tool: mono_hook. right tool: bi_maryland_forceps. aux tool: bi_maryland_forceps,strip_rob_tool_template | strip_rob_process_carrier | strip_rob_run_identifier | split_rob_concatenated_phases | insert_space_after_punctuation | lowercase_semantic_text,7.48644593713156e-08,7.489267210443512e-08
rob_surgical_bitrack:00,rob_surgical_bitrack,ROB_TOOL_PROMPT,Surgical/Rob Surgical/all_merged_data,rob_surgical/all_merged_data,left tool: mono_hook. right tool: bi_maryland_forceps. aux tool: bi_maryland_forceps. The surgery process is a hemicolectomy 2025-10-10_01.Lateral to lateral approximation,left tool mono_hook right tool bi_maryland_forceps aux tool bi_maryland_forceps the surgery process is a hemicolectomy 20251010_01lateral to lateral approximation,hemicolectomy. Lateral to lateral approximation,hemicolectomy. lateral to lateral approximation,15,5,left tool: mono_hook. right tool: bi_maryland_forceps. aux tool: bi_maryland_forceps,strip_rob_tool_template | strip_rob_process_carrier | strip_rob_run_identifier | insert_space_after_punctuation | lowercase_semantic_text,0.00038847167967775666,0.00038861807554991384
rob_surgical_bitrack:00,rob_surgical_bitrack,ROB_TOOL_PROMPT,Surgical/Rob Surgical/all_merged_data,rob_surgical/all_merged_data,left tool: mono_hook. right tool: bi_maryland_forceps. aux tool: bi_maryland_forceps. The surgery process is a hemicolectomy 2025-10-10_01.Lateral to lateral approximationSuturing,left tool mono_hook right tool bi_maryland_forceps aux tool bi_maryland_forceps the surgery process is a hemicolectomy 20251010_01lateral to lateral approximationsuturing,hemicolectomy. Lateral to lateral approximation. Suturing,hemicolectomy. lateral to lateral approximation. suture,15,6,left tool: mono_hook. right tool: bi_maryland_forceps. aux tool: bi_maryland_forceps,strip_rob_tool_template | strip_rob_process_carrier | strip_rob_run_identifier | split_rob_concatenated_phases | insert_space_after_punctuation | lowercase_semantic_text | lemmatize_inflection:suturing->suture,7.48644593713156e-08,7.489267210443512e-08
rob_surgical_bitrack:00,rob_surgical_bitrack,ROB_TOOL_PROMPT,Surgical/Rob Surgical/all_merged_data,rob_surgical/all_merged_data,left tool: mono_hook. right tool: bi_maryland_forceps. aux tool: bi_maryland_forceps. The surgery process is a hemicolectomy 2025-10-10_01.Suturing,left tool mono_hook right tool bi_maryland_forceps aux tool bi_maryland_forceps the surgery process is a hemicolectomy 20251010_01suturing,hemicolectomy. Suturing,hemicolectomy. suture,12,2,left tool: mono_hook. right tool: bi_maryland_forceps. aux tool: bi_maryland_forceps,strip_rob_tool_template | strip_rob_process_carrier | strip_rob_run_identifier | insert_space_after_punctuation | lowercase_semantic_text | lemmatize_inflection:suturing->suture,9.575164353591265e-05,9.578772762157251e-05
rob_surgical_bitrack:00,rob_surgical_bitrack,ROB_TOOL_PROMPT,Surgical/Rob Surgical/all_merged_data,rob_surgical/all_merged_data,left tool: none. right tool: bi_maryland_forceps. aux tool: bi_maryland_forceps. The surgery process is a hemicolectomy 2025-10-10_01.Suturing,left tool none right tool bi_maryland_forceps aux tool bi_maryland_forceps the surgery process is a hemicolectomy 20251010_01suturing,hemicolectomy. Suturing,hemicolectomy. suture,13,2,left tool: none. right tool: bi_maryland_forceps. aux tool: bi_maryland_forceps,strip_rob_tool_template | strip_rob_process_carrier | strip_rob_run_identifier | insert_space_after_punctuation | lowercase_semantic_text | lemmatize_inflection:suturing->suture,4.4544353325932774e-05,4.456113990213889e-05
rob_surgical_bitrack:00,rob_surgical_bitrack,ROB_TOOL_PROMPT,Surgical/Rob Surgical/all_merged_data,rob_surgical/all_merged_data,left tool: forceps. right tool: bi_maryland_forceps. aux tool: bi_maryland_forceps. The surgery process is a hemicolectomy 2025-10-10_01.Suturing,left tool forceps right tool bi_maryland_forceps aux tool bi_maryland_forceps the surgery process is a hemicolectomy 20251010_01suturing,hemicolectomy. Suturing,hemicolectomy. suture,13,2,left tool: forceps. right tool: bi_maryland_forceps. aux tool: bi_maryland_forceps,strip_rob_tool_template | strip_rob_process_carrier | strip_rob_run_identifier | insert_space_after_punctuation | lowercase_semantic_text | lemmatize_inflection:suturing->suture,0.000160359671973358,0.0001604201036477
rob_surgical_bitrack:00,rob_surgical_bitrack,ROB_TOOL_PROMPT,Surgical/Rob Surgical/all_merged_data,rob_surgical/all_merged_data,left tool: forceps. right tool: bi_maryland_forceps. aux tool: none. The surgery process is a hemicolectomy 2025-10-10_01.Suturing,left tool forceps right tool bi_maryland_forceps aux tool none the surgery process is a hemicolectomy 20251010_01suturing,hemicolectomy. Suturing,hemicolectomy. suture,14,2,left tool: forceps. right tool: bi_maryland_forceps. aux tool: none,strip_rob_tool_template | strip_rob_process_carrier | strip_rob_run_identifier | insert_space_after_punctuation | lowercase_semantic_text | lemmatize_inflection:suturing->suture,2.672661199555967e-05,2.6736683941283334e-05
rob_surgical_bitrack:00,rob_surgical_bitrack,ROB_TOOL_PROMPT,Surgical/Rob Surgical/all_merged_data,rob_surgical/all_merged_data,left tool: forceps. right tool: bi_maryland_forceps. aux tool: forceps. The surgery process is a hemicolectomy 2025-10-10_01.Suturing,left tool forceps right tool bi_maryland_forceps aux tool forceps the surgery process is a hemicolectomy 20251010_01suturing,hemicolectomy. Suturing,hemicolectomy. suture,14,2,left tool: forceps. right tool: bi_maryland_forceps. aux tool: forceps,strip_rob_tool_template | strip_rob_process_carrier | strip_rob_run_identifier | insert_space_after_punctuation | lowercase_semantic_text | lemmatize_inflection:suturing->suture,0.00286401475770905,0.00286509406402727
jhu_imerse_star_il:00,jhu_imerse_star_il,TASK_INDEX,Surgical/JHU/Imerse/star_IL_extracted/star_IL,jhu/imerse/star_il/star_il,suture throw,suture throw,suture throw,suture throw,2,2,,,0.008772913629169939,0.008776219708890259
hamlyn_dvrk_30hz:00,hamlyn_dvrk_30hz,TASK_INDEX,Surgical/Hamlyn/Suturing-2,hamlyn/suturing_2,"Make first right-to-left suture, shift needle holder, create second parallel suture.",make first righttoleft suture shift needle holder create second parallel suture,"Make first right-to-left suture, shift needle holder, create second parallel suture.","make first right-to-left suture, shift needle holder, create second parallel suture",11,10,,lowercase_semantic_text | strip_terminal_punctuation,0.018819839402350436,0.018826931674315924
hamlyn_dvrk_30hz:01,hamlyn_dvrk_30hz,TASK_INDEX,Surgical/Hamlyn/peg_transfer,hamlyn/peg_transfer,Move the orange cylinder peg to right.,move the orange cylinder peg to right,Move the orange cylinder peg to right.,move the orange cylinder peg to right,7,7,,lowercase_semantic_text | strip_terminal_punctuation,0.0014272394767862343,0.0014277773331575264
hamlyn_dvrk_30hz:01,hamlyn_dvrk_30hz,TASK_INDEX,Surgical/Hamlyn/peg_transfer,hamlyn/peg_transfer,Move the black triangular peg to right.,move the black triangular peg to right,Move the black triangular peg to right.,move the black triangular peg to right,7,7,,lowercase_semantic_text | strip_terminal_punctuation,0.0016186911262533626,0.0016193011313363006
hamlyn_dvrk_30hz:01,hamlyn_dvrk_30hz,TASK_INDEX,Surgical/Hamlyn/peg_transfer,hamlyn/peg_transfer,Move the orange triangular peg to right.,move the orange triangular peg to right,Move the orange triangular peg to right.,move the orange triangular peg to right,7,7,,lowercase_semantic_text | strip_terminal_punctuation,0.0017119086872962156,0.0017125538214937408
hamlyn_dvrk_30hz:01,hamlyn_dvrk_30hz,TASK_INDEX,Surgical/Hamlyn/peg_transfer,hamlyn/peg_transfer,Move the white triangular peg to right.,move the white triangular peg to right,Move the white triangular peg to right.,move the white triangular peg to right,7,7,,lowercase_semantic_text | strip_terminal_punctuation,0.0014153345834482316,0.001415867953450673
hamlyn_dvrk_30hz:01,hamlyn_dvrk_30hz,TASK_INDEX,Surgical/Hamlyn/peg_transfer,hamlyn/peg_transfer,Move the green cylinder peg to right.,move the green cylinder peg to right,Move the green cylinder peg to right.,move the green cylinder peg to right,7,7,,lowercase_semantic_text | strip_terminal_punctuation,0.0014779288654015047,0.0014784858241106084
hamlyn_dvrk_30hz:02,hamlyn_dvrk_30hz,TASK_INDEX,Surgical/Hamlyn/Suturing-1,hamlyn/suturing_1,Drive needle from right edge through both layers to left side.,drive needle from right edge through both layers to left side,Drive needle from right edge through both layers to left side.,drive needle from right edge through both layer to left side,11,11,,lowercase_semantic_text | lemmatize_inflection:layers->layer | strip_terminal_punctuation,0.007492370828012178,0.007495194334124133
hamlyn_dvrk_30hz:03,hamlyn_dvrk_30hz,TASK_INDEX,Surgical/Hamlyn/needle_grasp_and_handover,hamlyn/needle_grasp_and_handover,Using the right hand instrument to grasp the needle from the table.,using the right hand instrument to grasp the needle from the table,Using the right hand instrument to grasp the needle from the table.,use the right hand instrument to grasp the needle from the table,12,12,,lowercase_semantic_text | lemmatize_inflection:using->use | strip_terminal_punctuation,0.0007485108094340564,0.0007487928863485359
hamlyn_dvrk_30hz:03,hamlyn_dvrk_30hz,TASK_INDEX,Surgical/Hamlyn/needle_grasp_and_handover,hamlyn/needle_grasp_and_handover,"Use the left-hand to grasp the needle from the table, then transfer the needle to the right hand.",use the lefthand to grasp the needle from the table then transfer the needle to the right hand,"Use the left-hand to grasp the needle from the table, then transfer the needle to the right hand.","use the left-hand to grasp the needle from the table, then transfer the needle to the right hand",18,17,,lowercase_semantic_text | strip_terminal_punctuation,0.002739248570885761,0.0027402808589638075
hamlyn_dvrk_30hz:04,hamlyn_dvrk_30hz,TASK_INDEX,Surgical/Hamlyn/knot_tying,hamlyn/knot_tying,Tie a surgical knot in the suture.,tie a surgical knot in the suture,Tie a surgical knot in the suture.,tie a surgical knot in the suture,7,7,,lowercase_semantic_text | strip_terminal_punctuation,0.0022628282167366266,0.002263680965412169
hamlyn_dvrk_30hz:05,hamlyn_dvrk_30hz,TASK_INDEX,Surgical/Hamlyn/Tissue_Retraction,hamlyn/tissue_retraction,Retract the partially dissected tissue flap using the right instrument (left-side grasp).,retract the partially dissected tissue flap using the right instrument leftside grasp,Retract the partially dissected tissue flap using the right instrument (left-side grasp).,retract the partially dissect tissue flap use the right instrument (left-side grasp),12,11,,lowercase_semantic_text | lemmatize_inflection:dissected->dissect | lemmatize_inflection:using->use | strip_terminal_punctuation,7.112986585599217e-05,7.115667120447226e-05
hamlyn_dvrk_30hz:05,hamlyn_dvrk_30hz,TASK_INDEX,Surgical/Hamlyn/Tissue_Retraction,hamlyn/tissue_retraction,Retract the partially dissected tissue flap using the right instrument (center grasp).,retract the partially dissected tissue flap using the right instrument center grasp,Retract the partially dissected tissue flap using the right instrument (center grasp).,retract the partially dissect tissue flap use the right instrument (center grasp),12,12,,lowercase_semantic_text | lemmatize_inflection:dissected->dissect | lemmatize_inflection:using->use | strip_terminal_punctuation,0.00018928031671994547,0.0001893516471630588
hamlyn_dvrk_30hz:05,hamlyn_dvrk_30hz,TASK_INDEX,Surgical/Hamlyn/Tissue_Retraction,hamlyn/tissue_retraction,Retract the partially dissected tissue flap using the right instrument (right-side grasp).,retract the partially dissected tissue flap using the right instrument rightside grasp,Retract the partially dissected tissue flap using the right instrument (right-side grasp).,retract the partially dissect tissue flap use the right instrument (right-side grasp),12,11,,lowercase_semantic_text | lemmatize_inflection:dissected->dissect | lemmatize_inflection:using->use | strip_terminal_punctuation,0.0001160539916597767,0.0001160977267020337
hamlyn_dvrk_30hz:05,hamlyn_dvrk_30hz,TASK_INDEX,Surgical/Hamlyn/Tissue_Retraction,hamlyn/tissue_retraction,Retract the partially dissected tissue flap using the left instrument (left-side grasp).,retract the partially dissected tissue flap using the left instrument leftside grasp,Retract the partially dissected tissue flap using the left instrument (left-side grasp).,retract the partially dissect tissue flap use the left instrument (left-side grasp),12,11,,lowercase_semantic_text | lemmatize_inflection:dissected->dissect | lemmatize_inflection:using->use | strip_terminal_punctuation,0.00013926478999173205,0.00013931727204244044
hamlyn_dvrk_30hz:05,hamlyn_dvrk_30hz,TASK_INDEX,Surgical/Hamlyn/Tissue_Retraction,hamlyn/tissue_retraction,Retract the partially dissected tissue flap using the left instrument (center grasp).,retract the partially dissected tissue flap using the left instrument center grasp,Retract the partially dissected tissue flap using the left instrument (center grasp).,retract the partially dissect tissue flap use the left instrument (center grasp),12,12,,lowercase_semantic_text | lemmatize_inflection:dissected->dissect | lemmatize_inflection:using->use | strip_terminal_punctuation,0.00017677643503789212,0.00017684305338290423
hamlyn_dvrk_30hz:05,hamlyn_dvrk_30hz,TASK_INDEX,Surgical/Hamlyn/Tissue_Retraction,hamlyn/tissue_retraction,Retract the partially dissected tissue flap using the left instrument (right-side grasp).,retract the partially dissected tissue flap using the left instrument rightside grasp,Retract the partially dissected tissue flap using the left instrument (right-side grasp).,retract the partially dissect tissue flap use the left instrument (right-side grasp),12,11,,lowercase_semantic_text | lemmatize_inflection:dissected->dissect | lemmatize_inflection:using->use | strip_terminal_punctuation,6.0797316921121725e-05,6.082022844003313e-05
hamlyn_dvrk_30hz:05,hamlyn_dvrk_30hz,TASK_INDEX,Surgical/Hamlyn/Tissue_Retraction,hamlyn/tissue_retraction,Lift the intact tissue block using the right instrument (left-side grasp).,lift the intact tissue block using the right instrument leftside grasp,Lift the intact tissue block using the right instrument (left-side grasp).,lift the intact tissue block use the right instrument (left-side grasp),11,10,,lowercase_semantic_text | lemmatize_inflection:using->use | strip_terminal_punctuation,4.147994282549438e-05,4.149557457608172e-05
hamlyn_dvrk_30hz:05,hamlyn_dvrk_30hz,TASK_INDEX,Surgical/Hamlyn/Tissue_Retraction,hamlyn/tissue_retraction,Lift the intact tissue block using the right instrument (center grasp).,lift the intact tissue block using the right instrument center grasp,Lift the intact tissue block using the right instrument (center grasp).,lift the intact tissue block use the right instrument (center grasp),11,11,,lowercase_semantic_text | lemmatize_inflection:using->use | strip_terminal_punctuation,5.495718056662973e-05,5.4977891225350144e-05
hamlyn_dvrk_30hz:05,hamlyn_dvrk_30hz,TASK_INDEX,Surgical/Hamlyn/Tissue_Retraction,hamlyn/tissue_retraction,Lift the intact tissue block using the right instrument (right-side grasp).,lift the intact tissue block using the right instrument rightside grasp,Lift the intact tissue block using the right instrument (right-side grasp).,lift the intact tissue block use the right instrument (right-side grasp),11,10,,lowercase_semantic_text | lemmatize_inflection:using->use | strip_terminal_punctuation,4.245329888457638e-05,4.246929744519555e-05
hamlyn_dvrk_30hz:05,hamlyn_dvrk_30hz,TASK_INDEX,Surgical/Hamlyn/Tissue_Retraction,hamlyn/tissue_retraction,Lift the intact tissue block using the left instrument (left-side grasp).,lift the intact tissue block using the left instrument leftside grasp,Lift the intact tissue block using the left instrument (left-side grasp).,lift the intact tissue block use the left instrument (left-side grasp),11,10,,lowercase_semantic_text | lemmatize_inflection:using->use | strip_terminal_punctuation,4.1255322196475457e-05,4.127086929859391e-05
hamlyn_dvrk_30hz:05,hamlyn_dvrk_30hz,TASK_INDEX,Surgical/Hamlyn/Tissue_Retraction,hamlyn/tissue_retraction,Lift the intact tissue block using the left instrument (center grasp).,lift the intact tissue block using the left instrument center grasp,Lift the intact tissue block using the left instrument (center grasp).,lift the intact tissue block use the left instrument (center grasp),11,11,,lowercase_semantic_text | lemmatize_inflection:using->use | strip_terminal_punctuation,6.671232681862001e-05,6.673746741387871e-05
hamlyn_dvrk_30hz:05,hamlyn_dvrk_30hz,TASK_INDEX,Surgical/Hamlyn/Tissue_Retraction,hamlyn/tissue_retraction,Re-orient and grasp the intact tissue block at the center using the right instrument.,reorient and grasp the intact tissue block at the center using the right instrument,Re-orient and grasp the intact tissue block at the center using the right instrument.,re-orient and grasp the intact tissue block at the center use the right instrument,14,13,,lemmatize_inflection:using->use | strip_terminal_punctuation,1.8194270950532734e-05,1.820112747651238e-05
hamlyn_dvrk_30hz:05,hamlyn_dvrk_30hz,TASK_INDEX,Surgical/Hamlyn/Tissue_Retraction,hamlyn/tissue_retraction,Re-orient and grasp the intact tissue block at the right region using the right instrument.,reorient and grasp the intact tissue block at the right region using the right instrument,Re-orient and grasp the intact tissue block at the right region using the right instrument.,re-orient and grasp the intact tissue block at the right region use the right instrument,15,14,,lemmatize_inflection:using->use | strip_terminal_punctuation,1.400135254217951e-05,1.4006628963406644e-05
hamlyn_dvrk_30hz:05,hamlyn_dvrk_30hz,TASK_INDEX,Surgical/Hamlyn/Tissue_Retraction,hamlyn/tissue_retraction,Retract the partially dissected tissue flap from the left side using the right instrument.,retract the partially dissected tissue flap from the left side using the right instrument,Retract the partially dissected tissue flap from the left side using the right instrument.,retract the partially dissect tissue flap from the left side use the right instrument,14,14,,lowercase_semantic_text | lemmatize_inflection:dissected->dissect | lemmatize_inflection:using->use | strip_terminal_punctuation,1.5199329230280431e-05,1.5205057110008282e-05
hamlyn_dvrk_30hz:05,hamlyn_dvrk_30hz,TASK_INDEX,Surgical/Hamlyn/Tissue_Retraction,hamlyn/tissue_retraction,Retract the partially dissected tissue flap from the right side using the right instrument.,retract the partially dissected tissue flap from the right side using the right instrument,Retract the partially dissected tissue flap from the right side using the right instrument.,retract the partially dissect tissue flap from the right side use the right instrument,14,14,,lowercase_semantic_text | lemmatize_inflection:dissected->dissect | lemmatize_inflection:using->use | strip_terminal_punctuation,1.2653628768065975e-05,1.2658397298479802e-05
ucsd_dvrk:00,ucsd_dvrk,TASK_INDEX,Surgical/UCSD/surgical_learning_dataset,ucsd/surgical_learning_dataset,retraction,retraction,retraction,retract,1,1,,canonicalize_action_nominalization:retraction->retract,0.006787233241723075,0.006789791016155384
ucsd_dvrk:00,ucsd_dvrk,TASK_INDEX,Surgical/UCSD/surgical_learning_dataset,ucsd/surgical_learning_dataset,dissection,dissection,dissection,dissect,1,1,,canonicalize_action_nominalization:dissection->dissect,0.01481997050093319,0.014825555419011717
ucsd_dvrk:01,ucsd_dvrk,TASK_INDEX,Surgical/UCSD/surgical_learning_dataset2,ucsd/surgical_learning_dataset2,Retraction,retraction,Retraction,retract,1,1,,lowercase_semantic_text | canonicalize_action_nominalization:retraction->retract,0.0019700016357379465,0.001970744032475475
ucb_dvrk:00,ucb_dvrk,TASK_INDEX,Surgical/UCBerkeley/debridement_lerobot,ucberkeley/debridement_lerobot,surgical_debridement,surgical_debridement,surgical debridement,surgical debridement,0,2,,replace_underscores,0.016611212880232287,0.01661747282947545
turin_mitic_ex_vivo:00,turin_mitic_ex_vivo,DIRECT_TEXT:instruction.text,Surgical/Turin/mitic_lerobot_ex_vivo,turin/mitic_lerobot_ex_vivo,Perform base knot tying on ex vivo tissue,perform base knot tying on ex vivo tissue,Perform base knot tying on ex vivo tissue,perform base knot tie on ex vivo tissue,8,8,,lowercase_semantic_text | lemmatize_inflection:tying->tie,0.005415306552983071,0.00541734731571378
turin_mitic_ex_vivo:00,turin_mitic_ex_vivo,DIRECT_TEXT:instruction.text,Surgical/Turin/mitic_lerobot_ex_vivo,turin/mitic_lerobot_ex_vivo,Finish the knot tying on ex vivo tissue,finish the knot tying on ex vivo tissue,Finish the knot tying on ex vivo tissue,finish the knot tie on ex vivo tissue,8,8,,lowercase_semantic_text | lemmatize_inflection:tying->tie,0.007035981863312112,0.007038633378867161
turin_mitic_ex_vivo:00,turin_mitic_ex_vivo,DIRECT_TEXT:instruction.text,Surgical/Turin/mitic_lerobot_ex_vivo,turin/mitic_lerobot_ex_vivo,Extract the needle from the tissue,extract the needle from the tissue,Extract the needle from the tissue,extract the needle from the tissue,6,6,,lowercase_semantic_text,0.003829697328586817,0.0038311405531765257
turin_mitic_ex_vivo:00,turin_mitic_ex_vivo,DIRECT_TEXT:instruction.text,Surgical/Turin/mitic_lerobot_ex_vivo,turin/mitic_lerobot_ex_vivo,Insert the needle into the tissue,insert the needle into the tissue,Insert the needle into the tissue,insert the needle into the tissue,6,6,,lowercase_semantic_text,0.005758261357136194,0.005760431362667063
turin_mitic_ex_vivo:00,turin_mitic_ex_vivo,DIRECT_TEXT:instruction.text,Surgical/Turin/mitic_lerobot_ex_vivo,turin/mitic_lerobot_ex_vivo,Position the needle for suturing,position the needle for suturing,Position the needle for suturing,position the needle for suture,5,5,,lowercase_semantic_text | lemmatize_inflection:suturing->suture,0.003430255019070193,0.0034315477134968624
turin_mitic_ex_vivo:00,turin_mitic_ex_vivo,DIRECT_TEXT:instruction.text,Surgical/Turin/mitic_lerobot_ex_vivo,turin/mitic_lerobot_ex_vivo,Lift the tissue flap to expose the workspace,lift the tissue flap to expose the workspace,Lift the tissue flap to expose the workspace,lift the tissue flap to expose the workspace,8,8,,lowercase_semantic_text,0.0020100078410384306,0.0020107653141473473
turin_mitic_ex_vivo:01,turin_mitic_ex_vivo,DIRECT_TEXT:instruction.text,Surgical/Turin/mitic_lerobot_plastic_pad,turin/mitic_lerobot_plastic_pad,Extract the needle from the plastic phantom,extract the needle from the plastic phantom,Extract the needle from the plastic phantom,extract the needle from the plastic phantom,7,7,,lowercase_semantic_text,0.00361138266455366,0.0036127436170825785
turin_mitic_ex_vivo:01,turin_mitic_ex_vivo,DIRECT_TEXT:instruction.text,Surgical/Turin/mitic_lerobot_plastic_pad,turin/mitic_lerobot_plastic_pad,Grasp the needle from the plastic phantom,grasp the needle from the plastic phantom,Grasp the needle from the plastic phantom,grasp the needle from the plastic phantom,7,7,,lowercase_semantic_text,0.0012380590662398436,0.001238525629817746
turin_mitic_ex_vivo:01,turin_mitic_ex_vivo,DIRECT_TEXT:instruction.text,Surgical/Turin/mitic_lerobot_plastic_pad,turin/mitic_lerobot_plastic_pad,Insert the needle into the plastic phantom,insert the needle into the plastic phantom,Insert the needle into the plastic phantom,insert the needle into the plastic phantom,7,7,,lowercase_semantic_text,0.0024452232140268087,0.0024461446984071714
turin_mitic_ex_vivo:01,turin_mitic_ex_vivo,DIRECT_TEXT:instruction.text,Surgical/Turin/mitic_lerobot_plastic_pad,turin/mitic_lerobot_plastic_pad,Position the needle for suturing,position the needle for suturing,Position the needle for suturing,position the needle for suture,5,5,,lowercase_semantic_text | lemmatize_inflection:suturing->suture,0.0011832683069698641,0.0011837142226050488
turin_mitic_ex_vivo:01,turin_mitic_ex_vivo,DIRECT_TEXT:instruction.text,Surgical/Turin/mitic_lerobot_plastic_pad,turin/mitic_lerobot_plastic_pad,Transfer the needle from left to right arms,transfer the needle from left to right arms,Transfer the needle from left to right arms,transfer the needle from left to right arm,8,8,,lowercase_semantic_text | lemmatize_inflection:arms->arm,0.0004183893075609522,0.00041854697791579614
turin_mitic_ex_vivo:01,turin_mitic_ex_vivo,DIRECT_TEXT:instruction.text,Surgical/Turin/mitic_lerobot_plastic_pad,turin/mitic_lerobot_plastic_pad,Transfer the needle from right to left arms,transfer the needle from right to left arms,Transfer the needle from right to left arms,transfer the needle from right to left arm,8,8,,lowercase_semantic_text | lemmatize_inflection:arms->arm,0.0005107912719040013,0.0005109837640151448
turin_mitic_ex_vivo:01,turin_mitic_ex_vivo,DIRECT_TEXT:instruction.text,Surgical/Turin/mitic_lerobot_plastic_pad,turin/mitic_lerobot_plastic_pad,Lift the plastic phantom to expose the workspace,lift the plastic phantom to expose the workspace,Lift the plastic phantom to expose the workspace,lift the plastic phantom to expose the workspace,8,8,,lowercase_semantic_text,0.001186661799156908,0.001187108993632416
turin_mitic_ex_vivo:02,turin_mitic_ex_vivo,DIRECT_TEXT:instruction.text,Surgical/Turin/mitic_lerobot_plastic_pad_3DMED,turin/mitic_lerobot_plastic_pad_3dmed,Perform base knot tying on the plastic phantom,perform base knot tying on the plastic phantom,Perform base knot tying on the plastic phantom,perform base knot tie on the plastic phantom,8,8,,lowercase_semantic_text | lemmatize_inflection:tying->tie,0.002904334427832287,0.0029054289286513718
turin_mitic_ex_vivo:02,turin_mitic_ex_vivo,DIRECT_TEXT:instruction.text,Surgical/Turin/mitic_lerobot_plastic_pad_3DMED,turin/mitic_lerobot_plastic_pad_3dmed,Finish the knot tying on the plastic phantom,finish the knot tying on the plastic phantom,Finish the knot tying on the plastic phantom,finish the knot tie on the plastic phantom,8,8,,lowercase_semantic_text | lemmatize_inflection:tying->tie,0.0038915578632464707,0.0038930244000295704
turin_mitic_ex_vivo:02,turin_mitic_ex_vivo,DIRECT_TEXT:instruction.text,Surgical/Turin/mitic_lerobot_plastic_pad_3DMED,turin/mitic_lerobot_plastic_pad_3dmed,Extract the needle from the plastic phantom,extract the needle from the plastic phantom,Extract the needle from the plastic phantom,extract the needle from the plastic phantom,7,7,,lowercase_semantic_text,0.0032658827412602545,0.00326711349185877
turin_mitic_ex_vivo:02,turin_mitic_ex_vivo,DIRECT_TEXT:instruction.text,Surgical/Turin/mitic_lerobot_plastic_pad_3DMED,turin/mitic_lerobot_plastic_pad_3dmed,Insert the needle into the plastic phantom,insert the needle into the plastic phantom,Insert the needle into the plastic phantom,insert the needle into the plastic phantom,7,7,,lowercase_semantic_text,0.0021211447101641178,0.002121944065293618
turin_mitic_ex_vivo:02,turin_mitic_ex_vivo,DIRECT_TEXT:instruction.text,Surgical/Turin/mitic_lerobot_plastic_pad_3DMED,turin/mitic_lerobot_plastic_pad_3dmed,Position the needle for suturing,position the needle for suturing,Position the needle for suturing,position the needle for suture,5,5,,lowercase_semantic_text | lemmatize_inflection:suturing->suture,0.003729094424791745,0.003730499737094373
turin_mitic_ex_vivo:02,turin_mitic_ex_vivo,DIRECT_TEXT:instruction.text,Surgical/Turin/mitic_lerobot_plastic_pad_3DMED,turin/mitic_lerobot_plastic_pad_3dmed,Lift the plastic phantom to expose the workspace,lift the plastic phantom to expose the workspace,Lift the plastic phantom to expose the workspace,lift the plastic phantom to expose the workspace,8,8,,lowercase_semantic_text,0.0012837298152571426,0.0012842135898943944
turin_mitic_ex_vivo:03,turin_mitic_ex_vivo,DIRECT_TEXT:instruction.text,Surgical/Turin/mitic_lerobot_plastic_tube,turin/mitic_lerobot_plastic_tube,Perform base knot tying on the plastic phantom,perform base knot tying on the plastic phantom,Perform base knot tying on the plastic phantom,perform base knot tie on the plastic phantom,8,8,,lowercase_semantic_text | lemmatize_inflection:tying->tie,0.0021403744992240328,0.002141181101115364
turin_mitic_ex_vivo:03,turin_mitic_ex_vivo,DIRECT_TEXT:instruction.text,Surgical/Turin/mitic_lerobot_plastic_tube,turin/mitic_lerobot_plastic_tube,Finish the knot tying on the plastic phantom,finish the knot tying on the plastic phantom,Finish the knot tying on the plastic phantom,finish the knot tie on the plastic phantom,8,8,,lowercase_semantic_text | lemmatize_inflection:tying->tie,0.0033637284326533535,0.0033649960564811872
turin_mitic_ex_vivo:03,turin_mitic_ex_vivo,DIRECT_TEXT:instruction.text,Surgical/Turin/mitic_lerobot_plastic_tube,turin/mitic_lerobot_plastic_tube,Extract the needle from the plastic phantom,extract the needle from the plastic phantom,Extract the needle from the plastic phantom,extract the needle from the plastic phantom,7,7,,lowercase_semantic_text,0.002066566044155829,0.0020673448312701318
turin_mitic_ex_vivo:03,turin_mitic_ex_vivo,DIRECT_TEXT:instruction.text,Surgical/Turin/mitic_lerobot_plastic_tube,turin/mitic_lerobot_plastic_tube,Insert the needle into the plastic phantom,insert the needle into the plastic phantom,Insert the needle into the plastic phantom,insert the needle into the plastic phantom,7,7,,lowercase_semantic_text,0.002082119550013113,0.002082904198478897
turin_mitic_ex_vivo:03,turin_mitic_ex_vivo,DIRECT_TEXT:instruction.text,Surgical/Turin/mitic_lerobot_plastic_tube,turin/mitic_lerobot_plastic_tube,Position the needle for suturing,position the needle for suturing,Position the needle for suturing,position the needle for suture,5,5,,lowercase_semantic_text | lemmatize_inflection:suturing->suture,0.004333136034085557,0.0043347689799657085
turin_mitic_ex_vivo:03,turin_mitic_ex_vivo,DIRECT_TEXT:instruction.text,Surgical/Turin/mitic_lerobot_plastic_tube,turin/mitic_lerobot_plastic_tube,Lift the plastic phantom to expose the workspace,lift the plastic phantom to expose the workspace,Lift the plastic phantom to expose the workspace,lift the plastic phantom to expose the workspace,8,8,,lowercase_semantic_text,0.0012897391243383662,0.0012902251635886904
tud_tundra_ur5e:00,tud_tundra_ur5e,TASK_INDEX,Surgical/TUD/260131_TUNDRA_dataset/grasping_retraction,tud/260131_tundra_dataset/grasping_retraction,Remain positioned until the surgeon picks up the omentum and positions it for your robotic grasp.,remain positioned until the surgeon picks up the omentum and positions it for your robotic grasp,Remain positioned until the surgeon picks up the omentum and positions it for your robotic grasp.,remain position until the surgeon pick up the omentum and position it for your robotic grasp,16,16,,lowercase_semantic_text | lemmatize_inflection:positioned->position | lemmatize_inflection:picks->pick | lemmatize_inflection:positions->position | strip_terminal_punctuation,2.209400493441371e-05,2.2102331078354242e-05
tud_tundra_ur5e:00,tud_tundra_ur5e,TASK_INDEX,Surgical/TUD/260131_TUNDRA_dataset/grasping_retraction,tud/260131_tundra_dataset/grasping_retraction,Approach the omentum grasped by the surgeon  and open your gripper to receive and take over the hold.,approach the omentum grasped by the surgeon  and open your gripper to receive and take over the hold,Approach the omentum grasped by the surgeon and open your gripper to receive and take over the hold.,approach the omentum grasp by the surgeon and open your gripper to receive and take over the hold,18,18,,normalize_whitespace | lowercase_semantic_text | lemmatize_inflection:grasped->grasp | strip_terminal_punctuation,1.1009555001216325e-05,1.1013703961078218e-05
tud_tundra_ur5e:00,tud_tundra_ur5e,TASK_INDEX,Surgical/TUD/260131_TUNDRA_dataset/grasping_retraction,tud/260131_tundra_dataset/grasping_retraction,Close down on the omentum for hold. Keep position awaiting surgeon's counterpart grasp.,close down on the omentum for hold keep position awaiting surgeons counterpart grasp,Close down on the omentum for hold. Keep position awaiting surgeon's counterpart grasp.,close down on the omentum for hold. keep position await surgeon's counterpart grasp,13,13,,lowercase_semantic_text | lemmatize_inflection:awaiting->await | strip_terminal_punctuation,3.302866500364898e-05,3.3041111883234656e-05
tud_tundra_ur5e:00,tud_tundra_ur5e,TASK_INDEX,Surgical/TUD/260131_TUNDRA_dataset/grasping_retraction,tud/260131_tundra_dataset/grasping_retraction,"Pull back on small intestine post-surgeon's end grasp, continuing till fully straight in camera.",pull back on small intestine postsurgeons end grasp continuing till fully straight in camera,"Pull back on small intestine post-surgeon's end grasp, continuing till fully straight in camera.","pull back on small intestine post-surgeon's end grasp, continue till fully straight in camera",14,13,,lowercase_semantic_text | lemmatize_inflection:continuing->continue | strip_terminal_punctuation,0.00043828514195318316,0.00043845031006958996
tud_tundra_ur5e:00,tud_tundra_ur5e,TASK_INDEX,Surgical/TUD/260131_TUNDRA_dataset/grasping_retraction,tud/260131_tundra_dataset/grasping_retraction,Stay stationary with secure grip,stay stationary with secure grip,Stay stationary with secure grip,stay stationary with secure grip,5,5,,lowercase_semantic_text,0.00036309063024419553,0.00036322746124698774
tud_tundra_ur5e:00,tud_tundra_ur5e,TASK_INDEX,Surgical/TUD/260131_TUNDRA_dataset/grasping_retraction,tud/260131_tundra_dataset/grasping_retraction,Remain positioned until the surgeon picks up the small intestine and positions it for your robotic grasp.,remain positioned until the surgeon picks up the small intestine and positions it for your robotic grasp,Remain positioned until the surgeon picks up the small intestine and positions it for your robotic grasp.,remain position until the surgeon pick up the small intestine and position it for your robotic grasp,17,17,,lowercase_semantic_text | lemmatize_inflection:positioned->position | lemmatize_inflection:picks->pick | lemmatize_inflection:positions->position | strip_terminal_punctuation,0.0005237402593435766,0.0005239376312912924
tud_tundra_ur5e:00,tud_tundra_ur5e,TASK_INDEX,Surgical/TUD/260131_TUNDRA_dataset/grasping_retraction,tud/260131_tundra_dataset/grasping_retraction,Approach the small intestine grasped by the surgeon  and open your gripper to receive and take over the hold.,approach the small intestine grasped by the surgeon  and open your gripper to receive and take over the hold,Approach the small intestine grasped by the surgeon and open your gripper to receive and take over the hold.,approach the small intestine grasp by the surgeon and open your gripper to receive and take over the hold,19,19,,normalize_whitespace | lowercase_semantic_text | lemmatize_inflection:grasped->grasp | strip_terminal_punctuation,0.00036481321367976,0.0003649506938395374
tud_tundra_ur5e:00,tud_tundra_ur5e,TASK_INDEX,Surgical/TUD/260131_TUNDRA_dataset/grasping_retraction,tud/260131_tundra_dataset/grasping_retraction,Close down on the small intestine for hold. Keep position awaiting surgeon's counterpart grasp.,close down on the small intestine for hold keep position awaiting surgeons counterpart grasp,Close down on the small intestine for hold. Keep position awaiting surgeon's counterpart grasp.,close down on the small intestine for hold. keep position await surgeon's counterpart grasp,14,14,,lowercase_semantic_text | lemmatize_inflection:awaiting->await | strip_terminal_punctuation,0.0011292657844104742,0.0011296913491505942
tud_tundra_ur5e:00,tud_tundra_ur5e,TASK_INDEX,Surgical/TUD/260131_TUNDRA_dataset/grasping_retraction,tud/260131_tundra_dataset/grasping_retraction,"Pull back on gallbladder post-surgeon's end grasp, continuing till fully straight in camera.",pull back on gallbladder postsurgeons end grasp continuing till fully straight in camera,"Pull back on gallbladder post-surgeon's end grasp, continuing till fully straight in camera.","pull back on gallbladder post-surgeon's end grasp, continue till fully straight in camera",13,12,,lowercase_semantic_text | lemmatize_inflection:continuing->continue | strip_terminal_punctuation,9.541614334387481e-05,9.545210099601122e-05
tud_tundra_ur5e:00,tud_tundra_ur5e,TASK_INDEX,Surgical/TUD/260131_TUNDRA_dataset/grasping_retraction,tud/260131_tundra_dataset/grasping_retraction,Correct the previous movement or position of the grasper.,correct the previous movement or position of the grasper,Correct the previous movement or position of the grasper.,correct the previous movement or position of the grasper,9,9,,lowercase_semantic_text | strip_terminal_punctuation,0.00010470311490952667,0.00010474257236453978
tud_tundra_ur5e:00,tud_tundra_ur5e,TASK_INDEX,Surgical/TUD/260131_TUNDRA_dataset/grasping_retraction,tud/260131_tundra_dataset/grasping_retraction,Stop the grasper movement and stay,stop the grasper movement and stay,Stop the grasper movement and stay,stop the grasper movement and stay,6,6,,lowercase_semantic_text,1.587772557998545e-05,1.5883709113935933e-05
tud_tundra_ur5e:00,tud_tundra_ur5e,TASK_INDEX,Surgical/TUD/260131_TUNDRA_dataset/grasping_retraction,tud/260131_tundra_dataset/grasping_retraction,Remain positioned until the surgeon picks up the gallbladder and positions it for your robotic grasp.,remain positioned until the surgeon picks up the gallbladder and positions it for your robotic grasp,Remain positioned until the surgeon picks up the gallbladder and positions it for your robotic grasp.,remain position until the surgeon pick up the gallbladder and position it for your robotic grasp,16,16,,lowercase_semantic_text | lemmatize_inflection:positioned->position | lemmatize_inflection:picks->pick | lemmatize_inflection:positions->position | strip_terminal_punctuation,4.3214375753073604e-05,4.3230661126136954e-05
tud_tundra_ur5e:00,tud_tundra_ur5e,TASK_INDEX,Surgical/TUD/260131_TUNDRA_dataset/grasping_retraction,tud/260131_tundra_dataset/grasping_retraction,Approach the gallbladder grasped by the surgeon  and open your gripper to receive and take over the hold.,approach the gallbladder grasped by the surgeon  and open your gripper to receive and take over the hold,Approach the gallbladder grasped by the surgeon and open your gripper to receive and take over the hold.,approach the gallbladder grasp by the surgeon and open your gripper to receive and take over the hold,18,18,,normalize_whitespace | lowercase_semantic_text | lemmatize_inflection:grasped->grasp | strip_terminal_punctuation,5.886741653711585e-05,5.8889600771479444e-05
tud_tundra_ur5e:00,tud_tundra_ur5e,TASK_INDEX,Surgical/TUD/260131_TUNDRA_dataset/grasping_retraction,tud/260131_tundra_dataset/grasping_retraction,Close down on the gallbladder for hold. Keep position awaiting surgeon's counterpart grasp.,close down on the gallbladder for hold keep position awaiting surgeons counterpart grasp,Close down on the gallbladder for hold. Keep position awaiting surgeon's counterpart grasp.,close down on the gallbladder for hold. keep position await surgeon's counterpart grasp,13,13,,lowercase_semantic_text | lemmatize_inflection:awaiting->await | strip_terminal_punctuation,6.201300368032052e-05,6.203637333178751e-05
tud_tundra_ur5e:00,tud_tundra_ur5e,TASK_INDEX,Surgical/TUD/260131_TUNDRA_dataset/grasping_retraction,tud/260131_tundra_dataset/grasping_retraction,"Pull back on omentum post-surgeon's end grasp, continuing till fully straight in camera.",pull back on omentum postsurgeons end grasp continuing till fully straight in camera,"Pull back on omentum post-surgeon's end grasp, continuing till fully straight in camera.","pull back on omentum post-surgeon's end grasp, continue till fully straight in camera",13,12,,lowercase_semantic_text | lemmatize_inflection:continuing->continue | strip_terminal_punctuation,1.9996946838943932e-05,2.0004482704815535e-05
tud_tundra_ur5e:00,tud_tundra_ur5e,TASK_INDEX,Surgical/TUD/260131_TUNDRA_dataset/grasping_retraction,tud/260131_tundra_dataset/grasping_retraction,"Pull back on stomach post-surgeon's end grasp, continuing till fully straight in camera.",pull back on stomach postsurgeons end grasp continuing till fully straight in camera,"Pull back on stomach post-surgeon's end grasp, continuing till fully straight in camera.","pull back on stomach post-surgeon's end grasp, continue till fully straight in camera",13,12,,lowercase_semantic_text | lemmatize_inflection:continuing->continue | strip_terminal_punctuation,1.3181508028667162e-05,1.3186475490814735e-05
tud_tundra_ur5e:00,tud_tundra_ur5e,TASK_INDEX,Surgical/TUD/260131_TUNDRA_dataset/grasping_retraction,tud/260131_tundra_dataset/grasping_retraction,Remain positioned until the surgeon picks up the colon and positions it for your robotic grasp.,remain positioned until the surgeon picks up the colon and positions it for your robotic grasp,Remain positioned until the surgeon picks up the colon and positions it for your robotic grasp.,remain position until the surgeon pick up the colon and position it for your robotic grasp,16,16,,lowercase_semantic_text | lemmatize_inflection:positioned->position | lemmatize_inflection:picks->pick | lemmatize_inflection:positions->position | strip_terminal_punctuation,4.6809332488164644e-05,4.682697262363188e-05
tud_tundra_ur5e:00,tud_tundra_ur5e,TASK_INDEX,Surgical/TUD/260131_TUNDRA_dataset/grasping_retraction,tud/260131_tundra_dataset/grasping_retraction,Approach the colon grasped by the surgeon  and open your gripper to receive and take over the hold.,approach the colon grasped by the surgeon  and open your gripper to receive and take over the hold,Approach the colon grasped by the surgeon and open your gripper to receive and take over the hold.,approach the colon grasp by the surgeon and open your gripper to receive and take over the hold,18,18,,normalize_whitespace | lowercase_semantic_text | lemmatize_inflection:grasped->grasp | strip_terminal_punctuation,4.748338687599422e-05,4.750128102941218e-05
tud_tundra_ur5e:00,tud_tundra_ur5e,TASK_INDEX,Surgical/TUD/260131_TUNDRA_dataset/grasping_retraction,tud/260131_tundra_dataset/grasping_retraction,Close down on the colon for hold. Keep position awaiting surgeon's counterpart grasp.,close down on the colon for hold keep position awaiting surgeons counterpart grasp,Close down on the colon for hold. Keep position awaiting surgeon's counterpart grasp.,close down on the colon for hold. keep position await surgeon's counterpart grasp,13,13,,lowercase_semantic_text | lemmatize_inflection:awaiting->await | strip_terminal_punctuation,8.478106300256382e-05,8.481301281592207e-05
tud_tundra_ur5e:00,tud_tundra_ur5e,TASK_INDEX,Surgical/TUD/260131_TUNDRA_dataset/grasping_retraction,tud/260131_tundra_dataset/grasping_retraction,Remain positioned until the surgeon picks up the stomach and positions it for your robotic grasp.,remain positioned until the surgeon picks up the stomach and positions it for your robotic grasp,Remain positioned until the surgeon picks up the stomach and positions it for your robotic grasp.,remain position until the surgeon pick up the stomach and position it for your robotic grasp,16,16,,lowercase_semantic_text | lemmatize_inflection:positioned->position | lemmatize_inflection:picks->pick | lemmatize_inflection:positions->position | strip_terminal_punctuation,2.39663782339403e-05,2.3975409983299524e-05
tud_tundra_ur5e:00,tud_tundra_ur5e,TASK_INDEX,Surgical/TUD/260131_TUNDRA_dataset/grasping_retraction,tud/260131_tundra_dataset/grasping_retraction,Approach the stomach grasped by the surgeon  and open your gripper to receive and take over the hold.,approach the stomach grasped by the surgeon  and open your gripper to receive and take over the hold,Approach the stomach grasped by the surgeon and open your gripper to receive and take over the hold.,approach the stomach grasp by the surgeon and open your gripper to receive and take over the hold,18,18,,normalize_whitespace | lowercase_semantic_text | lemmatize_inflection:grasped->grasp | strip_terminal_punctuation,2.1869320138470523e-05,2.1877561609760813e-05
tud_tundra_ur5e:00,tud_tundra_ur5e,TASK_INDEX,Surgical/TUD/260131_TUNDRA_dataset/grasping_retraction,tud/260131_tundra_dataset/grasping_retraction,Close down on the stomach for hold. Keep position awaiting surgeon's counterpart grasp.,close down on the stomach for hold keep position awaiting surgeons counterpart grasp,Close down on the stomach for hold. Keep position awaiting surgeon's counterpart grasp.,close down on the stomach for hold. keep position await surgeon's counterpart grasp,13,13,,lowercase_semantic_text | lemmatize_inflection:awaiting->await | strip_terminal_punctuation,3.310355993563004e-05,3.311603503943247e-05
tud_tundra_ur5e:00,tud_tundra_ur5e,TASK_INDEX,Surgical/TUD/260131_TUNDRA_dataset/grasping_retraction,tud/260131_tundra_dataset/grasping_retraction,"Pull back on colon post-surgeon's end grasp, continuing till fully straight in camera.",pull back on colon postsurgeons end grasp continuing till fully straight in camera,"Pull back on colon post-surgeon's end grasp, continuing till fully straight in camera.","pull back on colon post-surgeon's end grasp, continue till fully straight in camera",13,12,,lowercase_semantic_text | lemmatize_inflection:continuing->continue | strip_terminal_punctuation,1.984715697498181e-05,1.9854636392419915e-05
