language,normalized_training_mixture_weight,training_mixture_weight_before_coverage_normalization,training_mixture_percent_before_coverage_normalization,raw_public_count,num_training_entries,groups,entry_ids,represented_training_mixture_weight,weight_semantics
Wound Closure,0.13421115117235924,0.12925808607724623,12.925808607724623,1883971,1,jhu_imerse_dvrk,jhu_imerse_dvrk:09,0.9630949809174046,YAML group mix ratios normalized globally; language proportions estimated from mapped current-public rows within each represented group
knot tying,0.03484347352287086,0.033557574467605406,3.3557574467605407,476968,2,jhu_imerse_dvrk | jhu_imerse_dvrk_mono,jhu_imerse_dvrk:10 | jhu_imerse_dvrk_mono:00,0.9630949809174046,YAML group mix ratios normalized globally; language proportions estimated from mapped current-public rows within each represented group
Peg Transfer,0.030208974961952823,0.02909411216451631,2.909411216451631,403561,2,obuda_dvrk | stanford_dvrk_real,obuda_dvrk:02 | stanford_dvrk_real:02,0.9630949809174046,YAML group mix ratios normalized globally; language proportions estimated from mapped current-public rows within each represented group
needle throw,0.02383234329169744,0.022952810207734382,2.295281020773438,326238,2,jhu_imerse_dvrk | jhu_imerse_dvrk_mono,jhu_imerse_dvrk:10 | jhu_imerse_dvrk_mono:00,0.9630949809174046,YAML group mix ratios normalized globally; language proportions estimated from mapped current-public rows within each represented group
Needle Transfer,0.023497219881193146,0.022630054533089774,2.263005453308977,313882,1,stanford_dvrk_real,stanford_dvrk_real:00,0.9630949809174046,YAML group mix ratios normalized globally; language proportions estimated from mapped current-public rows within each represented group
Tissue Retraction,0.02184610678232288,0.02103987579464084,2.103987579464084,291826,1,stanford_dvrk_real,stanford_dvrk_real:01,0.9630949809174046,YAML group mix ratios normalized globally; language proportions estimated from mapped current-public rows within each represented group
Seaspike,0.019451133727220096,0.018733289265838924,1.8733289265838924,259875,3,obuda_dvrk,obuda_dvrk:04 | obuda_dvrk:08 | obuda_dvrk:09,0.9630949809174046,YAML group mix ratios normalized globally; language proportions estimated from mapped current-public rows within each represented group
"Make first right-to-left suture, shift needle holder, create second parallel suture.",0.018819839402350436,0.01812529287007531,1.8125292870075311,251355,1,hamlyn_dvrk_30hz,hamlyn_dvrk_30hz:00,0.9630949809174046,YAML group mix ratios normalized globally; language proportions estimated from mapped current-public rows within each represented group
needle pickup,0.016762661481493506,0.0161440351396439,1.6144035139643902,229462,2,jhu_imerse_dvrk | jhu_imerse_dvrk_mono,jhu_imerse_dvrk:10 | jhu_imerse_dvrk_mono:00,0.9630949809174046,YAML group mix ratios normalized globally; language proportions estimated from mapped current-public rows within each represented group
surgical_debridement,0.016611212880232287,0.01599817575190226,1.599817575190226,221950,1,ucb_dvrk,ucb_dvrk:00,0.9630949809174046,YAML group mix ratios normalized globally; language proportions estimated from mapped current-public rows within each represented group
flap grasp,0.0156614856283024,0.015083498202328105,1.5083498202328105,219846,1,jhu_imerse_dvrk,jhu_imerse_dvrk:11,0.9630949809174046,YAML group mix ratios normalized globally; language proportions estimated from mapped current-public rows within each represented group
NeedleThreading,0.015365403908007922,0.014798343383571104,1.4798343383571104,205288,2,obuda_dvrk,obuda_dvrk:01 | obuda_dvrk:05,0.9630949809174046,YAML group mix ratios normalized globally; language proportions estimated from mapped current-public rows within each represented group
dissection,0.01481997050093319,0.01427303920679275,1.427303920679275,197948,1,ucsd_dvrk,ucsd_dvrk:00,0.9630949809174046,YAML group mix ratios normalized globally; language proportions estimated from mapped current-public rows within each represented group
clipping first clip left tube,0.013101532360774005,0.0126180200589884,1.26180200589884,183911,1,jhu_imerse_dvrk,jhu_imerse_dvrk:02,0.9630949809174046,YAML group mix ratios normalized globally; language proportions estimated from mapped current-public rows within each represented group
clipping third clip left tube,0.013013339174598963,0.012533081644032102,1.2533081644032102,182673,1,jhu_imerse_dvrk,jhu_imerse_dvrk:02,0.9630949809174046,YAML group mix ratios normalized globally; language proportions estimated from mapped current-public rows within each represented group
Position the needle for suturing,0.01267575378491736,0.012207954849598704,1.2207954849598703,179295,4,turin_mitic_ex_vivo,turin_mitic_ex_vivo:00 | turin_mitic_ex_vivo:01 | turin_mitic_ex_vivo:02 | turin_mitic_ex_vivo:03,0.9630949809174046,YAML group mix ratios normalized globally; language proportions estimated from mapped current-public rows within each represented group
scissors placing,0.012574225443110303,0.012110173413183462,1.211017341318346,176509,1,jhu_imerse_dvrk,jhu_imerse_dvrk:11,0.9630949809174046,YAML group mix ratios normalized globally; language proportions estimated from mapped current-public rows within each represented group
Dissection,0.012386302322203923,0.011929185598640193,1.1929185598640193,165486,1,obuda_dvrk,obuda_dvrk:07,0.9630949809174046,YAML group mix ratios normalized globally; language proportions estimated from mapped current-public rows within each represented group
clipping second clip left tube,0.012384232529112854,0.011927192191302647,1.1927192191302647,173842,1,jhu_imerse_dvrk,jhu_imerse_dvrk:02,0.9630949809174046,YAML group mix ratios normalized globally; language proportions estimated from mapped current-public rows within each represented group
go to the cutting position left tube,0.011896747898260016,0.011457698190053904,1.1457698190053904,166999,1,jhu_imerse_dvrk,jhu_imerse_dvrk:02,0.9630949809174046,YAML group mix ratios normalized globally; language proportions estimated from mapped current-public rows within each represented group
left tool: forceps. right tool: forceps. aux tool: bi_maryland_forceps. The surgery process is a hemicolectomy.Suturing,0.011812338992984289,0.011376404397038119,1.137640439703812,157783,1,rob_surgical_bitrack,rob_surgical_bitrack:00,0.9630949809174046,YAML group mix ratios normalized globally; language proportions estimated from mapped current-public rows within each represented group
dissect,0.011360607414291223,0.010941343980876931,1.0941343980876932,159473,1,jhu_imerse_dvrk,jhu_imerse_dvrk:00,0.9630949809174046,YAML group mix ratios normalized globally; language proportions estimated from mapped current-public rows within each represented group
clipping first clip right tube,0.009913113593701006,0.009547269947357535,0.9547269947357535,139154,1,jhu_imerse_dvrk,jhu_imerse_dvrk:02,0.9630949809174046,YAML group mix ratios normalized globally; language proportions estimated from mapped current-public rows within each represented group
Rollercoaster,0.009750304139980789,0.00939046897963369,0.9390468979633689,130268,1,obuda_dvrk,obuda_dvrk:03,0.9630949809174046,YAML group mix ratios normalized globally; language proportions estimated from mapped current-public rows within each represented group
clipping second clip right tube,0.009566894785291713,0.00921382835067934,0.9213828350679341,134294,1,jhu_imerse_dvrk,jhu_imerse_dvrk:02,0.9630949809174046,YAML group mix ratios normalized globally; language proportions estimated from mapped current-public rows within each represented group
clipping third clip right tube,0.009545665730784312,0.00919338275483364,0.919338275483364,133996,1,jhu_imerse_dvrk,jhu_imerse_dvrk:02,0.9630949809174046,YAML group mix ratios normalized globally; language proportions estimated from mapped current-public rows within each represented group
go to the cutting position right tube,0.008994280221095436,0.008662346137901698,0.8662346137901699,126256,1,jhu_imerse_dvrk,jhu_imerse_dvrk:02,0.9630949809174046,YAML group mix ratios normalized globally; language proportions estimated from mapped current-public rows within each represented group
Extract the needle from the plastic phantom,0.008943831449969743,0.008613759179637094,0.8613759179637094,126508,3,turin_mitic_ex_vivo,turin_mitic_ex_vivo:01 | turin_mitic_ex_vivo:02 | turin_mitic_ex_vivo:03,0.9630949809174046,YAML group mix ratios normalized globally; language proportions estimated from mapped current-public rows within each represented group
suture throw,0.008772913629169939,0.008449149084275461,0.8449149084275461,216140,1,jhu_imerse_star_il,jhu_imerse_star_il:00,0.9630949809174046,YAML group mix ratios normalized globally; language proportions estimated from mapped current-public rows within each represented group
left tool: forceps. right tool: bi_maryland_forceps. aux tool: forceps. The surgery process is a hemicolectomy.Suturing,0.007818095492146487,0.007529568528819269,0.7529568528819269,104430,1,rob_surgical_bitrack,rob_surgical_bitrack:00,0.9630949809174046,YAML group mix ratios normalized globally; language proportions estimated from mapped current-public rows within each represented group
grabbing gallbladder,0.007765132212804498,0.0074785598603120725,0.7478559860312073,109002,1,jhu_imerse_dvrk,jhu_imerse_dvrk:02,0.9630949809174046,YAML group mix ratios normalized globally; language proportions estimated from mapped current-public rows within each represented group
Drive needle from right edge through both layers to left side.,0.007492370828012178,0.007215864739630508,0.7215864739630508,100067,1,hamlyn_dvrk_30hz,hamlyn_dvrk_30hz:02,0.9630949809174046,YAML group mix ratios normalized globally; language proportions estimated from mapped current-public rows within each represented group
Finish the knot tying on the plastic phantom,0.007255286295899823,0.006987529816699948,0.6987529816699948,102624,2,turin_mitic_ex_vivo,turin_mitic_ex_vivo:02 | turin_mitic_ex_vivo:03,0.9630949809174046,YAML group mix ratios normalized globally; language proportions estimated from mapped current-public rows within each represented group
Finish the knot tying on ex vivo tissue,0.007035981863312112,0.006776318818381784,0.6776318818381785,99522,1,turin_mitic_ex_vivo,turin_mitic_ex_vivo:00,0.9630949809174046,YAML group mix ratios normalized globally; language proportions estimated from mapped current-public rows within each represented group
retraction,0.006787233241723075,0.0065367502694192595,0.6536750269419259,90656,1,ucsd_dvrk,ucsd_dvrk:00,0.9630949809174046,YAML group mix ratios normalized globally; language proportions estimated from mapped current-public rows within each represented group
left tool: forceps. right tool: forceps. aux tool: bi_maryland_forceps. The surgery process is a hemicolectomy InVivo 2.Suturing,0.006749704792458444,0.0065006068082908795,0.650060680829088,90159,1,rob_surgical_bitrack,rob_surgical_bitrack:00,0.9630949809174046,YAML group mix ratios normalized globally; language proportions estimated from mapped current-public rows within each represented group
Insert the needle into the plastic phantom,0.0066484874742040396,0.006403124917098144,0.6403124917098144,94041,3,turin_mitic_ex_vivo,turin_mitic_ex_vivo:01 | turin_mitic_ex_vivo:02 | turin_mitic_ex_vivo:03,0.9630949809174046,YAML group mix ratios normalized globally; language proportions estimated from mapped current-public rows within each represented group
cut,0.006388734353282695,0.006152957990061165,0.6152957990061164,89681,1,jhu_imerse_dvrk,jhu_imerse_dvrk:11,0.9630949809174046,YAML group mix ratios normalized globally; language proportions estimated from mapped current-public rows within each represented group
Suturing,0.006329000349038102,0.006095428470383098,0.6095428470383097,84558,1,obuda_dvrk,obuda_dvrk:00,0.9630949809174046,YAML group mix ratios normalized globally; language proportions estimated from mapped current-public rows within each represented group
PegTransfer,0.005848625644809922,0.005632782003781255,0.5632782003781255,78140,1,obuda_dvrk,obuda_dvrk:06,0.9630949809174046,YAML group mix ratios normalized globally; language proportions estimated from mapped current-public rows within each represented group
arm left: 1. left instrument: Tool #0 (Blue). arm right: 2. right instrument: Tool #8 (Green). do a cholecystectomy,0.005758284773177248,0.005545775163740123,0.5545775163740123,3052601,1,cmr_versius,cmr_versius:00,0.9630949809174046,YAML group mix ratios normalized globally; language proportions estimated from mapped current-public rows within each represented group
Insert the needle into the tissue,0.005758261357136194,0.005545752611868511,0.5545752611868511,81449,1,turin_mitic_ex_vivo,turin_mitic_ex_vivo:00,0.9630949809174046,YAML group mix ratios normalized globally; language proportions estimated from mapped current-public rows within each represented group
going back first clip left tube,0.005712325385001573,0.005501511907662096,0.5501511907662097,80186,1,jhu_imerse_dvrk,jhu_imerse_dvrk:02,0.9630949809174046,YAML group mix ratios normalized globally; language proportions estimated from mapped current-public rows within each represented group
going back second clip left tube,0.005623989721950643,0.005416436273941734,0.5416436273941734,78946,1,jhu_imerse_dvrk,jhu_imerse_dvrk:02,0.9630949809174046,YAML group mix ratios normalized globally; language proportions estimated from mapped current-public rows within each represented group
going back third clip left tube,0.005538503596417483,0.005334105015502673,0.5334105015502674,77746,1,jhu_imerse_dvrk,jhu_imerse_dvrk:02,0.9630949809174046,YAML group mix ratios normalized globally; language proportions estimated from mapped current-public rows within each represented group
Perform base knot tying on ex vivo tissue,0.005415306552983071,0.005215454561307127,0.5215454561307127,76598,1,turin_mitic_ex_vivo,turin_mitic_ex_vivo:00,0.9630949809174046,YAML group mix ratios normalized globally; language proportions estimated from mapped current-public rows within each represented group
Perform base knot tying on the plastic phantom,0.00504470892705632,0.004858533847837168,0.48585338478371676,71356,2,turin_mitic_ex_vivo,turin_mitic_ex_vivo:02 | turin_mitic_ex_vivo:03,0.9630949809174046,YAML group mix ratios normalized globally; language proportions estimated from mapped current-public rows within each represented group
go back from the cut left tube,0.004905336359968552,0.004724304827997364,0.4724304827997364,68858,1,jhu_imerse_dvrk,jhu_imerse_dvrk:02,0.9630949809174046,YAML group mix ratios normalized globally; language proportions estimated from mapped current-public rows within each represented group
going back second clip right tube,0.004279079252000218,0.004121159750549212,0.41211597505492126,60067,1,jhu_imerse_dvrk,jhu_imerse_dvrk:02,0.9630949809174046,YAML group mix ratios normalized globally; language proportions estimated from mapped current-public rows within each represented group
Knot tying,0.0042304110755650975,0.0040742876740941444,0.40742876740941447,56520,1,obuda_dvrk,obuda_dvrk:00,0.9630949809174046,YAML group mix ratios normalized globally; language proportions estimated from mapped current-public rows within each represented group
pick up the needle and hand it to the other arm,0.004153557124342363,0.004000270019407858,0.40002700194078583,58305,1,jhu_imerse_dvrk,jhu_imerse_dvrk:05,0.9630949809174046,YAML group mix ratios normalized globally; language proportions estimated from mapped current-public rows within each represented group
going back third clip right tube,0.003982727350151934,0.003835744721293802,0.3835744721293802,55907,1,jhu_imerse_dvrk,jhu_imerse_dvrk:02,0.9630949809174046,YAML group mix ratios normalized globally; language proportions estimated from mapped current-public rows within each represented group
going back first clip right tube,0.003912343773462966,0.003767958651845642,0.3767958651845642,54919,1,jhu_imerse_dvrk,jhu_imerse_dvrk:02,0.9630949809174046,YAML group mix ratios normalized globally; language proportions estimated from mapped current-public rows within each represented group
left tool: forceps. right tool: forceps. aux tool: bi_maryland_forceps. The surgery process is a hemicolectomy.SuturingPause in the surgery,0.0038854654413712796,0.0037420722651127078,0.37420722651127075,51900,1,rob_surgical_bitrack,rob_surgical_bitrack:00,0.9630949809174046,YAML group mix ratios normalized globally; language proportions estimated from mapped current-public rows within each represented group
Extract the needle from the tissue,0.003829697328586817,0.003688362275594756,0.3688362275594756,54170,1,turin_mitic_ex_vivo,turin_mitic_ex_vivo:00,0.9630949809174046,YAML group mix ratios normalized globally; language proportions estimated from mapped current-public rows within each represented group
perform a simple interrupted stitch on ex-vivo tissue (occasionally on silicon suturing training phantom) ; without cutting the suture thread tail at the end,0.0038193685827814195,0.003678414712350406,0.36784147123504063,51012,3,jhu_lscr_dvrk_smarts,jhu_lscr_dvrk_smarts:00 | jhu_lscr_dvrk_smarts:01 | jhu_lscr_dvrk_smarts:02,0.9630949809174046,YAML group mix ratios normalized globally; language proportions estimated from mapped current-public rows within each represented group
Lift the plastic phantom to expose the workspace,0.003760130738752417,0.0036213630420857054,0.36213630420857057,53186,3,turin_mitic_ex_vivo,turin_mitic_ex_vivo:01 | turin_mitic_ex_vivo:02 | turin_mitic_ex_vivo:03,0.9630949809174046,YAML group mix ratios normalized globally; language proportions estimated from mapped current-public rows within each represented group
perform cold-cut dissection on ex-vivo tissue by cutting along pre-defined traces using non-energy surigal instruments,0.0037356617280109804,0.0035977970606526142,0.35977970606526144,49894,3,jhu_lscr_dvrk_smarts,jhu_lscr_dvrk_smarts:00 | jhu_lscr_dvrk_smarts:01 | jhu_lscr_dvrk_smarts:02,0.9630949809174046,YAML group mix ratios normalized globally; language proportions estimated from mapped current-public rows within each represented group
left tool: mono_hook. right tool: forceps. aux tool: bi_maryland_forceps. The surgery process is a hemicolectomy.Resect the lymphatic tissue around the mesenteric artery and vein,0.0037215122753480982,0.003584169793810264,0.3584169793810264,49710,1,rob_surgical_bitrack,rob_surgical_bitrack:00,0.9630949809174046,YAML group mix ratios normalized globally; language proportions estimated from mapped current-public rows within each represented group
go back from the cut right tube,0.003678539220129776,0.0035427826600148114,0.35427826600148116,51637,1,jhu_imerse_dvrk,jhu_imerse_dvrk:02,0.9630949809174046,YAML group mix ratios normalized globally; language proportions estimated from mapped current-public rows within each represented group
resect home out,0.0032377870045683975,0.0031182964133794214,0.31182964133794216,45450,1,jhu_imerse_dvrk,jhu_imerse_dvrk:03,0.9630949809174046,YAML group mix ratios normalized globally; language proportions estimated from mapped current-public rows within each represented group
left tool: forceps. right tool: bi_maryland_forceps. aux tool: forceps. The surgery process is a hemicolectomy 2025-10-10_01.Suturing,0.00286401475770905,0.0027583182384229624,0.27583182384229626,38256,1,rob_surgical_bitrack,rob_surgical_bitrack:00,0.9630949809174046,YAML group mix ratios normalized globally; language proportions estimated from mapped current-public rows within each represented group
"Use the left-hand to grasp the needle from the table, then transfer the needle to the right hand.",0.002739248570885761,0.00263815655010525,0.263815655010525,36585,1,hamlyn_dvrk_30hz,hamlyn_dvrk_30hz:03,0.9630949809174046,YAML group mix ratios normalized globally; language proportions estimated from mapped current-public rows within each represented group
arm left: 1. left instrument: Tool #0 (Green). arm right: 2. right instrument: Tool #8 (Blue). do a cholecystectomy,0.002725350810116632,0.0026247716864625107,0.2624771686462511,1444772,1,cmr_versius,cmr_versius:00,0.9630949809174046,YAML group mix ratios normalized globally; language proportions estimated from mapped current-public rows within each represented group
left tool: bi_maryland_forceps. right tool: bi_maryland_forceps. aux tool: mono_round_scissors. The surgery process is a hysterectomy.Pelvic lymphadenectomy,0.0026275927950144347,0.002530621432773137,0.2530621432773137,35098,1,rob_surgical_bitrack,rob_surgical_bitrack:00,0.9630949809174046,YAML group mix ratios normalized globally; language proportions estimated from mapped current-public rows within each represented group
arm left: 1. left instrument: Tool #18 (Orange). arm right: 3. right instrument: Tool #9 (Blue). do a prostatectomy,0.002595267868402892,0.0024994894581950367,0.24994894581950367,1375812,1,cmr_versius,cmr_versius:03,0.9630949809174046,YAML group mix ratios normalized globally; language proportions estimated from mapped current-public rows within each represented group
left tool: mono_hook. right tool: bi_maryland_forceps. aux tool: bi_maryland_forceps. The surgery process is a hemicolectomy 2025-10-10_01.Resect the lymphatic tissue around the mesenteric artery and vein,0.0023648934070804885,0.002277616970763879,0.2277616970763879,31589,1,rob_surgical_bitrack,rob_surgical_bitrack:00,0.9630949809174046,YAML group mix ratios normalized globally; language proportions estimated from mapped current-public rows within each represented group
left tool: bi_maryland_forceps. right tool: forceps. aux tool: forceps. The surgery process is a hysterectomy.Suturing the uterus stump,0.0022912267790591136,0.0022066690110553837,0.22066690110553838,30605,1,rob_surgical_bitrack,rob_surgical_bitrack:00,0.9630949809174046,YAML group mix ratios normalized globally; language proportions estimated from mapped current-public rows within each represented group
Tie a surgical knot in the suture.,0.0022628282167366266,0.0021793184982173263,0.21793184982173264,30222,1,hamlyn_dvrk_30hz,hamlyn_dvrk_30hz:04,0.9630949809174046,YAML group mix ratios normalized globally; language proportions estimated from mapped current-public rows within each represented group
arm left: -1. left instrument: Tool #3 (None). arm right: -1. right instrument: Tool #3 (None). do an inguinal hernia repair,0.0022536360336443332,0.0021704655528174644,0.21704655528174643,1194705,1,cmr_versius,cmr_versius:02,0.9630949809174046,YAML group mix ratios normalized globally; language proportions estimated from mapped current-public rows within each represented group
arm left: 3. left instrument: Tool #18 (Blue). arm right: 1. right instrument: Tool #9 (Orange). do a prostatectomy,0.0022388168400523504,0.0021561932618477824,0.21561932618477825,1186849,1,cmr_versius,cmr_versius:03,0.9630949809174046,YAML group mix ratios normalized globally; language proportions estimated from mapped current-public rows within each represented group
arm left: -1. left instrument: Tool #3 (None). arm right: -1. right instrument: Tool #3 (None). do a hysterectomy,0.0020148708313906124,0.001940511984909177,0.1940511984909177,1068130,1,cmr_versius,cmr_versius:01,0.9630949809174046,YAML group mix ratios normalized globally; language proportions estimated from mapped current-public rows within each represented group
Lift the tissue flap to expose the workspace,0.0020100078410384306,0.0019358284633087409,0.19358284633087408,28431,1,turin_mitic_ex_vivo,turin_mitic_ex_vivo:00,0.9630949809174046,YAML group mix ratios normalized globally; language proportions estimated from mapped current-public rows within each represented group
Retraction,0.0019700016357379465,0.0018972986877782937,0.18972986877782938,26313,1,ucsd_dvrk,ucsd_dvrk:01,0.9630949809174046,YAML group mix ratios normalized globally; language proportions estimated from mapped current-public rows within each represented group
lift the tissue,0.001958130943774951,0.0018858660839287161,0.1885866083928716,27487,1,jhu_imerse_dvrk,jhu_imerse_dvrk:07,0.9630949809174046,YAML group mix ratios normalized globally; language proportions estimated from mapped current-public rows within each represented group
arm left: 1. left instrument: Tool #0 (Pink). arm right: 2. right instrument: Tool #8 (Green). do a cholecystectomy,0.0019312299144012383,0.0018599578375573817,0.18599578375573816,1023790,1,cmr_versius,cmr_versius:00,0.9630949809174046,YAML group mix ratios normalized globally; language proportions estimated from mapped current-public rows within each represented group
arm left: 1. left instrument: Tool #18 (Orange). arm right: 3. right instrument: Tool #9 (Green). do a prostatectomy,0.0019134981909077766,0.0018428805036578135,0.18428805036578136,1014390,1,cmr_versius,cmr_versius:03,0.9630949809174046,YAML group mix ratios normalized globally; language proportions estimated from mapped current-public rows within each represented group
arm left: 1. left instrument: Tool #18 (Green). arm right: 3. right instrument: Tool #9 (Orange). do a prostatectomy,0.0018173507497948225,0.0017502813856938755,0.17502813856938754,963420,1,cmr_versius,cmr_versius:03,0.9630949809174046,YAML group mix ratios normalized globally; language proportions estimated from mapped current-public rows within each represented group
left tool: bi_maryland_forceps. right tool: forceps. aux tool: bi_maryland_forceps. The surgery process is a hemicolectomy.Preparing the colon part for anastomosis,0.0017946508200491777,0.0017284191972886673,0.17284191972886673,23972,1,rob_surgical_bitrack,rob_surgical_bitrack:00,0.9630949809174046,YAML group mix ratios normalized globally; language proportions estimated from mapped current-public rows within each represented group
arm left: 1. left instrument: Tool #0 (Green). arm right: 2. right instrument: Tool #8 (Pink). do a cholecystectomy,0.001723287729369132,0.0016596897628319617,0.16596897628319618,913555,1,cmr_versius,cmr_versius:00,0.9630949809174046,YAML group mix ratios normalized globally; language proportions estimated from mapped current-public rows within each represented group
arm left: 2. left instrument: Tool #18 (Green). arm right: 1. right instrument: Tool #9 (Blue). do a prostatectomy,0.00172175789662943,0.0016582163885987117,0.16582163885987117,912744,1,cmr_versius,cmr_versius:03,0.9630949809174046,YAML group mix ratios normalized globally; language proportions estimated from mapped current-public rows within each represented group
Move the orange triangular peg to right.,0.0017119086872962156,0.0016487306645238881,0.1648730664523888,22864,1,hamlyn_dvrk_30hz,hamlyn_dvrk_30hz:01,0.9630949809174046,YAML group mix ratios normalized globally; language proportions estimated from mapped current-public rows within each represented group
arm left: -1. left instrument: Tool #3 (None). arm right: -1. right instrument: Tool #3 (None). do a prostatectomy,0.0016677383896419537,0.0016061904725474406,0.16061904725474405,884107,1,cmr_versius,cmr_versius:03,0.9630949809174046,YAML group mix ratios normalized globally; language proportions estimated from mapped current-public rows within each represented group
arm left: -1. left instrument: Tool #3 (None). arm right: -1. right instrument: Tool #3 (None). do a cholecystectomy,0.0016597836366662167,0.0015985292898820704,0.15985292898820705,879890,1,cmr_versius,cmr_versius:00,0.9630949809174046,YAML group mix ratios normalized globally; language proportions estimated from mapped current-public rows within each represented group
Move the black triangular peg to right.,0.0016186911262533626,0.0015589532993501545,0.15589532993501545,21619,1,hamlyn_dvrk_30hz,hamlyn_dvrk_30hz:01,0.9630949809174046,YAML group mix ratios normalized globally; language proportions estimated from mapped current-public rows within each represented group
left tool: mono_hook. right tool: bi_maryland_forceps. aux tool: bi_maryland_forceps. The surgery process is a hemicolectomy InVivo 2.Identify the inferior mesenteric artery and vein,0.0016080885872958592,0.0015487420472952017,0.15487420472952018,21480,1,rob_surgical_bitrack,rob_surgical_bitrack:00,0.9630949809174046,YAML group mix ratios normalized globally; language proportions estimated from mapped current-public rows within each represented group
arm left: 1. left instrument: Tool #18 (Green). arm right: 3. right instrument: Tool #9 (Blue). do a prostatectomy,0.0015419242660415868,0.0014850195215794053,0.14850195215794054,817410,1,cmr_versius,cmr_versius:03,0.9630949809174046,YAML group mix ratios normalized globally; language proportions estimated from mapped current-public rows within each represented group
grasp,0.0015350458608237585,0.0014783949640373986,0.14783949640373986,21548,1,jhu_imerse_dvrk,jhu_imerse_dvrk:00,0.9630949809174046,YAML group mix ratios normalized globally; language proportions estimated from mapped current-public rows within each represented group
arm left: 1. left instrument: Tool #13 (Blue). arm right: 3. right instrument: Tool #8 (Pink). do a cholecystectomy,0.0015061175027061722,0.00145053420752817,0.14505342075281702,798428,1,cmr_versius,cmr_versius:00,0.9630949809174046,YAML group mix ratios normalized globally; language proportions estimated from mapped current-public rows within each represented group
arm left: 2. left instrument: Tool #0 (Cyan). arm right: 1. right instrument: Tool #9 (Orange). do an inguinal hernia repair,0.0014969611425107185,0.0014417157629804567,0.14417157629804567,793574,1,cmr_versius,cmr_versius:02,0.9630949809174046,YAML group mix ratios normalized globally; language proportions estimated from mapped current-public rows within each represented group
Move the green cylinder peg to right.,0.0014779288654015047,0.0014233858724211437,0.14233858724211437,19739,1,hamlyn_dvrk_30hz,hamlyn_dvrk_30hz:01,0.9630949809174046,YAML group mix ratios normalized globally; language proportions estimated from mapped current-public rows within each represented group
Move the orange cylinder peg to right.,0.0014272394767862343,0.001374567176660005,0.13745671766600048,19062,1,hamlyn_dvrk_30hz,hamlyn_dvrk_30hz:01,0.9630949809174046,YAML group mix ratios normalized globally; language proportions estimated from mapped current-public rows within each represented group
arm left: 2. left instrument: Tool #18 (Blue). arm right: 1. right instrument: Tool #9 (Orange). do a prostatectomy,0.001427186810563945,0.0013745164540856542,0.13745164540856541,756585,1,cmr_versius,cmr_versius:03,0.9630949809174046,YAML group mix ratios normalized globally; language proportions estimated from mapped current-public rows within each represented group
Move the white triangular peg to right.,0.0014153345834482316,0.0013631016336378176,0.13631016336378177,18903,1,hamlyn_dvrk_30hz,hamlyn_dvrk_30hz:01,0.9630949809174046,YAML group mix ratios normalized globally; language proportions estimated from mapped current-public rows within each represented group
arm left: 1. left instrument: Tool #0 (Green). arm right: 2. right instrument: Tool #9 (Orange). do an inguinal hernia repair,0.0013691173024764193,0.0013185900023022156,0.13185900023022157,725801,1,cmr_versius,cmr_versius:02,0.9630949809174046,YAML group mix ratios normalized globally; language proportions estimated from mapped current-public rows within each represented group
left tool: mono_hook. right tool: bi_maryland_forceps. aux tool: bi_maryland_forceps. The surgery process is a hemicolectomy.Artery coagulation,0.0013361808708592408,0.0012868690903223817,0.12868690903223817,17848,1,rob_surgical_bitrack,rob_surgical_bitrack:00,0.9630949809174046,YAML group mix ratios normalized globally; language proportions estimated from mapped current-public rows within each represented group
arm left: 1. left instrument: Tool #0 (Pink). arm right: 2. right instrument: Tool #8 (Blue). do a cholecystectomy,0.0012864591756934385,0.0012389823752654923,0.12389823752654923,681982,1,cmr_versius,cmr_versius:00,0.9630949809174046,YAML group mix ratios normalized globally; language proportions estimated from mapped current-public rows within each represented group
arm left: 1. left instrument: Tool #18 (Blue). arm right: 3. right instrument: Tool #9 (Green). do a prostatectomy,0.0012707383050982774,0.0012238416836996406,0.12238416836996406,673648,1,cmr_versius,cmr_versius:03,0.9630949809174046,YAML group mix ratios normalized globally; language proportions estimated from mapped current-public rows within each represented group
Grasp the needle from the plastic phantom,0.0012380590662398436,0.001192368472774882,0.1192368472774882,17512,1,turin_mitic_ex_vivo,turin_mitic_ex_vivo:01,0.9630949809174046,YAML group mix ratios normalized globally; language proportions estimated from mapped current-public rows within each represented group
left tool: none. right tool: forceps. aux tool: bi_maryland_forceps. The surgery process is a hemicolectomy.,0.0012262049800427783,0.001180951861855126,0.11809518618551261,16379,1,rob_surgical_bitrack,rob_surgical_bitrack:00,0.9630949809174046,YAML group mix ratios normalized globally; language proportions estimated from mapped current-public rows within each represented group
arm left: 1. left instrument: Tool #0 (Cyan). arm right: 2. right instrument: Tool #9 (Orange). do an inguinal hernia repair,0.0011795236785529196,0.001135993334687551,0.1135993334687551,625293,1,cmr_versius,cmr_versius:02,0.9630949809174046,YAML group mix ratios normalized globally; language proportions estimated from mapped current-public rows within each represented group
left tool: mono_hook. right tool: bi_maryland_forceps. aux tool: bi_maryland_forceps. The surgery process is a hemicolectomy 2025-10-10_01.Identify the inferior mesenteric artery and vein,0.0011723774337548023,0.001129110822190077,0.11291108221900771,15660,1,rob_surgical_bitrack,rob_surgical_bitrack:00,0.9630949809174046,YAML group mix ratios normalized globally; language proportions estimated from mapped current-public rows within each represented group
arm left: 2. left instrument: Tool #18 (Green). arm right: 3. right instrument: Tool #9 (Blue). do a prostatectomy,0.0011719311054613042,0.0011286809656507676,0.11286809656507676,621268,1,cmr_versius,cmr_versius:03,0.9630949809174046,YAML group mix ratios normalized globally; language proportions estimated from mapped current-public rows within each represented group
arm left: 2. left instrument: Tool #0 (Green). arm right: 1. right instrument: Tool #8 (Blue). do a cholecystectomy,0.0011510793531744178,0.0011085987476799344,0.11085987476799344,610214,1,cmr_versius,cmr_versius:00,0.9630949809174046,YAML group mix ratios normalized globally; language proportions estimated from mapped current-public rows within each represented group
Close down on the small intestine for hold. Keep position awaiting surgeon's counterpart grasp.,0.0011292657844104742,0.0010875902090874837,0.10875902090874837,15078,1,tud_tundra_ur5e,tud_tundra_ur5e:00,0.9630949809174046,YAML group mix ratios normalized globally; language proportions estimated from mapped current-public rows within each represented group
arm left: 1. left instrument: Tool #18 (Green). arm right: 2. right instrument: Tool #9 (Pink). do an inguinal hernia repair,0.0011145105029994969,0.0010733794716185476,0.10733794716185475,590828,1,cmr_versius,cmr_versius:02,0.9630949809174046,YAML group mix ratios normalized globally; language proportions estimated from mapped current-public rows within each represented group
left tool: bi_maryland_forceps. right tool: bi_maryland_forceps. aux tool: mono_round_scissors. The surgery process is a hysterectomy.Coagulation of the utterine vessels,0.0011004326882989679,0.0010598211989381828,0.10598211989381828,14699,1,rob_surgical_bitrack,rob_surgical_bitrack:00,0.9630949809174046,YAML group mix ratios normalized globally; language proportions estimated from mapped current-public rows within each represented group
arm left: 1. left instrument: Tool #18 (Blue). arm right: 2. right instrument: Tool #9 (Green). do a prostatectomy,0.0010927118012239172,0.0010523852513479714,0.10523852513479715,579272,1,cmr_versius,cmr_versius:03,0.9630949809174046,YAML group mix ratios normalized globally; language proportions estimated from mapped current-public rows within each represented group
arm left: 3. left instrument: Tool #12 (Pink). arm right: 1. right instrument: Tool #9 (Orange). do a hysterectomy,0.0010857039977368735,0.001045636070982344,0.10456360709823441,575557,1,cmr_versius,cmr_versius:01,0.9630949809174046,YAML group mix ratios normalized globally; language proportions estimated from mapped current-public rows within each represented group
arm left: 1. left instrument: Tool #2 (Orange). arm right: 3. right instrument: Tool #2 (Blue). do a prostatectomy,0.0010849796379686298,0.0010449384437251701,0.10449384437251702,575173,1,cmr_versius,cmr_versius:03,0.9630949809174046,YAML group mix ratios normalized globally; language proportions estimated from mapped current-public rows within each represented group
left tool: mono_hook. right tool: forceps. aux tool: bi_maryland_forceps. The surgery process is a hemicolectomy.Identify the inferior mesenteric artery and vein,0.0010780482149469446,0.0010382628250023699,0.10382628250023698,14400,1,rob_surgical_bitrack,rob_surgical_bitrack:00,0.9630949809174046,YAML group mix ratios normalized globally; language proportions estimated from mapped current-public rows within each represented group
left tool: mono_hook. right tool: forceps. aux tool: bi_maryland_forceps. The surgery process is a hemicolectomy.Dissection and staple of the mesocolon while separating it from the retroperitoneum,0.001070786362387927,0.0010312689712506176,0.10312689712506176,14303,1,rob_surgical_bitrack,rob_surgical_bitrack:00,0.9630949809174046,YAML group mix ratios normalized globally; language proportions estimated from mapped current-public rows within each represented group
left tool: bi_maryland_forceps. right tool: bi_maryland_forceps. aux tool: mono_round_scissors. The surgery process is a hysterectomy.Uterus neck dissection,0.001046605142010992,0.001007980159273134,0.10079801592731341,13980,1,rob_surgical_bitrack,rob_surgical_bitrack:00,0.9630949809174046,YAML group mix ratios normalized globally; language proportions estimated from mapped current-public rows within each represented group
left tool: mono_hook. right tool: bi_maryland_forceps. aux tool: bi_maryland_forceps. The surgery process is a hemicolectomy.Identify the inferior mesenteric artery and vein,0.0010421132744487132,0.0010036540641689576,0.10036540641689576,13920,1,rob_surgical_bitrack,rob_surgical_bitrack:00,0.9630949809174046,YAML group mix ratios normalized globally; language proportions estimated from mapped current-public rows within each represented group
arm left: 1. left instrument: Tool #18 (Pink). arm right: 3. right instrument: Tool #9 (Blue). do a prostatectomy,0.0010257764313896605,0.0009879201326147486,0.09879201326147485,543788,1,cmr_versius,cmr_versius:03,0.9630949809174046,YAML group mix ratios normalized globally; language proportions estimated from mapped current-public rows within each represented group
arm left: 2. left instrument: Tool #1 (Orange). arm right: 1. right instrument: Tool #9 (Green). do a prostatectomy,0.0010220980419415487,0.0009843774941994126,0.09843774941994125,541838,1,cmr_versius,cmr_versius:03,0.9630949809174046,YAML group mix ratios normalized globally; language proportions estimated from mapped current-public rows within each represented group
arm left: 3. left instrument: Tool #12 (Cyan). arm right: 1. right instrument: Tool #9 (Pink). do a hysterectomy,0.0010198721447370503,0.000982233743773722,0.09822337437737219,540658,1,cmr_versius,cmr_versius:01,0.9630949809174046,YAML group mix ratios normalized globally; language proportions estimated from mapped current-public rows within each represented group
arm left: 2. left instrument: Tool #18 (Green). arm right: 3. right instrument: Tool #9 (Orange). do a prostatectomy,0.000997950829979867,0.0009611214355559681,0.09611214355559682,529037,1,cmr_versius,cmr_versius:03,0.9630949809174046,YAML group mix ratios normalized globally; language proportions estimated from mapped current-public rows within each represented group
arm left: 2. left instrument: Tool #18 (Blue). arm right: 3. right instrument: Tool #9 (Green). do a prostatectomy,0.0009933669908214508,0.0009567067630691648,0.09567067630691647,526607,1,cmr_versius,cmr_versius:03,0.9630949809174046,YAML group mix ratios normalized globally; language proportions estimated from mapped current-public rows within each represented group
arm left: 1. left instrument: Tool #1 (Orange). arm right: 3. right instrument: Tool #9 (Pink). do a prostatectomy,0.0009581563152119863,0.0009227955381149787,0.09227955381149787,507941,1,cmr_versius,cmr_versius:03,0.9630949809174046,YAML group mix ratios normalized globally; language proportions estimated from mapped current-public rows within each represented group
arm left: 1. left instrument: Tool #0 (Green). arm right: 2. right instrument: Tool #2 (Orange). do an inguinal hernia repair,0.0009474965312267146,0.0009125291536610997,0.09125291536610997,502290,1,cmr_versius,cmr_versius:02,0.9630949809174046,YAML group mix ratios normalized globally; language proportions estimated from mapped current-public rows within each represented group
arm left: 2. left instrument: Tool #1 (Orange). arm right: 3. right instrument: Tool #9 (Green). do a prostatectomy,0.000945351747225431,0.0009104635229543116,0.09104635229543116,501153,1,cmr_versius,cmr_versius:03,0.9630949809174046,YAML group mix ratios normalized globally; language proportions estimated from mapped current-public rows within each represented group
arm left: 2. left instrument: Tool #0 (Green). arm right: 1. right instrument: Tool #8 (Pink). do a cholecystectomy,0.0009436728925542413,0.0009088466264467991,0.09088466264467991,500263,1,cmr_versius,cmr_versius:00,0.9630949809174046,YAML group mix ratios normalized globally; language proportions estimated from mapped current-public rows within each represented group
SingleKnot,0.0009246726544149189,0.0008905475924585822,0.08905475924585822,12354,1,obuda_dvrk,obuda_dvrk:10,0.9630949809174046,YAML group mix ratios normalized globally; language proportions estimated from mapped current-public rows within each represented group
arm left: 1. left instrument: Tool #18 (Blue). arm right: 2. right instrument: Tool #9 (Cyan). do an inguinal hernia repair,0.0009129366475965315,0.0008792447031957808,0.08792447031957809,483969,1,cmr_versius,cmr_versius:02,0.9630949809174046,YAML group mix ratios normalized globally; language proportions estimated from mapped current-public rows within each represented group
arm left: 2. left instrument: Tool #18 (Orange). arm right: 1. right instrument: Tool #9 (Cyan). do a hysterectomy,0.0009043197845201342,0.0008709458456156501,0.08709458456156502,479401,1,cmr_versius,cmr_versius:01,0.9630949809174046,YAML group mix ratios normalized globally; language proportions estimated from mapped current-public rows within each represented group
left tool: mono_hook. right tool: bi_maryland_forceps. aux tool: bi_maryland_forceps. The surgery process is a hemicolectomy.Create the first penetrating hole inside the colon for anastomosis,0.0008959778497559051,0.0008629117701130807,0.08629117701130806,11968,1,rob_surgical_bitrack,rob_surgical_bitrack:00,0.9630949809174046,YAML group mix ratios normalized globally; language proportions estimated from mapped current-public rows within each represented group
arm left: 3. left instrument: Tool #18 (Green). arm right: 2. right instrument: Tool #9 (Blue). do a prostatectomy,0.0008785823765047301,0.0008461582771341911,0.0846158277134191,465757,1,cmr_versius,cmr_versius:03,0.9630949809174046,YAML group mix ratios normalized globally; language proportions estimated from mapped current-public rows within each represented group
arm left: 1. left instrument: Tool #2 (Green). arm right: 2. right instrument: Tool #2 (Pink). do an inguinal hernia repair,0.0008736306984015027,0.0008413893408058541,0.08413893408058541,463132,1,cmr_versius,cmr_versius:02,0.9630949809174046,YAML group mix ratios normalized globally; language proportions estimated from mapped current-public rows within each represented group
arm left: 2. left instrument: Tool #0 (Cyan). arm right: 1. right instrument: Tool #2 (Orange). do an inguinal hernia repair,0.0008708766221993266,0.0008387369038384743,0.08387369038384743,461672,1,cmr_versius,cmr_versius:02,0.9630949809174046,YAML group mix ratios normalized globally; language proportions estimated from mapped current-public rows within each represented group
arm left: 1. left instrument: Tool #18 (Orange). arm right: 3. right instrument: Tool #9 (Pink). do a prostatectomy,0.0008390859055998247,0.0008081194242417263,0.08081194242417264,444819,1,cmr_versius,cmr_versius:03,0.9630949809174046,YAML group mix ratios normalized globally; language proportions estimated from mapped current-public rows within each represented group
arm left: 2. left instrument: Tool #2 (Blue). arm right: 1. right instrument: Tool #2 (Pink). do an inguinal hernia repair,0.0008294730478420925,0.0007988613291829815,0.07988613291829816,439723,1,cmr_versius,cmr_versius:02,0.9630949809174046,YAML group mix ratios normalized globally; language proportions estimated from mapped current-public rows within each represented group
left tool: mono_hook. right tool: bi_maryland_forceps. aux tool: bi_maryland_forceps. The surgery process is a hemicolectomy InVivo 2.Dissection and staple of the mesocolon while separating it from the retroperitoneum,0.0008246320199750413,0.0007941989595417432,0.07941989595417433,11015,1,rob_surgical_bitrack,rob_surgical_bitrack:00,0.9630949809174046,YAML group mix ratios normalized globally; language proportions estimated from mapped current-public rows within each represented group
DoubleKnot,0.0008101551571464369,0.0007802563656120847,0.07802563656120846,10824,1,obuda_dvrk,obuda_dvrk:10,0.9630949809174046,YAML group mix ratios normalized globally; language proportions estimated from mapped current-public rows within each represented group
arm left: 2. left instrument: Tool #0 (Cyan). arm right: 1. right instrument: Tool #9 (Blue). do an inguinal hernia repair,0.0008099228795137687,0.0007800326601898825,0.07800326601898826,429359,1,cmr_versius,cmr_versius:02,0.9630949809174046,YAML group mix ratios normalized globally; language proportions estimated from mapped current-public rows within each represented group
arm left: 1. left instrument: Tool #1 (Cyan). arm right: 2. right instrument: Tool #9 (Pink). do a hysterectomy,0.0008027868039844319,0.0007731599416641307,0.07731599416641308,425576,1,cmr_versius,cmr_versius:01,0.9630949809174046,YAML group mix ratios normalized globally; language proportions estimated from mapped current-public rows within each represented group
arm left: 1. left instrument: Tool #18 (Cyan). arm right: 3. right instrument: Tool #9 (Pink). do a hysterectomy,0.0007913856830488483,0.0007621795793142378,0.07621795793142379,419532,1,cmr_versius,cmr_versius:01,0.9630949809174046,YAML group mix ratios normalized globally; language proportions estimated from mapped current-public rows within each represented group
arm left: 1. left instrument: Tool #18 (Cyan). arm right: 2. right instrument: Tool #9 (Pink). do a hysterectomy,0.0007743537967273089,0.0007457762550824074,0.07457762550824074,410503,1,cmr_versius,cmr_versius:01,0.9630949809174046,YAML group mix ratios normalized globally; language proportions estimated from mapped current-public rows within each represented group
left tool: mono_hook. right tool: forceps. aux tool: bi_maryland_forceps. The surgery process is a hemicolectomy.,0.0007740985098994033,0.0007455303896197571,0.07455303896197571,10340,1,rob_surgical_bitrack,rob_surgical_bitrack:00,0.9630949809174046,YAML group mix ratios normalized globally; language proportions estimated from mapped current-public rows within each represented group
arm left: 1. left instrument: Tool #2 (Blue). arm right: 3. right instrument: Tool #2 (Green). do a prostatectomy,0.0007730540991223094,0.000744524522842322,0.07445245228423221,409814,1,cmr_versius,cmr_versius:03,0.9630949809174046,YAML group mix ratios normalized globally; language proportions estimated from mapped current-public rows within each represented group
arm left: 1. left instrument: Tool #18 (Green). arm right: 3. right instrument: Tool #9 (Pink). do a prostatectomy,0.0007618189773002818,0.0007337040334055315,0.07337040334055316,403858,1,cmr_versius,cmr_versius:03,0.9630949809174046,YAML group mix ratios normalized globally; language proportions estimated from mapped current-public rows within each represented group
left tool: bi_maryland_forceps. right tool: bi_maryland_forceps. aux tool: mono_round_scissors. The surgery process is a hysterectomy.,0.0007612966873469083,0.000733201018572854,0.07332010185728541,10169,1,rob_surgical_bitrack,rob_surgical_bitrack:00,0.9630949809174046,YAML group mix ratios normalized globally; language proportions estimated from mapped current-public rows within each represented group
arm left: 2. left instrument: Tool #0 (Green). arm right: 1. right instrument: Tool #9 (Orange). do a cholecystectomy,0.0007608173235582573,0.0007327393457139707,0.07327393457139707,403327,1,cmr_versius,cmr_versius:00,0.9630949809174046,YAML group mix ratios normalized globally; language proportions estimated from mapped current-public rows within each represented group
Using the right hand instrument to grasp the needle from the table.,0.0007485108094340564,0.0007208870037283637,0.07208870037283636,9997,1,hamlyn_dvrk_30hz,hamlyn_dvrk_30hz:03,0.9630949809174046,YAML group mix ratios normalized globally; language proportions estimated from mapped current-public rows within each represented group
arm left: 1. left instrument: Tool #18 (Pink). arm right: 2. right instrument: Tool #9 (Green). do a hysterectomy,0.0007293793550750616,0.0007024615960575654,0.07024615960575654,386661,1,cmr_versius,cmr_versius:01,0.9630949809174046,YAML group mix ratios normalized globally; language proportions estimated from mapped current-public rows within each represented group
arm left: 2. left instrument: Tool #0 (Blue). arm right: 1. right instrument: Tool #9 (Orange). do an inguinal hernia repair,0.0007266384833478275,0.0006998218762537278,0.06998218762537278,385208,1,cmr_versius,cmr_versius:02,0.9630949809174046,YAML group mix ratios normalized globally; language proportions estimated from mapped current-public rows within each represented group
arm left: 1. left instrument: Tool #18 (Orange). arm right: 2. right instrument: Tool #9 (Blue). do a prostatectomy,0.0007201626315655875,0.0006935850159050874,0.06935850159050874,381775,1,cmr_versius,cmr_versius:03,0.9630949809174046,YAML group mix ratios normalized globally; language proportions estimated from mapped current-public rows within each represented group
left tool: mono_hook. right tool: bi_maryland_forceps. aux tool: bi_maryland_forceps. The surgery process is a hemicolectomy InVivo 2.Preparing the colon part for anastomosis,0.0007130091110524098,0.0006866954962029563,0.06866954962029563,9524,1,rob_surgical_bitrack,rob_surgical_bitrack:00,0.9630949809174046,YAML group mix ratios normalized globally; language proportions estimated from mapped current-public rows within each represented group
left tool: mono_hook. right tool: bi_maryland_forceps. aux tool: bi_maryland_forceps. The surgery process is a hemicolectomy InVivo 2.Lateral to lateral approximation,0.0007096402103807007,0.0006834509248748239,0.0683450924874824,9479,1,rob_surgical_bitrack,rob_surgical_bitrack:00,0.9630949809174046,YAML group mix ratios normalized globally; language proportions estimated from mapped current-public rows within each represented group
SuturePulling,0.0007082869782036892,0.0006821476337571283,0.06821476337571283,9463,1,obuda_dvrk,obuda_dvrk:10,0.9630949809174046,YAML group mix ratios normalized globally; language proportions estimated from mapped current-public rows within each represented group
arm left: 2. left instrument: Tool #18 (Orange). arm right: 3. right instrument: Tool #9 (Cyan). do a prostatectomy,0.0006997636041338535,0.0006739388149699879,0.06739388149699879,370961,1,cmr_versius,cmr_versius:03,0.9630949809174046,YAML group mix ratios normalized globally; language proportions estimated from mapped current-public rows within each represented group
NeedleInsertion,0.0006989309735248917,0.0006731369126095387,0.06731369126095386,9338,1,obuda_dvrk,obuda_dvrk:10,0.9630949809174046,YAML group mix ratios normalized globally; language proportions estimated from mapped current-public rows within each represented group
left tool: bi_maryland_forceps. right tool: bi_maryland_forceps. aux tool: mono_round_scissors. The surgery process is a hysterectomy.Dissection of the broad ligament,0.0006961646076938639,0.0006704726395622943,0.06704726395622942,9299,1,rob_surgical_bitrack,rob_surgical_bitrack:00,0.9630949809174046,YAML group mix ratios normalized globally; language proportions estimated from mapped current-public rows within each represented group
arm left: 1. left instrument: Tool #12 (Orange). arm right: 2. right instrument: Tool #9 (Cyan). do a hysterectomy,0.0006912731267461862,0.0006657616788123328,0.06657616788123329,366460,1,cmr_versius,cmr_versius:01,0.9630949809174046,YAML group mix ratios normalized globally; language proportions estimated from mapped current-public rows within each represented group
arm left: 3. left instrument: Tool #18 (Cyan). arm right: 1. right instrument: Tool #9 (Blue). do a prostatectomy,0.0006822016524610734,0.0006570249874588193,0.06570249874588194,361651,1,cmr_versius,cmr_versius:03,0.9630949809174046,YAML group mix ratios normalized globally; language proportions estimated from mapped current-public rows within each represented group
arm left: 1. left instrument: Tool #0 (Pink). arm right: 2. right instrument: Tool #9 (Blue). do an inguinal hernia repair,0.0006728264752522961,0.0006479958013438348,0.06479958013438347,356681,1,cmr_versius,cmr_versius:02,0.9630949809174046,YAML group mix ratios normalized globally; language proportions estimated from mapped current-public rows within each represented group
arm left: 2. left instrument: Tool #2 (Blue). arm right: 1. right instrument: Tool #2 (Cyan). do an inguinal hernia repair,0.0006658413080080099,0.000641268421829994,0.0641268421829994,352978,1,cmr_versius,cmr_versius:02,0.9630949809174046,YAML group mix ratios normalized globally; language proportions estimated from mapped current-public rows within each represented group
arm left: 1. left instrument: Tool #18 (Green). arm right: 2. right instrument: Tool #9 (Orange). do a prostatectomy,0.0006593088656188758,0.0006349770593518869,0.06349770593518869,349515,1,cmr_versius,cmr_versius:03,0.9630949809174046,YAML group mix ratios normalized globally; language proportions estimated from mapped current-public rows within each represented group
arm left: 1. left instrument: Tool #2 (Orange). arm right: 3. right instrument: Tool #2 (Green). do a prostatectomy,0.0006589881855131429,0.0006346682139515755,0.06346682139515755,349345,1,cmr_versius,cmr_versius:03,0.9630949809174046,YAML group mix ratios normalized globally; language proportions estimated from mapped current-public rows within each represented group
arm left: 1. left instrument: Tool #0 (Blue). arm right: 2. right instrument: Tool #8 (Pink). do a cholecystectomy,0.0006583581434230561,0.0006340614235768462,0.06340614235768462,349011,1,cmr_versius,cmr_versius:00,0.9630949809174046,YAML group mix ratios normalized globally; language proportions estimated from mapped current-public rows within each represented group
arm left: 1. left instrument: Tool #1 (Blue). arm right: 3. right instrument: Tool #9 (Green). do a prostatectomy,0.0006524236751134357,0.0006283459669334374,0.06283459669334374,345865,1,cmr_versius,cmr_versius:03,0.9630949809174046,YAML group mix ratios normalized globally; language proportions estimated from mapped current-public rows within each represented group
arm left: 2. left instrument: Tool #0 (Green). arm right: 1. right instrument: Tool #9 (Blue). do an inguinal hernia repair,0.0006498450297926312,0.0006258624865674043,0.06258624865674044,344498,1,cmr_versius,cmr_versius:02,0.9630949809174046,YAML group mix ratios normalized globally; language proportions estimated from mapped current-public rows within each represented group
left tool: none. right tool: none. aux tool: none. The surgery process is a hemicolectomy.,0.0006495989139649054,0.0006256254536489974,0.06256254536489973,8677,1,rob_surgical_bitrack,rob_surgical_bitrack:00,0.9630949809174046,YAML group mix ratios normalized globally; language proportions estimated from mapped current-public rows within each represented group
arm left: 2. left instrument: Tool #1 (Blue). arm right: 1. right instrument: Tool #9 (Pink). do an inguinal hernia repair,0.0006326245081147784,0.000609277488570685,0.060927748857068496,335369,1,cmr_versius,cmr_versius:02,0.9630949809174046,YAML group mix ratios normalized globally; language proportions estimated from mapped current-public rows within each represented group
arm left: 1. left instrument: Tool #18 (Green). arm right: 2. right instrument: Tool #9 (Blue). do a prostatectomy,0.0006319661707212445,0.0006086434471312223,0.06086434471312223,335020,1,cmr_versius,cmr_versius:03,0.9630949809174046,YAML group mix ratios normalized globally; language proportions estimated from mapped current-public rows within each represented group
arm left: 2. left instrument: Tool #18 (Blue). arm right: 1. right instrument: Tool #9 (Green). do a prostatectomy,0.0006287989830887421,0.0006055931446187355,0.06055931446187355,333341,1,cmr_versius,cmr_versius:03,0.9630949809174046,YAML group mix ratios normalized globally; language proportions estimated from mapped current-public rows within each represented group
arm left: 2. left instrument: Tool #0 (Cyan). arm right: 1. right instrument: Tool #2 (Pink). do an inguinal hernia repair,0.0006267900165440041,0.0006036583190226674,0.06036583190226674,332276,1,cmr_versius,cmr_versius:02,0.9630949809174046,YAML group mix ratios normalized globally; language proportions estimated from mapped current-public rows within each represented group
arm left: 1. left instrument: Tool #2 (Orange). arm right: 3. right instrument: Tool #2 (Pink). do a prostatectomy,0.0006266881534515948,0.0006035602151896272,0.06035602151896272,332222,1,cmr_versius,cmr_versius:03,0.9630949809174046,YAML group mix ratios normalized globally; language proportions estimated from mapped current-public rows within each represented group
arm left: 2. left instrument: Tool #2 (Orange). arm right: 1. right instrument: Tool #2 (Green). do a prostatectomy,0.000623585101840239,0.0006005716817572028,0.06005716817572028,330577,1,cmr_versius,cmr_versius:03,0.9630949809174046,YAML group mix ratios normalized globally; language proportions estimated from mapped current-public rows within each represented group
arm left: 1. left instrument: Tool #0 (Cyan). arm right: 2. right instrument: Tool #2 (Orange). do an inguinal hernia repair,0.000608315069746667,0.0005858651904894359,0.058586519048943596,322482,1,cmr_versius,cmr_versius:02,0.9630949809174046,YAML group mix ratios normalized globally; language proportions estimated from mapped current-public rows within each represented group
arm left: 0. left instrument: Tool #14 (White). arm right: 0. right instrument: Tool #14 (White). do a cholecystectomy,0.0006081792522901213,0.0005857343853787158,0.05857343853787158,322410,1,cmr_versius,cmr_versius:00,0.9630949809174046,YAML group mix ratios normalized globally; language proportions estimated from mapped current-public rows within each represented group
remove cap,0.0006047430997091557,0.0005824250440743215,0.058242504407432144,8489,1,jhu_imerse_dvrk,jhu_imerse_dvrk:11,0.9630949809174046,YAML group mix ratios normalized globally; language proportions estimated from mapped current-public rows within each represented group
arm left: 3. left instrument: Tool #12 (Cyan). arm right: 1. right instrument: Tool #9 (Green). do a hysterectomy,0.0005833454076314586,0.0005618170342310753,0.05618170342310753,309245,1,cmr_versius,cmr_versius:01,0.9630949809174046,YAML group mix ratios normalized globally; language proportions estimated from mapped current-public rows within each represented group
arm left: 1. left instrument: Tool #18 (Cyan). arm right: 2. right instrument: Tool #9 (Green). do an inguinal hernia repair,0.0005806611265111185,0.0005592318165567044,0.05592318165567044,307822,1,cmr_versius,cmr_versius:02,0.9630949809174046,YAML group mix ratios normalized globally; language proportions estimated from mapped current-public rows within each represented group
arm left: 3. left instrument: Tool #12 (Pink). arm right: 1. right instrument: Tool #9 (Cyan). do a hysterectomy,0.0005765300122078545,0.0005552531611056347,0.05552531611056347,305632,1,cmr_versius,cmr_versius:01,0.9630949809174046,YAML group mix ratios normalized globally; language proportions estimated from mapped current-public rows within each represented group
arm left: 2. left instrument: Tool #18 (Blue). arm right: 1. right instrument: Tool #9 (Cyan). do a prostatectomy,0.0005749586796897637,0.0005537398186441091,0.055373981864410914,304799,1,cmr_versius,cmr_versius:03,0.9630949809174046,YAML group mix ratios normalized globally; language proportions estimated from mapped current-public rows within each represented group
arm left: 2. left instrument: Tool #18 (Pink). arm right: 1. right instrument: Tool #9 (Orange). do a hysterectomy,0.0005742475243964621,0.0005530549085504775,0.05530549085504775,304422,1,cmr_versius,cmr_versius:01,0.9630949809174046,YAML group mix ratios normalized globally; language proportions estimated from mapped current-public rows within each represented group
arm left: 3. left instrument: Tool #18 (Pink). arm right: 2. right instrument: Tool #9 (Blue). do a prostatectomy,0.000573334529271905,0.0005521756075284145,0.055217560752841455,303938,1,cmr_versius,cmr_versius:03,0.9630949809174046,YAML group mix ratios normalized globally; language proportions estimated from mapped current-public rows within each represented group
arm left: 2. left instrument: Tool #9 (Pink). arm right: 1. right instrument: Tool #18 (Purple). do a hysterectomy,0.000564987414755036,0.0005441365434320751,0.05441365434320751,299513,1,cmr_versius,cmr_versius:01,0.9630949809174046,YAML group mix ratios normalized globally; language proportions estimated from mapped current-public rows within each represented group
arm left: 2. left instrument: Tool #2 (Blue). arm right: 3. right instrument: Tool #2 (Green). do a prostatectomy,0.0005622427703206755,0.0005414931901529397,0.05414931901529397,298058,1,cmr_versius,cmr_versius:03,0.9630949809174046,YAML group mix ratios normalized globally; language proportions estimated from mapped current-public rows within each represented group
arm left: 1. left instrument: Tool #2 (Green). arm right: 3. right instrument: Tool #2 (Pink). do a prostatectomy,0.0005610788901722216,0.0005403722630235744,0.05403722630235744,297441,1,cmr_versius,cmr_versius:03,0.9630949809174046,YAML group mix ratios normalized globally; language proportions estimated from mapped current-public rows within each represented group
arm left: 2. left instrument: Tool #1 (Pink). arm right: 1. right instrument: Tool #9 (Purple). do an inguinal hernia repair,0.0005543766759624056,0.0005339173941570672,0.05339173941570672,293888,1,cmr_versius,cmr_versius:02,0.9630949809174046,YAML group mix ratios normalized globally; language proportions estimated from mapped current-public rows within each represented group
left tool: mono_hook. right tool: bi_maryland_forceps. aux tool: bi_maryland_forceps. The surgery process is a hemicolectomy.Lateral to lateral approximation,0.000552724303538423,0.0005323260025689233,0.05323260025689233,7383,1,rob_surgical_bitrack,rob_surgical_bitrack:00,0.9630949809174046,YAML group mix ratios normalized globally; language proportions estimated from mapped current-public rows within each represented group
left tool: mono_hook. right tool: bi_maryland_forceps. aux tool: bi_maryland_forceps. The surgery process is a hemicolectomy InVivo 2.Resect the lymphatic tissue around the mesenteric artery and vein,0.0005524248457009379,0.000532037596228645,0.0532037596228645,7379,1,rob_surgical_bitrack,rob_surgical_bitrack:00,0.9630949809174046,YAML group mix ratios normalized globally; language proportions estimated from mapped current-public rows within each represented group
arm left: 1. left instrument: Tool #0 (Cyan). arm right: 2. right instrument: Tool #2 (Pink). do a hysterectomy,0.0005479196877157969,0.0005276987011849157,0.052769870118491574,290465,1,cmr_versius,cmr_versius:01,0.9630949809174046,YAML group mix ratios normalized globally; language proportions estimated from mapped current-public rows within each represented group
arm left: 2. left instrument: Tool #0 (Pink). arm right: 1. right instrument: Tool #8 (Blue). do a cholecystectomy,0.000547008578944803,0.0005268212169005017,0.05268212169005017,289982,1,cmr_versius,cmr_versius:00,0.9630949809174046,YAML group mix ratios normalized globally; language proportions estimated from mapped current-public rows within each represented group
arm left: 2. left instrument: Tool #1 (Pink). arm right: 1. right instrument: Tool #9 (Blue). do a prostatectomy,0.0005295541494251216,0.00051001094343532,0.051001094343532,280729,1,cmr_versius,cmr_versius:03,0.9630949809174046,YAML group mix ratios normalized globally; language proportions estimated from mapped current-public rows within each represented group
Remain positioned until the surgeon picks up the small intestine and positions it for your robotic grasp.,0.0005237402593435766,0.0005044116150781785,0.05044116150781785,6993,1,tud_tundra_ur5e,tud_tundra_ur5e:00,0.9630949809174046,YAML group mix ratios normalized globally; language proportions estimated from mapped current-public rows within each represented group
arm left: 2. left instrument: Tool #0 (Cyan). arm right: 1. right instrument: Tool #2 (Blue). do an inguinal hernia repair,0.0005206713104963224,0.0005014559258466957,0.050145592584669565,276020,1,cmr_versius,cmr_versius:02,0.9630949809174046,YAML group mix ratios normalized globally; language proportions estimated from mapped current-public rows within each represented group
arm left: 2. left instrument: Tool #18 (Cyan). arm right: 1. right instrument: Tool #9 (Blue). do an inguinal hernia repair,0.000518769866104683,0.0004996246542966142,0.04996246542966142,275012,1,cmr_versius,cmr_versius:02,0.9630949809174046,YAML group mix ratios normalized globally; language proportions estimated from mapped current-public rows within each represented group
arm left: 2. left instrument: Tool #0 (Orange). arm right: 1. right instrument: Tool #9 (Pink). do an inguinal hernia repair,0.0005177814168376006,0.0004986726837685957,0.04986726837685957,274488,1,cmr_versius,cmr_versius:02,0.9630949809174046,YAML group mix ratios normalized globally; language proportions estimated from mapped current-public rows within each represented group
arm left: 3. left instrument: Tool #18 (Green). arm right: 2. right instrument: Tool #9 (Orange). do a prostatectomy,0.0005174796002674992,0.0004983820057447733,0.049838200574477326,274328,1,cmr_versius,cmr_versius:03,0.9630949809174046,YAML group mix ratios normalized globally; language proportions estimated from mapped current-public rows within each represented group
arm left: 2. left instrument: Tool #0 (Orange). arm right: 1. right instrument: Tool #2 (Green). do an inguinal hernia repair,0.0005162647885728408,0.000497212026698888,0.0497212026698888,273684,1,cmr_versius,cmr_versius:02,0.9630949809174046,YAML group mix ratios normalized globally; language proportions estimated from mapped current-public rows within each represented group
arm left: 3. left instrument: Tool #1 (Pink). arm right: 2. right instrument: Tool #9 (Orange). do a hysterectomy,0.0005118073351031544,0.0004929190756345602,0.04929190756345602,271321,1,cmr_versius,cmr_versius:01,0.9630949809174046,YAML group mix ratios normalized globally; language proportions estimated from mapped current-public rows within each represented group
Transfer the needle from right to left arms,0.0005107912719040013,0.0004919405102671609,0.0491940510267161,7225,1,turin_mitic_ex_vivo,turin_mitic_ex_vivo:01,0.9630949809174046,YAML group mix ratios normalized globally; language proportions estimated from mapped current-public rows within each represented group
arm left: 1. left instrument: Tool #2 (Pink). arm right: 3. right instrument: Tool #2 (Blue). do a prostatectomy,0.0005090400544260365,0.0004902539215036382,0.04902539215036382,269854,1,cmr_versius,cmr_versius:03,0.9630949809174046,YAML group mix ratios normalized globally; language proportions estimated from mapped current-public rows within each represented group
arm left: 1. left instrument: Tool #2 (Green). arm right: 3. right instrument: Tool #2 (Orange). do a prostatectomy,0.0004940397708919926,0.00047580722371966266,0.04758072237196627,261902,1,cmr_versius,cmr_versius:03,0.9630949809174046,YAML group mix ratios normalized globally; language proportions estimated from mapped current-public rows within each represented group
left tool: mono_hook. right tool: bi_maryland_forceps. aux tool: bi_maryland_forceps. The surgery process is a hemicolectomy.Resect the lymphatic tissue around the mesenteric artery and vein,0.0004872179015885219,0.00046923711563301543,0.046923711563301544,6508,1,rob_surgical_bitrack,rob_surgical_bitrack:00,0.9630949809174046,YAML group mix ratios normalized globally; language proportions estimated from mapped current-public rows within each represented group
arm left: 2. left instrument: Tool #18 (Pink). arm right: 1. right instrument: Tool #9 (Green). do a prostatectomy,0.0004862132899585486,0.0004682695792144169,0.04682695792144169,257753,1,cmr_versius,cmr_versius:03,0.9630949809174046,YAML group mix ratios normalized globally; language proportions estimated from mapped current-public rows within each represented group
arm left: 2. left instrument: Tool #2 (Green). arm right: 3. right instrument: Tool #2 (Orange). do a prostatectomy,0.00047987702833998056,0.0004621671574517944,0.046216715745179444,254394,1,cmr_versius,cmr_versius:03,0.9630949809174046,YAML group mix ratios normalized globally; language proportions estimated from mapped current-public rows within each represented group
arm left: 1. left instrument: Tool #18 (Pink). arm right: 2. right instrument: Tool #9 (Orange). do an inguinal hernia repair,0.00047907721442921164,0.00046139686068866496,0.046139686068866495,253970,1,cmr_versius,cmr_versius:02,0.9630949809174046,YAML group mix ratios normalized globally; language proportions estimated from mapped current-public rows within each represented group
arm left: 2. left instrument: Tool #18 (Blue). arm right: 1. right instrument: Tool #9 (Cyan). do an inguinal hernia repair,0.00047214297873113,0.00045471853309134424,0.045471853309134426,250294,1,cmr_versius,cmr_versius:02,0.9630949809174046,YAML group mix ratios normalized globally; language proportions estimated from mapped current-public rows within each represented group
left tool: none. right tool: forceps. aux tool: bi_maryland_forceps. The surgery process is a hemicolectomy.Lateral to lateral approximation,0.0004694001602581488,0.0004520769383864485,0.04520769383864485,6270,1,rob_surgical_bitrack,rob_surgical_bitrack:00,0.9630949809174046,YAML group mix ratios normalized globally; language proportions estimated from mapped current-public rows within each represented group
arm left: 3. left instrument: Tool #2 (Blue). arm right: 1. right instrument: Tool #2 (Orange). do a prostatectomy,0.0004661255108647317,0.00044892313999138426,0.04489231399913843,247104,1,cmr_versius,cmr_versius:03,0.9630949809174046,YAML group mix ratios normalized globally; language proportions estimated from mapped current-public rows within each represented group
arm left: 3. left instrument: Tool #18 (Pink). arm right: 1. right instrument: Tool #9 (Blue). do a prostatectomy,0.0004658595350123298,0.00044866697998289075,0.04486669799828907,246963,1,cmr_versius,cmr_versius:03,0.9630949809174046,YAML group mix ratios normalized globally; language proportions estimated from mapped current-public rows within each represented group
arm left: 2. left instrument: Tool #2 (Green). arm right: 1. right instrument: Tool #2 (Blue). do a prostatectomy,0.00046525401551856366,0.00044808380719759696,0.0448083807197597,246642,1,cmr_versius,cmr_versius:03,0.9630949809174046,YAML group mix ratios normalized globally; language proportions estimated from mapped current-public rows within each represented group
arm left: 2. left instrument: Tool #0 (Green). arm right: 1. right instrument: Tool #2 (Blue). do an inguinal hernia repair,0.0004638637729425337,0.0004467448715503648,0.04467448715503648,245905,1,cmr_versius,cmr_versius:02,0.9630949809174046,YAML group mix ratios normalized globally; language proportions estimated from mapped current-public rows within each represented group
arm left: 3. left instrument: Tool #12 (Pink). arm right: 1. right instrument: Tool #9 (Green). do a hysterectomy,0.00046296775500004496,0.000445881921167142,0.0445881921167142,245430,1,cmr_versius,cmr_versius:01,0.9630949809174046,YAML group mix ratios normalized globally; language proportions estimated from mapped current-public rows within each represented group
arm left: 2. left instrument: Tool #0 (Orange). arm right: 1. right instrument: Tool #9 (Green). do an inguinal hernia repair,0.0004626885746727011,0.0004456130439951062,0.04456130439951062,245282,1,cmr_versius,cmr_versius:02,0.9630949809174046,YAML group mix ratios normalized globally; language proportions estimated from mapped current-public rows within each represented group
arm left: 1. left instrument: Tool #18 (Pink). arm right: 2. right instrument: Tool #0 (Orange). do an inguinal hernia repair,0.00046177369319458096,0.0004447319262353944,0.04447319262353944,244797,1,cmr_versius,cmr_versius:02,0.9630949809174046,YAML group mix ratios normalized globally; language proportions estimated from mapped current-public rows within each represented group
left tool: mono_hook. right tool: bi_maryland_forceps. aux tool: bi_maryland_forceps. The surgery process is a hemicolectomy 2025-10-10_01.Preparing the colon part for anastomosis,0.0004599672383773631,0.0004429921386676778,0.04429921386676778,6144,1,rob_surgical_bitrack,rob_surgical_bitrack:00,0.9630949809174046,YAML group mix ratios normalized globally; language proportions estimated from mapped current-public rows within each represented group
arm left: 3. left instrument: Tool #18 (Pink). arm right: 1. right instrument: Tool #9 (Green). do a hysterectomy,0.00045917052527745566,0.00044222482827992583,0.044222482827992585,243417,1,cmr_versius,cmr_versius:01,0.9630949809174046,YAML group mix ratios normalized globally; language proportions estimated from mapped current-public rows within each represented group
arm left: 2. left instrument: Tool #13 (Blue). arm right: 1. right instrument: Tool #9 (Orange). do an inguinal hernia repair,0.00045885739058597536,0.00044192324983021,0.044192324983021,243251,1,cmr_versius,cmr_versius:02,0.9630949809174046,YAML group mix ratios normalized globally; language proportions estimated from mapped current-public rows within each represented group
arm left: 1. left instrument: Tool #18 (Pink). arm right: 3. right instrument: Tool #9 (Green). do a prostatectomy,0.00045856500578368947,0.000441641655494632,0.044164165549463195,243096,1,cmr_versius,cmr_versius:03,0.9630949809174046,YAML group mix ratios normalized globally; language proportions estimated from mapped current-public rows within each represented group
arm left: 2. left instrument: Tool #0 (Blue). arm right: 1. right instrument: Tool #8 (Green). do a cholecystectomy,0.00045807832656440085,0.0004411729371812183,0.04411729371812183,242838,1,cmr_versius,cmr_versius:00,0.9630949809174046,YAML group mix ratios normalized globally; language proportions estimated from mapped current-public rows within each represented group
arm left: 1. left instrument: Tool #18 (Orange). arm right: 3. right instrument: Tool #9 (Cyan). do a prostatectomy,0.0004547545715861583,0.00043797184544387365,0.043797184544387364,241076,1,cmr_versius,cmr_versius:03,0.9630949809174046,YAML group mix ratios normalized globally; language proportions estimated from mapped current-public rows within each represented group
left tool: bi_maryland_forceps. right tool: bi_maryland_forceps. aux tool: mono_round_scissors. The surgery process is a hysterectomy.Coagulation and dissection of the ovarian vessels,0.0004542026750057718,0.0004374403166173179,0.04374403166173179,6067,1,rob_surgical_bitrack,rob_surgical_bitrack:00,0.9630949809174046,YAML group mix ratios normalized globally; language proportions estimated from mapped current-public rows within each represented group
arm left: 3. left instrument: Tool #18 (Orange). arm right: 1. right instrument: Tool #9 (Blue). do a prostatectomy,0.00045374159972275525,0.0004369962573264196,0.04369962573264196,240539,1,cmr_versius,cmr_versius:03,0.9630949809174046,YAML group mix ratios normalized globally; language proportions estimated from mapped current-public rows within each represented group
arm left: 2. left instrument: Tool #0 (Orange). arm right: 1. right instrument: Tool #2 (Pink). do an inguinal hernia repair,0.0004535623961342574,0.000436823667249775,0.0436823667249775,240444,1,cmr_versius,cmr_versius:02,0.9630949809174046,YAML group mix ratios normalized globally; language proportions estimated from mapped current-public rows within each represented group
retract home in,0.0004515804581289125,0.00043491487270433784,0.04349148727043378,6339,1,jhu_imerse_dvrk,jhu_imerse_dvrk:03,0.9630949809174046,YAML group mix ratios normalized globally; language proportions estimated from mapped current-public rows within each represented group
arm left: 3. left instrument: Tool #2 (Green). arm right: 2. right instrument: Tool #2 (Orange). do a prostatectomy,0.00044482857913694573,0.000428412171935413,0.0428412171935413,235814,1,cmr_versius,cmr_versius:03,0.9630949809174046,YAML group mix ratios normalized globally; language proportions estimated from mapped current-public rows within each represented group
arm left: 2. left instrument: Tool #18 (Orange). arm right: 1. right instrument: Tool #9 (Pink). do a prostatectomy,0.00044308936115173593,0.00042673713982313615,0.042673713982313614,234892,1,cmr_versius,cmr_versius:03,0.9630949809174046,YAML group mix ratios normalized globally; language proportions estimated from mapped current-public rows within each represented group
"Pull back on small intestine post-surgeon's end grasp, continuing till fully straight in camera.",0.00043828514195318316,0.00042211022042578294,0.042211022042578296,5852,1,tud_tundra_ur5e,tud_tundra_ur5e:00,0.9630949809174046,YAML group mix ratios normalized globally; language proportions estimated from mapped current-public rows within each represented group
arm left: 2. left instrument: Tool #18 (Orange). arm right: 1. right instrument: Tool #9 (Blue). do a prostatectomy,0.0004367813948366149,0.00042066196912524703,0.0420661969125247,231548,1,cmr_versius,cmr_versius:03,0.9630949809174046,YAML group mix ratios normalized globally; language proportions estimated from mapped current-public rows within each represented group
arm left: 1. left instrument: Tool #1 (Green). arm right: 3. right instrument: Tool #9 (Pink). do a prostatectomy,0.00043233148678118116,0.00041637628501151486,0.041637628501151484,229189,1,cmr_versius,cmr_versius:03,0.9630949809174046,YAML group mix ratios normalized globally; language proportions estimated from mapped current-public rows within each represented group
arm left: 1. left instrument: Tool #0 (Purple). arm right: 2. right instrument: Tool #8 (Blue). do a cholecystectomy,0.0004301319985265666,0.0004142579689129088,0.04142579689129088,228023,1,cmr_versius,cmr_versius:00,0.9630949809174046,YAML group mix ratios normalized globally; language proportions estimated from mapped current-public rows within each represented group
left tool: bi_maryland_forceps. right tool: bi_maryland_forceps. aux tool: mono_round_scissors. The surgery process is a hysterectomy.Suturing the uterus stump,0.00043009631908820815,0.0004142236062249038,0.04142236062249038,5745,1,rob_surgical_bitrack,rob_surgical_bitrack:00,0.9630949809174046,YAML group mix ratios normalized globally; language proportions estimated from mapped current-public rows within each represented group
left tool: bi_maryland_forceps. right tool: bi_maryland_forceps. aux tool: bi_maryland_forceps. The surgery process is a hemicolectomy InVivo 2.Preparing the colon part for anastomosis,0.000429347674494495,0.0004135025903742077,0.04135025903742077,5735,1,rob_surgical_bitrack,rob_surgical_bitrack:00,0.9630949809174046,YAML group mix ratios normalized globally; language proportions estimated from mapped current-public rows within each represented group
arm left: 2. left instrument: Tool #1 (Pink). arm right: 1. right instrument: Tool #2 (Purple). do an inguinal hernia repair,0.0004280173961822931,0.0004122214060085028,0.04122214060085028,226902,1,cmr_versius,cmr_versius:02,0.9630949809174046,YAML group mix ratios normalized globally; language proportions estimated from mapped current-public rows within each represented group
arm left: 3. left instrument: Tool #18 (Cyan). arm right: 2. right instrument: Tool #9 (Pink). do a hysterectomy,0.0004277155796121916,0.0004119307279846803,0.04119307279846803,226742,1,cmr_versius,cmr_versius:01,0.9630949809174046,YAML group mix ratios normalized globally; language proportions estimated from mapped current-public rows within each represented group
arm left: 2. left instrument: Tool #18 (Green). arm right: 1. right instrument: Tool #9 (Purple). do a hysterectomy,0.00042388816823259217,0.00040824456729508194,0.04082445672950819,224713,1,cmr_versius,cmr_versius:01,0.9630949809174046,YAML group mix ratios normalized globally; language proportions estimated from mapped current-public rows within each represented group
arm left: 3. left instrument: Tool #12 (Cyan). arm right: 1. right instrument: Tool #9 (Orange). do a hysterectomy,0.0004222998585324331,0.0004067148741947163,0.04067148741947163,223871,1,cmr_versius,cmr_versius:01,0.9630949809174046,YAML group mix ratios normalized globally; language proportions estimated from mapped current-public rows within each represented group
arm left: 1. left instrument: Tool #18 (Blue). arm right: 2. right instrument: Tool #9 (Orange). do a prostatectomy,0.00042084359358169346,0.0004053123527297731,0.040531235272977306,223099,1,cmr_versius,cmr_versius:03,0.9630949809174046,YAML group mix ratios normalized globally; language proportions estimated from mapped current-public rows within each represented group
arm left: 2. left instrument: Tool #0 (Purple). arm right: 1. right instrument: Tool #8 (Pink). do a cholecystectomy,0.0004195552140980727,0.00040407152091558095,0.040407152091558096,222416,1,cmr_versius,cmr_versius:00,0.9630949809174046,YAML group mix ratios normalized globally; language proportions estimated from mapped current-public rows within each represented group
Transfer the needle from left to right arms,0.0004183893075609522,0.0004029486421814614,0.04029486421814614,5918,1,turin_mitic_ex_vivo,turin_mitic_ex_vivo:01,0.9630949809174046,YAML group mix ratios normalized globally; language proportions estimated from mapped current-public rows within each represented group
arm left: 3. left instrument: Tool #12 (Orange). arm right: 1. right instrument: Tool #9 (Blue). do a hysterectomy,0.00041721236297265993,0.0004018151327556592,0.04018151327556592,221174,1,cmr_versius,cmr_versius:01,0.9630949809174046,YAML group mix ratios normalized globally; language proportions estimated from mapped current-public rows within each represented group
arm left: 3. left instrument: Tool #12 (Blue). arm right: 2. right instrument: Tool #9 (Pink). do a hysterectomy,0.0004152335780849321,0.00039990937496197336,0.03999093749619734,220125,1,cmr_versius,cmr_versius:01,0.9630949809174046,YAML group mix ratios normalized globally; language proportions estimated from mapped current-public rows within each represented group
arm left: 1. left instrument: Tool #18 (Green). arm right: 2. right instrument: Tool #9 (Orange). do a hysterectomy,0.00041479217135115867,0.000399484258352133,0.039948425835213304,219891,1,cmr_versius,cmr_versius:01,0.9630949809174046,YAML group mix ratios normalized globally; language proportions estimated from mapped current-public rows within each represented group
arm left: 1. left instrument: Tool #13 (Blue). arm right: 2. right instrument: Tool #8 (Green). do a cholecystectomy,0.0004144828093668046,0.00039918631337771494,0.039918631337771494,219727,1,cmr_versius,cmr_versius:00,0.9630949809174046,YAML group mix ratios normalized globally; language proportions estimated from mapped current-public rows within each represented group
arm left: 2. left instrument: Tool #18 (Green). arm right: 3. right instrument: Tool #9 (Pink). do a hysterectomy,0.00041213241282713934,0.0003969226582671977,0.03969226582671977,218481,1,cmr_versius,cmr_versius:01,0.9630949809174046,YAML group mix ratios normalized globally; language proportions estimated from mapped current-public rows within each represented group
arm left: 3. left instrument: Tool #18 (Blue). arm right: 1. right instrument: Tool #9 (Pink). do a prostatectomy,0.0004060489225860314,0.0003910636793495266,0.03910636793495266,215256,1,cmr_versius,cmr_versius:03,0.9630949809174046,YAML group mix ratios normalized globally; language proportions estimated from mapped current-public rows within each represented group
arm left: 1. left instrument: Tool #18 (Cyan). arm right: 3. right instrument: Tool #9 (Blue). do a prostatectomy,0.000401506583206004,0.00038668897509099877,0.038668897509099874,212848,1,cmr_versius,cmr_versius:03,0.9630949809174046,YAML group mix ratios normalized globally; language proportions estimated from mapped current-public rows within each represented group
arm left: 1. left instrument: Tool #18 (Pink). arm right: 2. right instrument: Tool #9 (Green). do an inguinal hernia repair,0.00040130662972831174,0.00038649640090021635,0.038649640090021635,212742,1,cmr_versius,cmr_versius:02,0.9630949809174046,YAML group mix ratios normalized globally; language proportions estimated from mapped current-public rows within each represented group
arm left: 1. left instrument: Tool #12 (Cyan). arm right: 2. right instrument: Tool #9 (Orange). do a hysterectomy,0.00039979566052424114,0.0003850411940434552,0.03850411940434552,211941,1,cmr_versius,cmr_versius:01,0.9630949809174046,YAML group mix ratios normalized globally; language proportions estimated from mapped current-public rows within each represented group
arm left: 1. left instrument: Tool #2 (Green). arm right: 2. right instrument: Tool #2 (Blue). do a prostatectomy,0.00039941650345805117,0.0003846760297760283,0.03846760297760283,211740,1,cmr_versius,cmr_versius:03,0.9630949809174046,YAML group mix ratios normalized globally; language proportions estimated from mapped current-public rows within each represented group
arm left: 1. left instrument: Tool #2 (Pink). arm right: 2. right instrument: Tool #2 (Orange). do a prostatectomy,0.0003966341319524282,0.0003819963417439152,0.03819963417439152,210265,1,cmr_versius,cmr_versius:03,0.9630949809174046,YAML group mix ratios normalized globally; language proportions estimated from mapped current-public rows within each represented group
left tool: mono_hook. right tool: bi_maryland_forceps. aux tool: bi_maryland_forceps. The surgery process is a hemicolectomy InVivo 2.Artery coagulation,0.0003952094810211751,0.000380624267582466,0.0380624267582466,5279,1,rob_surgical_bitrack,rob_surgical_bitrack:00,0.9630949809174046,YAML group mix ratios normalized globally; language proportions estimated from mapped current-public rows within each represented group
arm left: 2. left instrument: Tool #18 (Pink). arm right: 3. right instrument: Tool #9 (Orange). do a prostatectomy,0.0003921332923507898,0.000377661605713663,0.0377661605713663,207879,1,cmr_versius,cmr_versius:03,0.9630949809174046,YAML group mix ratios normalized globally; language proportions estimated from mapped current-public rows within each represented group
arm left: 1. left instrument: Tool #18 (Pink). arm right: 2. right instrument: Tool #2 (Orange). do an inguinal hernia repair,0.00038889630963645136,0.00037454408390816724,0.03745440839081672,206163,1,cmr_versius,cmr_versius:02,0.9630949809174046,YAML group mix ratios normalized globally; language proportions estimated from mapped current-public rows within each represented group
arm left: 2. left instrument: Tool #1 (Green). arm right: 3. right instrument: Tool #9 (Orange). do a prostatectomy,0.0003885718568235923,0.0003742316050325581,0.03742316050325581,205991,1,cmr_versius,cmr_versius:03,0.9630949809174046,YAML group mix ratios normalized globally; language proportions estimated from mapped current-public rows within each represented group
left tool: mono_hook. right tool: bi_maryland_forceps. aux tool: bi_maryland_forceps. The surgery process is a hemicolectomy 2025-10-10_01.Lateral to lateral approximation,0.00038847167967775666,0.00037413512492620116,0.037413512492620114,5189,1,rob_surgical_bitrack,rob_surgical_bitrack:00,0.9630949809174046,YAML group mix ratios normalized globally; language proportions estimated from mapped current-public rows within each represented group
arm left: 2. left instrument: Tool #2 (Orange). arm right: 3. right instrument: Tool #2 (Green). do a prostatectomy,0.0003882040178787811,0.0003738773411910245,0.03738773411910245,205796,1,cmr_versius,cmr_versius:03,0.9630949809174046,YAML group mix ratios normalized globally; language proportions estimated from mapped current-public rows within each represented group
arm left: 3. left instrument: Tool #18 (Pink). arm right: 2. right instrument: Tool #9 (Orange). do a prostatectomy,0.00038737213595743886,0.00037307615988786387,0.03730761598878639,205355,1,cmr_versius,cmr_versius:03,0.9630949809174046,YAML group mix ratios normalized globally; language proportions estimated from mapped current-public rows within each represented group
left tool: none. right tool: forceps. aux tool: bi_maryland_forceps. The surgery process is a hemicolectomy.Suturing,0.00038734871278718695,0.0003730536011501571,0.03730536011501571,5174,1,rob_surgical_bitrack,rob_surgical_bitrack:00,0.9630949809174046,YAML group mix ratios normalized globally; language proportions estimated from mapped current-public rows within each represented group
arm left: 2. left instrument: Tool #2 (Pink). arm right: 1. right instrument: Tool #2 (Orange). do a hysterectomy,0.00038548012333361513,0.0003712539720260269,0.03712539720260269,204352,1,cmr_versius,cmr_versius:01,0.9630949809174046,YAML group mix ratios normalized globally; language proportions estimated from mapped current-public rows within each represented group
arm left: 2. left instrument: Tool #12 (Green). arm right: 3. right instrument: Tool #9 (Orange). do a hysterectomy,0.00038314481762245496,0.00036900485081670076,0.03690048508167008,203114,1,cmr_versius,cmr_versius:01,0.9630949809174046,YAML group mix ratios normalized globally; language proportions estimated from mapped current-public rows within each represented group
nan,0.00037670885984945397,0.00036280641218812713,0.03628064121881271,5288,1,jhu_imerse_dvrk,jhu_imerse_dvrk:01,0.9630949809174046,YAML group mix ratios normalized globally; language proportions estimated from mapped current-public rows within each represented group
arm left: 2. left instrument: Tool #1 (Pink). arm right: 1. right instrument: Tool #9 (Orange). do a hysterectomy,0.0003712098586285044,0.00035751035171217193,0.035751035171217194,196787,1,cmr_versius,cmr_versius:01,0.9630949809174046,YAML group mix ratios normalized globally; language proportions estimated from mapped current-public rows within each represented group
arm left: 3. left instrument: Tool #18 (Blue). arm right: 2. right instrument: Tool #9 (Green). do a prostatectomy,0.00037064206620600104,0.000356963513679856,0.0356963513679856,196486,1,cmr_versius,cmr_versius:03,0.9630949809174046,YAML group mix ratios normalized globally; language proportions estimated from mapped current-public rows within each represented group
arm left: 3. left instrument: Tool #1 (Green). arm right: 2. right instrument: Tool #9 (Orange). do a prostatectomy,0.0003682426244736942,0.0003546526233904675,0.03546526233904675,195214,1,cmr_versius,cmr_versius:03,0.9630949809174046,YAML group mix ratios normalized globally; language proportions estimated from mapped current-public rows within each represented group
arm left: 1. left instrument: Tool #1 (Blue). arm right: 2. right instrument: Tool #9 (Cyan). do an inguinal hernia repair,0.00036686558637260614,0.0003533264049067776,0.03533264049067776,194484,1,cmr_versius,cmr_versius:02,0.9630949809174046,YAML group mix ratios normalized globally; language proportions estimated from mapped current-public rows within each represented group
left tool: mono_hook. right tool: bi_maryland_forceps. aux tool: bi_maryland_forceps. The surgery process is a hemicolectomy.Dissection and staple of the mesocolon while separating it from the retroperitoneum,0.0003659374774069906,0.0003524325478202488,0.035243254782024884,4888,1,rob_surgical_bitrack,rob_surgical_bitrack:00,0.9630949809174046,YAML group mix ratios normalized globally; language proportions estimated from mapped current-public rows within each represented group
arm left: 1. left instrument: Tool #0 (Cyan). arm right: 3. right instrument: Tool #2 (Pink). do a hysterectomy,0.00036587713710552384,0.0003523744343787591,0.03523744343787591,193960,1,cmr_versius,cmr_versius:01,0.9630949809174046,YAML group mix ratios normalized globally; language proportions estimated from mapped current-public rows within each represented group
arm left: 2. left instrument: Tool #2 (Green). arm right: 3. right instrument: Tool #2 (Blue). do a prostatectomy,0.0003648151200494792,0.00035135161108243386,0.035135161108243385,193397,1,cmr_versius,cmr_versius:03,0.9630949809174046,YAML group mix ratios normalized globally; language proportions estimated from mapped current-public rows within each represented group
Approach the small intestine grasped by the surgeon  and open your gripper to receive and take over the hold.,0.00036481321367976,0.0003513497750673255,0.03513497750673255,4871,1,tud_tundra_ur5e,tud_tundra_ur5e:00,0.9630949809174046,YAML group mix ratios normalized globally; language proportions estimated from mapped current-public rows within each represented group
left tool: mono_hook. right tool: bi_maryland_forceps. aux tool: bi_maryland_forceps. The surgery process is a hemicolectomy 2025-10-10_01.Artery coagulation,0.0003637664080852225,0.0003503416018532302,0.035034160185323016,4859,1,rob_surgical_bitrack,rob_surgical_bitrack:00,0.9630949809174046,YAML group mix ratios normalized globally; language proportions estimated from mapped current-public rows within each represented group
Stay stationary with secure grip,0.00036309063024419553,0.00034969076360632194,0.03496907636063219,4848,1,tud_tundra_ur5e,tud_tundra_ur5e:00,0.9630949809174046,YAML group mix ratios normalized globally; language proportions estimated from mapped current-public rows within each represented group
arm left: 2. left instrument: Tool #12 (Orange). arm right: 3. right instrument: Tool #9 (Green). do a hysterectomy,0.00036233079240683135,0.00034895896759884536,0.03489589675988453,192080,1,cmr_versius,cmr_versius:01,0.9630949809174046,YAML group mix ratios normalized globally; language proportions estimated from mapped current-public rows within each represented group
arm left: 1. left instrument: Tool #0 (Green). arm right: 2. right instrument: Tool #9 (Orange). do a cholecystectomy,0.00036128009347216556,0.00034794704472841345,0.034794704472841345,191523,1,cmr_versius,cmr_versius:00,0.9630949809174046,YAML group mix ratios normalized globally; language proportions estimated from mapped current-public rows within each represented group
arm left: 2. left instrument: Tool #18 (Green). arm right: 1. right instrument: Tool #9 (Orange). do a prostatectomy,0.0003599143734924564,0.00034663172667061693,0.03466317266706169,190799,1,cmr_versius,cmr_versius:03,0.9630949809174046,YAML group mix ratios normalized globally; language proportions estimated from mapped current-public rows within each represented group
left tool: mono_hook. right tool: bi_maryland_forceps. aux tool: bi_maryland_forceps. The surgery process is a hemicolectomy.Create the second penetrating hole inside the colon for anastomosis,0.0003569537422824328,0.0003437803576118958,0.03437803576118958,4768,1,rob_surgical_bitrack,rob_surgical_bitrack:00,0.9630949809174046,YAML group mix ratios normalized globally; language proportions estimated from mapped current-public rows within each represented group
arm left: 1. left instrument: Tool #18 (Green). arm right: 2. right instrument: Tool #8 (Orange). do an inguinal hernia repair,0.00035629823371192797,0.00034314904059769426,0.034314904059769426,188882,1,cmr_versius,cmr_versius:02,0.9630949809174046,YAML group mix ratios normalized globally; language proportions estimated from mapped current-public rows within each represented group
arm left: 1. left instrument: Tool #18 (Blue). arm right: 2. right instrument: Tool #9 (Orange). do a hysterectomy,0.0003552852618485249,0.0003421734524802402,0.03421734524802402,188345,1,cmr_versius,cmr_versius:01,0.9630949809174046,YAML group mix ratios normalized globally; language proportions estimated from mapped current-public rows within each represented group
arm left: 1. left instrument: Tool #2 (Blue). arm right: 2. right instrument: Tool #2 (Cyan). do an inguinal hernia repair,0.0003523444366435985,0.0003393411584856202,0.03393411584856202,186786,1,cmr_versius,cmr_versius:02,0.9630949809174046,YAML group mix ratios normalized globally; language proportions estimated from mapped current-public rows within each represented group
arm left: 3. left instrument: Tool #18 (Pink). arm right: 2. right instrument: Tool #9 (Green). do a prostatectomy,0.00034857738857801935,0.0003357131334007863,0.03357131334007863,184789,1,cmr_versius,cmr_versius:03,0.9630949809174046,YAML group mix ratios normalized globally; language proportions estimated from mapped current-public rows within each represented group
arm left: 1. left instrument: Tool #18 (Pink). arm right: 2. right instrument: Tool #9 (Cyan). do a hysterectomy,0.00034694569274590825,0.00033414165533449623,0.03341416553344962,183924,1,cmr_versius,cmr_versius:01,0.9630949809174046,YAML group mix ratios normalized globally; language proportions estimated from mapped current-public rows within each represented group
arm left: 3. left instrument: Tool #12 (Cyan). arm right: 2. right instrument: Tool #9 (Pink). do a hysterectomy,0.000346913624735335,0.00033411077079446513,0.033411077079446516,183907,1,cmr_versius,cmr_versius:01,0.9630949809174046,YAML group mix ratios normalized globally; language proportions estimated from mapped current-public rows within each represented group
arm left: 2. left instrument: Tool #18 (Green). arm right: 1. right instrument: Tool #9 (Cyan). do an inguinal hernia repair,0.00034332389390469043,0.00033065351904862687,0.033065351904862685,182004,1,cmr_versius,cmr_versius:02,0.9630949809174046,YAML group mix ratios normalized globally; language proportions estimated from mapped current-public rows within each represented group
arm left: 1. left instrument: Tool #12 (Green). arm right: 2. right instrument: Tool #9 (Pink). do a hysterectomy,0.00034192610591440793,0.0003293073164507992,0.03293073164507992,181263,1,cmr_versius,cmr_versius:01,0.9630949809174046,YAML group mix ratios normalized globally; language proportions estimated from mapped current-public rows within each represented group
arm left: 2. left instrument: Tool #9 (Green). arm right: 1. right instrument: Tool #18 (Purple). do a hysterectomy,0.00034160165310154883,0.0003289948375751901,0.032899483757519006,181091,1,cmr_versius,cmr_versius:01,0.9630949809174046,YAML group mix ratios normalized globally; language proportions estimated from mapped current-public rows within each represented group
arm left: 3. left instrument: Tool #18 (Orange). arm right: 2. right instrument: Tool #9 (Green). do a prostatectomy,0.0003409923609006565,0.0003284080313145985,0.03284080313145985,180768,1,cmr_versius,cmr_versius:03,0.9630949809174046,YAML group mix ratios normalized globally; language proportions estimated from mapped current-public rows within each represented group
arm left: 2. left instrument: Tool #18 (Green). arm right: 1. right instrument: Tool #8 (Blue). do an inguinal hernia repair,0.00034078108930158546,0.0003282045566979228,0.03282045566979228,180656,1,cmr_versius,cmr_versius:02,0.9630949809174046,YAML group mix ratios normalized globally; language proportions estimated from mapped current-public rows within each represented group
arm left: 2. left instrument: Tool #2 (Orange). arm right: 1. right instrument: Tool #2 (Cyan). do a hysterectomy,0.0003395040279393435,0.00032697462530962407,0.03269746253096241,179979,1,cmr_versius,cmr_versius:01,0.9630949809174046,YAML group mix ratios normalized globally; language proportions estimated from mapped current-public rows within each represented group
arm left: 1. left instrument: Tool #2 (Blue). arm right: 2. right instrument: Tool #2 (Green). do a prostatectomy,0.00033908337109476457,0.00032656949281392153,0.03265694928139215,179756,1,cmr_versius,cmr_versius:03,0.9630949809174046,YAML group mix ratios normalized globally; language proportions estimated from mapped current-public rows within each represented group
arm left: 3. left instrument: Tool #0 (Blue). arm right: 1. right instrument: Tool #12 (Purple). do a hysterectomy,0.00033571811633813307,0.0003233284328483013,0.03233284328483013,177972,1,cmr_versius,cmr_versius:01,0.9630949809174046,YAML group mix ratios normalized globally; language proportions estimated from mapped current-public rows within each represented group
arm left: 1. left instrument: Tool #2 (Green). arm right: 3. right instrument: Tool #2 (Blue). do a prostatectomy,0.00033564832125629703,0.0003232612135552923,0.03232612135552923,177935,1,cmr_versius,cmr_versius:03,0.9630949809174046,YAML group mix ratios normalized globally; language proportions estimated from mapped current-public rows within each represented group
arm left: 2. left instrument: Tool #0 (Cyan). arm right: -1. right instrument: Tool #3 (None). do an inguinal hernia repair,0.00033233965710655956,0.00032007465571913876,0.032007465571913876,176181,1,cmr_versius,cmr_versius:02,0.9630949809174046,YAML group mix ratios normalized globally; language proportions estimated from mapped current-public rows within each represented group
arm left: 1. left instrument: Tool #12 (Cyan). arm right: 3. right instrument: Tool #9 (Pink). do a hysterectomy,0.00033230381638886004,0.0003200401377038099,0.03200401377038099,176162,1,cmr_versius,cmr_versius:01,0.9630949809174046,YAML group mix ratios normalized globally; language proportions estimated from mapped current-public rows within each represented group
arm left: 2. left instrument: Tool #12 (Blue). arm right: 1. right instrument: Tool #9 (Purple). do a hysterectomy,0.00033186806871577604,0.00031962047130691624,0.031962047130691625,175931,1,cmr_versius,cmr_versius:01,0.9630949809174046,YAML group mix ratios normalized globally; language proportions estimated from mapped current-public rows within each represented group
arm left: 1. left instrument: Tool #0 (Pink). arm right: 3. right instrument: Tool #8 (Blue). do a prostatectomy,0.0003307400292850217,0.00031853406219287984,0.031853406219287984,175333,1,cmr_versius,cmr_versius:03,0.9630949809174046,YAML group mix ratios normalized globally; language proportions estimated from mapped current-public rows within each represented group
arm left: 2. left instrument: Tool #2 (Orange). arm right: 1. right instrument: Tool #2 (Blue). do a prostatectomy,0.00033073248387076917,0.00031852679524228426,0.031852679524228426,175329,1,cmr_versius,cmr_versius:03,0.9630949809174046,YAML group mix ratios normalized globally; language proportions estimated from mapped current-public rows within each represented group
left tool: mono_hook. right tool: bi_maryland_forceps. aux tool: bi_maryland_forceps. The surgery process is a hemicolectomy.Preparing the colon part for anastomosis,0.0003300025369087592,0.00031782378698683655,0.03178237869868365,4408,1,rob_surgical_bitrack,rob_surgical_bitrack:00,0.9630949809174046,YAML group mix ratios normalized globally; language proportions estimated from mapped current-public rows within each represented group
arm left: 2. left instrument: Tool #2 (Blue). arm right: 1. right instrument: Tool #2 (Orange). do a prostatectomy,0.00032917435582762025,0.0003170261699443009,0.03170261699443009,174503,1,cmr_versius,cmr_versius:03,0.9630949809174046,YAML group mix ratios normalized globally; language proportions estimated from mapped current-public rows within each represented group
arm left: 1. left instrument: Tool #0 (Purple). arm right: 2. right instrument: Tool #8 (Green). do a cholecystectomy,0.00031899370564738455,0.00030722123685324003,0.030722123685324003,169106,1,cmr_versius,cmr_versius:00,0.9630949809174046,YAML group mix ratios normalized globally; language proportions estimated from mapped current-public rows within each represented group
left tool: forceps. right tool: forceps. aux tool: bi_maryland_forceps. The surgery process is a hemicolectomy.,0.00031809908786872,0.0003063596349607687,0.030635963496076873,4249,1,rob_surgical_bitrack,rob_surgical_bitrack:00,0.9630949809174046,YAML group mix ratios normalized globally; language proportions estimated from mapped current-public rows within each represented group
arm left: 3. left instrument: Tool #12 (Blue). arm right: 1. right instrument: Tool #9 (Cyan). do a hysterectomy,0.00031804298345156486,0.0003063056010781993,0.03063056010781993,168602,1,cmr_versius,cmr_versius:01,0.9630949809174046,YAML group mix ratios normalized globally; language proportions estimated from mapped current-public rows within each represented group
arm left: 1. left instrument: Tool #0 (Orange). arm right: 2. right instrument: Tool #9 (Blue). do a cholecystectomy,0.0003165791730865727,0.00030489581266266043,0.030489581266266042,167826,1,cmr_versius,cmr_versius:00,0.9630949809174046,YAML group mix ratios normalized globally; language proportions estimated from mapped current-public rows within each represented group
arm left: 3. left instrument: Tool #12 (Pink). arm right: 2. right instrument: Tool #9 (Orange). do a hysterectomy,0.00031048436472408587,0.00029902593331909596,0.029902593331909595,164595,1,cmr_versius,cmr_versius:01,0.9630949809174046,YAML group mix ratios normalized globally; language proportions estimated from mapped current-public rows within each represented group
arm left: 2. left instrument: Tool #18 (Orange). arm right: 1. right instrument: Tool #9 (Green). do a prostatectomy,0.0003101089803650222,0.00029866440252696686,0.029866440252696688,164396,1,cmr_versius,cmr_versius:03,0.9630949809174046,YAML group mix ratios normalized globally; language proportions estimated from mapped current-public rows within each represented group
left tool: bi_maryland_forceps. right tool: bi_maryland_forceps. aux tool: mono_round_scissors. The surgery process is a hysterectomy.Error: Surgeon cut an artery/vessel,0.00030986399733787533,0.00029842846060311175,0.029842846060311175,4139,1,rob_surgical_bitrack,rob_surgical_bitrack:00,0.9630949809174046,YAML group mix ratios normalized globally; language proportions estimated from mapped current-public rows within each represented group
left tool: mono_hook. right tool: bi_maryland_forceps. aux tool: bi_maryland_forceps. The surgery process is a hemicolectomy InVivo 2.Create the second penetrating hole inside the colon for anastomosis,0.00030986399733787533,0.00029842846060311175,0.029842846060311175,4139,1,rob_surgical_bitrack,rob_surgical_bitrack:00,0.9630949809174046,YAML group mix ratios normalized globally; language proportions estimated from mapped current-public rows within each represented group
arm left: 1. left instrument: Tool #0 (Blue). arm right: 2. right instrument: Tool #9 (Cyan). do a cholecystectomy,0.00030754165316559636,0.0002961918225868271,0.02961918225868271,163035,1,cmr_versius,cmr_versius:00,0.9630949809174046,YAML group mix ratios normalized globally; language proportions estimated from mapped current-public rows within each represented group
arm left: 2. left instrument: Tool #12 (Blue). arm right: 1. right instrument: Tool #9 (Pink). do a hysterectomy,0.00030750203974077054,0.00029615367109620043,0.029615367109620042,163014,1,cmr_versius,cmr_versius:01,0.9630949809174046,YAML group mix ratios normalized globally; language proportions estimated from mapped current-public rows within each represented group
arm left: 2. left instrument: Tool #0 (Blue). arm right: 1. right instrument: Tool #9 (Pink). do an inguinal hernia repair,0.00030694367908608284,0.0002956159167521289,0.02956159167521289,162718,1,cmr_versius,cmr_versius:02,0.9630949809174046,YAML group mix ratios normalized globally; language proportions estimated from mapped current-public rows within each represented group
arm left: 2. left instrument: Tool #0 (Cyan). arm right: 1. right instrument: Tool #9 (Pink). do an inguinal hernia repair,0.0003038934453744947,0.0002926782519738733,0.02926782519738733,161101,1,cmr_versius,cmr_versius:02,0.9630949809174046,YAML group mix ratios normalized globally; language proportions estimated from mapped current-public rows within each represented group
arm left: -1. left instrument: Tool #3 (None). arm right: 1. right instrument: Tool #2 (Cyan). do an inguinal hernia repair,0.00030373499167519146,0.00029252564601136655,0.029252564601136656,161017,1,cmr_versius,cmr_versius:02,0.9630949809174046,YAML group mix ratios normalized globally; language proportions estimated from mapped current-public rows within each represented group
arm left: 3. left instrument: Tool #2 (Green). arm right: 2. right instrument: Tool #2 (Blue). do a prostatectomy,0.00030090168862336375,0.00028979690606273335,0.028979690606273336,159515,1,cmr_versius,cmr_versius:03,0.9630949809174046,YAML group mix ratios normalized globally; language proportions estimated from mapped current-public rows within each represented group
arm left: 2. left instrument: Tool #18 (Orange). arm right: 3. right instrument: Tool #9 (Blue). do a prostatectomy,0.0002990153350602295,0.00028798016841384306,0.028798016841384305,158515,1,cmr_versius,cmr_versius:03,0.9630949809174046,YAML group mix ratios normalized globally; language proportions estimated from mapped current-public rows within each represented group
arm left: 1. left instrument: Tool #18 (Cyan). arm right: 2. right instrument: Tool #2 (Pink). do an inguinal hernia repair,0.0002977099783945406,0.000286722985960811,0.0286722985960811,157823,1,cmr_versius,cmr_versius:02,0.9630949809174046,YAML group mix ratios normalized globally; language proportions estimated from mapped current-public rows within each represented group
left tool: mono_hook. right tool: bi_maryland_forceps. aux tool: bi_maryland_forceps. The surgery process is a hemicolectomy.,0.0002966878524885237,0.0002857385816308605,0.028573858163086052,3963,1,rob_surgical_bitrack,rob_surgical_bitrack:00,0.9630949809174046,YAML group mix ratios normalized globally; language proportions estimated from mapped current-public rows within each represented group
arm left: 1. left instrument: Tool #0 (Orange). arm right: 2. right instrument: Tool #9 (Green). do an inguinal hernia repair,0.00029647253045712445,0.00028553120606313894,0.028553120606313893,157167,1,cmr_versius,cmr_versius:02,0.9630949809174046,YAML group mix ratios normalized globally; language proportions estimated from mapped current-public rows within each represented group
arm left: 3. left instrument: Tool #18 (Blue). arm right: 1. right instrument: Tool #9 (Green). do a hysterectomy,0.00029624805438311155,0.00028531501428292105,0.028531501428292104,157048,1,cmr_versius,cmr_versius:01,0.9630949809174046,YAML group mix ratios normalized globally; language proportions estimated from mapped current-public rows within each represented group
arm left: 1. left instrument: Tool #2 (Pink). arm right: 2. right instrument: Tool #2 (Green). do an inguinal hernia repair,0.0002960556463196718,0.0002851297070427342,0.028512970704273423,156946,1,cmr_versius,cmr_versius:02,0.9630949809174046,YAML group mix ratios normalized globally; language proportions estimated from mapped current-public rows within each represented group
arm left: 3. left instrument: Tool #0 (Cyan). arm right: 2. right instrument: Tool #2 (Pink). do a hysterectomy,0.00029373920414414294,0.000282898753209897,0.0282898753209897,155718,1,cmr_versius,cmr_versius:01,0.9630949809174046,YAML group mix ratios normalized globally; language proportions estimated from mapped current-public rows within each represented group
arm left: 3. left instrument: Tool #18 (Orange). arm right: 2. right instrument: Tool #9 (Blue). do a prostatectomy,0.0002932147978535916,0.0002823937001435055,0.02823937001435055,155440,1,cmr_versius,cmr_versius:03,0.9630949809174046,YAML group mix ratios normalized globally; language proportions estimated from mapped current-public rows within each represented group
arm left: 1. left instrument: Tool #2 (Green). arm right: 2. right instrument: Tool #2 (Orange). do an inguinal hernia repair,0.00029299220813314175,0.0002821793251009364,0.02821793251009364,155322,1,cmr_versius,cmr_versius:02,0.9630949809174046,YAML group mix ratios normalized globally; language proportions estimated from mapped current-public rows within each represented group
left tool: none. right tool: none. aux tool: none. The surgery process is a hysterectomy.Urinary bladder mobilization,0.00029197139154813086,0.00028119618177147515,0.028119618177147514,3900,1,rob_surgical_bitrack,rob_surgical_bitrack:00,0.9630949809174046,YAML group mix ratios normalized globally; language proportions estimated from mapped current-public rows within each represented group
arm left: 1. left instrument: Tool #2 (Pink). arm right: 2. right instrument: Tool #2 (Blue). do an inguinal hernia repair,0.00029042865364084226,0.0002797103786360945,0.02797103786360945,153963,1,cmr_versius,cmr_versius:02,0.9630949809174046,YAML group mix ratios normalized globally; language proportions estimated from mapped current-public rows within each represented group
arm left: 1. left instrument: Tool #0 (Pink). arm right: 2. right instrument: Tool #2 (Cyan). do an inguinal hernia repair,0.00029011174624223566,0.0002794051667110809,0.02794051667110809,153795,1,cmr_versius,cmr_versius:02,0.9630949809174046,YAML group mix ratios normalized globally; language proportions estimated from mapped current-public rows within each represented group
arm left: 1. left instrument: Tool #18 (Blue). arm right: 3. right instrument: Tool #9 (Green). do a hysterectomy,0.0002892327054818151,0.000278558566966698,0.027855856696669803,153329,1,cmr_versius,cmr_versius:01,0.9630949809174046,YAML group mix ratios normalized globally; language proportions estimated from mapped current-public rows within each represented group
arm left: 1. left instrument: Tool #0 (Purple). arm right: 2. right instrument: Tool #2 (Green). do an inguinal hernia repair,0.0002891629103999792,0.0002784913476736891,0.027849134767368913,153292,1,cmr_versius,cmr_versius:02,0.9630949809174046,YAML group mix ratios normalized globally; language proportions estimated from mapped current-public rows within each represented group
arm left: 2. left instrument: Tool #0 (Purple). arm right: 1. right instrument: Tool #8 (Blue). do a cholecystectomy,0.00028865170858436974,0.0002779990117708398,0.02779990117708398,153021,1,cmr_versius,cmr_versius:00,0.9630949809174046,YAML group mix ratios normalized globally; language proportions estimated from mapped current-public rows within each represented group
arm left: 2. left instrument: Tool #0 (Green). arm right: 1. right instrument: Tool #9 (Orange). do a prostatectomy,0.00028845175510667755,0.0002778064375800575,0.02778064375800575,152915,1,cmr_versius,cmr_versius:03,0.9630949809174046,YAML group mix ratios normalized globally; language proportions estimated from mapped current-public rows within each represented group
arm left: 3. left instrument: Tool #12 (Green). arm right: 2. right instrument: Tool #9 (Orange). do a hysterectomy,0.0002867974230318088,0.0002762131586619807,0.027621315866198072,152038,1,cmr_versius,cmr_versius:01,0.9630949809174046,YAML group mix ratios normalized globally; language proportions estimated from mapped current-public rows within each represented group
arm left: 1. left instrument: Tool #18 (Orange). arm right: 3. right instrument: Tool #9 (Pink). do a hysterectomy,0.000284931819357869,0.0002744164051272282,0.02744164051272282,151049,1,cmr_versius,cmr_versius:01,0.9630949809174046,YAML group mix ratios normalized globally; language proportions estimated from mapped current-public rows within each represented group
arm left: 2. left instrument: Tool #12 (Pink). arm right: 1. right instrument: Tool #9 (Green). do a hysterectomy,0.00028388489313032944,0.0002734081157320941,0.02734081157320941,150494,1,cmr_versius,cmr_versius:01,0.9630949809174046,YAML group mix ratios normalized globally; language proportions estimated from mapped current-public rows within each represented group
arm left: 1. left instrument: Tool #18 (Green). arm right: 2. right instrument: Tool #9 (Orange). do an inguinal hernia repair,0.0002823003561372967,0.0002718820561070263,0.027188205610702627,149654,1,cmr_versius,cmr_versius:02,0.9630949809174046,YAML group mix ratios normalized globally; language proportions estimated from mapped current-public rows within each represented group
arm left: 1. left instrument: Tool #18 (Cyan). arm right: 3. right instrument: Tool #8 (Pink). do a hysterectomy,0.00027918598640456197,0.0002688826222487084,0.02688826222487084,148003,1,cmr_versius,cmr_versius:01,0.9630949809174046,YAML group mix ratios normalized globally; language proportions estimated from mapped current-public rows within each represented group
arm left: 1. left instrument: Tool #0 (Cyan). arm right: 2. right instrument: Tool #8 (Pink). do a cholecystectomy,0.00027915769110111496,0.0002688553711839751,0.026885537118397508,147988,1,cmr_versius,cmr_versius:00,0.9630949809174046,YAML group mix ratios normalized globally; language proportions estimated from mapped current-public rows within each represented group
arm left: 2. left instrument: Tool #12 (Cyan). arm right: 3. right instrument: Tool #9 (Pink). do a hysterectomy,0.0002778032892427846,0.00026755095355207186,0.026755095355207186,147270,1,cmr_versius,cmr_versius:01,0.9630949809174046,YAML group mix ratios normalized globally; language proportions estimated from mapped current-public rows within each represented group
arm left: 1. left instrument: Tool #18 (Cyan). arm right: 2. right instrument: Tool #13 (Orange). do a hysterectomy,0.00027625082026032507,0.00026605577846703515,0.026605577846703515,146447,1,cmr_versius,cmr_versius:01,0.9630949809174046,YAML group mix ratios normalized globally; language proportions estimated from mapped current-public rows within each represented group
arm left: 1. left instrument: Tool #9 (Pink). arm right: 3. right instrument: Tool #18 (Green). do a hysterectomy,0.0002754038475104778,0.0002652400632626834,0.02652400632626834,145998,1,cmr_versius,cmr_versius:01,0.9630949809174046,YAML group mix ratios normalized globally; language proportions estimated from mapped current-public rows within each represented group
arm left: 2. left instrument: Tool #0 (Blue). arm right: 1. right instrument: Tool #2 (Orange). do an inguinal hernia repair,0.0002735495619579168,0.0002634542101538243,0.02634542101538243,145015,1,cmr_versius,cmr_versius:02,0.9630949809174046,YAML group mix ratios normalized globally; language proportions estimated from mapped current-public rows within each represented group
arm left: 2. left instrument: Tool #0 (Cyan). arm right: 1. right instrument: Tool #9 (Green). do an inguinal hernia repair,0.00027322510914505767,0.0002631417312782151,0.02631417312782151,144843,1,cmr_versius,cmr_versius:02,0.9630949809174046,YAML group mix ratios normalized globally; language proportions estimated from mapped current-public rows within each represented group
left tool: mono_hook. right tool: bi_maryland_forceps. aux tool: bi_maryland_forceps. The surgery process is a hemicolectomy InVivo 2.Create the first penetrating hole inside the colon for anastomosis,0.0002716831230585043,0.0002616566522176111,0.02616566522176111,3629,1,rob_surgical_bitrack,rob_surgical_bitrack:00,0.9630949809174046,YAML group mix ratios normalized globally; language proportions estimated from mapped current-public rows within each represented group
arm left: 1. left instrument: Tool #13 (Green). arm right: 2. right instrument: Tool #9 (Blue). do a cholecystectomy,0.0002696599009107339,0.0002597080971218125,0.02597080971218125,142953,1,cmr_versius,cmr_versius:00,0.9630949809174046,YAML group mix ratios normalized globally; language proportions estimated from mapped current-public rows within each represented group
arm left: 1. left instrument: Tool #1 (Pink). arm right: 3. right instrument: Tool #9 (Orange). do a hysterectomy,0.00026872615589698245,0.0002588088119856118,0.02588088119856118,142458,1,cmr_versius,cmr_versius:01,0.9630949809174046,YAML group mix ratios normalized globally; language proportions estimated from mapped current-public rows within each represented group
left tool: none. right tool: bi_maryland_forceps. aux tool: bi_maryland_forceps. The surgery process is a hemicolectomy.,0.0002686136802242804,0.00025870048722975714,0.025870048722975714,3588,1,rob_surgical_bitrack,rob_surgical_bitrack:00,0.9630949809174046,YAML group mix ratios normalized globally; language proportions estimated from mapped current-public rows within each represented group
left tool: mono_hook. right tool: bi_maryland_forceps. aux tool: bi_maryland_forceps. The surgery process is a hemicolectomy 2025-10-10_01.Create the second penetrating hole inside the colon for anastomosis,0.00026719125549622537,0.00025733055711343455,0.025733055711343454,3569,1,rob_surgical_bitrack,rob_surgical_bitrack:00,0.9630949809174046,YAML group mix ratios normalized globally; language proportions estimated from mapped current-public rows within each represented group
arm left: 2. left instrument: Tool #12 (Cyan). arm right: 1. right instrument: Tool #9 (Orange). do a hysterectomy,0.00026568724030677314,0.0002558820476332496,0.02558820476332496,140847,1,cmr_versius,cmr_versius:01,0.9630949809174046,YAML group mix ratios normalized globally; language proportions estimated from mapped current-public rows within each represented group
arm left: 2. left instrument: Tool #18 (Blue). arm right: 3. right instrument: Tool #9 (Pink). do a prostatectomy,0.00026520433379461077,0.00025541696279513367,0.025541696279513366,140591,1,cmr_versius,cmr_versius:03,0.9630949809174046,YAML group mix ratios normalized globally; language proportions estimated from mapped current-public rows within each represented group
arm left: -1. left instrument: Tool #3 (None). arm right: 0. right instrument: Tool #14 (White). do an inguinal hernia repair,0.00026499117584197657,0.000255211671440809,0.0255211671440809,140478,1,cmr_versius,cmr_versius:02,0.9630949809174046,YAML group mix ratios normalized globally; language proportions estimated from mapped current-public rows within each represented group
arm left: 1. left instrument: Tool #12 (Orange). arm right: 2. right instrument: Tool #9 (Blue). do an inguinal hernia repair,0.0002627256652126523,0.0002530297695244918,0.02530297695244918,139277,1,cmr_versius,cmr_versius:02,0.9630949809174046,YAML group mix ratios normalized globally; language proportions estimated from mapped current-public rows within each represented group
arm left: 1. left instrument: Tool #13 (Blue). arm right: 2. right instrument: Tool #9 (Cyan). do a cholecystectomy,0.0002579701678799908,0.0002484497739116394,0.02484497739116394,136756,1,cmr_versius,cmr_versius:00,0.9630949809174046,YAML group mix ratios normalized globally; language proportions estimated from mapped current-public rows within each represented group
arm left: 1. left instrument: Tool #0 (Pink). arm right: 2. right instrument: Tool #9 (Cyan). do an inguinal hernia repair,0.0002578815092625235,0.00024836438724214156,0.024836438724214156,136709,1,cmr_versius,cmr_versius:02,0.9630949809174046,YAML group mix ratios normalized globally; language proportions estimated from mapped current-public rows within each represented group
arm left: 1. left instrument: Tool #1 (Cyan). arm right: 2. right instrument: Tool #8 (Pink). do a hysterectomy,0.0002572495808188735,0.0002477557801297633,0.02477557801297633,136374,1,cmr_versius,cmr_versius:01,0.9630949809174046,YAML group mix ratios normalized globally; language proportions estimated from mapped current-public rows within each represented group
arm left: 1. left instrument: Tool #0 (Blue). arm right: 2. right instrument: Tool #9 (Green). do an inguinal hernia repair,0.0002524016521616184,0.0002430867643721153,0.02430867643721153,133804,1,cmr_versius,cmr_versius:02,0.9630949809174046,YAML group mix ratios normalized globally; language proportions estimated from mapped current-public rows within each represented group
arm left: 1. left instrument: Tool #2 (Orange). arm right: 2. right instrument: Tool #2 (Blue). do a prostatectomy,0.0002518376324462413,0.00024254355981509712,0.024254355981509712,133505,1,cmr_versius,cmr_versius:03,0.9630949809174046,YAML group mix ratios normalized globally; language proportions estimated from mapped current-public rows within each represented group
arm left: 3. left instrument: Tool #0 (Orange). arm right: 1. right instrument: Tool #9 (Green). do a prostatectomy,0.00025079825163295427,0.00024154253737055856,0.024154253737055854,132954,1,cmr_versius,cmr_versius:03,0.9630949809174046,YAML group mix ratios normalized globally; language proportions estimated from mapped current-public rows within each represented group
arm left: -1. left instrument: Tool #3 (None). arm right: 0. right instrument: Tool #14 (White). do a cholecystectomy,0.00025064168428721415,0.00024139174814570064,0.024139174814570064,132871,1,cmr_versius,cmr_versius:00,0.9630949809174046,YAML group mix ratios normalized globally; language proportions estimated from mapped current-public rows within each represented group
arm left: 1. left instrument: Tool #13 (Cyan). arm right: 2. right instrument: Tool #9 (Blue). do a cholecystectomy,0.00024973812093047283,0.0002405215308118822,0.024052153081188223,132392,1,cmr_versius,cmr_versius:00,0.9630949809174046,YAML group mix ratios normalized globally; language proportions estimated from mapped current-public rows within each represented group
arm left: 2. left instrument: Tool #0 (Blue). arm right: 1. right instrument: Tool #9 (Green). do a cholecystectomy,0.00024915901038659056,0.00023996379235367287,0.023996379235367286,132085,1,cmr_versius,cmr_versius:00,0.9630949809174046,YAML group mix ratios normalized globally; language proportions estimated from mapped current-public rows within each represented group
arm left: 1. left instrument: Tool #1 (Cyan). arm right: 3. right instrument: Tool #9 (Pink). do a hysterectomy,0.0002476122004648205,0.00023847406748158287,0.023847406748158287,131265,1,cmr_versius,cmr_versius:01,0.9630949809174046,YAML group mix ratios normalized globally; language proportions estimated from mapped current-public rows within each represented group
arm left: 3. left instrument: Tool #0 (Green). arm right: 2. right instrument: Tool #9 (Orange). do an inguinal hernia repair,0.00024748392842252734,0.00023835052932145832,0.02383505293214583,131197,1,cmr_versius,cmr_versius:02,0.9630949809174046,YAML group mix ratios normalized globally; language proportions estimated from mapped current-public rows within each represented group
arm left: 3. left instrument: Tool #18 (Cyan). arm right: 1. right instrument: Tool #9 (Pink). do a hysterectomy,0.0002443110817293355,0.00023529477659602486,0.023529477659602487,129515,1,cmr_versius,cmr_versius:01,0.9630949809174046,YAML group mix ratios normalized globally; language proportions estimated from mapped current-public rows within each represented group
arm left: 1. left instrument: Tool #18 (Cyan). arm right: 3. right instrument: Tool #13 (Orange). do a hysterectomy,0.0002373183690707968,0.00022856013013158863,0.022856013013158864,125808,1,cmr_versius,cmr_versius:01,0.9630949809174046,YAML group mix ratios normalized globally; language proportions estimated from mapped current-public rows within each represented group
arm left: 2. left instrument: Tool #1 (Orange). arm right: 1. right instrument: Tool #9 (Blue). do a prostatectomy,0.00023443979353345387,0.00022578778847938204,0.022578778847938203,124282,1,cmr_versius,cmr_versius:03,0.9630949809174046,YAML group mix ratios normalized globally; language proportions estimated from mapped current-public rows within each represented group
left tool: mono_hook. right tool: bi_maryland_forceps. aux tool: bi_maryland_forceps. The surgery process is a hemicolectomy 2025-10-10_01.Dissection and staple of the mesocolon while separating it from the retroperitoneum,0.00023350224877913338,0.00022488484383211053,0.022488484383211053,3119,1,rob_surgical_bitrack,rob_surgical_bitrack:00,0.9630949809174046,YAML group mix ratios normalized globally; language proportions estimated from mapped current-public rows within each represented group
arm left: 3. left instrument: Tool #2 (Blue). arm right: 1. right instrument: Tool #2 (Pink). do a prostatectomy,0.0002322289871574605,0.00022365857195488263,0.022365857195488264,123110,1,cmr_versius,cmr_versius:03,0.9630949809174046,YAML group mix ratios normalized globally; language proportions estimated from mapped current-public rows within each represented group
arm left: 1. left instrument: Tool #2 (Purple). arm right: 2. right instrument: Tool #2 (Pink). do an inguinal hernia repair,0.00023190076163747515,0.00022334245960397572,0.022334245960397573,122936,1,cmr_versius,cmr_versius:02,0.9630949809174046,YAML group mix ratios normalized globally; language proportions estimated from mapped current-public rows within each represented group
arm left: 3. left instrument: Tool #12 (Cyan). arm right: 1. right instrument: Tool #2 (Green). do a hysterectomy,0.0002312650604866989,0.0002227302190162997,0.02227302190162997,122599,1,cmr_versius,cmr_versius:01,0.9630949809174046,YAML group mix ratios normalized globally; language proportions estimated from mapped current-public rows within each represented group
arm left: 1. left instrument: Tool #13 (Orange). arm right: 2. right instrument: Tool #8 (Pink). do an inguinal hernia repair,0.00023049731458650322,0.00022199080679320135,0.022199080679320134,122192,1,cmr_versius,cmr_versius:02,0.9630949809174046,YAML group mix ratios normalized globally; language proportions estimated from mapped current-public rows within each represented group
arm left: 3. left instrument: Tool #12 (Cyan). arm right: 2. right instrument: Tool #9 (Orange). do a hysterectomy,0.00022966354631159786,0.00022118780875239182,0.02211878087523918,121750,1,cmr_versius,cmr_versius:01,0.9630949809174046,YAML group mix ratios normalized globally; language proportions estimated from mapped current-public rows within each represented group
arm left: 2. left instrument: Tool #12 (Pink). arm right: 1. right instrument: Tool #9 (Cyan). do a hysterectomy,0.0002296597736044716,0.00022118417527709406,0.022118417527709405,121748,1,cmr_versius,cmr_versius:01,0.9630949809174046,YAML group mix ratios normalized globally; language proportions estimated from mapped current-public rows within each represented group
arm left: 3. left instrument: Tool #18 (Pink). arm right: 1. right instrument: Tool #9 (Cyan). do an inguinal hernia repair,0.0002296484554830928,0.0002211732748512007,0.02211732748512007,121742,1,cmr_versius,cmr_versius:02,0.9630949809174046,YAML group mix ratios normalized globally; language proportions estimated from mapped current-public rows within each represented group
arm left: 2. left instrument: Tool #0 (Blue). arm right: 3. right instrument: Tool #9 (Orange). do a prostatectomy,0.00022872036953003078,0.00022027943992794673,0.022027943992794674,121250,1,cmr_versius,cmr_versius:03,0.9630949809174046,YAML group mix ratios normalized globally; language proportions estimated from mapped current-public rows within each represented group
left tool: mono_hook. right tool: forceps. aux tool: bi_maryland_forceps. The surgery process is a hemicolectomy.Create the second penetrating hole inside the colon for anastomosis,0.00022683931189508626,0.0002184678027609153,0.02184678027609153,3030,1,rob_surgical_bitrack,rob_surgical_bitrack:00,0.9630949809174046,YAML group mix ratios normalized globally; language proportions estimated from mapped current-public rows within each represented group
arm left: 2. left instrument: Tool #0 (Orange). arm right: 1. right instrument: Tool #9 (Blue). do a cholecystectomy,0.00022668499403540886,0.00021831918000479408,0.021831918000479407,120171,1,cmr_versius,cmr_versius:00,0.9630949809174046,YAML group mix ratios normalized globally; language proportions estimated from mapped current-public rows within each represented group
left tool: bi_maryland_forceps. right tool: bi_maryland_forceps. aux tool: mono_round_scissors. The surgery process is a hysterectomy.Dissection of the vesicouterine fold,0.0002245185136545755,0.00021623265362375743,0.021623265362375743,2999,1,rob_surgical_bitrack,rob_surgical_bitrack:00,0.9630949809174046,YAML group mix ratios normalized globally; language proportions estimated from mapped current-public rows within each represented group
arm left: 2. left instrument: Tool #2 (Pink). arm right: 1. right instrument: Tool #2 (Green). do a prostatectomy,0.00022185026985309573,0.0002136628814106883,0.02136628814106883,117608,1,cmr_versius,cmr_versius:03,0.9630949809174046,YAML group mix ratios normalized globally; language proportions estimated from mapped current-public rows within each represented group
arm left: 1. left instrument: Tool #18 (Orange). arm right: -1. right instrument: Tool #3 (None). do a prostatectomy,0.00022177481571057035,0.00021359021190473269,0.021359021190473268,117568,1,cmr_versius,cmr_versius:03,0.9630949809174046,YAML group mix ratios normalized globally; language proportions estimated from mapped current-public rows within each represented group
arm left: 1. left instrument: Tool #18 (Cyan). arm right: -1. right instrument: Tool #3 (None). do a hysterectomy,0.00022087691141451846,0.00021272544478386093,0.021272544478386092,117092,1,cmr_versius,cmr_versius:01,0.9630949809174046,YAML group mix ratios normalized globally; language proportions estimated from mapped current-public rows within each represented group
arm left: 3. left instrument: Tool #0 (Purple). arm right: 1. right instrument: Tool #18 (Blue). do a hysterectomy,0.00022025441473868415,0.00021212592135972714,0.021212592135972715,116762,1,cmr_versius,cmr_versius:01,0.9630949809174046,YAML group mix ratios normalized globally; language proportions estimated from mapped current-public rows within each represented group
arm left: 3. left instrument: Tool #18 (Green). arm right: 1. right instrument: Tool #9 (Orange). do a hysterectomy,0.00021949610060630414,0.00021139559282487322,0.02113955928248732,116360,1,cmr_versius,cmr_versius:01,0.9630949809174046,YAML group mix ratios normalized globally; language proportions estimated from mapped current-public rows within each represented group
arm left: 1. left instrument: Tool #0 (Pink). arm right: 3. right instrument: Tool #2 (Blue). do a prostatectomy,0.00021900942138701552,0.00021092687451145954,0.021092687451145953,116102,1,cmr_versius,cmr_versius:03,0.9630949809174046,YAML group mix ratios normalized globally; language proportions estimated from mapped current-public rows within each represented group
arm left: -1. left instrument: Tool #3 (None). arm right: 3. right instrument: Tool #2 (Green). do a prostatectomy,0.00021710231793468677,0.00020909015274843146,0.020909015274843148,115091,1,cmr_versius,cmr_versius:03,0.9630949809174046,YAML group mix ratios normalized globally; language proportions estimated from mapped current-public rows within each represented group
arm left: 2. left instrument: Tool #9 (Blue). arm right: 1. right instrument: Tool #2 (Purple). do an inguinal hernia repair,0.00021687784186067376,0.0002088739609682135,0.02088739609682135,114972,1,cmr_versius,cmr_versius:02,0.9630949809174046,YAML group mix ratios normalized globally; language proportions estimated from mapped current-public rows within each represented group
arm left: 1. left instrument: Tool #1 (Pink). arm right: 2. right instrument: Tool #9 (Blue). do an inguinal hernia repair,0.00021485755719455693,0.00020692823494625198,0.020692823494625198,113901,1,cmr_versius,cmr_versius:02,0.9630949809174046,YAML group mix ratios normalized globally; language proportions estimated from mapped current-public rows within each represented group
arm left: 3. left instrument: Tool #12 (Cyan). arm right: -1. right instrument: Tool #3 (None). do a hysterectomy,0.00021126971271747557,0.0002034727999380627,0.02034727999380627,111999,1,cmr_versius,cmr_versius:01,0.9630949809174046,YAML group mix ratios normalized globally; language proportions estimated from mapped current-public rows within each represented group
left tool: forceps. right tool: none. aux tool: bi_maryland_forceps. The surgery process is a hemicolectomy.Suturing,0.00021126750434585263,0.00020347067306643665,0.020347067306643665,2822,1,rob_surgical_bitrack,rob_surgical_bitrack:00,0.9630949809174046,YAML group mix ratios normalized globally; language proportions estimated from mapped current-public rows within each represented group
arm left: 1. left instrument: Tool #12 (Pink). arm right: 2. right instrument: Tool #0 (Purple). do an inguinal hernia repair,0.00020986060660581427,0.00020211569691434166,0.020211569691434166,111252,1,cmr_versius,cmr_versius:02,0.9630949809174046,YAML group mix ratios normalized globally; language proportions estimated from mapped current-public rows within each represented group
arm left: 2. left instrument: Tool #18 (Cyan). arm right: 1. right instrument: Tool #9 (Pink). do a hysterectomy,0.00020795161679992236,0.00020027715841366468,0.020027715841366468,110240,1,cmr_versius,cmr_versius:01,0.9630949809174046,YAML group mix ratios normalized globally; language proportions estimated from mapped current-public rows within each represented group
arm left: 3. left instrument: Tool #12 (Pink). arm right: -1. right instrument: Tool #3 (None). do a hysterectomy,0.0002075988686836163,0.00019993742847332225,0.019993742847332224,110053,1,cmr_versius,cmr_versius:01,0.9630949809174046,YAML group mix ratios normalized globally; language proportions estimated from mapped current-public rows within each represented group
arm left: 1. left instrument: Tool #1 (Orange). arm right: 3. right instrument: Tool #9 (Green). do a prostatectomy,0.00020743664227718673,0.00019978118903551766,0.019978118903551764,109967,1,cmr_versius,cmr_versius:03,0.9630949809174046,YAML group mix ratios normalized globally; language proportions estimated from mapped current-public rows within each represented group
arm left: 3. left instrument: Tool #1 (Cyan). arm right: 2. right instrument: Tool #9 (Pink). do a hysterectomy,0.00020706503062524928,0.00019942329171868627,0.019942329171868625,109770,1,cmr_versius,cmr_versius:01,0.9630949809174046,YAML group mix ratios normalized globally; language proportions estimated from mapped current-public rows within each represented group
arm left: 3. left instrument: Tool #2 (Pink). arm right: 1. right instrument: Tool #2 (Blue). do a prostatectomy,0.00020664437378067034,0.00019901815922298373,0.019901815922298373,109547,1,cmr_versius,cmr_versius:03,0.9630949809174046,YAML group mix ratios normalized globally; language proportions estimated from mapped current-public rows within each represented group
arm left: 1. left instrument: Tool #0 (Purple). arm right: 2. right instrument: Tool #9 (Green). do an inguinal hernia repair,0.00020407516022768148,0.00019654376254519518,0.019654376254519518,108185,1,cmr_versius,cmr_versius:02,0.9630949809174046,YAML group mix ratios normalized globally; language proportions estimated from mapped current-public rows within each represented group
arm left: 2. left instrument: Tool #12 (Purple). arm right: 1. right instrument: Tool #9 (Green). do a hysterectomy,0.0002037714573040168,0.0001962512677837238,0.01962512677837238,108024,1,cmr_versius,cmr_versius:01,0.9630949809174046,YAML group mix ratios normalized globally; language proportions estimated from mapped current-public rows within each represented group
arm left: 2. left instrument: Tool #12 (Green). arm right: 1. right instrument: Tool #9 (Blue). do a hysterectomy,0.00020352057228011997,0.00019600964167642142,0.01960096416764214,107891,1,cmr_versius,cmr_versius:01,0.9630949809174046,YAML group mix ratios normalized globally; language proportions estimated from mapped current-public rows within each represented group
arm left: 3. left instrument: Tool #2 (Orange). arm right: 2. right instrument: Tool #2 (Blue). do a prostatectomy,0.0002026339861054469,0.000195155774981443,0.0195155774981443,107421,1,cmr_versius,cmr_versius:03,0.9630949809174046,YAML group mix ratios normalized globally; language proportions estimated from mapped current-public rows within each represented group
arm left: 3. left instrument: Tool #18 (Pink). arm right: 2. right instrument: Tool #9 (Green). do a hysterectomy,0.00020147199231055615,0.00019403666458972656,0.019403666458972655,106805,1,cmr_versius,cmr_versius:01,0.9630949809174046,YAML group mix ratios normalized globally; language proportions estimated from mapped current-public rows within each represented group
arm left: 1. left instrument: Tool #13 (Green). arm right: 2. right instrument: Tool #9 (Orange). do a cholecystectomy,0.0002011833802153966,0.00019375870372944634,0.019375870372944633,106652,1,cmr_versius,cmr_versius:00,0.9630949809174046,YAML group mix ratios normalized globally; language proportions estimated from mapped current-public rows within each represented group
arm left: 1. left instrument: Tool #1 (Cyan). arm right: 3. right instrument: Tool #13 (Orange). do a hysterectomy,0.0002009570177878205,0.00019354069521157954,0.019354069521157955,106532,1,cmr_versius,cmr_versius:01,0.9630949809174046,YAML group mix ratios normalized globally; language proportions estimated from mapped current-public rows within each represented group
arm left: 1. left instrument: Tool #18 (Cyan). arm right: 2. right instrument: Tool #10 (Purple). do a hysterectomy,0.00020051372470048393,0.0001931137618640903,0.019311376186409032,106297,1,cmr_versius,cmr_versius:01,0.9630949809174046,YAML group mix ratios normalized globally; language proportions estimated from mapped current-public rows within each represented group
arm left: 3. left instrument: Tool #2 (Orange). arm right: 2. right instrument: Tool #2 (Green). do a prostatectomy,0.0001991348002458328,0.0001917857266427515,0.01917857266427515,105566,1,cmr_versius,cmr_versius:03,0.9630949809174046,YAML group mix ratios normalized globally; language proportions estimated from mapped current-public rows within each represented group
arm left: 2. left instrument: Tool #2 (Green). arm right: 1. right instrument: Tool #2 (Blue). do an inguinal hernia repair,0.00019893484676814055,0.00019159315245196915,0.019159315245196915,105460,1,cmr_versius,cmr_versius:02,0.9630949809174046,YAML group mix ratios normalized globally; language proportions estimated from mapped current-public rows within each represented group
arm left: 2. left instrument: Tool #0 (Blue). arm right: 3. right instrument: Tool #2 (Green). do a prostatectomy,0.00019836139528494774,0.0001910408642067065,0.01910408642067065,105156,1,cmr_versius,cmr_versius:03,0.9630949809174046,YAML group mix ratios normalized globally; language proportions estimated from mapped current-public rows within each represented group
arm left: 1. left instrument: Tool #2 (Orange). arm right: 2. right instrument: Tool #2 (Purple). do an inguinal hernia repair,0.00019770305789141386,0.00019040682276724377,0.019040682276724376,104807,1,cmr_versius,cmr_versius:02,0.9630949809174046,YAML group mix ratios normalized globally; language proportions estimated from mapped current-public rows within each represented group
arm left: 2. left instrument: Tool #2 (Blue). arm right: 3. right instrument: Tool #2 (Pink). do a prostatectomy,0.00019531870698761216,0.00018811046637904648,0.018811046637904647,103543,1,cmr_versius,cmr_versius:03,0.9630949809174046,YAML group mix ratios normalized globally; language proportions estimated from mapped current-public rows within each represented group
arm left: 1. left instrument: Tool #18 (Green). arm right: 2. right instrument: Tool #9 (Blue). do a hysterectomy,0.00019513195798486187,0.00018793060935180634,0.018793060935180635,103444,1,cmr_versius,cmr_versius:01,0.9630949809174046,YAML group mix ratios normalized globally; language proportions estimated from mapped current-public rows within each represented group
left tool: none. right tool: bi_maryland_forceps. aux tool: none. The surgery process is a hemicolectomy.,0.00019434813652793528,0.00018717571484070498,0.018717571484070498,2596,1,rob_surgical_bitrack,rob_surgical_bitrack:00,0.9630949809174046,YAML group mix ratios normalized globally; language proportions estimated from mapped current-public rows within each represented group
arm left: 1. left instrument: Tool #13 (Green). arm right: 2. right instrument: Tool #8 (Blue). do a cholecystectomy,0.00019276458426312836,0.00018565060360244904,0.018565060360244905,102189,1,cmr_versius,cmr_versius:00,0.9630949809174046,YAML group mix ratios normalized globally; language proportions estimated from mapped current-public rows within each represented group
arm left: -1. left instrument: Tool #3 (None). arm right: 2. right instrument: Tool #9 (Orange). do a hysterectomy,0.0001923420410649863,0.00018524365436909762,0.018524365436909763,101965,1,cmr_versius,cmr_versius:01,0.9630949809174046,YAML group mix ratios normalized globally; language proportions estimated from mapped current-public rows within each represented group
Retract the partially dissected tissue flap using the right instrument (center grasp).,0.00018928031671994547,0.0001822949230194362,0.01822949230194362,2528,1,hamlyn_dvrk_30hz,hamlyn_dvrk_30hz:05,0.9630949809174046,YAML group mix ratios normalized globally; language proportions estimated from mapped current-public rows within each represented group
arm left: 2. left instrument: Tool #0 (Green). arm right: 1. right instrument: Tool #9 (Cyan). do a hysterectomy,0.0001889692408941022,0.0001819953274528818,0.01819953274528818,100177,1,cmr_versius,cmr_versius:01,0.9630949809174046,YAML group mix ratios normalized globally; language proportions estimated from mapped current-public rows within each represented group
arm left: -1. left instrument: Tool #3 (None). arm right: 1. right instrument: Tool #9 (Orange). do a hysterectomy,0.00018869949233457398,0.00018173553396909047,0.018173553396909046,100034,1,cmr_versius,cmr_versius:01,0.9630949809174046,YAML group mix ratios normalized globally; language proportions estimated from mapped current-public rows within each represented group
arm left: 3. left instrument: Tool #12 (Green). arm right: 1. right instrument: Tool #9 (Orange). do a hysterectomy,0.00018868062879894265,0.00018171736659260157,0.018171736659260158,100024,1,cmr_versius,cmr_versius:01,0.9630949809174046,YAML group mix ratios normalized globally; language proportions estimated from mapped current-public rows within each represented group
arm left: 2. left instrument: Tool #18 (Green). arm right: 1. right instrument: Tool #9 (Blue). do an inguinal hernia repair,0.00018743186274014774,0.0001805146862690362,0.01805146862690362,99362,1,cmr_versius,cmr_versius:02,0.9630949809174046,YAML group mix ratios normalized globally; language proportions estimated from mapped current-public rows within each represented group
arm left: 3. left instrument: Tool #12 (Cyan). arm right: 1. right instrument: Tool #2 (Pink). do a hysterectomy,0.00018581903044366792,0.000178961375579235,0.0178961375579235,98507,1,cmr_versius,cmr_versius:01,0.9630949809174046,YAML group mix ratios normalized globally; language proportions estimated from mapped current-public rows within each represented group
arm left: 1. left instrument: Tool #0 (Green). arm right: 2. right instrument: Tool #9 (Cyan). do a cholecystectomy,0.00018498337581519944,0.0001781565608007766,0.01781565608007766,98064,1,cmr_versius,cmr_versius:00,0.9630949809174046,YAML group mix ratios normalized globally; language proportions estimated from mapped current-public rows within each represented group
arm left: 2. left instrument: Tool #18 (Cyan). arm right: 3. right instrument: Tool #9 (Pink). do a hysterectomy,0.00018472871808417635,0.00017791130121817643,0.01779113012181764,97929,1,cmr_versius,cmr_versius:01,0.9630949809174046,YAML group mix ratios normalized globally; language proportions estimated from mapped current-public rows within each represented group
arm left: 2. left instrument: Tool #12 (Pink). arm right: 1. right instrument: Tool #9 (Orange). do a hysterectomy,0.00018451933283866842,0.0001777096433391496,0.01777096433391496,97818,1,cmr_versius,cmr_versius:01,0.9630949809174046,YAML group mix ratios normalized globally; language proportions estimated from mapped current-public rows within each represented group
arm left: 1. left instrument: Tool #18 (Blue). arm right: 2. right instrument: Tool #10 (Cyan). do a hysterectomy,0.00018442124245338543,0.0001776151729814073,0.017761517298140732,97766,1,cmr_versius,cmr_versius:01,0.9630949809174046,YAML group mix ratios normalized globally; language proportions estimated from mapped current-public rows within each represented group
arm left: 1. left instrument: Tool #1 (Cyan). arm right: 2. right instrument: Tool #9 (Blue). do an inguinal hernia repair,0.00018434390195729694,0.0001775406867378028,0.01775406867378028,97725,1,cmr_versius,cmr_versius:02,0.9630949809174046,YAML group mix ratios normalized globally; language proportions estimated from mapped current-public rows within each represented group
arm left: 1. left instrument: Tool #1 (Cyan). arm right: -1. right instrument: Tool #3 (None). do a hysterectomy,0.00018430051582534485,0.00017749890177187833,0.017749890177187835,97702,1,cmr_versius,cmr_versius:01,0.9630949809174046,YAML group mix ratios normalized globally; language proportions estimated from mapped current-public rows within each represented group
arm left: 1. left instrument: Tool #18 (Cyan). arm right: 2. right instrument: Tool #2 (Purple). do an inguinal hernia repair,0.00018408735787271067,0.00017729361041755371,0.017729361041755373,97589,1,cmr_versius,cmr_versius:02,0.9630949809174046,YAML group mix ratios normalized globally; language proportions estimated from mapped current-public rows within each represented group
arm left: 1. left instrument: Tool #0 (Orange). arm right: 2. right instrument: Tool #8 (Blue). do a cholecystectomy,0.00018394965406260186,0.00017716098856918473,0.017716098856918473,97516,1,cmr_versius,cmr_versius:00,0.9630949809174046,YAML group mix ratios normalized globally; language proportions estimated from mapped current-public rows within each represented group
arm left: 1. left instrument: Tool #0 (Green). arm right: 2. right instrument: Tool #9 (Orange). do a hysterectomy,0.00018389872251639726,0.00017711193665266472,0.017711193665266474,97489,1,cmr_versius,cmr_versius:01,0.9630949809174046,YAML group mix ratios normalized globally; language proportions estimated from mapped current-public rows within each represented group
arm left: 2. left instrument: Tool #13 (Cyan). arm right: 1. right instrument: Tool #2 (Orange). do a hysterectomy,0.0001825424343045037,0.0001758057022831126,0.01758057022831126,96770,1,cmr_versius,cmr_versius:01,0.9630949809174046,YAML group mix ratios normalized globally; language proportions estimated from mapped current-public rows within each represented group
arm left: 1. left instrument: Tool #18 (Cyan). arm right: 2. right instrument: Tool #9 (Pink). do an inguinal hernia repair,0.0001804504682029878,0.00017379094023049326,0.017379094023049328,95661,1,cmr_versius,cmr_versius:02,0.9630949809174046,YAML group mix ratios normalized globally; language proportions estimated from mapped current-public rows within each represented group
arm left: 3. left instrument: Tool #18 (Orange). arm right: 1. right instrument: Tool #9 (Green). do a prostatectomy,0.00017999019793358303,0.00017334765624416404,0.017334765624416403,95417,1,cmr_versius,cmr_versius:03,0.9630949809174046,YAML group mix ratios normalized globally; language proportions estimated from mapped current-public rows within each represented group
arm left: 2. left instrument: Tool #0 (Cyan). arm right: 1. right instrument: Tool #2 (Green). do a hysterectomy,0.00017971101760623918,0.0001730787790721283,0.01730787790721283,95269,1,cmr_versius,cmr_versius:01,0.9630949809174046,YAML group mix ratios normalized globally; language proportions estimated from mapped current-public rows within each represented group
arm left: -1. left instrument: Tool #3 (None). arm right: 3. right instrument: Tool #9 (Green). do a prostatectomy,0.00017686073737234326,0.00017033368848465505,0.017033368848465506,93758,1,cmr_versius,cmr_versius:03,0.9630949809174046,YAML group mix ratios normalized globally; language proportions estimated from mapped current-public rows within each represented group
Retract the partially dissected tissue flap using the left instrument (center grasp).,0.00017677643503789212,0.00017025249732946553,0.017025249732946553,2361,1,hamlyn_dvrk_30hz,hamlyn_dvrk_30hz:05,0.9630949809174046,YAML group mix ratios normalized globally; language proportions estimated from mapped current-public rows within each represented group
arm left: 1. left instrument: Tool #2 (Pink). arm right: 3. right instrument: Tool #2 (Green). do a prostatectomy,0.0001765909888128151,0.00017007389500086375,0.017007389500086376,93615,1,cmr_versius,cmr_versius:03,0.9630949809174046,YAML group mix ratios normalized globally; language proportions estimated from mapped current-public rows within each represented group
arm left: 3. left instrument: Tool #12 (Pink). arm right: 1. right instrument: Tool #2 (Orange). do a hysterectomy,0.00017583456103399827,0.00016934538320365877,0.01693453832036588,93214,1,cmr_versius,cmr_versius:01,0.9630949809174046,YAML group mix ratios normalized globally; language proportions estimated from mapped current-public rows within each represented group
arm left: -1. left instrument: Tool #3 (None). arm right: 3. right instrument: Tool #9 (Pink). do a hysterectomy,0.00017522904154023214,0.00016876221041836498,0.016876221041836496,92893,1,cmr_versius,cmr_versius:01,0.9630949809174046,YAML group mix ratios normalized globally; language proportions estimated from mapped current-public rows within each represented group
arm left: 2. left instrument: Tool #13 (Blue). arm right: 1. right instrument: Tool #2 (Purple). do an inguinal hernia repair,0.0001750139972340348,0.00016855510232639148,0.016855510232639148,92779,1,cmr_versius,cmr_versius:02,0.9630949809174046,YAML group mix ratios normalized globally; language proportions estimated from mapped current-public rows within each represented group
left tool: mono_hook. right tool: forceps. aux tool: bi_maryland_forceps. The surgery process is a hemicolectomy.Preparing the colon part for anastomosis,0.00017428446141642273,0.0001678524900420498,0.01678524900420498,2328,1,rob_surgical_bitrack,rob_surgical_bitrack:00,0.9630949809174046,YAML group mix ratios normalized globally; language proportions estimated from mapped current-public rows within each represented group
arm left: -1. left instrument: Tool #3 (None). arm right: 3. right instrument: Tool #9 (Blue). do a prostatectomy,0.00017346718731226472,0.00016706537745430144,0.016706537745430145,91959,1,cmr_versius,cmr_versius:03,0.9630949809174046,YAML group mix ratios normalized globally; language proportions estimated from mapped current-public rows within each represented group
left tool: mono_hook. right tool: forceps. aux tool: bi_maryland_forceps. The surgery process is a hemicolectomy.Create the first penetrating hole inside the colon for anastomosis,0.0001723379854727685,0.00016597784883023994,0.016597784883023995,2302,1,rob_surgical_bitrack,rob_surgical_bitrack:00,0.9630949809174046,YAML group mix ratios normalized globally; language proportions estimated from mapped current-public rows within each represented group
arm left: 3. left instrument: Tool #12 (Green). arm right: 1. right instrument: Tool #9 (Cyan). do a hysterectomy,0.00017218069418220715,0.00016582636237775827,0.016582636237775828,91277,1,cmr_versius,cmr_versius:01,0.9630949809174046,YAML group mix ratios normalized globally; language proportions estimated from mapped current-public rows within each represented group
arm left: 3. left instrument: Tool #18 (Cyan). arm right: 1. right instrument: Tool #13 (Orange). do a hysterectomy,0.00017182605971233792,0.0001654848156997669,0.01654848156997669,91089,1,cmr_versius,cmr_versius:01,0.9630949809174046,YAML group mix ratios normalized globally; language proportions estimated from mapped current-public rows within each represented group
arm left: 1. left instrument: Tool #13 (Orange). arm right: 2. right instrument: Tool #8 (Blue). do an inguinal hernia repair,0.0001698453884710469,0.0001635772411684321,0.01635772411684321,90039,1,cmr_versius,cmr_versius:02,0.9630949809174046,YAML group mix ratios normalized globally; language proportions estimated from mapped current-public rows within each represented group
arm left: 3. left instrument: Tool #2 (Pink). arm right: 1. right instrument: Tool #2 (Orange). do a hysterectomy,0.00016945114057635187,0.00016319754299981405,0.016319754299981403,89830,1,cmr_versius,cmr_versius:01,0.9630949809174046,YAML group mix ratios normalized globally; language proportions estimated from mapped current-public rows within each represented group
arm left: 1. left instrument: Tool #1 (Cyan). arm right: 2. right instrument: Tool #13 (Orange). do a hysterectomy,0.00016785151275481398,0.00016165694947355508,0.016165694947355508,88982,1,cmr_versius,cmr_versius:01,0.9630949809174046,YAML group mix ratios normalized globally; language proportions estimated from mapped current-public rows within each represented group
arm left: 2. left instrument: Tool #1 (Blue). arm right: 1. right instrument: Tool #9 (Cyan). do an inguinal hernia repair,0.00016779492214791995,0.00016160244734408837,0.016160244734408837,88952,1,cmr_versius,cmr_versius:02,0.9630949809174046,YAML group mix ratios normalized globally; language proportions estimated from mapped current-public rows within each represented group
arm left: 2. left instrument: Tool #0 (Blue). arm right: 1. right instrument: Tool #9 (Cyan). do a cholecystectomy,0.00016760062773091714,0.00016141532336625268,0.01614153233662527,88849,1,cmr_versius,cmr_versius:00,0.9630949809174046,YAML group mix ratios normalized globally; language proportions estimated from mapped current-public rows within each represented group
arm left: 1. left instrument: Tool #18 (Orange). arm right: 2. right instrument: Tool #0 (Green). do a prostatectomy,0.0001672856066858737,0.000161111928178888,0.016111192817888798,88682,1,cmr_versius,cmr_versius:03,0.9630949809174046,YAML group mix ratios normalized globally; language proportions estimated from mapped current-public rows within each represented group
arm left: 1. left instrument: Tool #18 (Pink). arm right: -1. right instrument: Tool #3 (None). do an inguinal hernia repair,0.00016671970061693343,0.0001605669068842209,0.016056690688422092,88382,1,cmr_versius,cmr_versius:02,0.9630949809174046,YAML group mix ratios normalized globally; language proportions estimated from mapped current-public rows within each represented group
arm left: 2. left instrument: Tool #2 (Orange). arm right: 1. right instrument: Tool #2 (Pink). do a prostatectomy,0.00016619906703350837,0.0001600654872931272,0.01600654872931272,88106,1,cmr_versius,cmr_versius:03,0.9630949809174046,YAML group mix ratios normalized globally; language proportions estimated from mapped current-public rows within each represented group
arm left: -1. left instrument: Tool #3 (None). arm right: 1. right instrument: Tool #2 (Orange). do a hysterectomy,0.00016610097664822537,0.0001599710169353849,0.01599710169353849,88054,1,cmr_versius,cmr_versius:01,0.9630949809174046,YAML group mix ratios normalized globally; language proportions estimated from mapped current-public rows within each represented group
arm left: 1. left instrument: Tool #13 (Blue). arm right: 3. right instrument: Tool #2 (Pink). do a cholecystectomy,0.0001651445953917163,0.00015904993094739751,0.01590499309473975,87547,1,cmr_versius,cmr_versius:00,0.9630949809174046,YAML group mix ratios normalized globally; language proportions estimated from mapped current-public rows within each represented group
arm left: 1. left instrument: Tool #9 (Pink). arm right: 2. right instrument: Tool #0 (Purple). do an inguinal hernia repair,0.0001639448745255629,0.0001578944858027033,0.01578944858027033,86911,1,cmr_versius,cmr_versius:02,0.9630949809174046,YAML group mix ratios normalized globally; language proportions estimated from mapped current-public rows within each represented group
arm left: 1. left instrument: Tool #0 (Cyan). arm right: 0. right instrument: Tool #17 (White). do a cholecystectomy,0.00016369776220879234,0.0001576564931706987,0.01576564931706987,86780,1,cmr_versius,cmr_versius:00,0.9630949809174046,YAML group mix ratios normalized globally; language proportions estimated from mapped current-public rows within each represented group
arm left: 3. left instrument: Tool #2 (Pink). arm right: 2. right instrument: Tool #2 (Blue). do a prostatectomy,0.00016343933177064292,0.0001574076001128007,0.01574076001128007,86643,1,cmr_versius,cmr_versius:03,0.9630949809174046,YAML group mix ratios normalized globally; language proportions estimated from mapped current-public rows within each represented group
arm left: -1. left instrument: Tool #3 (None). arm right: 1. right instrument: Tool #9 (Orange). do a prostatectomy,0.00016337519574949634,0.00015734583103273843,0.015734583103273844,86609,1,cmr_versius,cmr_versius:03,0.9630949809174046,YAML group mix ratios normalized globally; language proportions estimated from mapped current-public rows within each represented group
left tool: mono_hook. right tool: bi_maryland_forceps. aux tool: bi_maryland_forceps. The surgery process is a hemicolectomy 2025-10-10_01.Create the first penetrating hole inside the colon for anastomosis,0.00016312965697009665,0.00015710935386667801,0.0157109353866678,2179,1,rob_surgical_bitrack,rob_surgical_bitrack:00,0.9630949809174046,YAML group mix ratios normalized globally; language proportions estimated from mapped current-public rows within each represented group
arm left: 2. left instrument: Tool #0 (Cyan). arm right: 1. right instrument: Tool #2 (Green). do an inguinal hernia repair,0.0001622716789150628,0.00015628303950813763,0.015628303950813764,86024,1,cmr_versius,cmr_versius:02,0.9630949809174046,YAML group mix ratios normalized globally; language proportions estimated from mapped current-public rows within each represented group
arm left: 2. left instrument: Tool #0 (Blue). arm right: 1. right instrument: Tool #9 (Orange). do a cholecystectomy,0.00016211133886219638,0.00015612861680798195,0.015612861680798194,85939,1,cmr_versius,cmr_versius:00,0.9630949809174046,YAML group mix ratios normalized globally; language proportions estimated from mapped current-public rows within each represented group
arm left: 3. left instrument: Tool #0 (Cyan). arm right: 1. right instrument: Tool #2 (Pink). do a hysterectomy,0.0001610493218061518,0.00015510579351165672,0.015510579351165671,85376,1,cmr_versius,cmr_versius:01,0.9630949809174046,YAML group mix ratios normalized globally; language proportions estimated from mapped current-public rows within each represented group
arm left: 2. left instrument: Tool #13 (Cyan). arm right: 1. right instrument: Tool #9 (Purple). do a cholecystectomy,0.00016049096115146403,0.0001545680391675852,0.01545680391675852,85080,1,cmr_versius,cmr_versius:00,0.9630949809174046,YAML group mix ratios normalized globally; language proportions estimated from mapped current-public rows within each represented group
left tool: forceps. right tool: bi_maryland_forceps. aux tool: bi_maryland_forceps. The surgery process is a hemicolectomy 2025-10-10_01.Suturing,0.000160359671973358,0.0001544415952191025,0.01544415952191025,2142,1,rob_surgical_bitrack,rob_surgical_bitrack:00,0.9630949809174046,YAML group mix ratios normalized globally; language proportions estimated from mapped current-public rows within each represented group
arm left: 2. left instrument: Tool #12 (Pink). arm right: 3. right instrument: Tool #9 (Cyan). do a hysterectomy,0.00015991750966827124,0.00015401575092232256,0.015401575092232256,84776,1,cmr_versius,cmr_versius:01,0.9630949809174046,YAML group mix ratios normalized globally; language proportions estimated from mapped current-public rows within each represented group
arm left: 1. left instrument: Tool #0 (Blue). arm right: 2. right instrument: Tool #9 (Green). do a cholecystectomy,0.0001593987624384093,0.00015351614806887771,0.015351614806887771,84501,1,cmr_versius,cmr_versius:00,0.9630949809174046,YAML group mix ratios normalized globally; language proportions estimated from mapped current-public rows within each represented group
arm left: 2. left instrument: Tool #13 (Blue). arm right: 1. right instrument: Tool #2 (Orange). do an inguinal hernia repair,0.0001591724000108332,0.0001532981395510109,0.01532981395510109,84381,1,cmr_versius,cmr_versius:02,0.9630949809174046,YAML group mix ratios normalized globally; language proportions estimated from mapped current-public rows within each represented group
arm left: 1. left instrument: Tool #0 (Blue). arm right: -1. right instrument: Tool #3 (None). do a cholecystectomy,0.0001588366290765953,0.00015297476024950842,0.015297476024950843,84203,1,cmr_versius,cmr_versius:00,0.9630949809174046,YAML group mix ratios normalized globally; language proportions estimated from mapped current-public rows within each represented group
arm left: 1. left instrument: Tool #2 (Pink). arm right: 2. right instrument: Tool #2 (Green). do a hysterectomy,0.00015869703891292335,0.00015284032166349053,0.015284032166349052,84129,1,cmr_versius,cmr_versius:01,0.9630949809174046,YAML group mix ratios normalized globally; language proportions estimated from mapped current-public rows within each represented group
perform cold-cut dissection to partially peel skin from the underlying fat layer using non-energy instruments,0.0001586536898555992,0.00015279857240395415,0.015279857240395414,2119,1,jhu_lscr_dvrk_smarts,jhu_lscr_dvrk_smarts:01,0.9630949809174046,YAML group mix ratios normalized globally; language proportions estimated from mapped current-public rows within each represented group
arm left: 3. left instrument: Tool #2 (Pink). arm right: 2. right instrument: Tool #2 (Orange). do a prostatectomy,0.0001578576115773286,0.00015203187340973436,0.015203187340973435,83684,1,cmr_versius,cmr_versius:03,0.9630949809174046,YAML group mix ratios normalized globally; language proportions estimated from mapped current-public rows within each represented group
arm left: -1. left instrument: Tool #3 (None). arm right: 1. right instrument: Tool #9 (Pink). do a hysterectomy,0.00015770670329227787,0.00015188653439782314,0.015188653439782315,83604,1,cmr_versius,cmr_versius:01,0.9630949809174046,YAML group mix ratios normalized globally; language proportions estimated from mapped current-public rows within each represented group
arm left: 1. left instrument: Tool #12 (Pink). arm right: 2. right instrument: Tool #2 (Cyan). do a hysterectomy,0.0001572502057299994,0.0001514468838867917,0.01514468838867917,83362,1,cmr_versius,cmr_versius:01,0.9630949809174046,YAML group mix ratios normalized globally; language proportions estimated from mapped current-public rows within each represented group
arm left: 1. left instrument: Tool #1 (Purple). arm right: 2. right instrument: Tool #9 (Pink). do an inguinal hernia repair,0.0001555562602303048,0.00014981545347808823,0.014981545347808822,82464,1,cmr_versius,cmr_versius:02,0.9630949809174046,YAML group mix ratios normalized globally; language proportions estimated from mapped current-public rows within each represented group
arm left: 2. left instrument: Tool #0 (Blue). arm right: 1. right instrument: Tool #9 (Purple). do a cholecystectomy,0.00015375856528463783,0.00014808410249869577,0.014808410249869577,81511,1,cmr_versius,cmr_versius:00,0.9630949809174046,YAML group mix ratios normalized globally; language proportions estimated from mapped current-public rows within each represented group
arm left: 2. left instrument: Tool #0 (Pink). arm right: 1. right instrument: Tool #9 (Orange). do a hysterectomy,0.00015302854645570486,0.00014738102502857524,0.014738102502857524,81124,1,cmr_versius,cmr_versius:01,0.9630949809174046,YAML group mix ratios normalized globally; language proportions estimated from mapped current-public rows within each represented group
arm left: 1. left instrument: Tool #13 (Orange). arm right: 2. right instrument: Tool #18 (Blue). do an inguinal hernia repair,0.00015299459209156845,0.00014734832375089523,0.014734832375089523,81106,1,cmr_versius,cmr_versius:02,0.9630949809174046,YAML group mix ratios normalized globally; language proportions estimated from mapped current-public rows within each represented group
arm left: 1. left instrument: Tool #2 (Blue). arm right: 2. right instrument: Tool #2 (Orange). do a hysterectomy,0.00015288895629203295,0.00014724658644255738,0.014724658644255737,81050,1,cmr_versius,cmr_versius:01,0.9630949809174046,YAML group mix ratios normalized globally; language proportions estimated from mapped current-public rows within each represented group
arm left: 2. left instrument: Tool #2 (Pink). arm right: 3. right instrument: Tool #2 (Orange). do a prostatectomy,0.0001528550019278965,0.00014721388516487734,0.014721388516487733,81032,1,cmr_versius,cmr_versius:03,0.9630949809174046,YAML group mix ratios normalized globally; language proportions estimated from mapped current-public rows within each represented group
arm left: 3. left instrument: Tool #0 (Green). arm right: 2. right instrument: Tool #2 (Orange). do an inguinal hernia repair,0.00015180807570035697,0.00014620559576974322,0.014620559576974322,80477,1,cmr_versius,cmr_versius:02,0.9630949809174046,YAML group mix ratios normalized globally; language proportions estimated from mapped current-public rows within each represented group
arm left: 2. left instrument: Tool #18 (Cyan). arm right: 1. right instrument: Tool #9 (Orange). do a hysterectomy,0.00015169678084013207,0.00014609840824845872,0.014609840824845871,80418,1,cmr_versius,cmr_versius:01,0.9630949809174046,YAML group mix ratios normalized globally; language proportions estimated from mapped current-public rows within each represented group
arm left: 1. left instrument: Tool #0 (Blue). arm right: 2. right instrument: Tool #2 (Cyan). do an inguinal hernia repair,0.00015147796382680847,0.00014588766668118742,0.014588766668118742,80302,1,cmr_versius,cmr_versius:02,0.9630949809174046,YAML group mix ratios normalized globally; language proportions estimated from mapped current-public rows within each represented group
left tool: none. right tool: none. aux tool: mono_round_scissors. The surgery process is a hysterectomy.Identification of uterus and ovaries,0.00015137593684880015,0.00014578940501074942,0.014578940501074942,2022,1,rob_surgical_bitrack,rob_surgical_bitrack:00,0.9630949809174046,YAML group mix ratios normalized globally; language proportions estimated from mapped current-public rows within each represented group
arm left: 2. left instrument: Tool #0 (Blue). arm right: 1. right instrument: Tool #2 (Green). do an inguinal hernia repair,0.00015066305908753447,0.00014510283601686683,0.014510283601686682,79870,1,cmr_versius,cmr_versius:02,0.9630949809174046,YAML group mix ratios normalized globally; language proportions estimated from mapped current-public rows within each represented group
arm left: 3. left instrument: Tool #2 (Orange). arm right: 1. right instrument: Tool #2 (Blue). do a prostatectomy,0.0001497236550130936,0.00014419810066771947,0.014419810066771947,79372,1,cmr_versius,cmr_versius:03,0.9630949809174046,YAML group mix ratios normalized globally; language proportions estimated from mapped current-public rows within each represented group
arm left: 2. left instrument: Tool #0 (Orange). arm right: 3. right instrument: Tool #9 (Pink). do a hysterectomy,0.0001492426348544944,0.00014373483256725246,0.014373483256725246,79117,1,cmr_versius,cmr_versius:01,0.9630949809174046,YAML group mix ratios normalized globally; language proportions estimated from mapped current-public rows within each represented group
arm left: 2. left instrument: Tool #2 (Pink). arm right: 1. right instrument: Tool #2 (Blue). do a prostatectomy,0.00014912945364070634,0.00014362582830831905,0.014362582830831905,79057,1,cmr_versius,cmr_versius:03,0.9630949809174046,YAML group mix ratios normalized globally; language proportions estimated from mapped current-public rows within each represented group
arm left: 1. left instrument: Tool #18 (Blue). arm right: 2. right instrument: Tool #2 (Cyan). do a hysterectomy,0.00014854845674326094,0.0001430662731124608,0.01430662731124608,78749,1,cmr_versius,cmr_versius:01,0.9630949809174046,YAML group mix ratios normalized globally; language proportions estimated from mapped current-public rows within each represented group
left tool: forceps. right tool: bi_maryland_forceps. aux tool: forceps. The surgery process is a hemicolectomy.,0.00014853108739269015,0.0001430495447781043,0.01430495447781043,1984,1,rob_surgical_bitrack,rob_surgical_bitrack:00,0.9630949809174046,YAML group mix ratios normalized globally; language proportions estimated from mapped current-public rows within each represented group
arm left: 2. left instrument: Tool #18 (Blue). arm right: 1. right instrument: Tool #2 (Cyan). do an inguinal hernia repair,0.00014769393857916113,0.00014224329095751352,0.014224329095751352,78296,1,cmr_versius,cmr_versius:02,0.9630949809174046,YAML group mix ratios normalized globally; language proportions estimated from mapped current-public rows within each represented group
arm left: -1. left instrument: Tool #3 (None). arm right: 2. right instrument: Tool #13 (Orange). do a hysterectomy,0.00014660739892679577,0.00014119685007175272,0.014119685007175272,77720,1,cmr_versius,cmr_versius:01,0.9630949809174046,YAML group mix ratios normalized globally; language proportions estimated from mapped current-public rows within each represented group
arm left: 1. left instrument: Tool #18 (Blue). arm right: 3. right instrument: Tool #9 (Orange). do a prostatectomy,0.00014551142750661477,0.00014014132549774745,0.014014132549774745,77139,1,cmr_versius,cmr_versius:03,0.9630949809174046,YAML group mix ratios normalized globally; language proportions estimated from mapped current-public rows within each represented group
arm left: 3. left instrument: Tool #1 (Cyan). arm right: 1. right instrument: Tool #9 (Pink). do a hysterectomy,0.0001449285442556063,0.00013957995356424037,0.013957995356424037,76830,1,cmr_versius,cmr_versius:01,0.9630949809174046,YAML group mix ratios normalized globally; language proportions estimated from mapped current-public rows within each represented group
arm left: 1. left instrument: Tool #0 (Blue). arm right: 2. right instrument: Tool #2 (Green). do an inguinal hernia repair,0.0001434420976478565,0.00013814836429691484,0.013814836429691484,76042,1,cmr_versius,cmr_versius:02,0.9630949809174046,YAML group mix ratios normalized globally; language proportions estimated from mapped current-public rows within each represented group
left tool: mono_hook. right tool: none. aux tool: bi_maryland_forceps. The surgery process is a hemicolectomy.,0.00014306598185858413,0.00013778612906802283,0.013778612906802283,1911,1,rob_surgical_bitrack,rob_surgical_bitrack:00,0.9630949809174046,YAML group mix ratios normalized globally; language proportions estimated from mapped current-public rows within each represented group
arm left: 2. left instrument: Tool #2 (Cyan). arm right: 1. right instrument: Tool #2 (Blue). do an inguinal hernia repair,0.0001420839230823998,0.00013684031318971383,0.013684031318971383,75322,1,cmr_versius,cmr_versius:02,0.9630949809174046,YAML group mix ratios normalized globally; language proportions estimated from mapped current-public rows within each represented group
arm left: -1. left instrument: Tool #3 (None). arm right: 3. right instrument: Tool #13 (Orange). do a hysterectomy,0.00014181040181574534,0.00013657688623062474,0.013657688623062474,75177,1,cmr_versius,cmr_versius:01,0.9630949809174046,YAML group mix ratios normalized globally; language proportions estimated from mapped current-public rows within each represented group
arm left: 2. left instrument: Tool #12 (Blue). arm right: 1. right instrument: Tool #9 (Purple). do an inguinal hernia repair,0.00014070499862774865,0.00013551227796837503,0.013551227796837503,74591,1,cmr_versius,cmr_versius:02,0.9630949809174046,YAML group mix ratios normalized globally; language proportions estimated from mapped current-public rows within each represented group
arm left: 1. left instrument: Tool #18 (Pink). arm right: 2. right instrument: Tool #9 (Orange). do a prostatectomy,0.00014042015923971537,0.0001352379505833926,0.013523795058339259,74440,1,cmr_versius,cmr_versius:03,0.9630949809174046,YAML group mix ratios normalized globally; language proportions estimated from mapped current-public rows within each represented group
arm left: 3. left instrument: Tool #18 (Pink). arm right: 1. right instrument: Tool #0 (Cyan). do an inguinal hernia repair,0.00013986745764571704,0.00013470564645226777,0.013470564645226777,74147,1,cmr_versius,cmr_versius:02,0.9630949809174046,YAML group mix ratios normalized globally; language proportions estimated from mapped current-public rows within each represented group
Retract the partially dissected tissue flap using the left instrument (left-side grasp).,0.00013926478999173205,0.00013412522025955354,0.013412522025955354,1860,1,hamlyn_dvrk_30hz,hamlyn_dvrk_30hz:05,0.9630949809174046,YAML group mix ratios normalized globally; language proportions estimated from mapped current-public rows within each represented group
arm left: -1. left instrument: Tool #3 (None). arm right: 3. right instrument: Tool #9 (Green). do a hysterectomy,0.0001391336661096578,0.00013399893550684942,0.013399893550684942,73758,1,cmr_versius,cmr_versius:01,0.9630949809174046,YAML group mix ratios normalized globally; language proportions estimated from mapped current-public rows within each represented group
arm left: 3. left instrument: Tool #0 (Green). arm right: 1. right instrument: Tool #9 (Orange). do a prostatectomy,0.00013898841688529643,0.00013385904670788485,0.013385904670788486,73681,1,cmr_versius,cmr_versius:03,0.9630949809174046,YAML group mix ratios normalized globally; language proportions estimated from mapped current-public rows within each represented group
arm left: 2. left instrument: Tool #12 (Orange). arm right: 3. right instrument: Tool #9 (Pink). do a hysterectomy,0.00013885448578231392,0.00013373005833481366,0.013373005833481366,73610,1,cmr_versius,cmr_versius:01,0.9630949809174046,YAML group mix ratios normalized globally; language proportions estimated from mapped current-public rows within each represented group
arm left: 2. left instrument: Tool #13 (Green). arm right: 3. right instrument: Tool #2 (Orange). do a hysterectomy,0.00013849230589819215,0.00013338124470622673,0.013338124470622673,73418,1,cmr_versius,cmr_versius:01,0.9630949809174046,YAML group mix ratios normalized globally; language proportions estimated from mapped current-public rows within each represented group
arm left: 2. left instrument: Tool #13 (Blue). arm right: 1. right instrument: Tool #9 (Green). do an inguinal hernia repair,0.00013767928751248128,0.00013259823077955502,0.013259823077955502,72987,1,cmr_versius,cmr_versius:02,0.9630949809174046,YAML group mix ratios normalized globally; language proportions estimated from mapped current-public rows within each represented group
arm left: 3. left instrument: Tool #2 (Orange). arm right: 1. right instrument: Tool #2 (Green). do a prostatectomy,0.00013751894745961485,0.00013244380807939934,0.013244380807939934,72902,1,cmr_versius,cmr_versius:03,0.9630949809174046,YAML group mix ratios normalized globally; language proportions estimated from mapped current-public rows within each represented group
arm left: 2. left instrument: Tool #2 (Orange). arm right: 3. right instrument: Tool #2 (Blue). do a prostatectomy,0.0001374001071851374,0.00013232935360751926,0.013232935360751926,72839,1,cmr_versius,cmr_versius:03,0.9630949809174046,YAML group mix ratios normalized globally; language proportions estimated from mapped current-public rows within each represented group
arm left: 1. left instrument: Tool #0 (Cyan). arm right: -1. right instrument: Tool #3 (None). do an inguinal hernia repair,0.00013675686062010863,0.00013170984606924768,0.013170984606924768,72498,1,cmr_versius,cmr_versius:02,0.9630949809174046,YAML group mix ratios normalized globally; language proportions estimated from mapped current-public rows within each represented group
arm left: 2. left instrument: Tool #0 (Cyan). arm right: 3. right instrument: Tool #9 (Blue). do a prostatectomy,0.00013671536084171963,0.00013166987784097206,0.013166987784097205,72476,1,cmr_versius,cmr_versius:03,0.9630949809174046,YAML group mix ratios normalized globally; language proportions estimated from mapped current-public rows within each represented group
arm left: 1. left instrument: Tool #0 (Orange). arm right: 2. right instrument: Tool #2 (Cyan). do an inguinal hernia repair,0.00013648899841414355,0.00013145186932310527,0.013145186932310527,72356,1,cmr_versius,cmr_versius:02,0.9630949809174046,YAML group mix ratios normalized globally; language proportions estimated from mapped current-public rows within each represented group
arm left: 2. left instrument: Tool #0 (Green). arm right: 1. right instrument: Tool #8 (Orange). do a cholecystectomy,0.0001363777035539186,0.0001313446818018207,0.01313446818018207,72297,1,cmr_versius,cmr_versius:00,0.9630949809174046,YAML group mix ratios normalized globally; language proportions estimated from mapped current-public rows within each represented group
arm left: 1. left instrument: Tool #0 (Blue). arm right: 2. right instrument: Tool #9 (Cyan). do an inguinal hernia repair,0.00013633997648265593,0.0001313083470488429,0.01313083470488429,72277,1,cmr_versius,cmr_versius:02,0.9630949809174046,YAML group mix ratios normalized globally; language proportions estimated from mapped current-public rows within each represented group
arm left: 2. left instrument: Tool #13 (Blue). arm right: 1. right instrument: Tool #9 (Cyan). do a cholecystectomy,0.00013510818760592927,0.00013012201736411756,0.013012201736411756,71624,1,cmr_versius,cmr_versius:00,0.9630949809174046,YAML group mix ratios normalized globally; language proportions estimated from mapped current-public rows within each represented group
arm left: 2. left instrument: Tool #2 (Green). arm right: 1. right instrument: Tool #2 (Orange). do a prostatectomy,0.00013496671108869418,0.00012998576204045078,0.012998576204045079,71549,1,cmr_versius,cmr_versius:03,0.9630949809174046,YAML group mix ratios normalized globally; language proportions estimated from mapped current-public rows within each represented group
arm left: 2. left instrument: Tool #2 (Blue). arm right: 1. right instrument: Tool #2 (Purple). do a hysterectomy,0.00013492709766386836,0.0001299476105498241,0.01299476105498241,71528,1,cmr_versius,cmr_versius:01,0.9630949809174046,YAML group mix ratios normalized globally; language proportions estimated from mapped current-public rows within each represented group
arm left: 1. left instrument: Tool #13 (Blue). arm right: 2. right instrument: Tool #2 (Orange). do an inguinal hernia repair,0.0001345007817586,0.00012953702784117488,0.012953702784117489,71302,1,cmr_versius,cmr_versius:02,0.9630949809174046,YAML group mix ratios normalized globally; language proportions estimated from mapped current-public rows within each represented group
arm left: 3. left instrument: Tool #18 (Cyan). arm right: 2. right instrument: Tool #8 (Pink). do a hysterectomy,0.00013434044170573359,0.0001293826051410192,0.01293826051410192,71217,1,cmr_versius,cmr_versius:01,0.9630949809174046,YAML group mix ratios normalized globally; language proportions estimated from mapped current-public rows within each represented group
arm left: -1. left instrument: Tool #3 (None). arm right: 2. right instrument: Tool #8 (Green). do a cholecystectomy,0.00013416878353148836,0.00012921728201497018,0.012921728201497017,71126,1,cmr_versius,cmr_versius:00,0.9630949809174046,YAML group mix ratios normalized globally; language proportions estimated from mapped current-public rows within each represented group
arm left: 0. left instrument: Tool #14 (White). arm right: -1. right instrument: Tool #3 (None). do a cholecystectomy,0.000133910353093339,0.00012896838895707223,0.012896838895707223,70989,1,cmr_versius,cmr_versius:00,0.9630949809174046,YAML group mix ratios normalized globally; language proportions estimated from mapped current-public rows within each represented group
arm left: -1. left instrument: Tool #3 (None). arm right: 1. right instrument: Tool #9 (Cyan). do a hysterectomy,0.00013273515482350635,0.0001278365614018136,0.012783656140181359,70366,1,cmr_versius,cmr_versius:01,0.9630949809174046,YAML group mix ratios normalized globally; language proportions estimated from mapped current-public rows within each represented group
arm left: 1. left instrument: Tool #18 (Cyan). arm right: 2. right instrument: Tool #8 (Pink). do a hysterectomy,0.00013256349664926114,0.0001276712382757646,0.012767123827576459,70275,1,cmr_versius,cmr_versius:01,0.9630949809174046,YAML group mix ratios normalized globally; language proportions estimated from mapped current-public rows within each represented group
arm left: 1. left instrument: Tool #13 (Orange). arm right: 2. right instrument: Tool #9 (Blue). do a cholecystectomy,0.00013244842908190994,0.00012756041727918227,0.012756041727918227,70214,1,cmr_versius,cmr_versius:00,0.9630949809174046,YAML group mix ratios normalized globally; language proportions estimated from mapped current-public rows within each represented group
arm left: 1. left instrument: Tool #2 (Cyan). arm right: 3. right instrument: Tool #2 (Blue). do a prostatectomy,0.00013199947693388395,0.00012712803371874636,0.012712803371874637,69976,1,cmr_versius,cmr_versius:03,0.9630949809174046,YAML group mix ratios normalized globally; language proportions estimated from mapped current-public rows within each represented group
arm left: 2. left instrument: Tool #0 (Green). arm right: 1. right instrument: Tool #9 (Blue). do a prostatectomy,0.00013171652389941383,0.00012685552307141283,0.012685552307141284,69826,1,cmr_versius,cmr_versius:03,0.9630949809174046,YAML group mix ratios normalized globally; language proportions estimated from mapped current-public rows within each represented group
arm left: 2. left instrument: Tool #0 (Green). arm right: 1. right instrument: Tool #18 (Orange). do a cholecystectomy,0.00013112420888058968,0.0001262850674496613,0.01262850674496613,69512,1,cmr_versius,cmr_versius:00,0.9630949809174046,YAML group mix ratios normalized globally; language proportions estimated from mapped current-public rows within each represented group
arm left: 2. left instrument: Tool #0 (Pink). arm right: 1. right instrument: Tool #9 (Green). do a hysterectomy,0.00013048096231556088,0.0001256655599113897,0.01256655599113897,69171,1,cmr_versius,cmr_versius:01,0.9630949809174046,YAML group mix ratios normalized globally; language proportions estimated from mapped current-public rows within each represented group
arm left: 2. left instrument: Tool #13 (Green). arm right: 1. right instrument: Tool #8 (Orange). do an inguinal hernia repair,0.00012865497206644689,0.0001239069578672639,0.01239069578672639,68203,1,cmr_versius,cmr_versius:02,0.9630949809174046,YAML group mix ratios normalized globally; language proportions estimated from mapped current-public rows within each represented group
arm left: 1. left instrument: Tool #13 (Orange). arm right: -1. right instrument: Tool #3 (None). do an inguinal hernia repair,0.00012801361185498124,0.0001232892670666412,0.012328926706664122,67863,1,cmr_versius,cmr_versius:02,0.9630949809174046,YAML group mix ratios normalized globally; language proportions estimated from mapped current-public rows within each represented group
arm left: 3. left instrument: Tool #18 (Pink). arm right: 1. right instrument: Tool #2 (Cyan). do an inguinal hernia repair,0.0001280004073800393,0.00012327654990309898,0.012327654990309899,67856,1,cmr_versius,cmr_versius:02,0.9630949809174046,YAML group mix ratios normalized globally; language proportions estimated from mapped current-public rows within each represented group
left tool: mono_hook. right tool: none. aux tool: bi_maryland_forceps. The surgery process is a hemicolectomy 2025-10-10_01.Preparing the colon part for anastomosis,0.00012614661404066678,0.00012149117084229118,0.012149117084229118,1685,1,rob_surgical_bitrack,rob_surgical_bitrack:00,0.9630949809174046,YAML group mix ratios normalized globally; language proportions estimated from mapped current-public rows within each represented group
arm left: 1. left instrument: Tool #0 (Cyan). arm right: -1. right instrument: Tool #3 (None). do a hysterectomy,0.00012607444039207922,0.000121421660763582,0.012142166076358199,66835,1,cmr_versius,cmr_versius:01,0.9630949809174046,YAML group mix ratios normalized globally; language proportions estimated from mapped current-public rows within each represented group
left tool: mono_hook. right tool: bi_maryland_forceps. aux tool: bi_maryland_forceps. The surgery process is a hemicolectomy InVivo 2.Suturing,0.00012562256282506757,0.00012098645974680392,0.012098645974680392,1678,1,rob_surgical_bitrack,rob_surgical_bitrack:00,0.9630949809174046,YAML group mix ratios normalized globally; language proportions estimated from mapped current-public rows within each represented group
arm left: 2. left instrument: Tool #12 (Pink). arm right: -1. right instrument: Tool #3 (None). do a hysterectomy,0.000125397239462914,0.0001207694519476304,0.01207694519476304,66476,1,cmr_versius,cmr_versius:01,0.9630949809174046,YAML group mix ratios normalized globally; language proportions estimated from mapped current-public rows within each represented group
arm left: 3. left instrument: Tool #0 (Blue). arm right: 2. right instrument: Tool #9 (Orange). do a prostatectomy,0.00012499733250752955,0.00012038430356606565,0.012038430356606565,66264,1,cmr_versius,cmr_versius:03,0.9630949809174046,YAML group mix ratios normalized globally; language proportions estimated from mapped current-public rows within each represented group
arm left: 2. left instrument: Tool #0 (Blue). arm right: 1. right instrument: Tool #9 (Green). do an inguinal hernia repair,0.0001249784689718982,0.00012036613618957674,0.012036613618957673,66254,1,cmr_versius,cmr_versius:02,0.9630949809174046,YAML group mix ratios normalized globally; language proportions estimated from mapped current-public rows within each represented group
arm left: 1. left instrument: Tool #2 (Orange). arm right: 3. right instrument: Tool #2 (Pink). do a hysterectomy,0.00012452951682387226,0.00011993375262914087,0.011993375262914087,66016,1,cmr_versius,cmr_versius:01,0.9630949809174046,YAML group mix ratios normalized globally; language proportions estimated from mapped current-public rows within each represented group
arm left: -1. left instrument: Tool #3 (None). arm right: 1. right instrument: Tool #9 (Green). do a hysterectomy,0.00012424467743583898,0.00011965942524415844,0.011965942524415844,65865,1,cmr_versius,cmr_versius:01,0.9630949809174046,YAML group mix ratios normalized globally; language proportions estimated from mapped current-public rows within each represented group
arm left: 1. left instrument: Tool #0 (Pink). arm right: 2. right instrument: Tool #2 (Blue). do an inguinal hernia repair,0.00012401265594757347,0.00011943596651334493,0.011943596651334492,65742,1,cmr_versius,cmr_versius:02,0.9630949809174046,YAML group mix ratios normalized globally; language proportions estimated from mapped current-public rows within each represented group
arm left: 3. left instrument: Tool #0 (Green). arm right: 2. right instrument: Tool #9 (Blue). do a prostatectomy,0.00012250923215775545,0.00011798802660717937,0.011798802660717938,64945,1,cmr_versius,cmr_versius:03,0.9630949809174046,YAML group mix ratios normalized globally; language proportions estimated from mapped current-public rows within each represented group
arm left: 2. left instrument: Tool #13 (Green). arm right: 3. right instrument: Tool #9 (Orange). do a hysterectomy,0.00012179996321801695,0.00011730493325119662,0.011730493325119662,64569,1,cmr_versius,cmr_versius:01,0.9630949809174046,YAML group mix ratios normalized globally; language proportions estimated from mapped current-public rows within each represented group
arm left: 1. left instrument: Tool #18 (Pink). arm right: 2. right instrument: Tool #2 (Green). do an inguinal hernia repair,0.00012173016813618099,0.00011723771395818768,0.01172377139581877,64532,1,cmr_versius,cmr_versius:02,0.9630949809174046,YAML group mix ratios normalized globally; language proportions estimated from mapped current-public rows within each represented group
arm left: -1. left instrument: Tool #3 (None). arm right: 1. right instrument: Tool #2 (Purple). do an inguinal hernia repair,0.00012120010278494025,0.00011672721067884951,0.011672721067884952,64251,1,cmr_versius,cmr_versius:02,0.9630949809174046,YAML group mix ratios normalized globally; language proportions estimated from mapped current-public rows within each represented group
arm left: 1. left instrument: Tool #0 (Green). arm right: -1. right instrument: Tool #3 (None). do a cholecystectomy,0.00012068324190864147,0.00011622942456305358,0.011622942456305359,63977,1,cmr_versius,cmr_versius:00,0.9630949809174046,YAML group mix ratios normalized globally; language proportions estimated from mapped current-public rows within each represented group
arm left: 2. left instrument: Tool #0 (Green). arm right: 3. right instrument: Tool #9 (Blue). do a prostatectomy,0.00012026069871049939,0.00011582247532970216,0.011582247532970215,63753,1,cmr_versius,cmr_versius:03,0.9630949809174046,YAML group mix ratios normalized globally; language proportions estimated from mapped current-public rows within each represented group
arm left: 3. left instrument: Tool #0 (Green). arm right: 2. right instrument: Tool #9 (Cyan). do a hysterectomy,0.00011965329286317014,0.00011523748580675948,0.011523748580675949,63431,1,cmr_versius,cmr_versius:01,0.9630949809174046,YAML group mix ratios normalized globally; language proportions estimated from mapped current-public rows within each represented group
arm left: 1. left instrument: Tool #2 (Blue). arm right: 3. right instrument: Tool #2 (Green). do a hysterectomy,0.00011932884005031106,0.00011492500693115036,0.011492500693115035,63259,1,cmr_versius,cmr_versius:01,0.9630949809174046,YAML group mix ratios normalized globally; language proportions estimated from mapped current-public rows within each represented group
arm left: 2. left instrument: Tool #13 (Blue). arm right: -1. right instrument: Tool #3 (None). do an inguinal hernia repair,0.0001189685465197524,0.00011457801004021231,0.011457801004021231,63068,1,cmr_versius,cmr_versius:02,0.9630949809174046,YAML group mix ratios normalized globally; language proportions estimated from mapped current-public rows within each represented group
arm left: 2. left instrument: Tool #0 (Cyan). arm right: 0. right instrument: Tool #14 (White). do an inguinal hernia repair,0.00011873275232436062,0.00011435091783410103,0.011435091783410102,62943,1,cmr_versius,cmr_versius:02,0.9630949809174046,YAML group mix ratios normalized globally; language proportions estimated from mapped current-public rows within each represented group
arm left: 3. left instrument: Tool #0 (Green). arm right: 1. right instrument: Tool #10 (Pink). do a hysterectomy,0.00011741230483016664,0.00011307920147987783,0.011307920147987783,62243,1,cmr_versius,cmr_versius:01,0.9630949809174046,YAML group mix ratios normalized globally; language proportions estimated from mapped current-public rows within each represented group
arm left: 2. left instrument: Tool #2 (Blue). arm right: 1. right instrument: Tool #2 (Cyan). do a prostatectomy,0.00011720291958465873,0.000112877543600851,0.0112877543600851,62132,1,cmr_versius,cmr_versius:03,0.9630949809174046,YAML group mix ratios normalized globally; language proportions estimated from mapped current-public rows within each represented group
arm left: 1. left instrument: Tool #18 (Cyan). arm right: 2. right instrument: Tool #2 (Purple). do a hysterectomy,0.00011706521577454991,0.000112744921752482,0.0112744921752482,62059,1,cmr_versius,cmr_versius:01,0.9630949809174046,YAML group mix ratios normalized globally; language proportions estimated from mapped current-public rows within each represented group
arm left: 2. left instrument: Tool #0 (Cyan). arm right: 3. right instrument: Tool #2 (Pink). do a hysterectomy,0.00011681244439708992,0.00011250147890753071,0.01125014789075307,61925,1,cmr_versius,cmr_versius:01,0.9630949809174046,YAML group mix ratios normalized globally; language proportions estimated from mapped current-public rows within each represented group
Retract the partially dissected tissue flap using the right instrument (right-side grasp).,0.0001160539916597767,0.00011177101688296128,0.011177101688296128,1550,1,hamlyn_dvrk_30hz,hamlyn_dvrk_30hz:05,0.9630949809174046,YAML group mix ratios normalized globally; language proportions estimated from mapped current-public rows within each represented group
arm left: 1. left instrument: Tool #13 (Blue). arm right: 2. right instrument: Tool #9 (Cyan). do an inguinal hernia repair,0.00011534486132497147,0.00011108805701669408,0.011108805701669408,61147,1,cmr_versius,cmr_versius:02,0.9630949809174046,YAML group mix ratios normalized globally; language proportions estimated from mapped current-public rows within each represented group
arm left: 2. left instrument: Tool #0 (Cyan). arm right: 1. right instrument: Tool #9 (Orange). do a hysterectomy,0.00011504304475486998,0.00011079737899287163,0.011079737899287163,60987,1,cmr_versius,cmr_versius:01,0.9630949809174046,YAML group mix ratios normalized globally; language proportions estimated from mapped current-public rows within each represented group
arm left: 1. left instrument: Tool #13 (Blue). arm right: 0. right instrument: Tool #14 (White). do a cholecystectomy,0.00011503172663349116,0.00011078647856697827,0.011078647856697828,60981,1,cmr_versius,cmr_versius:00,0.9630949809174046,YAML group mix ratios normalized globally; language proportions estimated from mapped current-public rows within each represented group
arm left: 3. left instrument: Tool #12 (Cyan). arm right: 1. right instrument: Tool #0 (Orange). do a hysterectomy,0.00011432434404731582,0.00011010520194864443,0.011010520194864443,60606,1,cmr_versius,cmr_versius:01,0.9630949809174046,YAML group mix ratios normalized globally; language proportions estimated from mapped current-public rows within each represented group
arm left: 3. left instrument: Tool #0 (Purple). arm right: 2. right instrument: Tool #9 (Pink). do a hysterectomy,0.00011419795835858581,0.00010998348052616878,0.010998348052616878,60539,1,cmr_versius,cmr_versius:01,0.9630949809174046,YAML group mix ratios normalized globally; language proportions estimated from mapped current-public rows within each represented group
arm left: 3. left instrument: Tool #0 (Cyan). arm right: 2. right instrument: Tool #9 (Pink). do a hysterectomy,0.0001140866634983609,0.00010987629300488426,0.010987629300488426,60480,1,cmr_versius,cmr_versius:01,0.9630949809174046,YAML group mix ratios normalized globally; language proportions estimated from mapped current-public rows within each represented group
arm left: 1. left instrument: Tool #2 (Cyan). arm right: 2. right instrument: Tool #2 (Green). do an inguinal hernia repair,0.00011397348228457283,0.00010976728874595084,0.010976728874595084,60420,1,cmr_versius,cmr_versius:02,0.9630949809174046,YAML group mix ratios normalized globally; language proportions estimated from mapped current-public rows within each represented group
left tool: bi_maryland_forceps. right tool: none. aux tool: mono_round_scissors. The surgery process is a hysterectomy.Coagulation and dissection of the ovarian vessels,0.00011379397824439971,0.0001095944093058057,0.01095944093058057,1520,1,rob_surgical_bitrack,rob_surgical_bitrack:00,0.9630949809174046,YAML group mix ratios normalized globally; language proportions estimated from mapped current-public rows within each represented group
arm left: 1. left instrument: Tool #0 (Orange). arm right: 3. right instrument: Tool #9 (Pink). do a hysterectomy,0.0001137339153820548,0.00010953656306454179,0.010953656306454179,60293,1,cmr_versius,cmr_versius:01,0.9630949809174046,YAML group mix ratios normalized globally; language proportions estimated from mapped current-public rows within each represented group
arm left: 0. left instrument: Tool #14 (White). arm right: 0. right instrument: Tool #14 (White). do a hysterectomy,0.00011359809792550914,0.00010940575795382168,0.010940575795382167,60221,1,cmr_versius,cmr_versius:01,0.9630949809174046,YAML group mix ratios normalized globally; language proportions estimated from mapped current-public rows within each represented group
arm left: 0. left instrument: Tool #17 (White). arm right: 0. right instrument: Tool #17 (White). do an inguinal hernia repair,0.00011313028224185182,0.00010895520701689689,0.010895520701689688,59973,1,cmr_versius,cmr_versius:02,0.9630949809174046,YAML group mix ratios normalized globally; language proportions estimated from mapped current-public rows within each represented group
arm left: 3. left instrument: Tool #0 (Green). arm right: 2. right instrument: Tool #12 (Blue). do a hysterectomy,0.00011285676097519736,0.0001086917800578078,0.010869178005780779,59828,1,cmr_versius,cmr_versius:01,0.9630949809174046,YAML group mix ratios normalized globally; language proportions estimated from mapped current-public rows within each represented group
arm left: 2. left instrument: Tool #2 (Blue). arm right: -1. right instrument: Tool #3 (None). do an inguinal hernia repair,0.00011283412473243973,0.0001086699792060211,0.01086699792060211,59816,1,cmr_versius,cmr_versius:02,0.9630949809174046,YAML group mix ratios normalized globally; language proportions estimated from mapped current-public rows within each represented group
arm left: 1. left instrument: Tool #0 (Green). arm right: 2. right instrument: Tool #9 (Pink). do an inguinal hernia repair,0.00011280017036830332,0.00010863727792834108,0.010863727792834107,59798,1,cmr_versius,cmr_versius:02,0.9630949809174046,YAML group mix ratios normalized globally; language proportions estimated from mapped current-public rows within each represented group
arm left: 1. left instrument: Tool #18 (Green). arm right: -1. right instrument: Tool #3 (None). do a hysterectomy,0.00011279451130761393,0.00010863182771539442,0.010863182771539442,59795,1,cmr_versius,cmr_versius:01,0.9630949809174046,YAML group mix ratios normalized globally; language proportions estimated from mapped current-public rows within each represented group
left tool: mono_hook. right tool: bi_maryland_forceps. aux tool: bi_maryland_forceps. The surgery process is a hemicolectomy 2025-10-10_01.,0.0001122966890569734,0.00010815237760441352,0.010815237760441352,1500,1,rob_surgical_bitrack,rob_surgical_bitrack:00,0.9630949809174046,YAML group mix ratios normalized globally; language proportions estimated from mapped current-public rows within each represented group
arm left: 2. left instrument: Tool #12 (Orange). arm right: 1. right instrument: Tool #2 (Cyan). do an inguinal hernia repair,0.0001122814231384414,0.00010813767507489626,0.010813767507489627,59523,1,cmr_versius,cmr_versius:02,0.9630949809174046,YAML group mix ratios normalized globally; language proportions estimated from mapped current-public rows within each represented group
arm left: 1. left instrument: Tool #18 (Cyan). arm right: -1. right instrument: Tool #3 (None). do an inguinal hernia repair,0.00011145520027778858,0.00010734194398468231,0.010734194398468231,59085,1,cmr_versius,cmr_versius:02,0.9630949809174046,YAML group mix ratios normalized globally; language proportions estimated from mapped current-public rows within each represented group
arm left: 0. left instrument: Tool #14 (White). arm right: 0. right instrument: Tool #14 (White). do an inguinal hernia repair,0.00011144388215640978,0.00010733104355878897,0.010733104355878898,59079,1,cmr_versius,cmr_versius:02,0.9630949809174046,YAML group mix ratios normalized globally; language proportions estimated from mapped current-public rows within each represented group
arm left: 3. left instrument: Tool #12 (Cyan). arm right: 2. right instrument: Tool #2 (Pink). do a hysterectomy,0.0001113118374069904,0.00010720387192336666,0.010720387192336665,59009,1,cmr_versius,cmr_versius:01,0.9630949809174046,YAML group mix ratios normalized globally; language proportions estimated from mapped current-public rows within each represented group
arm left: 2. left instrument: Tool #0 (Orange). arm right: 3. right instrument: Tool #9 (Green). do a prostatectomy,0.00011095343022999488,0.0001068586917700775,0.01068586917700775,58819,1,cmr_versius,cmr_versius:03,0.9630949809174046,YAML group mix ratios normalized globally; language proportions estimated from mapped current-public rows within each represented group
arm left: 2. left instrument: Tool #2 (Blue). arm right: 1. right instrument: Tool #2 (Orange). do an inguinal hernia repair,0.00011091381680516905,0.0001068205402794508,0.01068205402794508,58798,1,cmr_versius,cmr_versius:02,0.9630949809174046,YAML group mix ratios normalized globally; language proportions estimated from mapped current-public rows within each represented group
arm left: 0. left instrument: Tool #17 (White). arm right: 1. right instrument: Tool #2 (Blue). do a prostatectomy,0.00011072706780241876,0.00010664068325221066,0.010664068325221066,58699,1,cmr_versius,cmr_versius:03,0.9630949809174046,YAML group mix ratios normalized globally; language proportions estimated from mapped current-public rows within each represented group
arm left: -1. left instrument: Tool #3 (None). arm right: 3. right instrument: Tool #2 (Blue). do a prostatectomy,0.0001104761827785219,0.00010639905714490825,0.010639905714490826,58566,1,cmr_versius,cmr_versius:03,0.9630949809174046,YAML group mix ratios normalized globally; language proportions estimated from mapped current-public rows within each represented group
arm left: 1. left instrument: Tool #0 (Orange). arm right: 2. right instrument: Tool #2 (Green). do an inguinal hernia repair,0.00011033470626128683,0.00010626280182124149,0.01062628018212415,58491,1,cmr_versius,cmr_versius:02,0.9630949809174046,YAML group mix ratios normalized globally; language proportions estimated from mapped current-public rows within each represented group
arm left: 3. left instrument: Tool #12 (Blue). arm right: 2. right instrument: Tool #2 (Pink). do a hysterectomy,0.00010957450577534372,0.0001055306565487387,0.01055306565487387,58088,1,cmr_versius,cmr_versius:01,0.9630949809174046,YAML group mix ratios normalized globally; language proportions estimated from mapped current-public rows within each represented group
arm left: 2. left instrument: Tool #1 (Cyan). arm right: 1. right instrument: Tool #9 (Orange). do an inguinal hernia repair,0.00010938398406546717,0.00010534716604620079,0.01053471660462008,57987,1,cmr_versius,cmr_versius:02,0.9630949809174046,YAML group mix ratios normalized globally; language proportions estimated from mapped current-public rows within each represented group
arm left: 2. left instrument: Tool #2 (Blue). arm right: 1. right instrument: Tool #2 (Green). do an inguinal hernia repair,0.00010892748650318867,0.00010490751553516934,0.010490751553516933,57745,1,cmr_versius,cmr_versius:02,0.9630949809174046,YAML group mix ratios normalized globally; language proportions estimated from mapped current-public rows within each represented group
arm left: 2. left instrument: Tool #18 (Green). arm right: 1. right instrument: Tool #2 (Orange). do an inguinal hernia repair,0.00010801826408575795,0.00010403184798840422,0.010403184798840422,57263,1,cmr_versius,cmr_versius:02,0.9630949809174046,YAML group mix ratios normalized globally; language proportions estimated from mapped current-public rows within each represented group
arm left: -1. left instrument: Tool #3 (None). arm right: 1. right instrument: Tool #9 (Green). do a prostatectomy,0.00010785415132576526,0.00010387379181295076,0.010387379181295077,57176,1,cmr_versius,cmr_versius:03,0.9630949809174046,YAML group mix ratios normalized globally; language proportions estimated from mapped current-public rows within each represented group
arm left: 1. left instrument: Tool #2 (Green). arm right: 2. right instrument: Tool #2 (Orange). do a prostatectomy,0.00010777492447611362,0.00010379748883169738,0.010379748883169738,57134,1,cmr_versius,cmr_versius:03,0.9630949809174046,YAML group mix ratios normalized globally; language proportions estimated from mapped current-public rows within each represented group
arm left: 1. left instrument: Tool #0 (Cyan). arm right: 3. right instrument: Tool #9 (Pink). do a hysterectomy,0.00010776737906186108,0.00010379022188110181,0.010379022188110182,57130,1,cmr_versius,cmr_versius:01,0.9630949809174046,YAML group mix ratios normalized globally; language proportions estimated from mapped current-public rows within each represented group
arm left: 3. left instrument: Tool #0 (Blue). arm right: 2. right instrument: Tool #9 (Green). do a hysterectomy,0.00010749763050233288,0.0001035304283973105,0.01035304283973105,56987,1,cmr_versius,cmr_versius:01,0.9630949809174046,YAML group mix ratios normalized globally; language proportions estimated from mapped current-public rows within each represented group
arm left: 2. left instrument: Tool #18 (Blue). arm right: -1. right instrument: Tool #3 (None). do a prostatectomy,0.00010738633564210796,0.00010342324087602597,0.010342324087602597,56928,1,cmr_versius,cmr_versius:03,0.9630949809174046,YAML group mix ratios normalized globally; language proportions estimated from mapped current-public rows within each represented group
arm left: -1. left instrument: Tool #3 (None). arm right: 2. right instrument: Tool #12 (Blue). do a hysterectomy,0.00010715054144671619,0.0001031961486699147,0.01031961486699147,56803,1,cmr_versius,cmr_versius:01,0.9630949809174046,YAML group mix ratios normalized globally; language proportions estimated from mapped current-public rows within each represented group
arm left: 0. left instrument: Tool #14 (White). arm right: -1. right instrument: Tool #3 (None). do a hysterectomy,0.00010699774680810229,0.00010304899292035457,0.010304899292035458,56722,1,cmr_versius,cmr_versius:01,0.9630949809174046,YAML group mix ratios normalized globally; language proportions estimated from mapped current-public rows within each represented group
arm left: 2. left instrument: Tool #13 (Blue). arm right: 1. right instrument: Tool #2 (Green). do an inguinal hernia repair,0.00010664122598466993,0.00010270562950471432,0.010270562950471431,56533,1,cmr_versius,cmr_versius:02,0.9630949809174046,YAML group mix ratios normalized globally; language proportions estimated from mapped current-public rows within each represented group
arm left: 2. left instrument: Tool #13 (Blue). arm right: 1. right instrument: Tool #8 (Cyan). do an inguinal hernia repair,0.000105996093066078,0.00010208430522879384,0.010208430522879383,56191,1,cmr_versius,cmr_versius:02,0.9630949809174046,YAML group mix ratios normalized globally; language proportions estimated from mapped current-public rows within each represented group
arm left: 3. left instrument: Tool #12 (Pink). arm right: 2. right instrument: Tool #0 (Cyan). do a hysterectomy,0.00010579802594194891,0.00010189354777566037,0.010189354777566037,56086,1,cmr_versius,cmr_versius:01,0.9630949809174046,YAML group mix ratios normalized globally; language proportions estimated from mapped current-public rows within each represented group
left tool: mono_hook. right tool: forceps. aux tool: bi_maryland_forceps. The surgery process is a hemicolectomy.Artery coagulation,0.000105558887713555,0.00010166323494814871,0.010166323494814871,1410,1,rob_surgical_bitrack,rob_surgical_bitrack:00,0.9630949809174046,YAML group mix ratios normalized globally; language proportions estimated from mapped current-public rows within each represented group
arm left: 3. left instrument: Tool #0 (Cyan). arm right: 1. right instrument: Tool #9 (Green). do a hysterectomy,0.00010542075522932204,0.00010153020024588229,0.01015302002458823,55886,1,cmr_versius,cmr_versius:01,0.9630949809174046,YAML group mix ratios normalized globally; language proportions estimated from mapped current-public rows within each represented group
arm left: 2. left instrument: Tool #2 (Blue). arm right: 1. right instrument: Tool #2 (Pink). do a hysterectomy,0.00010520948363025102,0.0001013267256292066,0.01013267256292066,55774,1,cmr_versius,cmr_versius:01,0.9630949809174046,YAML group mix ratios normalized globally; language proportions estimated from mapped current-public rows within each represented group
arm left: 2. left instrument: Tool #0 (Pink). arm right: 1. right instrument: Tool #2 (Green). do a hysterectomy,0.00010514534760910445,0.00010126495654914432,0.010126495654914433,55740,1,cmr_versius,cmr_versius:01,0.9630949809174046,YAML group mix ratios normalized globally; language proportions estimated from mapped current-public rows within each represented group
arm left: -1. left instrument: Tool #3 (None). arm right: 2. right instrument: Tool #9 (Green). do an inguinal hernia repair,0.00010511139324496802,0.0001012322552714643,0.01012322552714643,55722,1,cmr_versius,cmr_versius:02,0.9630949809174046,YAML group mix ratios normalized globally; language proportions estimated from mapped current-public rows within each represented group
arm left: 2. left instrument: Tool #0 (Cyan). arm right: 1. right instrument: Tool #9 (Green). do a hysterectomy,0.00010480014490705089,0.00010093249355939741,0.010093249355939742,55557,1,cmr_versius,cmr_versius:01,0.9630949809174046,YAML group mix ratios normalized globally; language proportions estimated from mapped current-public rows within each represented group
Correct the previous movement or position of the grasper.,0.00010470311490952667,0.00010083904445578342,0.010083904445578341,1398,1,tud_tundra_ur5e,tud_tundra_ur5e:00,0.9630949809174046,YAML group mix ratios normalized globally; language proportions estimated from mapped current-public rows within each represented group
arm left: 3. left instrument: Tool #2 (Blue). arm right: 2. right instrument: Tool #2 (Green). do a prostatectomy,0.00010460962319717431,0.00010074900305685949,0.010074900305685948,55456,1,cmr_versius,cmr_versius:03,0.9630949809174046,YAML group mix ratios normalized globally; language proportions estimated from mapped current-public rows within each represented group
arm left: 0. left instrument: Tool #14 (White). arm right: -1. right instrument: Tool #3 (None). do an inguinal hernia repair,0.00010460585049004805,0.00010074536958156171,0.010074536958156171,55454,1,cmr_versius,cmr_versius:02,0.9630949809174046,YAML group mix ratios normalized globally; language proportions estimated from mapped current-public rows within each represented group
arm left: 3. left instrument: Tool #0 (Blue). arm right: 1. right instrument: Tool #9 (Cyan). do a cholecystectomy,0.00010443041960867656,0.0001005764129802149,0.01005764129802149,55361,1,cmr_versius,cmr_versius:00,0.9630949809174046,YAML group mix ratios normalized globally; language proportions estimated from mapped current-public rows within each represented group
arm left: 1. left instrument: Tool #12 (Cyan). arm right: 2. right instrument: Tool #8 (Purple). do a cholecystectomy,0.00010441910148729775,0.00010056551255432156,0.010056551255432157,55355,1,cmr_versius,cmr_versius:00,0.9630949809174046,YAML group mix ratios normalized globally; language proportions estimated from mapped current-public rows within each represented group
arm left: 1. left instrument: Tool #0 (Green). arm right: 2. right instrument: Tool #9 (Blue). do an inguinal hernia repair,0.00010385130906479432,0.00010001867452200558,0.010001867452200558,55054,1,cmr_versius,cmr_versius:02,0.9630949809174046,YAML group mix ratios normalized globally; language proportions estimated from mapped current-public rows within each represented group
arm left: 3. left instrument: Tool #2 (Cyan). arm right: 1. right instrument: Tool #2 (Blue). do a prostatectomy,0.00010175557025615216,9.800027899408849e-05,0.009800027899408849,53943,1,cmr_versius,cmr_versius:03,0.9630949809174046,YAML group mix ratios normalized globally; language proportions estimated from mapped current-public rows within each represented group
arm left: 1. left instrument: Tool #0 (Pink). arm right: 2. right instrument: Tool #0 (Green). do a prostatectomy,0.0001005690538649407,9.68575510129365e-05,0.00968575510129365,53314,1,cmr_versius,cmr_versius:03,0.9630949809174046,YAML group mix ratios normalized globally; language proportions estimated from mapped current-public rows within each represented group
arm left: 2. left instrument: Tool #2 (Pink). arm right: -1. right instrument: Tool #3 (None). do a hysterectomy,0.0001004596453582789,9.675218022930086e-05,0.009675218022930086,53256,1,cmr_versius,cmr_versius:01,0.9630949809174046,YAML group mix ratios normalized globally; language proportions estimated from mapped current-public rows within each represented group
arm left: 1. left instrument: Tool #0 (Cyan). arm right: 3. right instrument: Tool #13 (Orange). do a hysterectomy,0.00010002767039232115,9.633614730770498e-05,0.009633614730770498,53027,1,cmr_versius,cmr_versius:01,0.9630949809174046,YAML group mix ratios normalized globally; language proportions estimated from mapped current-public rows within each represented group
arm left: 1. left instrument: Tool #0 (Pink). arm right: -1. right instrument: Tool #3 (None). do a cholecystectomy,9.9435355373497e-05,9.576569168595344e-05,0.009576569168595344,52713,1,cmr_versius,cmr_versius:00,0.9630949809174046,YAML group mix ratios normalized globally; language proportions estimated from mapped current-public rows within each represented group
arm left: 2. left instrument: Tool #0 (Cyan). arm right: 1. right instrument: Tool #9 (Purple). do an inguinal hernia repair,9.826204345722748e-05,9.463568086834368e-05,0.009463568086834368,52091,1,cmr_versius,cmr_versius:02,0.9630949809174046,YAML group mix ratios normalized globally; language proportions estimated from mapped current-public rows within each represented group
left tool: forceps. right tool: bi_maryland_forceps. aux tool: bi_maryland_forceps. The surgery process is a hemicolectomy.,9.822217069516607e-05,9.459727961132703e-05,0.009459727961132702,1312,1,rob_surgical_bitrack,rob_surgical_bitrack:00,0.9630949809174046,YAML group mix ratios normalized globally; language proportions estimated from mapped current-public rows within each represented group
arm left: 1. left instrument: Tool #2 (Green). arm right: -1. right instrument: Tool #3 (None). do an inguinal hernia repair,9.803945373677763e-05,9.442130582577463e-05,0.009442130582577462,51973,1,cmr_versius,cmr_versius:02,0.9630949809174046,YAML group mix ratios normalized globally; language proportions estimated from mapped current-public rows within each represented group
arm left: 3. left instrument: Tool #0 (Orange). arm right: 2. right instrument: Tool #9 (Green). do a prostatectomy,9.784893202690107e-05,9.423781532323671e-05,0.00942378153232367,51872,1,cmr_versius,cmr_versius:03,0.9630949809174046,YAML group mix ratios normalized globally; language proportions estimated from mapped current-public rows within each represented group
arm left: -1. left instrument: Tool #3 (None). arm right: 3. right instrument: Tool #9 (Orange). do a prostatectomy,9.78395002590854e-05,9.422873163499226e-05,0.009422873163499226,51867,1,cmr_versius,cmr_versius:03,0.9630949809174046,YAML group mix ratios normalized globally; language proportions estimated from mapped current-public rows within each represented group
arm left: 2. left instrument: Tool #12 (Orange). arm right: 1. right instrument: Tool #9 (Cyan). do an inguinal hernia repair,9.72396398260087e-05,9.365100906264515e-05,0.009365100906264516,51549,1,cmr_versius,cmr_versius:02,0.9630949809174046,YAML group mix ratios normalized globally; language proportions estimated from mapped current-public rows within each represented group
arm left: 2. left instrument: Tool #0 (Green). arm right: 1. right instrument: Tool #9 (Pink). do a hysterectomy,9.710193601589991e-05,9.351838721427617e-05,0.009351838721427617,51476,1,cmr_versius,cmr_versius:01,0.9630949809174046,YAML group mix ratios normalized globally; language proportions estimated from mapped current-public rows within each represented group
arm left: 3. left instrument: Tool #12 (Cyan). arm right: 2. right instrument: Tool #2 (Orange). do a hysterectomy,9.674352883890438e-05,9.3173207060987e-05,0.0093173207060987,51286,1,cmr_versius,cmr_versius:01,0.9630949809174046,YAML group mix ratios normalized globally; language proportions estimated from mapped current-public rows within each represented group
arm left: 1. left instrument: Tool #18 (Cyan). arm right: 2. right instrument: Tool #8 (Purple). do a hysterectomy,9.663789303936887e-05,9.307146975264915e-05,0.009307146975264914,51230,1,cmr_versius,cmr_versius:01,0.9630949809174046,YAML group mix ratios normalized globally; language proportions estimated from mapped current-public rows within each represented group
arm left: 1. left instrument: Tool #12 (Orange). arm right: 3. right instrument: Tool #0 (Pink). do a hysterectomy,9.663600668580575e-05,9.306965301500027e-05,0.009306965301500027,51229,1,cmr_versius,cmr_versius:01,0.9630949809174046,YAML group mix ratios normalized globally; language proportions estimated from mapped current-public rows within each represented group
left tool: none. right tool: bi_maryland_forceps. aux tool: bi_maryland_forceps. The surgery process is a hemicolectomy.Lateral to lateral approximation,9.635055921088319e-05,9.279473998458681e-05,0.00927947399845868,1287,1,rob_surgical_bitrack,rob_surgical_bitrack:00,0.9630949809174046,YAML group mix ratios normalized globally; language proportions estimated from mapped current-public rows within each represented group
arm left: -1. left instrument: Tool #3 (None). arm right: 0. right instrument: Tool #14 (White). do a hysterectomy,9.629834939800469e-05,9.274445697584889e-05,0.009274445697584888,51050,1,cmr_versius,cmr_versius:01,0.9630949809174046,YAML group mix ratios normalized globally; language proportions estimated from mapped current-public rows within each represented group
arm left: 3. left instrument: Tool #1 (Cyan). arm right: 1. right instrument: Tool #8 (Pink). do a hysterectomy,9.60455780205447e-05,9.25010141308976e-05,0.00925010141308976,50916,1,cmr_versius,cmr_versius:01,0.9630949809174046,YAML group mix ratios normalized globally; language proportions estimated from mapped current-public rows within each represented group
arm left: 2. left instrument: Tool #0 (Orange). arm right: -1. right instrument: Tool #3 (None). do an inguinal hernia repair,9.577394310745337e-05,9.22394039094574e-05,0.009223940390945741,50772,1,cmr_versius,cmr_versius:02,0.9630949809174046,YAML group mix ratios normalized globally; language proportions estimated from mapped current-public rows within each represented group
left tool: mono_hook. right tool: bi_maryland_forceps. aux tool: bi_maryland_forceps. The surgery process is a hemicolectomy 2025-10-10_01.Suturing,9.575164353591265e-05,9.221792730402992e-05,0.009221792730402993,1279,1,rob_surgical_bitrack,rob_surgical_bitrack:00,0.9630949809174046,YAML group mix ratios normalized globally; language proportions estimated from mapped current-public rows within each represented group
arm left: 2. left instrument: Tool #18 (Cyan). arm right: 3. right instrument: Tool #8 (Pink). do a hysterectomy,9.544194488034174e-05,9.191965808325271e-05,0.009191965808325271,50596,1,cmr_versius,cmr_versius:01,0.9630949809174046,YAML group mix ratios normalized globally; language proportions estimated from mapped current-public rows within each represented group
"Pull back on gallbladder post-surgeon's end grasp, continuing till fully straight in camera.",9.541614334387481e-05,9.189480875298145e-05,0.009189480875298145,1274,1,tud_tundra_ur5e,tud_tundra_ur5e:00,0.9630949809174046,YAML group mix ratios normalized globally; language proportions estimated from mapped current-public rows within each represented group
arm left: 1. left instrument: Tool #12 (Cyan). arm right: 2. right instrument: Tool #2 (Orange). do a hysterectomy,9.533253637367996e-05,9.181428729961708e-05,0.009181428729961708,50538,1,cmr_versius,cmr_versius:01,0.9630949809174046,YAML group mix ratios normalized globally; language proportions estimated from mapped current-public rows within each represented group
arm left: 1. left instrument: Tool #12 (Green). arm right: 2. right instrument: Tool #2 (Pink). do a hysterectomy,9.529103659529099e-05,9.177431907134148e-05,0.009177431907134149,50516,1,cmr_versius,cmr_versius:01,0.9630949809174046,YAML group mix ratios normalized globally; language proportions estimated from mapped current-public rows within each represented group
arm left: 1. left instrument: Tool #13 (Blue). arm right: 2. right instrument: Tool #18 (Purple). do an inguinal hernia repair,9.500431085369459e-05,9.149817494871017e-05,0.009149817494871017,50364,1,cmr_versius,cmr_versius:02,0.9630949809174046,YAML group mix ratios normalized globally; language proportions estimated from mapped current-public rows within each represented group
arm left: 1. left instrument: Tool #13 (Purple). arm right: 2. right instrument: Tool #2 (Cyan). do an inguinal hernia repair,9.429315556039296e-05,9.081326485507853e-05,0.009081326485507853,49987,1,cmr_versius,cmr_versius:02,0.9630949809174046,YAML group mix ratios normalized globally; language proportions estimated from mapped current-public rows within each represented group
arm left: -1. left instrument: Tool #3 (None). arm right: 2. right instrument: Tool #2 (Cyan). do an inguinal hernia repair,9.418186070016804e-05,9.0706077333794e-05,0.0090706077333794,49928,1,cmr_versius,cmr_versius:02,0.9630949809174046,YAML group mix ratios normalized globally; language proportions estimated from mapped current-public rows within each represented group
arm left: -1. left instrument: Tool #3 (None). arm right: 1. right instrument: Tool #2 (Blue). do an inguinal hernia repair,9.415545175028415e-05,9.068064300670953e-05,0.009068064300670952,49914,1,cmr_versius,cmr_versius:02,0.9630949809174046,YAML group mix ratios normalized globally; language proportions estimated from mapped current-public rows within each represented group
arm left: 3. left instrument: Tool #2 (Orange). arm right: 1. right instrument: Tool #2 (Blue). do a hysterectomy,9.390079401926105e-05,9.043538342410935e-05,0.009043538342410935,49779,1,cmr_versius,cmr_versius:01,0.9630949809174046,YAML group mix ratios normalized globally; language proportions estimated from mapped current-public rows within each represented group
arm left: -1. left instrument: Tool #3 (None). arm right: 1. right instrument: Tool #9 (Blue). do a prostatectomy,9.381590810891999e-05,9.035363022990928e-05,0.009035363022990928,49734,1,cmr_versius,cmr_versius:03,0.9630949809174046,YAML group mix ratios normalized globally; language proportions estimated from mapped current-public rows within each represented group
arm left: 2. left instrument: Tool #18 (Green). arm right: 1. right instrument: Tool #2 (Purple). do a hysterectomy,9.377440833053104e-05,9.03136620016337e-05,0.009031366200163371,49712,1,cmr_versius,cmr_versius:01,0.9630949809174046,YAML group mix ratios normalized globally; language proportions estimated from mapped current-public rows within each represented group
arm left: 2. left instrument: Tool #1 (Green). arm right: 1. right instrument: Tool #0 (Blue). do a prostatectomy,9.368009065237433e-05,9.022282511918919e-05,0.00902228251191892,49662,1,cmr_versius,cmr_versius:03,0.9630949809174046,YAML group mix ratios normalized globally; language proportions estimated from mapped current-public rows within each represented group
arm left: 1. left instrument: Tool #13 (Orange). arm right: 2. right instrument: Tool #2 (Pink). do an inguinal hernia repair,9.354238684226553e-05,9.00902032708202e-05,0.00900902032708202,49589,1,cmr_versius,cmr_versius:02,0.9630949809174046,YAML group mix ratios normalized globally; language proportions estimated from mapped current-public rows within each represented group
arm left: 2. left instrument: Tool #18 (Orange). arm right: 1. right instrument: Tool #9 (Pink). do an inguinal hernia repair,9.350088706387657e-05,9.005023504254461e-05,0.009005023504254462,49567,1,cmr_versius,cmr_versius:02,0.9630949809174046,YAML group mix ratios normalized globally; language proportions estimated from mapped current-public rows within each represented group
arm left: 1. left instrument: Tool #12 (Pink). arm right: 2. right instrument: Tool #2 (Purple). do an inguinal hernia repair,9.326697922204793e-05,8.982495957408222e-05,0.008982495957408222,49443,1,cmr_versius,cmr_versius:02,0.9630949809174046,YAML group mix ratios normalized globally; language proportions estimated from mapped current-public rows within each represented group
arm left: 2. left instrument: Tool #0 (Green). arm right: -1. right instrument: Tool #3 (None). do a hysterectomy,9.302741231952987e-05,8.959423389267316e-05,0.008959423389267316,49316,1,cmr_versius,cmr_versius:01,0.9630949809174046,YAML group mix ratios normalized globally; language proportions estimated from mapped current-public rows within each represented group
arm left: 2. left instrument: Tool #0 (Green). arm right: 1. right instrument: Tool #2 (Pink). do a hysterectomy,9.29632762983833e-05,8.953246481261088e-05,0.008953246481261088,49282,1,cmr_versius,cmr_versius:01,0.9630949809174046,YAML group mix ratios normalized globally; language proportions estimated from mapped current-public rows within each represented group
arm left: 2. left instrument: Tool #12 (Blue). arm right: 1. right instrument: Tool #2 (Purple). do an inguinal hernia repair,9.270484586023389e-05,8.92835717547129e-05,0.00892835717547129,49145,1,cmr_versius,cmr_versius:02,0.9630949809174046,YAML group mix ratios normalized globally; language proportions estimated from mapped current-public rows within each represented group
arm left: 1. left instrument: Tool #18 (Green). arm right: -1. right instrument: Tool #3 (None). do a prostatectomy,9.26331644248348e-05,8.921453572405507e-05,0.008921453572405508,49107,1,cmr_versius,cmr_versius:03,0.9630949809174046,YAML group mix ratios normalized globally; language proportions estimated from mapped current-public rows within each represented group
arm left: 1. left instrument: Tool #2 (Orange). arm right: 2. right instrument: Tool #2 (Green). do an inguinal hernia repair,9.24124610579481e-05,8.900197741913492e-05,0.008900197741913493,48990,1,cmr_versius,cmr_versius:02,0.9630949809174046,YAML group mix ratios normalized globally; language proportions estimated from mapped current-public rows within each represented group
arm left: 1. left instrument: Tool #2 (Blue). arm right: 2. right instrument: Tool #2 (Orange). do a prostatectomy,9.195407714210646e-05,8.856051017045458e-05,0.008856051017045457,48747,1,cmr_versius,cmr_versius:03,0.9630949809174046,YAML group mix ratios normalized globally; language proportions estimated from mapped current-public rows within each represented group
arm left: 2. left instrument: Tool #12 (Pink). arm right: 1. right instrument: Tool #2 (Cyan). do a hysterectomy,9.148437510488603e-05,8.81081424958809e-05,0.00881081424958809,48498,1,cmr_versius,cmr_versius:01,0.9630949809174046,YAML group mix ratios normalized globally; language proportions estimated from mapped current-public rows within each represented group
arm left: 2. left instrument: Tool #0 (Green). arm right: -1. right instrument: Tool #3 (None). do a cholecystectomy,9.144287532649707e-05,8.806817426760531e-05,0.008806817426760531,48476,1,cmr_versius,cmr_versius:00,0.9630949809174046,YAML group mix ratios normalized globally; language proportions estimated from mapped current-public rows within each represented group
arm left: 2. left instrument: Tool #18 (Green). arm right: -1. right instrument: Tool #3 (None). do a prostatectomy,9.139005742672931e-05,8.801730561343638e-05,0.008801730561343639,48448,1,cmr_versius,cmr_versius:03,0.9630949809174046,YAML group mix ratios normalized globally; language proportions estimated from mapped current-public rows within each represented group
arm left: -1. left instrument: Tool #3 (None). arm right: 2. right instrument: Tool #2 (Orange). do an inguinal hernia repair,9.10033549462868e-05,8.764487439541388e-05,0.008764487439541387,48243,1,cmr_versius,cmr_versius:02,0.9630949809174046,YAML group mix ratios normalized globally; language proportions estimated from mapped current-public rows within each represented group
arm left: 3. left instrument: Tool #18 (Blue). arm right: 2. right instrument: Tool #9 (Cyan). do a cholecystectomy,9.08826283182462e-05,8.75286031858849e-05,0.00875286031858849,48179,1,cmr_versius,cmr_versius:00,0.9630949809174046,YAML group mix ratios normalized globally; language proportions estimated from mapped current-public rows within each represented group
arm left: 2. left instrument: Tool #13 (Pink). arm right: 1. right instrument: Tool #9 (Blue). do a hysterectomy,9.02393817532174e-05,8.690909564761331e-05,0.008690909564761332,47838,1,cmr_versius,cmr_versius:01,0.9630949809174046,YAML group mix ratios normalized globally; language proportions estimated from mapped current-public rows within each represented group
arm left: 0. left instrument: Tool #17 (White). arm right: -1. right instrument: Tool #3 (None). do an inguinal hernia repair,8.994511059736846e-05,8.662568457438643e-05,0.008662568457438643,47682,1,cmr_versius,cmr_versius:02,0.9630949809174046,YAML group mix ratios normalized globally; language proportions estimated from mapped current-public rows within each represented group
arm left: 2. left instrument: Tool #2 (Blue). arm right: 1. right instrument: Tool #2 (Green). do a prostatectomy,8.979797501944399e-05,8.648397903777299e-05,0.008648397903777298,47604,1,cmr_versius,cmr_versius:03,0.9630949809174046,YAML group mix ratios normalized globally; language proportions estimated from mapped current-public rows within each represented group
arm left: 2. left instrument: Tool #0 (Blue). arm right: 3. right instrument: Tool #9 (Pink). do a prostatectomy,8.965272579508265e-05,8.634409023880844e-05,0.008634409023880844,47527,1,cmr_versius,cmr_versius:03,0.9630949809174046,YAML group mix ratios normalized globally; language proportions estimated from mapped current-public rows within each represented group
arm left: 2. left instrument: Tool #13 (Cyan). arm right: 1. right instrument: Tool #2 (Purple). do an inguinal hernia repair,8.925281883969817e-05,8.595894185724369e-05,0.00859589418572437,47315,1,cmr_versius,cmr_versius:02,0.9630949809174046,YAML group mix ratios normalized globally; language proportions estimated from mapped current-public rows within each represented group
arm left: 2. left instrument: Tool #0 (Purple). arm right: 1. right instrument: Tool #9 (Cyan). do a cholecystectomy,8.919434187924101e-05,8.590262299012809e-05,0.008590262299012809,47284,1,cmr_versius,cmr_versius:00,0.9630949809174046,YAML group mix ratios normalized globally; language proportions estimated from mapped current-public rows within each represented group
arm left: 2. left instrument: Tool #0 (Cyan). arm right: 1. right instrument: Tool #2 (Pink). do a hysterectomy,8.866239017443715e-05,8.539030297314104e-05,0.008539030297314103,47002,1,cmr_versius,cmr_versius:01,0.9630949809174046,YAML group mix ratios normalized globally; language proportions estimated from mapped current-public rows within each represented group
arm left: 1. left instrument: Tool #18 (Blue). arm right: -1. right instrument: Tool #3 (None). do a prostatectomy,8.844168680755045e-05,8.517774466822087e-05,0.008517774466822087,46885,1,cmr_versius,cmr_versius:03,0.9630949809174046,YAML group mix ratios normalized globally; language proportions estimated from mapped current-public rows within each represented group
arm left: 1. left instrument: Tool #18 (Pink). arm right: 0. right instrument: Tool #14 (White). do an inguinal hernia repair,8.807196150917613e-05,8.482166408903838e-05,0.008482166408903837,46689,1,cmr_versius,cmr_versius:02,0.9630949809174046,YAML group mix ratios normalized globally; language proportions estimated from mapped current-public rows within each represented group
arm left: -1. left instrument: Tool #3 (None). arm right: 2. right instrument: Tool #9 (Pink). do a hysterectomy,8.724951135564959e-05,8.402956647412221e-05,0.00840295664741222,46253,1,cmr_versius,cmr_versius:01,0.9630949809174046,YAML group mix ratios normalized globally; language proportions estimated from mapped current-public rows within each represented group
arm left: 1. left instrument: Tool #18 (Blue). arm right: 2. right instrument: Tool #8 (Cyan). do a hysterectomy,8.716273909174542e-05,8.394599654227327e-05,0.008394599654227328,46207,1,cmr_versius,cmr_versius:01,0.9630949809174046,YAML group mix ratios normalized globally; language proportions estimated from mapped current-public rows within each represented group
arm left: 1. left instrument: Tool #18 (Green). arm right: -1. right instrument: Tool #3 (None). do an inguinal hernia repair,8.692317218922735e-05,8.37152708608642e-05,0.00837152708608642,46080,1,cmr_versius,cmr_versius:02,0.9630949809174046,YAML group mix ratios normalized globally; language proportions estimated from mapped current-public rows within each represented group
arm left: 2. left instrument: Tool #0 (Pink). arm right: 3. right instrument: Tool #9 (Green). do a prostatectomy,8.667040081176737e-05,8.34718280159129e-05,0.00834718280159129,45946,1,cmr_versius,cmr_versius:03,0.9630949809174046,YAML group mix ratios normalized globally; language proportions estimated from mapped current-public rows within each represented group
arm left: 3. left instrument: Tool #18 (Pink). arm right: -1. right instrument: Tool #3 (None). do an inguinal hernia repair,8.647799274832767e-05,8.328652077572609e-05,0.008328652077572609,45844,1,cmr_versius,cmr_versius:02,0.9630949809174046,YAML group mix ratios normalized globally; language proportions estimated from mapped current-public rows within each represented group
arm left: -1. left instrument: Tool #3 (None). arm right: 0. right instrument: Tool #17 (White). do a hysterectomy,8.634594799890826e-05,8.315934914030377e-05,0.008315934914030376,45774,1,cmr_versius,cmr_versius:01,0.9630949809174046,YAML group mix ratios normalized globally; language proportions estimated from mapped current-public rows within each represented group
arm left: -1. left instrument: Tool #3 (None). arm right: 1. right instrument: Tool #2 (Orange). do an inguinal hernia repair,8.615919899615797e-05,8.297949211306363e-05,0.008297949211306364,45675,1,cmr_versius,cmr_versius:02,0.9630949809174046,YAML group mix ratios normalized globally; language proportions estimated from mapped current-public rows within each represented group
arm left: 1. left instrument: Tool #12 (Orange). arm right: 2. right instrument: Tool #2 (Cyan). do a hysterectomy,8.532543072125262e-05,8.217649407225413e-05,0.008217649407225414,45233,1,cmr_versius,cmr_versius:01,0.9630949809174046,YAML group mix ratios normalized globally; language proportions estimated from mapped current-public rows within each represented group
arm left: 2. left instrument: Tool #12 (Green). arm right: 3. right instrument: Tool #2 (Orange). do a hysterectomy,8.529336271067933e-05,8.214560953222299e-05,0.008214560953222299,45216,1,cmr_versius,cmr_versius:01,0.9630949809174046,YAML group mix ratios normalized globally; language proportions estimated from mapped current-public rows within each represented group
arm left: 1. left instrument: Tool #18 (Green). arm right: 2. right instrument: Tool #13 (Pink). do an inguinal hernia repair,8.515188619344427e-05,8.200935420855622e-05,0.008200935420855622,45141,1,cmr_versius,cmr_versius:02,0.9630949809174046,YAML group mix ratios normalized globally; language proportions estimated from mapped current-public rows within each represented group
arm left: 1. left instrument: Tool #0 (Purple). arm right: 2. right instrument: Tool #10 (Blue). do a hysterectomy,8.5148113486318e-05,8.200572073325845e-05,0.008200572073325845,45139,1,cmr_versius,cmr_versius:01,0.9630949809174046,YAML group mix ratios normalized globally; language proportions estimated from mapped current-public rows within each represented group
arm left: 2. left instrument: Tool #13 (Blue). arm right: 1. right instrument: Tool #18 (Cyan). do an inguinal hernia repair,8.495381906931518e-05,8.181859675542274e-05,0.008181859675542275,45036,1,cmr_versius,cmr_versius:02,0.9630949809174046,YAML group mix ratios normalized globally; language proportions estimated from mapped current-public rows within each represented group
arm left: -1. left instrument: Tool #3 (None). arm right: 1. right instrument: Tool #2 (Pink). do an inguinal hernia repair,8.48066834913907e-05,8.16768912188093e-05,0.008167689121880931,44958,1,cmr_versius,cmr_versius:02,0.9630949809174046,YAML group mix ratios normalized globally; language proportions estimated from mapped current-public rows within each represented group
Close down on the colon for hold. Keep position awaiting surgeon's counterpart grasp.,8.478106300256382e-05,8.165221625461148e-05,0.008165221625461148,1132,1,tud_tundra_ur5e,tud_tundra_ur5e:00,0.9630949809174046,YAML group mix ratios normalized globally; language proportions estimated from mapped current-public rows within each represented group
arm left: 2. left instrument: Tool #0 (Blue). arm right: 0. right instrument: Tool #14 (White). do a cholecystectomy,8.456145752818323e-05,8.144071532445355e-05,0.008144071532445356,44828,1,cmr_versius,cmr_versius:00,0.9630949809174046,YAML group mix ratios normalized globally; language proportions estimated from mapped current-public rows within each represented group
arm left: 3. left instrument: Tool #12 (Pink). arm right: 2. right instrument: Tool #0 (Orange). do a hysterectomy,8.425398189739235e-05,8.114458708768445e-05,0.008114458708768445,44665,1,cmr_versius,cmr_versius:01,0.9630949809174046,YAML group mix ratios normalized globally; language proportions estimated from mapped current-public rows within each represented group
left tool: forceps. right tool: bi_maryland_forceps. aux tool: bi_maryland_forceps. The surgery process is a hemicolectomy InVivo 2.Suturing,8.422251679273005e-05,8.111428320331014e-05,0.008111428320331014,1125,1,rob_surgical_bitrack,rob_surgical_bitrack:00,0.9630949809174046,YAML group mix ratios normalized globally; language proportions estimated from mapped current-public rows within each represented group
arm left: 2. left instrument: Tool #2 (Blue). arm right: 1. right instrument: Tool #9 (Purple). do an inguinal hernia repair,8.371071207120969e-05,8.062136664480405e-05,0.008062136664480406,44377,1,cmr_versius,cmr_versius:02,0.9630949809174046,YAML group mix ratios normalized globally; language proportions estimated from mapped current-public rows within each represented group
arm left: 2. left instrument: Tool #0 (Blue). arm right: 1. right instrument: Tool #8 (Cyan). do an inguinal hernia repair,8.34522816330603e-05,8.037247358690608e-05,0.008037247358690608,44240,1,cmr_versius,cmr_versius:02,0.9630949809174046,YAML group mix ratios normalized globally; language proportions estimated from mapped current-public rows within each represented group
arm left: 2. left instrument: Tool #2 (Pink). arm right: 1. right instrument: Tool #2 (Purple). do a hysterectomy,8.32711916909994e-05,8.01980667726126e-05,0.00801980667726126,44144,1,cmr_versius,cmr_versius:01,0.9630949809174046,YAML group mix ratios normalized globally; language proportions estimated from mapped current-public rows within each represented group
arm left: -1. left instrument: Tool #3 (None). arm right: 1. right instrument: Tool #9 (Blue). do an inguinal hernia repair,8.303162478848134e-05,7.996734109120354e-05,0.007996734109120354,44017,1,cmr_versius,cmr_versius:02,0.9630949809174046,YAML group mix ratios normalized globally; language proportions estimated from mapped current-public rows within each represented group
arm left: 1. left instrument: Tool #2 (Pink). arm right: 2. right instrument: Tool #2 (Cyan). do a hysterectomy,8.271471738987478e-05,7.966212916618998e-05,0.007966212916618998,43849,1,cmr_versius,cmr_versius:01,0.9630949809174046,YAML group mix ratios normalized globally; language proportions estimated from mapped current-public rows within each represented group
arm left: 2. left instrument: Tool #2 (Cyan). arm right: 1. right instrument: Tool #2 (Orange). do a hysterectomy,8.21752202708184e-05,7.914254219860736e-05,0.007914254219860736,43563,1,cmr_versius,cmr_versius:01,0.9630949809174046,YAML group mix ratios normalized globally; language proportions estimated from mapped current-public rows within each represented group
arm left: 2. left instrument: Tool #2 (Orange). arm right: 3. right instrument: Tool #2 (Cyan). do a prostatectomy,8.195828961105794e-05,7.893361736898498e-05,0.007893361736898499,43448,1,cmr_versius,cmr_versius:03,0.9630949809174046,YAML group mix ratios normalized globally; language proportions estimated from mapped current-public rows within each represented group
arm left: 2. left instrument: Tool #0 (Purple). arm right: 1. right instrument: Tool #2 (Blue). do a hysterectomy,8.175644977980258e-05,7.873922644055372e-05,0.007873922644055372,43341,1,cmr_versius,cmr_versius:01,0.9630949809174046,YAML group mix ratios normalized globally; language proportions estimated from mapped current-public rows within each represented group
arm left: 1. left instrument: Tool #0 (Green). arm right: 2. right instrument: Tool #2 (Pink). do an inguinal hernia repair,8.08170457053617e-05,7.783449109140635e-05,0.007783449109140635,42843,1,cmr_versius,cmr_versius:02,0.9630949809174046,YAML group mix ratios normalized globally; language proportions estimated from mapped current-public rows within each represented group
arm left: 1. left instrument: Tool #18 (Blue). arm right: 2. right instrument: Tool #2 (Cyan). do an inguinal hernia repair,8.065670565249531e-05,7.768006839125069e-05,0.007768006839125069,42758,1,cmr_versius,cmr_versius:02,0.9630949809174046,YAML group mix ratios normalized globally; language proportions estimated from mapped current-public rows within each represented group
arm left: 3. left instrument: Tool #0 (Green). arm right: 1. right instrument: Tool #9 (Pink). do a hysterectomy,7.984557362034757e-05,7.689887120222787e-05,0.007689887120222787,42328,1,cmr_versius,cmr_versius:01,0.9630949809174046,YAML group mix ratios normalized globally; language proportions estimated from mapped current-public rows within each represented group
arm left: -1. left instrument: Tool #3 (None). arm right: 2. right instrument: Tool #9 (Blue). do a prostatectomy,7.978521030632727e-05,7.684073559746337e-05,0.007684073559746337,42296,1,cmr_versius,cmr_versius:03,0.9630949809174046,YAML group mix ratios normalized globally; language proportions estimated from mapped current-public rows within each represented group
arm left: 1. left instrument: Tool #0 (Blue). arm right: 3. right instrument: Tool #9 (Orange). do a prostatectomy,7.888541965671221e-05,7.59741517389427e-05,0.00759741517389427,41819,1,cmr_versius,cmr_versius:03,0.9630949809174046,YAML group mix ratios normalized globally; language proportions estimated from mapped current-public rows within each represented group
arm left: 2. left instrument: Tool #0 (Blue). arm right: 1. right instrument: Tool #2 (Cyan). do an inguinal hernia repair,7.868357982545686e-05,7.577976081051145e-05,0.007577976081051145,41712,1,cmr_versius,cmr_versius:02,0.9630949809174046,YAML group mix ratios normalized globally; language proportions estimated from mapped current-public rows within each represented group
arm left: 1. left instrument: Tool #2 (Orange). arm right: -1. right instrument: Tool #3 (None). do a prostatectomy,7.842892209443372e-05,7.553450122791125e-05,0.007553450122791125,41577,1,cmr_versius,cmr_versius:03,0.9630949809174046,YAML group mix ratios normalized globally; language proportions estimated from mapped current-public rows within each represented group
arm left: 3. left instrument: Tool #13 (Green). arm right: 1. right instrument: Tool #9 (Orange). do a prostatectomy,7.827046839513044e-05,7.538189526540448e-05,0.007538189526540448,41493,1,cmr_versius,cmr_versius:03,0.9630949809174046,YAML group mix ratios normalized globally; language proportions estimated from mapped current-public rows within each represented group
arm left: 1. left instrument: Tool #0 (Green). arm right: 3. right instrument: Tool #9 (Cyan). do a prostatectomy,7.802901513904926e-05,7.514935284634652e-05,0.007514935284634652,41365,1,cmr_versius,cmr_versius:03,0.9630949809174046,YAML group mix ratios normalized globally; language proportions estimated from mapped current-public rows within each represented group
arm left: -1. left instrument: Tool #3 (None). arm right: 2. right instrument: Tool #8 (Blue). do a cholecystectomy,7.745179094873015e-05,7.459343112578608e-05,0.007459343112578608,41059,1,cmr_versius,cmr_versius:00,0.9630949809174046,YAML group mix ratios normalized globally; language proportions estimated from mapped current-public rows within each represented group
arm left: 1. left instrument: Tool #18 (Green). arm right: 2. right instrument: Tool #0 (Orange). do a prostatectomy,7.714808802506555e-05,7.430093636431476e-05,0.007430093636431476,40898,1,cmr_versius,cmr_versius:03,0.9630949809174046,YAML group mix ratios normalized globally; language proportions estimated from mapped current-public rows within each represented group
arm left: 3. left instrument: Tool #2 (Blue). arm right: 1. right instrument: Tool #2 (Green). do a hysterectomy,7.714242896437616e-05,7.42954861513681e-05,0.00742954861513681,40895,1,cmr_versius,cmr_versius:01,0.9630949809174046,YAML group mix ratios normalized globally; language proportions estimated from mapped current-public rows within each represented group
arm left: 1. left instrument: Tool #0 (Green). arm right: -1. right instrument: Tool #3 (None). do an inguinal hernia repair,7.638977389268556e-05,7.357060782946085e-05,0.007357060782946085,40496,1,cmr_versius,cmr_versius:02,0.9630949809174046,YAML group mix ratios normalized globally; language proportions estimated from mapped current-public rows within each represented group
arm left: 2. left instrument: Tool #1 (Blue). arm right: -1. right instrument: Tool #3 (None). do an inguinal hernia repair,7.624452466832423e-05,7.343071903049631e-05,0.007343071903049631,40419,1,cmr_versius,cmr_versius:02,0.9630949809174046,YAML group mix ratios normalized globally; language proportions estimated from mapped current-public rows within each represented group
arm left: 1. left instrument: Tool #2 (Green). arm right: 2. right instrument: Tool #2 (Orange). do a hysterectomy,7.559939174973232e-05,7.280939475457584e-05,0.007280939475457584,40077,1,cmr_versius,cmr_versius:01,0.9630949809174046,YAML group mix ratios normalized globally; language proportions estimated from mapped current-public rows within each represented group
arm left: 1. left instrument: Tool #0 (Cyan). arm right: 2. right instrument: Tool #9 (Blue). do a cholecystectomy,7.541830180767141e-05,7.263498794028237e-05,0.007263498794028237,39981,1,cmr_versius,cmr_versius:00,0.9630949809174046,YAML group mix ratios normalized globally; language proportions estimated from mapped current-public rows within each represented group
arm left: 1. left instrument: Tool #0 (Green). arm right: 2. right instrument: Tool #2 (Blue). do an inguinal hernia repair,7.529568882606768e-05,7.251689999310449e-05,0.007251689999310449,39916,1,cmr_versius,cmr_versius:02,0.9630949809174046,YAML group mix ratios normalized globally; language proportions estimated from mapped current-public rows within each represented group
arm left: 2. left instrument: Tool #0 (Blue). arm right: 3. right instrument: Tool #9 (Green). do a prostatectomy,7.520703020860038e-05,7.243151332360666e-05,0.007243151332360666,39869,1,cmr_versius,cmr_versius:03,0.9630949809174046,YAML group mix ratios normalized globally; language proportions estimated from mapped current-public rows within each represented group
arm left: 3. left instrument: Tool #18 (Cyan). arm right: 1. right instrument: Tool #8 (Pink). do a hysterectomy,7.520514385503724e-05,7.242969658595776e-05,0.007242969658595776,39868,1,cmr_versius,cmr_versius:01,0.9630949809174046,YAML group mix ratios normalized globally; language proportions estimated from mapped current-public rows within each represented group
arm left: -1. left instrument: Tool #3 (None). arm right: 1. right instrument: Tool #2 (Cyan). do a hysterectomy,7.518439396584277e-05,7.240971247181998e-05,0.007240971247181998,39857,1,cmr_versius,cmr_versius:01,0.9630949809174046,YAML group mix ratios normalized globally; language proportions estimated from mapped current-public rows within each represented group
arm left: 3. left instrument: Tool #12 (Green). arm right: 2. right instrument: Tool #2 (Orange). do a hysterectomy,7.446380690472547e-05,7.171571868994389e-05,0.0071715718689943884,39475,1,cmr_versius,cmr_versius:01,0.9630949809174046,YAML group mix ratios normalized globally; language proportions estimated from mapped current-public rows within each represented group
arm left: 2. left instrument: Tool #18 (Blue). arm right: 1. right instrument: Tool #8 (Orange). do an inguinal hernia repair,7.443739795484158e-05,7.169028436285942e-05,0.0071690284362859414,39461,1,cmr_versius,cmr_versius:02,0.9630949809174046,YAML group mix ratios normalized globally; language proportions estimated from mapped current-public rows within each represented group
arm left: -1. left instrument: Tool #3 (None). arm right: 1. right instrument: Tool #13 (Orange). do a hysterectomy,7.425819436634383e-05,7.151769428621484e-05,0.0071517694286214835,39366,1,cmr_versius,cmr_versius:01,0.9630949809174046,YAML group mix ratios normalized globally; language proportions estimated from mapped current-public rows within each represented group
arm left: 3. left instrument: Tool #12 (Blue). arm right: -1. right instrument: Tool #3 (None). do a hysterectomy,7.379792409693906e-05,7.107441029988561e-05,0.007107441029988561,39122,1,cmr_versius,cmr_versius:01,0.9630949809174046,YAML group mix ratios normalized globally; language proportions estimated from mapped current-public rows within each represented group
arm left: 2. left instrument: Tool #2 (Pink). arm right: 3. right instrument: Tool #2 (Cyan). do a hysterectomy,7.36828565295879e-05,7.096358930330332e-05,0.0070963589303303315,39061,1,cmr_versius,cmr_versius:01,0.9630949809174046,YAML group mix ratios normalized globally; language proportions estimated from mapped current-public rows within each represented group
arm left: 2. left instrument: Tool #0 (Blue). arm right: 1. right instrument: Tool #9 (Green). do a hysterectomy,7.360362967993625e-05,7.088728632204992e-05,0.007088728632204992,39019,1,cmr_versius,cmr_versius:01,0.9630949809174046,YAML group mix ratios normalized globally; language proportions estimated from mapped current-public rows within each represented group
arm left: 1. left instrument: Tool #0 (Blue). arm right: -1. right instrument: Tool #3 (None). do an inguinal hernia repair,7.353949365878968e-05,7.082551724198764e-05,0.007082551724198765,38985,1,cmr_versius,cmr_versius:02,0.9630949809174046,YAML group mix ratios normalized globally; language proportions estimated from mapped current-public rows within each represented group
arm left: 3. left instrument: Tool #18 (Cyan). arm right: -1. right instrument: Tool #3 (None). do a hysterectomy,7.338481266661266e-05,7.067654475477864e-05,0.007067654475477864,38903,1,cmr_versius,cmr_versius:01,0.9630949809174046,YAML group mix ratios normalized globally; language proportions estimated from mapped current-public rows within each represented group
arm left: -1. left instrument: Tool #3 (None). arm right: 1. right instrument: Tool #2 (Pink). do a hysterectomy,7.336029007029193e-05,7.065292716534308e-05,0.0070652927165343075,38890,1,cmr_versius,cmr_versius:01,0.9630949809174046,YAML group mix ratios normalized globally; language proportions estimated from mapped current-public rows within each represented group
arm left: 1. left instrument: Tool #0 (Blue). arm right: 0. right instrument: Tool #14 (White). do a cholecystectomy,7.328106322064029e-05,7.057662418408968e-05,0.007057662418408968,38848,1,cmr_versius,cmr_versius:00,0.9630949809174046,YAML group mix ratios normalized globally; language proportions estimated from mapped current-public rows within each represented group
arm left: 2. left instrument: Tool #0 (Blue). arm right: -1. right instrument: Tool #3 (None). do a cholecystectomy,7.308865515720059e-05,7.039131694390287e-05,0.007039131694390287,38746,1,cmr_versius,cmr_versius:00,0.9630949809174046,YAML group mix ratios normalized globally; language proportions estimated from mapped current-public rows within each represented group
arm left: -1. left instrument: Tool #3 (None). arm right: 2. right instrument: Tool #2 (Green). do an inguinal hernia repair,7.21982962754012e-05,6.953381677362665e-05,0.006953381677362665,38274,1,cmr_versius,cmr_versius:02,0.9630949809174046,YAML group mix ratios normalized globally; language proportions estimated from mapped current-public rows within each represented group
arm left: -1. left instrument: Tool #3 (None). arm right: 0. right instrument: Tool #17 (White). do an inguinal hernia repair,7.209077412230257e-05,6.943026272763991e-05,0.006943026272763992,38217,1,cmr_versius,cmr_versius:02,0.9630949809174046,YAML group mix ratios normalized globally; language proportions estimated from mapped current-public rows within each represented group
arm left: 0. left instrument: Tool #17 (White). arm right: 1. right instrument: Tool #2 (Blue). do an inguinal hernia repair,7.178329849151166e-05,6.913413449087078e-05,0.0069134134490870785,38054,1,cmr_versius,cmr_versius:02,0.9630949809174046,YAML group mix ratios normalized globally; language proportions estimated from mapped current-public rows within each represented group
arm left: 2. left instrument: Tool #0 (Orange). arm right: 3. right instrument: Tool #2 (Pink). do a hysterectomy,7.164936738852912e-05,6.900514611779958e-05,0.006900514611779957,37983,1,cmr_versius,cmr_versius:01,0.9630949809174046,YAML group mix ratios normalized globally; language proportions estimated from mapped current-public rows within each represented group
arm left: -1. left instrument: Tool #3 (None). arm right: 1. right instrument: Tool #9 (Orange). do an inguinal hernia repair,7.12343696046396e-05,6.860546383504372e-05,0.006860546383504372,37763,1,cmr_versius,cmr_versius:02,0.9630949809174046,YAML group mix ratios normalized globally; language proportions estimated from mapped current-public rows within each represented group
Retract the partially dissected tissue flap using the right instrument (left-side grasp).,7.112986585599217e-05,6.850481679923433e-05,0.006850481679923434,950,1,hamlyn_dvrk_30hz,hamlyn_dvrk_30hz:05,0.9630949809174046,YAML group mix ratios normalized globally; language proportions estimated from mapped current-public rows within each represented group
arm left: 1. left instrument: Tool #0 (Green). arm right: 0. right instrument: Tool #14 (White). do a cholecystectomy,7.110987026947274e-05,6.848555915021696e-05,0.0068485559150216965,37697,1,cmr_versius,cmr_versius:00,0.9630949809174046,YAML group mix ratios normalized globally; language proportions estimated from mapped current-public rows within each represented group
arm left: 1. left instrument: Tool #8 (Orange). arm right: 2. right instrument: Tool #13 (Pink). do an inguinal hernia repair,7.097782552005333e-05,6.835838751479464e-05,0.006835838751479464,37627,1,cmr_versius,cmr_versius:02,0.9630949809174046,YAML group mix ratios normalized globally; language proportions estimated from mapped current-public rows within each represented group
arm left: -1. left instrument: Tool #3 (None). arm right: 1. right instrument: Tool #2 (Blue). do a prostatectomy,7.085521253844961e-05,6.824029956761678e-05,0.006824029956761677,37562,1,cmr_versius,cmr_versius:03,0.9630949809174046,YAML group mix ratios normalized globally; language proportions estimated from mapped current-public rows within each represented group
arm left: 3. left instrument: Tool #0 (Orange). arm right: 2. right instrument: Tool #9 (Blue). do a prostatectomy,7.07005315462726e-05,6.809132708040777e-05,0.006809132708040777,37480,1,cmr_versius,cmr_versius:03,0.9630949809174046,YAML group mix ratios normalized globally; language proportions estimated from mapped current-public rows within each represented group
arm left: 2. left instrument: Tool #0 (Cyan). arm right: -1. right instrument: Tool #3 (None). do a hysterectomy,7.044398746168634e-05,6.78442507601587e-05,0.00678442507601587,37344,1,cmr_versius,cmr_versius:01,0.9630949809174046,YAML group mix ratios normalized globally; language proportions estimated from mapped current-public rows within each represented group
arm left: 2. left instrument: Tool #0 (Cyan). arm right: 3. right instrument: Tool #9 (Orange). do a prostatectomy,7.037985144053978e-05,6.778248168009643e-05,0.006778248168009642,37310,1,cmr_versius,cmr_versius:03,0.9630949809174046,YAML group mix ratios normalized globally; language proportions estimated from mapped current-public rows within each represented group
arm left: 1. left instrument: Tool #18 (Blue). arm right: -1. right instrument: Tool #3 (None). do a hysterectomy,7.030251094445126e-05,6.770799543649192e-05,0.006770799543649193,37269,1,cmr_versius,cmr_versius:01,0.9630949809174046,YAML group mix ratios normalized globally; language proportions estimated from mapped current-public rows within each represented group
arm left: 1. left instrument: Tool #0 (Orange). arm right: 2. right instrument: Tool #8 (Cyan). do an inguinal hernia repair,7.028176105525678e-05,6.768801132235413e-05,0.006768801132235412,37258,1,cmr_versius,cmr_versius:02,0.9630949809174046,YAML group mix ratios normalized globally; language proportions estimated from mapped current-public rows within each represented group
arm left: 1. left instrument: Tool #0 (Purple). arm right: 2. right instrument: Tool #9 (Cyan). do an inguinal hernia repair,7.001201249572858e-05,6.742821783856281e-05,0.0067428217838562815,37115,1,cmr_versius,cmr_versius:02,0.9630949809174046,YAML group mix ratios normalized globally; language proportions estimated from mapped current-public rows within each represented group
arm left: 2. left instrument: Tool #12 (Pink). arm right: 3. right instrument: Tool #0 (Green). do a hysterectomy,6.96441735509174e-05,6.707395399702921e-05,0.0067073953997029215,36920,1,cmr_versius,cmr_versius:01,0.9630949809174046,YAML group mix ratios normalized globally; language proportions estimated from mapped current-public rows within each represented group
arm left: 3. left instrument: Tool #2 (Pink). arm right: 1. right instrument: Tool #2 (Cyan). do a hysterectomy,6.935933416288414e-05,6.679962661204679e-05,0.006679962661204679,36769,1,cmr_versius,cmr_versius:01,0.9630949809174046,YAML group mix ratios normalized globally; language proportions estimated from mapped current-public rows within each represented group
arm left: 2. left instrument: Tool #13 (Cyan). arm right: 1. right instrument: Tool #9 (Orange). do a hysterectomy,6.933669792012652e-05,6.67778257602601e-05,0.00667778257602601,36757,1,cmr_versius,cmr_versius:01,0.9630949809174046,YAML group mix ratios normalized globally; language proportions estimated from mapped current-public rows within each represented group
arm left: 1. left instrument: Tool #13 (Blue). arm right: 2. right instrument: Tool #2 (Cyan). do an inguinal hernia repair,6.927822095966935e-05,6.67215068931445e-05,0.00667215068931445,36726,1,cmr_versius,cmr_versius:02,0.9630949809174046,YAML group mix ratios normalized globally; language proportions estimated from mapped current-public rows within each represented group
arm left: 1. left instrument: Tool #13 (Blue). arm right: -1. right instrument: Tool #3 (None). do a cholecystectomy,6.908958560335592e-05,6.653983312825547e-05,0.006653983312825546,36626,1,cmr_versius,cmr_versius:00,0.9630949809174046,YAML group mix ratios normalized globally; language proportions estimated from mapped current-public rows within each represented group
arm left: -1. left instrument: Tool #3 (None). arm right: 1. right instrument: Tool #2 (Orange). do a prostatectomy,6.903676770358818e-05,6.648896447408655e-05,0.006648896447408655,36598,1,cmr_versius,cmr_versius:03,0.9630949809174046,YAML group mix ratios normalized globally; language proportions estimated from mapped current-public rows within each represented group
arm left: 1. left instrument: Tool #0 (Cyan). arm right: 2. right instrument: Tool #13 (Orange). do a hysterectomy,6.899149521807295e-05,6.644536277051318e-05,0.006644536277051318,36574,1,cmr_versius,cmr_versius:01,0.9630949809174046,YAML group mix ratios normalized globally; language proportions estimated from mapped current-public rows within each represented group
arm left: 3. left instrument: Tool #1 (Cyan). arm right: -1. right instrument: Tool #3 (None). do a hysterectomy,6.876513279049683e-05,6.622735425264634e-05,0.0066227354252646345,36454,1,cmr_versius,cmr_versius:01,0.9630949809174046,YAML group mix ratios normalized globally; language proportions estimated from mapped current-public rows within each represented group
arm left: 3. left instrument: Tool #2 (Green). arm right: 1. right instrument: Tool #2 (Orange). do a hysterectomy,6.861045179831982e-05,6.607838176543734e-05,0.006607838176543734,36372,1,cmr_versius,cmr_versius:01,0.9630949809174046,YAML group mix ratios normalized globally; language proportions estimated from mapped current-public rows within each represented group
resect home in,6.831766198858292e-05,6.579639736921596e-05,0.006579639736921596,959,1,jhu_imerse_dvrk,jhu_imerse_dvrk:03,0.9630949809174046,YAML group mix ratios normalized globally; language proportions estimated from mapped current-public rows within each represented group
arm left: 1. left instrument: Tool #0 (Green). arm right: 2. right instrument: Tool #18 (Orange). do an inguinal hernia repair,6.815206788247818e-05,6.563691451675699e-05,0.006563691451675699,36129,1,cmr_versius,cmr_versius:02,0.9630949809174046,YAML group mix ratios normalized globally; language proportions estimated from mapped current-public rows within each represented group
arm left: -1. left instrument: Tool #3 (None). arm right: 2. right instrument: Tool #2 (Blue). do an inguinal hernia repair,6.779554705904582e-05,6.529355110111674e-05,0.006529355110111674,35940,1,cmr_versius,cmr_versius:02,0.9630949809174046,YAML group mix ratios normalized globally; language proportions estimated from mapped current-public rows within each represented group
arm left: 3. left instrument: Tool #18 (Pink). arm right: 1. right instrument: Tool #2 (Green). do a hysterectomy,6.775970634134627e-05,6.525903308578782e-05,0.006525903308578782,35921,1,cmr_versius,cmr_versius:01,0.9630949809174046,YAML group mix ratios normalized globally; language proportions estimated from mapped current-public rows within each represented group
arm left: -1. left instrument: Tool #3 (None). arm right: 3. right instrument: Tool #9 (Pink). do a prostatectomy,6.770122938088911e-05,6.520271421867223e-05,0.006520271421867223,35890,1,cmr_versius,cmr_versius:03,0.9630949809174046,YAML group mix ratios normalized globally; language proportions estimated from mapped current-public rows within each represented group
arm left: -1. left instrument: Tool #3 (None). arm right: 0. right instrument: Tool #14 (White). do a prostatectomy,6.76182298241112e-05,6.512277776212106e-05,0.006512277776212105,35846,1,cmr_versius,cmr_versius:03,0.9630949809174046,YAML group mix ratios normalized globally; language proportions estimated from mapped current-public rows within each represented group
arm left: 1. left instrument: Tool #2 (Orange). arm right: 2. right instrument: Tool #2 (Blue). do an inguinal hernia repair,6.724850452573688e-05,6.476669718293856e-05,0.006476669718293856,35650,1,cmr_versius,cmr_versius:02,0.9630949809174046,YAML group mix ratios normalized globally; language proportions estimated from mapped current-public rows within each represented group
arm left: 2. left instrument: Tool #0 (Pink). arm right: 1. right instrument: Tool #9 (Cyan). do a hysterectomy,6.719568662596912e-05,6.471582852876963e-05,0.0064715828528769635,35622,1,cmr_versius,cmr_versius:01,0.9630949809174046,YAML group mix ratios normalized globally; language proportions estimated from mapped current-public rows within each represented group
arm left: 2. left instrument: Tool #0 (Cyan). arm right: 1. right instrument: Tool #9 (Blue). do a cholecystectomy,6.715984590826956e-05,6.468131051344071e-05,0.006468131051344071,35603,1,cmr_versius,cmr_versius:00,0.9630949809174046,YAML group mix ratios normalized globally; language proportions estimated from mapped current-public rows within each represented group
arm left: 1. left instrument: Tool #18 (Blue). arm right: 2. right instrument: Tool #13 (Orange). do a hysterectomy,6.706552823011286e-05,6.45904736309962e-05,0.0064590473630996206,35553,1,cmr_versius,cmr_versius:01,0.9630949809174046,YAML group mix ratios normalized globally; language proportions estimated from mapped current-public rows within each represented group
arm left: -1. left instrument: Tool #3 (None). arm right: 2. right instrument: Tool #9 (Cyan). do an inguinal hernia repair,6.70353465731027e-05,6.456140582861395e-05,0.006456140582861395,35537,1,cmr_versius,cmr_versius:02,0.9630949809174046,YAML group mix ratios normalized globally; language proportions estimated from mapped current-public rows within each represented group
arm left: 1. left instrument: Tool #0 (Blue). arm right: 0. right instrument: Tool #17 (White). do a cholecystectomy,6.690518817724643e-05,6.443605093084052e-05,0.0064436050930840524,35468,1,cmr_versius,cmr_versius:00,0.9630949809174046,YAML group mix ratios normalized globally; language proportions estimated from mapped current-public rows within each represented group
Lift the intact tissue block using the left instrument (center grasp).,6.671232681862001e-05,6.42503071243345e-05,0.00642503071243345,891,1,hamlyn_dvrk_30hz,hamlyn_dvrk_30hz:05,0.9630949809174046,YAML group mix ratios normalized globally; language proportions estimated from mapped current-public rows within each represented group
arm left: 2. left instrument: Tool #12 (Orange). arm right: 3. right instrument: Tool #2 (Green). do a hysterectomy,6.668448481035973e-05,6.422349262592036e-05,0.006422349262592036,35351,1,cmr_versius,cmr_versius:01,0.9630949809174046,YAML group mix ratios normalized globally; language proportions estimated from mapped current-public rows within each represented group
arm left: 3. left instrument: Tool #12 (Blue). arm right: 1. right instrument: Tool #2 (Cyan). do a hysterectomy,6.65505537073772e-05,6.409450425284915e-05,0.0064094504252849155,35280,1,cmr_versius,cmr_versius:01,0.9630949809174046,YAML group mix ratios normalized globally; language proportions estimated from mapped current-public rows within each represented group
arm left: -1. left instrument: Tool #3 (None). arm right: 2. right instrument: Tool #9 (Green). do a prostatectomy,6.596201139567931e-05,6.352768210639539e-05,0.006352768210639539,34968,1,cmr_versius,cmr_versius:03,0.9630949809174046,YAML group mix ratios normalized globally; language proportions estimated from mapped current-public rows within each represented group
arm left: 2. left instrument: Tool #0 (Blue). arm right: 1. right instrument: Tool #18 (Cyan). do an inguinal hernia repair,6.5873352778212e-05,6.344229543689754e-05,0.0063442295436897545,34921,1,cmr_versius,cmr_versius:02,0.9630949809174046,YAML group mix ratios normalized globally; language proportions estimated from mapped current-public rows within each represented group
arm left: 0. left instrument: Tool #17 (White). arm right: 2. right instrument: Tool #2 (Cyan). do an inguinal hernia repair,6.583185299982302e-05,6.340232720862195e-05,0.006340232720862195,34899,1,cmr_versius,cmr_versius:02,0.9630949809174046,YAML group mix ratios normalized globally; language proportions estimated from mapped current-public rows within each represented group
arm left: 2. left instrument: Tool #2 (Blue). arm right: 1. right instrument: Tool #9 (Cyan). do an inguinal hernia repair,6.503958450330665e-05,6.263929739608804e-05,0.0062639297396088044,34479,1,cmr_versius,cmr_versius:02,0.9630949809174046,YAML group mix ratios normalized globally; language proportions estimated from mapped current-public rows within each represented group
arm left: 1. left instrument: Tool #0 (Blue). arm right: 3. right instrument: Tool #9 (Green). do a prostatectomy,6.501317555342276e-05,6.261386306900357e-05,0.006261386306900357,34465,1,cmr_versius,cmr_versius:03,0.9630949809174046,YAML group mix ratios normalized globally; language proportions estimated from mapped current-public rows within each represented group
arm left: 3. left instrument: Tool #18 (Green). arm right: 1. right instrument: Tool #2 (Orange). do a hysterectomy,6.477738135803098e-05,6.238677086289229e-05,0.006238677086289229,34340,1,cmr_versius,cmr_versius:01,0.9630949809174046,YAML group mix ratios normalized globally; language proportions estimated from mapped current-public rows within each represented group
arm left: -1. left instrument: Tool #3 (None). arm right: 1. right instrument: Tool #2 (Green). do a hysterectomy,6.476606323665217e-05,6.237587043699894e-05,0.006237587043699894,34334,1,cmr_versius,cmr_versius:01,0.9630949809174046,YAML group mix ratios normalized globally; language proportions estimated from mapped current-public rows within each represented group
arm left: 2. left instrument: Tool #0 (Purple). arm right: 1. right instrument: Tool #10 (Blue). do a hysterectomy,6.463967754792216e-05,6.225414901452329e-05,0.006225414901452329,34267,1,cmr_versius,cmr_versius:01,0.9630949809174046,YAML group mix ratios normalized globally; language proportions estimated from mapped current-public rows within each represented group
arm left: 3. left instrument: Tool #13 (Orange). arm right: 1. right instrument: Tool #9 (Blue). do a prostatectomy,6.453970080907607e-05,6.215786191913212e-05,0.006215786191913212,34214,1,cmr_versius,cmr_versius:03,0.9630949809174046,YAML group mix ratios normalized globally; language proportions estimated from mapped current-public rows within each represented group
left tool: bi_maryland_forceps. right tool: forceps. aux tool: mono_round_scissors. The surgery process is a hysterectomy.Suturing the uterus stump,6.408397722184616e-05,6.171895681958532e-05,0.006171895681958532,856,1,rob_surgical_bitrack,rob_surgical_bitrack:00,0.9630949809174046,YAML group mix ratios normalized globally; language proportions estimated from mapped current-public rows within each represented group
arm left: 3. left instrument: Tool #18 (Blue). arm right: 2. right instrument: Tool #13 (Orange). do a hysterectomy,6.38266591622113e-05,6.147113508785158e-05,0.006147113508785158,33836,1,cmr_versius,cmr_versius:01,0.9630949809174046,YAML group mix ratios normalized globally; language proportions estimated from mapped current-public rows within each represented group
arm left: 1. left instrument: Tool #2 (Cyan). arm right: 2. right instrument: Tool #2 (Blue). do an inguinal hernia repair,6.324754861832908e-05,6.0913396629642274e-05,0.006091339662964227,33529,1,cmr_versius,cmr_versius:02,0.9630949809174046,YAML group mix ratios normalized globally; language proportions estimated from mapped current-public rows within each represented group
arm left: -1. left instrument: Tool #3 (None). arm right: 2. right instrument: Tool #8 (Pink). do a cholecystectomy,6.320793519350325e-05,6.087524513901557e-05,0.006087524513901557,33508,1,cmr_versius,cmr_versius:00,0.9630949809174046,YAML group mix ratios normalized globally; language proportions estimated from mapped current-public rows within each represented group
arm left: 1. left instrument: Tool #18 (Cyan). arm right: 0. right instrument: Tool #14 (White). do a hysterectomy,6.317398082936685e-05,6.084254386133555e-05,0.006084254386133555,33490,1,cmr_versius,cmr_versius:01,0.9630949809174046,YAML group mix ratios normalized globally; language proportions estimated from mapped current-public rows within each represented group
arm left: 1. left instrument: Tool #13 (Orange). arm right: 2. right instrument: Tool #2 (Blue). do an inguinal hernia repair,6.300986806937416e-05,6.068448768588209e-05,0.006068448768588209,33403,1,cmr_versius,cmr_versius:02,0.9630949809174046,YAML group mix ratios normalized globally; language proportions estimated from mapped current-public rows within each represented group
arm left: 1. left instrument: Tool #13 (Green). arm right: 0. right instrument: Tool #14 (White). do a cholecystectomy,6.286273249144969e-05,6.054278214926865e-05,0.006054278214926865,33325,1,cmr_versius,cmr_versius:00,0.9630949809174046,YAML group mix ratios normalized globally; language proportions estimated from mapped current-public rows within each represented group
arm left: 3. left instrument: Tool #18 (Pink). arm right: 1. right instrument: Tool #0 (Blue). do a hysterectomy,6.252696155721179e-05,6.021940284776619e-05,0.006021940284776619,33147,1,cmr_versius,cmr_versius:01,0.9630949809174046,YAML group mix ratios normalized globally; language proportions estimated from mapped current-public rows within each represented group
arm left: 0. left instrument: Tool #17 (White). arm right: 0. right instrument: Tool #17 (White). do a hysterectomy,6.247603001100716e-05,6.017035093124614e-05,0.006017035093124614,33120,1,cmr_versius,cmr_versius:01,0.9630949809174046,YAML group mix ratios normalized globally; language proportions estimated from mapped current-public rows within each represented group
arm left: 2. left instrument: Tool #18 (Blue). arm right: -1. right instrument: Tool #3 (None). do an inguinal hernia repair,6.221194051216837e-05,5.99160076604015e-05,0.00599160076604015,32980,1,cmr_versius,cmr_versius:02,0.9630949809174046,YAML group mix ratios normalized globally; language proportions estimated from mapped current-public rows within each represented group
arm left: 1. left instrument: Tool #0 (Cyan). arm right: 3. right instrument: Tool #2 (Green). do a hysterectomy,6.215723625883747e-05,5.986332226858368e-05,0.005986332226858368,32951,1,cmr_versius,cmr_versius:01,0.9630949809174046,YAML group mix ratios normalized globally; language proportions estimated from mapped current-public rows within each represented group
Close down on the gallbladder for hold. Keep position awaiting surgeon's counterpart grasp.,6.201300368032052e-05,5.972441259612924e-05,0.005972441259612924,828,1,tud_tundra_ur5e,tud_tundra_ur5e:00,0.9630949809174046,YAML group mix ratios normalized globally; language proportions estimated from mapped current-public rows within each represented group
arm left: 3. left instrument: Tool #0 (Pink). arm right: 2. right instrument: Tool #9 (Blue). do a prostatectomy,6.189503311356181e-05,5.9610795735387935e-05,0.005961079573538794,32812,1,cmr_versius,cmr_versius:03,0.9630949809174046,YAML group mix ratios normalized globally; language proportions estimated from mapped current-public rows within each represented group
arm left: 2. left instrument: Tool #9 (Cyan). arm right: 1. right instrument: Tool #13 (Purple). do an inguinal hernia repair,6.188182863861986e-05,5.95980785718457e-05,0.00595980785718457,32805,1,cmr_versius,cmr_versius:02,0.9630949809174046,YAML group mix ratios normalized globally; language proportions estimated from mapped current-public rows within each represented group
arm left: 2. left instrument: Tool #2 (Green). arm right: 1. right instrument: Tool #2 (Cyan). do an inguinal hernia repair,6.180448814253137e-05,5.95235923282412e-05,0.00595235923282412,32764,1,cmr_versius,cmr_versius:02,0.9630949809174046,YAML group mix ratios normalized globally; language proportions estimated from mapped current-public rows within each represented group
arm left: -1. left instrument: Tool #3 (None). arm right: 3. right instrument: Tool #2 (Orange). do a prostatectomy,6.16856478680539e-05,5.940913785636111e-05,0.005940913785636112,32701,1,cmr_versius,cmr_versius:03,0.9630949809174046,YAML group mix ratios normalized globally; language proportions estimated from mapped current-public rows within each represented group
arm left: 2. left instrument: Tool #0 (Orange). arm right: 1. right instrument: Tool #9 (Blue). do an inguinal hernia repair,6.15913301898972e-05,5.93183009739166e-05,0.005931830097391661,32651,1,cmr_versius,cmr_versius:02,0.9630949809174046,YAML group mix ratios normalized globally; language proportions estimated from mapped current-public rows within each represented group
arm left: 3. left instrument: Tool #2 (Pink). arm right: 2. right instrument: Tool #2 (Green). do a hysterectomy,6.154417135081883e-05,5.927288253269434e-05,0.005927288253269434,32626,1,cmr_versius,cmr_versius:01,0.9630949809174046,YAML group mix ratios normalized globally; language proportions estimated from mapped current-public rows within each represented group
arm left: 1. left instrument: Tool #0 (Cyan). arm right: 3. right instrument: Tool #9 (Green). do a hysterectomy,6.132912704462152e-05,5.906577444072085e-05,0.005906577444072085,32512,1,cmr_versius,cmr_versius:01,0.9630949809174046,YAML group mix ratios normalized globally; language proportions estimated from mapped current-public rows within each represented group
arm left: 2. left instrument: Tool #2 (Orange). arm right: -1. right instrument: Tool #3 (None). do a prostatectomy,6.105560577796705e-05,5.8802347481631756e-05,0.005880234748163175,32367,1,cmr_versius,cmr_versius:03,0.9630949809174046,YAML group mix ratios normalized globally; language proportions estimated from mapped current-public rows within each represented group
arm left: 2. left instrument: Tool #0 (Cyan). arm right: 1. right instrument: Tool #2 (Purple). do an inguinal hernia repair,6.082735699682781e-05,5.858252222611604e-05,0.005858252222611604,32246,1,cmr_versius,cmr_versius:02,0.9630949809174046,YAML group mix ratios normalized globally; language proportions estimated from mapped current-public rows within each represented group
Retract the partially dissected tissue flap using the left instrument (right-side grasp).,6.0797316921121725e-05,5.855359077997713e-05,0.005855359077997713,812,1,hamlyn_dvrk_30hz,hamlyn_dvrk_30hz:05,0.9630949809174046,YAML group mix ratios normalized globally; language proportions estimated from mapped current-public rows within each represented group
arm left: 2. left instrument: Tool #12 (Pink). arm right: 1. right instrument: Tool #2 (Green). do a hysterectomy,6.079717533981766e-05,5.855345442373379e-05,0.005855345442373379,32230,1,cmr_versius,cmr_versius:01,0.9630949809174046,YAML group mix ratios normalized globally; language proportions estimated from mapped current-public rows within each represented group
arm left: 2. left instrument: Tool #18 (Green). arm right: 1. right instrument: Tool #0 (Orange). do a prostatectomy,6.075378920786557e-05,5.8511669457809313e-05,0.0058511669457809315,32207,1,cmr_versius,cmr_versius:03,0.9630949809174046,YAML group mix ratios normalized globally; language proportions estimated from mapped current-public rows within each represented group
arm left: -1. left instrument: Tool #3 (None). arm right: 3. right instrument: Tool #2 (Pink). do a prostatectomy,6.064249434764064e-05,5.8404481936524784e-05,0.005840448193652478,32148,1,cmr_versius,cmr_versius:03,0.9630949809174046,YAML group mix ratios normalized globally; language proportions estimated from mapped current-public rows within each represented group
arm left: 3. left instrument: Tool #18 (Blue). arm right: -1. right instrument: Tool #3 (None). do a prostatectomy,6.018222407823589e-05,5.796119795019556e-05,0.005796119795019556,31904,1,cmr_versius,cmr_versius:03,0.9630949809174046,YAML group mix ratios normalized globally; language proportions estimated from mapped current-public rows within each represented group
arm left: 1. left instrument: Tool #0 (Cyan). arm right: -1. right instrument: Tool #3 (None). do a cholecystectomy,5.9440887127924106e-05,5.724722005418167e-05,0.0057247220054181674,31511,1,cmr_versius,cmr_versius:00,0.9630949809174046,YAML group mix ratios normalized globally; language proportions estimated from mapped current-public rows within each represented group
arm left: -1. left instrument: Tool #3 (None). arm right: 2. right instrument: Tool #9 (Green). do a hysterectomy,5.939938734953516e-05,5.720725182590609e-05,0.00572072518259061,31489,1,cmr_versius,cmr_versius:01,0.9630949809174046,YAML group mix ratios normalized globally; language proportions estimated from mapped current-public rows within each represented group
arm left: 1. left instrument: Tool #18 (Orange). arm right: 3. right instrument: Tool #2 (Blue). do a prostatectomy,5.939561464240889e-05,5.7203618350608314e-05,0.0057203618350608314,31487,1,cmr_versius,cmr_versius:03,0.9630949809174046,YAML group mix ratios normalized globally; language proportions estimated from mapped current-public rows within each represented group
arm left: 3. left instrument: Tool #1 (Cyan). arm right: 2. right instrument: Tool #8 (Pink). do a hysterectomy,5.897495779782995e-05,5.679848585490578e-05,0.005679848585490578,31264,1,cmr_versius,cmr_versius:01,0.9630949809174046,YAML group mix ratios normalized globally; language proportions estimated from mapped current-public rows within each represented group
Approach the gallbladder grasped by the surgeon  and open your gripper to receive and take over the hold.,5.886741653711585e-05,5.6694913406470505e-05,0.005669491340647051,786,1,tud_tundra_ur5e,tud_tundra_ur5e:00,0.9630949809174046,YAML group mix ratios normalized globally; language proportions estimated from mapped current-public rows within each represented group
arm left: 3. left instrument: Tool #12 (Blue). arm right: 1. right instrument: Tool #0 (Cyan). do a hysterectomy,5.885800387691562e-05,5.668584812067458e-05,0.0056685848120674575,31202,1,cmr_versius,cmr_versius:01,0.9630949809174046,YAML group mix ratios normalized globally; language proportions estimated from mapped current-public rows within each represented group
arm left: 3. left instrument: Tool #18 (Green). arm right: 1. right instrument: Tool #0 (Blue). do a prostatectomy,5.876745890588518e-05,5.659864471352785e-05,0.005659864471352785,31154,1,cmr_versius,cmr_versius:03,0.9630949809174046,YAML group mix ratios normalized globally; language proportions estimated from mapped current-public rows within each represented group
arm left: -1. left instrument: Tool #3 (None). arm right: 2. right instrument: Tool #2 (Green). do a prostatectomy,5.871086829899115e-05,5.654414258406114e-05,0.005654414258406114,31124,1,cmr_versius,cmr_versius:03,0.9630949809174046,YAML group mix ratios normalized globally; language proportions estimated from mapped current-public rows within each represented group
arm left: 1. left instrument: Tool #2 (Pink). arm right: 3. right instrument: Tool #18 (Green). do a hysterectomy,5.8520346589114595e-05,5.636065208152323e-05,0.005636065208152323,31023,1,cmr_versius,cmr_versius:01,0.9630949809174046,YAML group mix ratios normalized globally; language proportions estimated from mapped current-public rows within each represented group
arm left: 2. left instrument: Tool #0 (Orange). arm right: 0. right instrument: Tool #14 (White). do an inguinal hernia repair,5.824493896889698e-05,5.6095408384785235e-05,0.005609540838478523,30877,1,cmr_versius,cmr_versius:02,0.9630949809174046,YAML group mix ratios normalized globally; language proportions estimated from mapped current-public rows within each represented group
arm left: 1. left instrument: Tool #12 (Cyan). arm right: -1. right instrument: Tool #3 (None). do a hysterectomy,5.812798504798266e-05,5.598277065055404e-05,0.005598277065055404,30815,1,cmr_versius,cmr_versius:01,0.9630949809174046,YAML group mix ratios normalized globally; language proportions estimated from mapped current-public rows within each represented group
arm left: 1. left instrument: Tool #18 (Green). arm right: 2. right instrument: Tool #2 (Blue). do a hysterectomy,5.774128256754013e-05,5.561033943253153e-05,0.0055610339432531535,30610,1,cmr_versius,cmr_versius:01,0.9630949809174046,YAML group mix ratios normalized globally; language proportions estimated from mapped current-public rows within each represented group
arm left: 2. left instrument: Tool #18 (Blue). arm right: 1. right instrument: Tool #9 (Green). do an inguinal hernia repair,5.7729964446161336e-05,5.55994390066382e-05,0.00555994390066382,30604,1,cmr_versius,cmr_versius:02,0.9630949809174046,YAML group mix ratios normalized globally; language proportions estimated from mapped current-public rows within each represented group
arm left: 1. left instrument: Tool #10 (Purple). arm right: 2. right instrument: Tool #0 (Blue). do a hysterectomy,5.74809657758276e-05,5.535962963698467e-05,0.005535962963698467,30472,1,cmr_versius,cmr_versius:01,0.9630949809174046,YAML group mix ratios normalized globally; language proportions estimated from mapped current-public rows within each represented group
arm left: 2. left instrument: Tool #2 (Green). arm right: 1. right instrument: Tool #2 (Purple). do a hysterectomy,5.616051828163362e-05,5.408791328276148e-05,0.005408791328276148,29772,1,cmr_versius,cmr_versius:01,0.9630949809174046,YAML group mix ratios normalized globally; language proportions estimated from mapped current-public rows within each represented group
arm left: 1. left instrument: Tool #0 (Orange). arm right: -1. right instrument: Tool #3 (None). do an inguinal hernia repair,5.6103927674739585e-05,5.403341115329477e-05,0.005403341115329477,29742,1,cmr_versius,cmr_versius:02,0.9630949809174046,YAML group mix ratios normalized globally; language proportions estimated from mapped current-public rows within each represented group
arm left: -1. left instrument: Tool #3 (None). arm right: 2. right instrument: Tool #2 (Pink). do an inguinal hernia repair,5.5822860993832574e-05,5.376271724361012e-05,0.0053762717243610115,29593,1,cmr_versius,cmr_versius:02,0.9630949809174046,YAML group mix ratios normalized globally; language proportions estimated from mapped current-public rows within each represented group
arm left: 2. left instrument: Tool #10 (Purple). arm right: 1. right instrument: Tool #0 (Blue). do a hysterectomy,5.563988469820856e-05,5.3586493691667765e-05,0.005358649369166776,29496,1,cmr_versius,cmr_versius:01,0.9630949809174046,YAML group mix ratios normalized globally; language proportions estimated from mapped current-public rows within each represented group
arm left: 1. left instrument: Tool #0 (Orange). arm right: 0. right instrument: Tool #14 (White). do a cholecystectomy,5.4981547304674685e-05,5.295245225220505e-05,0.005295245225220505,29147,1,cmr_versius,cmr_versius:00,0.9630949809174046,YAML group mix ratios normalized globally; language proportions estimated from mapped current-public rows within each represented group
Lift the intact tissue block using the right instrument (center grasp).,5.495718056662973e-05,5.2928984769092625e-05,0.005292898476909263,734,1,hamlyn_dvrk_30hz,hamlyn_dvrk_30hz:05,0.9630949809174046,YAML group mix ratios normalized globally; language proportions estimated from mapped current-public rows within each represented group
arm left: -1. left instrument: Tool #3 (None). arm right: 1. right instrument: Tool #2 (Green). do an inguinal hernia repair,5.4868366090886634e-05,5.284344799327163e-05,0.005284344799327163,29087,1,cmr_versius,cmr_versius:02,0.9630949809174046,YAML group mix ratios normalized globally; language proportions estimated from mapped current-public rows within each represented group
arm left: 2. left instrument: Tool #0 (Orange). arm right: 3. right instrument: Tool #18 (Green). do a hysterectomy,5.4800457362613796e-05,5.277804543791158e-05,0.005277804543791158,29051,1,cmr_versius,cmr_versius:01,0.9630949809174046,YAML group mix ratios normalized globally; language proportions estimated from mapped current-public rows within each represented group
arm left: -1. left instrument: Tool #3 (None). arm right: 2. right instrument: Tool #9 (Orange). do a prostatectomy,5.4543913278027533e-05,5.25309691176625e-05,0.005253096911766251,28915,1,cmr_versius,cmr_versius:03,0.9630949809174046,YAML group mix ratios normalized globally; language proportions estimated from mapped current-public rows within each represented group
arm left: 2. left instrument: Tool #18 (Blue). arm right: 1. right instrument: Tool #0 (Orange). do a prostatectomy,5.4313778143325166e-05,5.2309327124497897e-05,0.00523093271244979,28793,1,cmr_versius,cmr_versius:03,0.9630949809174046,YAML group mix ratios normalized globally; language proportions estimated from mapped current-public rows within each represented group
arm left: -1. left instrument: Tool #3 (None). arm right: 3. right instrument: Tool #2 (Pink). do a hysterectomy,5.4260960243557404e-05,5.225845847032897e-05,0.005225845847032897,28765,1,cmr_versius,cmr_versius:01,0.9630949809174046,YAML group mix ratios normalized globally; language proportions estimated from mapped current-public rows within each represented group
arm left: 2. left instrument: Tool #1 (Orange). arm right: -1. right instrument: Tool #3 (None). do a prostatectomy,5.3961030027019046e-05,5.196959718415541e-05,0.005196959718415541,28606,1,cmr_versius,cmr_versius:03,0.9630949809174046,YAML group mix ratios normalized globally; language proportions estimated from mapped current-public rows within each represented group
arm left: 3. left instrument: Tool #18 (Pink). arm right: 1. right instrument: Tool #0 (Blue). do a prostatectomy,5.3664872517606965e-05,5.168436937327963e-05,0.005168436937327963,28449,1,cmr_versius,cmr_versius:03,0.9630949809174046,YAML group mix ratios normalized globally; language proportions estimated from mapped current-public rows within each represented group
arm left: 3. left instrument: Tool #2 (Pink). arm right: 1. right instrument: Tool #2 (Green). do a hysterectomy,5.274055927167118e-05,5.07941679253234e-05,0.00507941679253234,27959,1,cmr_versius,cmr_versius:01,0.9630949809174046,YAML group mix ratios normalized globally; language proportions estimated from mapped current-public rows within each represented group
arm left: -1. left instrument: Tool #3 (None). arm right: 2. right instrument: Tool #2 (Blue). do a prostatectomy,5.251985590478446e-05,5.058160962040323e-05,0.005058160962040323,27842,1,cmr_versius,cmr_versius:03,0.9630949809174046,YAML group mix ratios normalized globally; language proportions estimated from mapped current-public rows within each represented group
arm left: 0. left instrument: Tool #17 (White). arm right: 2. right instrument: Tool #0 (Purple). do an inguinal hernia repair,5.173136011539434e-05,4.98222132831671e-05,0.00498222132831671,27424,1,cmr_versius,cmr_versius:02,0.9630949809174046,YAML group mix ratios normalized globally; language proportions estimated from mapped current-public rows within each represented group
arm left: 1. left instrument: Tool #0 (Purple). arm right: 2. right instrument: Tool #2 (Blue). do a hysterectomy,5.167288315493718e-05,4.97658944160515e-05,0.00497658944160515,27393,1,cmr_versius,cmr_versius:01,0.9630949809174046,YAML group mix ratios normalized globally; language proportions estimated from mapped current-public rows within each represented group
arm left: 2. left instrument: Tool #18 (Cyan). arm right: 1. right instrument: Tool #13 (Orange). do a hysterectomy,5.141445271678778e-05,4.9517001358153526e-05,0.004951700135815353,27256,1,cmr_versius,cmr_versius:01,0.9630949809174046,YAML group mix ratios normalized globally; language proportions estimated from mapped current-public rows within each represented group
arm left: 2. left instrument: Tool #2 (Blue). arm right: -1. right instrument: Tool #3 (None). do a prostatectomy,5.1365407524146285e-05,4.946976617928238e-05,0.004946976617928239,27230,1,cmr_versius,cmr_versius:03,0.9630949809174046,YAML group mix ratios normalized globally; language proportions estimated from mapped current-public rows within each represented group
arm left: -1. left instrument: Tool #3 (None). arm right: 2. right instrument: Tool #9 (Blue). do a cholecystectomy,5.134843034207807e-05,4.945341554044236e-05,0.0049453415540442365,27221,1,cmr_versius,cmr_versius:00,0.9630949809174046,YAML group mix ratios normalized globally; language proportions estimated from mapped current-public rows within each represented group
arm left: 2. left instrument: Tool #18 (Orange). arm right: -1. right instrument: Tool #3 (None). do a hysterectomy,5.06391614023396e-05,4.877032218445963e-05,0.004877032218445963,26845,1,cmr_versius,cmr_versius:01,0.9630949809174046,YAML group mix ratios normalized globally; language proportions estimated from mapped current-public rows within each represented group
arm left: -1. left instrument: Tool #3 (None). arm right: 2. right instrument: Tool #8 (Pink). do an inguinal hernia repair,5.057502538119303e-05,4.8708553104397354e-05,0.004870855310439735,26811,1,cmr_versius,cmr_versius:02,0.9630949809174046,YAML group mix ratios normalized globally; language proportions estimated from mapped current-public rows within each represented group
arm left: 3. left instrument: Tool #12 (Cyan). arm right: 2. right instrument: Tool #0 (Pink). do a hysterectomy,5.03090495287911e-05,4.8452393095903826e-05,0.004845239309590382,26670,1,cmr_versius,cmr_versius:01,0.9630949809174046,YAML group mix ratios normalized globally; language proportions estimated from mapped current-public rows within each represented group
arm left: 2. left instrument: Tool #18 (Green). arm right: 1. right instrument: Tool #2 (Cyan). do an inguinal hernia repair,5.0014778372942156e-05,4.8168982022676945e-05,0.004816898202267695,26514,1,cmr_versius,cmr_versius:02,0.9630949809174046,YAML group mix ratios normalized globally; language proportions estimated from mapped current-public rows within each represented group
arm left: 1. left instrument: Tool #0 (Orange). arm right: 2. right instrument: Tool #9 (Blue). do a prostatectomy,4.9820483955939316e-05,4.798185804484124e-05,0.004798185804484124,26411,1,cmr_versius,cmr_versius:03,0.9630949809174046,YAML group mix ratios normalized globally; language proportions estimated from mapped current-public rows within each represented group
arm left: -1. left instrument: Tool #3 (None). arm right: 3. right instrument: Tool #8 (Pink). do a cholecystectomy,4.971296180284067e-05,4.7878303998854496e-05,0.004787830399885449,26354,1,cmr_versius,cmr_versius:00,0.9630949809174046,YAML group mix ratios normalized globally; language proportions estimated from mapped current-public rows within each represented group
arm left: 1. left instrument: Tool #18 (Blue). arm right: 2. right instrument: Tool #2 (Green). do a prostatectomy,4.9413031586302316e-05,4.758944271268094e-05,0.004758944271268094,26195,1,cmr_versius,cmr_versius:03,0.9630949809174046,YAML group mix ratios normalized globally; language proportions estimated from mapped current-public rows within each represented group
arm left: 2. left instrument: Tool #0 (Orange). arm right: 1. right instrument: Tool #2 (Blue). do an inguinal hernia repair,4.937530451503963e-05,4.755310795970314e-05,0.0047553107959703135,26175,1,cmr_versius,cmr_versius:02,0.9630949809174046,YAML group mix ratios normalized globally; language proportions estimated from mapped current-public rows within each represented group
arm left: -1. left instrument: Tool #3 (None). arm right: 2. right instrument: Tool #2 (Pink). do a hysterectomy,4.935455462584516e-05,4.753312384556535e-05,0.004753312384556535,26164,1,cmr_versius,cmr_versius:01,0.9630949809174046,YAML group mix ratios normalized globally; language proportions estimated from mapped current-public rows within each represented group
arm left: 1. left instrument: Tool #0 (Cyan). arm right: 2. right instrument: Tool #9 (Orange). do a hysterectomy,4.931116849389306e-05,4.7491338879640864e-05,0.004749133887964087,26141,1,cmr_versius,cmr_versius:01,0.9630949809174046,YAML group mix ratios normalized globally; language proportions estimated from mapped current-public rows within each represented group
arm left: 2. left instrument: Tool #18 (Blue). arm right: 1. right instrument: Tool #0 (Orange). do an inguinal hernia repair,4.922628258355202e-05,4.7409585685440806e-05,0.004740958568544081,26096,1,cmr_versius,cmr_versius:02,0.9630949809174046,YAML group mix ratios normalized globally; language proportions estimated from mapped current-public rows within each represented group
arm left: 1. left instrument: Tool #1 (Cyan). arm right: 3. right instrument: Tool #8 (Pink). do a hysterectomy,4.9003692863102177e-05,4.719521064287175e-05,0.0047195210642871745,25978,1,cmr_versius,cmr_versius:01,0.9630949809174046,YAML group mix ratios normalized globally; language proportions estimated from mapped current-public rows within each represented group
arm left: 2. left instrument: Tool #2 (Blue). arm right: 0. right instrument: Tool #14 (White). do an inguinal hernia repair,4.899803380241277e-05,4.7189760429925075e-05,0.004718976042992508,25975,1,cmr_versius,cmr_versius:02,0.9630949809174046,YAML group mix ratios normalized globally; language proportions estimated from mapped current-public rows within each represented group
arm left: 1. left instrument: Tool #18 (Pink). arm right: -1. right instrument: Tool #3 (None). do a prostatectomy,4.8747148778515914e-05,4.694813432262267e-05,0.004694813432262267,25842,1,cmr_versius,cmr_versius:03,0.9630949809174046,YAML group mix ratios normalized globally; language proportions estimated from mapped current-public rows within each represented group
arm left: 3. left instrument: Tool #0 (Blue). arm right: 1. right instrument: Tool #9 (Green). do a prostatectomy,4.872451253575831e-05,4.692633347083599e-05,0.0046926333470836,25830,1,cmr_versius,cmr_versius:03,0.9630949809174046,YAML group mix ratios normalized globally; language proportions estimated from mapped current-public rows within each represented group
arm left: 3. left instrument: Tool #0 (Green). arm right: 2. right instrument: Tool #9 (Orange). do a prostatectomy,4.857360425070756e-05,4.678099445892476e-05,0.004678099445892476,25750,1,cmr_versius,cmr_versius:03,0.9630949809174046,YAML group mix ratios normalized globally; language proportions estimated from mapped current-public rows within each represented group
arm left: 0. left instrument: Tool #14 (White). arm right: 1. right instrument: Tool #2 (Blue). do an inguinal hernia repair,4.854719530082367e-05,4.675556013184029e-05,0.004675556013184029,25736,1,cmr_versius,cmr_versius:02,0.9630949809174046,YAML group mix ratios normalized globally; language proportions estimated from mapped current-public rows within each represented group
arm left: 1. left instrument: Tool #2 (Green). arm right: -1. right instrument: Tool #3 (None). do a prostatectomy,4.84377867941619e-05,4.6650189348204666e-05,0.004665018934820467,25678,1,cmr_versius,cmr_versius:03,0.9630949809174046,YAML group mix ratios normalized globally; language proportions estimated from mapped current-public rows within each represented group
arm left: 1. left instrument: Tool #0 (Orange). arm right: 2. right instrument: Tool #13 (Blue). do a cholecystectomy,4.809258409210832e-05,4.631772635845774e-05,0.004631772635845774,25495,1,cmr_versius,cmr_versius:00,0.9630949809174046,YAML group mix ratios normalized globally; language proportions estimated from mapped current-public rows within each represented group
arm left: 3. left instrument: Tool #18 (Orange). arm right: -1. right instrument: Tool #3 (None). do a prostatectomy,4.806994784935071e-05,4.6295925506671053e-05,0.004629592550667106,25483,1,cmr_versius,cmr_versius:03,0.9630949809174046,YAML group mix ratios normalized globally; language proportions estimated from mapped current-public rows within each represented group
arm left: 1. left instrument: Tool #0 (Cyan). arm right: 0. right instrument: Tool #14 (White). do an inguinal hernia repair,4.789074426085295e-05,4.612333543002648e-05,0.004612333543002648,25388,1,cmr_versius,cmr_versius:02,0.9630949809174046,YAML group mix ratios normalized globally; language proportions estimated from mapped current-public rows within each represented group
arm left: 1. left instrument: Tool #12 (Pink). arm right: 3. right instrument: Tool #0 (Orange). do a hysterectomy,4.7849244482464e-05,4.60833672017509e-05,0.00460833672017509,25366,1,cmr_versius,cmr_versius:01,0.9630949809174046,YAML group mix ratios normalized globally; language proportions estimated from mapped current-public rows within each represented group
arm left: 3. left instrument: Tool #0 (Orange). arm right: 1. right instrument: Tool #9 (Blue). do a prostatectomy,4.768890442959759e-05,4.5928944501595226e-05,0.004592894450159523,25281,1,cmr_versius,cmr_versius:03,0.9630949809174046,YAML group mix ratios normalized globally; language proportions estimated from mapped current-public rows within each represented group
arm left: -1. left instrument: Tool #3 (None). arm right: 1. right instrument: Tool #10 (Pink). do a hysterectomy,4.7587041337188335e-05,4.583084066855515e-05,0.0045830840668555145,25227,1,cmr_versius,cmr_versius:01,0.9630949809174046,YAML group mix ratios normalized globally; language proportions estimated from mapped current-public rows within each represented group
Approach the colon grasped by the surgeon  and open your gripper to receive and take over the hold.,4.748338687599422e-05,4.5731011577229396e-05,0.004573101157722939,634,1,tud_tundra_ur5e,tud_tundra_ur5e:00,0.9630949809174046,YAML group mix ratios normalized globally; language proportions estimated from mapped current-public rows within each represented group
arm left: 1. left instrument: Tool #2 (Orange). arm right: -1. right instrument: Tool #3 (None). do an inguinal hernia repair,4.741915587006939e-05,4.566915101780391e-05,0.004566915101780391,25138,1,cmr_versius,cmr_versius:02,0.9630949809174046,YAML group mix ratios normalized globally; language proportions estimated from mapped current-public rows within each represented group
arm left: 1. left instrument: Tool #0 (Cyan). arm right: 2. right instrument: Tool #9 (Purple). do a cholecystectomy,4.735879255604909e-05,4.5611015413039423e-05,0.004561101541303942,25106,1,cmr_versius,cmr_versius:00,0.9630949809174046,YAML group mix ratios normalized globally; language proportions estimated from mapped current-public rows within each represented group
arm left: 2. left instrument: Tool #18 (Cyan). arm right: 1. right instrument: Tool #2 (Blue). do an inguinal hernia repair,4.714563460341491e-05,4.5405724058714816e-05,0.004540572405871482,24993,1,cmr_versius,cmr_versius:02,0.9630949809174046,YAML group mix ratios normalized globally; language proportions estimated from mapped current-public rows within each represented group
Remain positioned until the surgeon picks up the colon and positions it for your robotic grasp.,4.6809332488164644e-05,4.5081833179445376e-05,0.004508183317944538,625,1,tud_tundra_ur5e,tud_tundra_ur5e:00,0.9630949809174046,YAML group mix ratios normalized globally; language proportions estimated from mapped current-public rows within each represented group
arm left: -1. left instrument: Tool #3 (None). arm right: 2. right instrument: Tool #9 (Orange). do an inguinal hernia repair,4.680609096205075e-05,4.507871128191457e-05,0.004507871128191457,24813,1,cmr_versius,cmr_versius:02,0.9630949809174046,YAML group mix ratios normalized globally; language proportions estimated from mapped current-public rows within each represented group
arm left: 2. left instrument: Tool #12 (Cyan). arm right: -1. right instrument: Tool #3 (None). do a hysterectomy,4.636845693540359e-05,4.465722814737202e-05,0.004465722814737202,24581,1,cmr_versius,cmr_versius:01,0.9630949809174046,YAML group mix ratios normalized globally; language proportions estimated from mapped current-public rows within each represented group
arm left: -1. left instrument: Tool #3 (None). arm right: 1. right instrument: Tool #12 (Purple). do a hysterectomy,4.634770704620912e-05,4.463724403323423e-05,0.004463724403323423,24570,1,cmr_versius,cmr_versius:01,0.9630949809174046,YAML group mix ratios normalized globally; language proportions estimated from mapped current-public rows within each represented group
arm left: 3. left instrument: Tool #18 (Blue). arm right: -1. right instrument: Tool #3 (None). do a cholecystectomy,4.625527572161554e-05,4.4548223888438606e-05,0.0044548223888438605,24521,1,cmr_versius,cmr_versius:00,0.9630949809174046,YAML group mix ratios normalized globally; language proportions estimated from mapped current-public rows within each represented group
arm left: 3. left instrument: Tool #0 (Green). arm right: 1. right instrument: Tool #2 (Pink). do a prostatectomy,4.600627705128182e-05,4.430841451878509e-05,0.004430841451878509,24389,1,cmr_versius,cmr_versius:03,0.9630949809174046,YAML group mix ratios normalized globally; language proportions estimated from mapped current-public rows within each represented group
arm left: 3. left instrument: Tool #18 (Green). arm right: -1. right instrument: Tool #3 (None). do a prostatectomy,4.598552716208734e-05,4.42884304046473e-05,0.00442884304046473,24378,1,cmr_versius,cmr_versius:03,0.9630949809174046,YAML group mix ratios normalized globally; language proportions estimated from mapped current-public rows within each represented group
arm left: 1. left instrument: Tool #0 (Pink). arm right: -1. right instrument: Tool #3 (None). do a prostatectomy,4.5928936555193314e-05,4.4233928275180595e-05,0.004423392827518059,24348,1,cmr_versius,cmr_versius:03,0.9630949809174046,YAML group mix ratios normalized globally; language proportions estimated from mapped current-public rows within each represented group
arm left: 3. left instrument: Tool #18 (Pink). arm right: -1. right instrument: Tool #3 (None). do a prostatectomy,4.589309583749376e-05,4.419941025985167e-05,0.004419941025985167,24329,1,cmr_versius,cmr_versius:03,0.9630949809174046,YAML group mix ratios normalized globally; language proportions estimated from mapped current-public rows within each represented group
arm left: 2. left instrument: Tool #1 (Blue). arm right: 1. right instrument: Tool #2 (Cyan). do an inguinal hernia repair,4.585914147335734e-05,4.416670898217165e-05,0.004416670898217165,24311,1,cmr_versius,cmr_versius:02,0.9630949809174046,YAML group mix ratios normalized globally; language proportions estimated from mapped current-public rows within each represented group
arm left: 3. left instrument: Tool #1 (Cyan). arm right: 2. right instrument: Tool #13 (Orange). do a hysterectomy,4.579877815933704e-05,4.410857337740716e-05,0.004410857337740715,24279,1,cmr_versius,cmr_versius:01,0.9630949809174046,YAML group mix ratios normalized globally; language proportions estimated from mapped current-public rows within each represented group
arm left: 1. left instrument: Tool #12 (Orange). arm right: -1. right instrument: Tool #3 (None). do a hysterectomy,4.571577860255914e-05,4.402863692085599e-05,0.004402863692085599,24235,1,cmr_versius,cmr_versius:01,0.9630949809174046,YAML group mix ratios normalized globally; language proportions estimated from mapped current-public rows within each represented group
arm left: 3. left instrument: Tool #0 (Green). arm right: 1. right instrument: Tool #9 (Blue). do a prostatectomy,4.568371059198585e-05,4.399775238082485e-05,0.004399775238082485,24218,1,cmr_versius,cmr_versius:03,0.9630949809174046,YAML group mix ratios normalized globally; language proportions estimated from mapped current-public rows within each represented group
arm left: 0. left instrument: Tool #14 (White). arm right: 1. right instrument: Tool #2 (Cyan). do an inguinal hernia repair,4.547432534647795e-05,4.379609450179803e-05,0.004379609450179803,24107,1,cmr_versius,cmr_versius:02,0.9630949809174046,YAML group mix ratios normalized globally; language proportions estimated from mapped current-public rows within each represented group
arm left: 2. left instrument: Tool #0 (Blue). arm right: -1. right instrument: Tool #3 (None). do an inguinal hernia repair,4.540453026464198e-05,4.372887520878909e-05,0.004372887520878908,24070,1,cmr_versius,cmr_versius:02,0.9630949809174046,YAML group mix ratios normalized globally; language proportions estimated from mapped current-public rows within each represented group
arm left: 1. left instrument: Tool #18 (Pink). arm right: -1. right instrument: Tool #3 (None). do a hysterectomy,4.527625822234885e-05,4.360533704866455e-05,0.004360533704866455,24002,1,cmr_versius,cmr_versius:01,0.9630949809174046,YAML group mix ratios normalized globally; language proportions estimated from mapped current-public rows within each represented group
arm left: 2. left instrument: Tool #18 (Pink). arm right: 1. right instrument: Tool #0 (Blue). do a prostatectomy,4.524984927246497e-05,4.357990272158009e-05,0.004357990272158009,23988,1,cmr_versius,cmr_versius:03,0.9630949809174046,YAML group mix ratios normalized globally; language proportions estimated from mapped current-public rows within each represented group
arm left: 1. left instrument: Tool #18 (Blue). arm right: 3. right instrument: Tool #2 (Green). do a prostatectomy,4.5110259108793036e-05,4.3445464135562206e-05,0.004344546413556221,23914,1,cmr_versius,cmr_versius:03,0.9630949809174046,YAML group mix ratios normalized globally; language proportions estimated from mapped current-public rows within each represented group
arm left: 2. left instrument: Tool #0 (Blue). arm right: 1. right instrument: Tool #13 (Orange). do a cholecystectomy,4.510271369454049e-05,4.343819718496664e-05,0.004343819718496664,23910,1,cmr_versius,cmr_versius:00,0.9630949809174046,YAML group mix ratios normalized globally; language proportions estimated from mapped current-public rows within each represented group
arm left: 1. left instrument: Tool #0 (Pink). arm right: -1. right instrument: Tool #3 (None). do an inguinal hernia repair,4.490841927753767e-05,4.3251073207130946e-05,0.004325107320713095,23807,1,cmr_versius,cmr_versius:02,0.9630949809174046,YAML group mix ratios normalized globally; language proportions estimated from mapped current-public rows within each represented group
arm left: 2. left instrument: Tool #0 (Purple). arm right: 1. right instrument: Tool #8 (Blue). do a hysterectomy,4.4597170939620504e-05,4.2951311495064046e-05,0.004295131149506404,23642,1,cmr_versius,cmr_versius:01,0.9630949809174046,YAML group mix ratios normalized globally; language proportions estimated from mapped current-public rows within each represented group
left tool: none. right tool: bi_maryland_forceps. aux tool: bi_maryland_forceps. The surgery process is a hemicolectomy 2025-10-10_01.Suturing,4.4544353325932774e-05,4.290044311641736e-05,0.004290044311641736,595,1,rob_surgical_bitrack,rob_surgical_bitrack:00,0.9630949809174046,YAML group mix ratios normalized globally; language proportions estimated from mapped current-public rows within each represented group
arm left: 2. left instrument: Tool #1 (Pink). arm right: -1. right instrument: Tool #3 (None). do an inguinal hernia repair,4.448210337226932e-05,4.284049049848174e-05,0.004284049049848174,23581,1,cmr_versius,cmr_versius:02,0.9630949809174046,YAML group mix ratios normalized globally; language proportions estimated from mapped current-public rows within each represented group
left tool: mono_hook. right tool: bi_maryland_forceps. aux tool: none. The surgery process is a hemicolectomy InVivo 2.Dissection and staple of the mesocolon while separating it from the retroperitoneum,4.446948886656146e-05,4.282834153134775e-05,0.004282834153134775,594,1,rob_surgical_bitrack,rob_surgical_bitrack:00,0.9630949809174046,YAML group mix ratios normalized globally; language proportions estimated from mapped current-public rows within each represented group
arm left: 0. left instrument: Tool #17 (White). arm right: -1. right instrument: Tool #3 (None). do a hysterectomy,4.4393444754802004e-05,4.2755103828983896e-05,0.00427551038289839,23534,1,cmr_versius,cmr_versius:01,0.9630949809174046,YAML group mix ratios normalized globally; language proportions estimated from mapped current-public rows within each represented group
arm left: 2. left instrument: Tool #2 (Cyan). arm right: 1. right instrument: Tool #2 (Orange). do an inguinal hernia repair,4.431421790515037e-05,4.2678800847730505e-05,0.0042678800847730505,23492,1,cmr_versius,cmr_versius:02,0.9630949809174046,YAML group mix ratios normalized globally; language proportions estimated from mapped current-public rows within each represented group
arm left: 1. left instrument: Tool #0 (Purple). arm right: 2. right instrument: Tool #8 (Blue). do a hysterectomy,4.4112378073895006e-05,4.248440991929925e-05,0.004248440991929925,23385,1,cmr_versius,cmr_versius:01,0.9630949809174046,YAML group mix ratios normalized globally; language proportions estimated from mapped current-public rows within each represented group
arm left: 2. left instrument: Tool #0 (Pink). arm right: 3. right instrument: Tool #2 (Blue). do a prostatectomy,4.40954008918268e-05,4.246805928045924e-05,0.004246805928045924,23376,1,cmr_versius,cmr_versius:03,0.9630949809174046,YAML group mix ratios normalized globally; language proportions estimated from mapped current-public rows within each represented group
arm left: 2. left instrument: Tool #0 (Cyan). arm right: 3. right instrument: Tool #9 (Green). do a prostatectomy,4.4080310063321716e-05,4.245352537926811e-05,0.004245352537926811,23368,1,cmr_versius,cmr_versius:03,0.9630949809174046,YAML group mix ratios normalized globally; language proportions estimated from mapped current-public rows within each represented group
arm left: -1. left instrument: Tool #3 (None). arm right: 1. right instrument: Tool #18 (Purple). do a hysterectomy,4.402371945642769e-05,4.23990232498014e-05,0.00423990232498014,23338,1,cmr_versius,cmr_versius:01,0.9630949809174046,YAML group mix ratios normalized globally; language proportions estimated from mapped current-public rows within each represented group
arm left: 3. left instrument: Tool #0 (Green). arm right: 1. right instrument: Tool #9 (Cyan). do a prostatectomy,4.3902992828387104e-05,4.228275204027243e-05,0.004228275204027243,23274,1,cmr_versius,cmr_versius:03,0.9630949809174046,YAML group mix ratios normalized globally; language proportions estimated from mapped current-public rows within each represented group
arm left: 2. left instrument: Tool #18 (Cyan). arm right: -1. right instrument: Tool #3 (None). do a hysterectomy,4.3901106474823965e-05,4.228093530262353e-05,0.004228093530262354,23273,1,cmr_versius,cmr_versius:01,0.9630949809174046,YAML group mix ratios normalized globally; language proportions estimated from mapped current-public rows within each represented group
arm left: -1. left instrument: Tool #3 (None). arm right: 2. right instrument: Tool #2 (Orange). do a prostatectomy,4.3725675593452485e-05,4.211197870127674e-05,0.004211197870127675,23180,1,cmr_versius,cmr_versius:03,0.9630949809174046,YAML group mix ratios normalized globally; language proportions estimated from mapped current-public rows within each represented group
arm left: 3. left instrument: Tool #12 (Cyan). arm right: 2. right instrument: Tool #0 (Orange). do a hysterectomy,4.367474404724785e-05,4.20629267847567e-05,0.00420629267847567,23153,1,cmr_versius,cmr_versius:01,0.9630949809174046,YAML group mix ratios normalized globally; language proportions estimated from mapped current-public rows within each represented group
arm left: 3. left instrument: Tool #12 (Blue). arm right: 2. right instrument: Tool #0 (Pink). do a hysterectomy,4.355590377277039e-05,4.194847231287661e-05,0.004194847231287662,23090,1,cmr_versius,cmr_versius:01,0.9630949809174046,YAML group mix ratios normalized globally; language proportions estimated from mapped current-public rows within each represented group
arm left: -1. left instrument: Tool #3 (None). arm right: 2. right instrument: Tool #0 (Orange). do an inguinal hernia repair,4.346347244817681e-05,4.185945216808099e-05,0.004185945216808099,23041,1,cmr_versius,cmr_versius:02,0.9630949809174046,YAML group mix ratios normalized globally; language proportions estimated from mapped current-public rows within each represented group
arm left: 0. left instrument: Tool #17 (White). arm right: 2. right instrument: Tool #18 (Orange). do an inguinal hernia repair,4.326729167761085e-05,4.16705114525964e-05,0.00416705114525964,22937,1,cmr_versius,cmr_versius:02,0.9630949809174046,YAML group mix ratios normalized globally; language proportions estimated from mapped current-public rows within each represented group
Remain positioned until the surgeon picks up the gallbladder and positions it for your robotic grasp.,4.3214375753073604e-05,4.1619548391263975e-05,0.0041619548391263975,577,1,tud_tundra_ur5e,tud_tundra_ur5e:00,0.9630949809174046,YAML group mix ratios normalized globally; language proportions estimated from mapped current-public rows within each represented group
left tool: mono_hook. right tool: none. aux tool: bi_maryland_forceps. The surgery process is a hemicolectomy.Dissection and staple of the mesocolon while separating it from the retroperitoneum,4.31967930572491e-05,4.16026145851644e-05,0.00416026145851644,577,1,rob_surgical_bitrack,rob_surgical_bitrack:00,0.9630949809174046,YAML group mix ratios normalized globally; language proportions estimated from mapped current-public rows within each represented group
arm left: -1. left instrument: Tool #3 (None). arm right: 2. right instrument: Tool #0 (Green). do a prostatectomy,4.3176746706580406e-05,4.158330804544967e-05,0.004158330804544967,22889,1,cmr_versius,cmr_versius:03,0.9630949809174046,YAML group mix ratios normalized globally; language proportions estimated from mapped current-public rows within each represented group
arm left: 2. left instrument: Tool #18 (Blue). arm right: 1. right instrument: Tool #0 (Pink). do a prostatectomy,4.310129256405504e-05,4.151063853949406e-05,0.004151063853949406,22849,1,cmr_versius,cmr_versius:03,0.9630949809174046,YAML group mix ratios normalized globally; language proportions estimated from mapped current-public rows within each represented group
arm left: 3. left instrument: Tool #18 (Pink). arm right: 1. right instrument: Tool #0 (Green). do a prostatectomy,4.297490687532503e-05,4.13889171170184e-05,0.00413889171170184,22782,1,cmr_versius,cmr_versius:03,0.9630949809174046,YAML group mix ratios normalized globally; language proportions estimated from mapped current-public rows within each represented group
arm left: 3. left instrument: Tool #0 (Cyan). arm right: 1. right instrument: Tool #2 (Green). do a hysterectomy,4.256745450568803e-05,4.09965017848581e-05,0.00409965017848581,22566,1,cmr_versius,cmr_versius:01,0.9630949809174046,YAML group mix ratios normalized globally; language proportions estimated from mapped current-public rows within each represented group
Lift the intact tissue block using the right instrument (right-side grasp).,4.245329888457638e-05,4.088655907912196e-05,0.004088655907912196,567,1,hamlyn_dvrk_30hz,hamlyn_dvrk_30hz:05,0.9630949809174046,YAML group mix ratios normalized globally; language proportions estimated from mapped current-public rows within each represented group
arm left: -1. left instrument: Tool #3 (None). arm right: 1. right instrument: Tool #2 (Green). do a prostatectomy,4.2263751582023415e-05,4.070400702338677e-05,0.004070400702338677,22405,1,cmr_versius,cmr_versius:03,0.9630949809174046,YAML group mix ratios normalized globally; language proportions estimated from mapped current-public rows within each represented group
arm left: 2. left instrument: Tool #2 (Green). arm right: -1. right instrument: Tool #3 (None). do a prostatectomy,4.219584285375058e-05,4.063860446802672e-05,0.004063860446802672,22369,1,cmr_versius,cmr_versius:03,0.9630949809174046,YAML group mix ratios normalized globally; language proportions estimated from mapped current-public rows within each represented group
arm left: 1. left instrument: Tool #13 (Purple). arm right: -1. right instrument: Tool #3 (None). do an inguinal hernia repair,4.202795738663163e-05,4.0476914817275484e-05,0.0040476914817275484,22280,1,cmr_versius,cmr_versius:02,0.9630949809174046,YAML group mix ratios normalized globally; language proportions estimated from mapped current-public rows within each represented group
arm left: 2. left instrument: Tool #0 (Blue). arm right: 1. right instrument: Tool #2 (Pink). do an inguinal hernia repair,4.1831776616065666e-05,4.02879741017909e-05,0.00402879741017909,22176,1,cmr_versius,cmr_versius:02,0.9630949809174046,YAML group mix ratios normalized globally; language proportions estimated from mapped current-public rows within each represented group
arm left: 3. left instrument: Tool #12 (Cyan). arm right: 1. right instrument: Tool #0 (Pink). do a hysterectomy,4.181857214112372e-05,4.027525693824866e-05,0.004027525693824866,22169,1,cmr_versius,cmr_versius:01,0.9630949809174046,YAML group mix ratios normalized globally; language proportions estimated from mapped current-public rows within each represented group
arm left: 1. left instrument: Tool #0 (Blue). arm right: 3. right instrument: Tool #2 (Orange). do a prostatectomy,4.181291308043432e-05,4.026980672530199e-05,0.0040269806725301985,22166,1,cmr_versius,cmr_versius:03,0.9630949809174046,YAML group mix ratios normalized globally; language proportions estimated from mapped current-public rows within each represented group
arm left: 2. left instrument: Tool #12 (Blue). arm right: -1. right instrument: Tool #3 (None). do a hysterectomy,4.166577750250985e-05,4.012810118868855e-05,0.004012810118868855,22088,1,cmr_versius,cmr_versius:01,0.9630949809174046,YAML group mix ratios normalized globally; language proportions estimated from mapped current-public rows within each represented group
arm left: 2. left instrument: Tool #0 (Orange). arm right: 3. right instrument: Tool #9 (Blue). do a prostatectomy,4.160352783492642e-05,4.006814884627517e-05,0.004006814884627517,22055,1,cmr_versius,cmr_versius:03,0.9630949809174046,YAML group mix ratios normalized globally; language proportions estimated from mapped current-public rows within each represented group
arm left: 3. left instrument: Tool #0 (Purple). arm right: 1. right instrument: Tool #9 (Blue). do a hysterectomy,4.158466429929508e-05,4.004998146978627e-05,0.004004998146978627,22045,1,cmr_versius,cmr_versius:01,0.9630949809174046,YAML group mix ratios normalized globally; language proportions estimated from mapped current-public rows within each represented group
Lift the intact tissue block using the right instrument (left-side grasp).,4.147994282549438e-05,3.994912474397455e-05,0.003994912474397455,554,1,hamlyn_dvrk_30hz,hamlyn_dvrk_30hz:05,0.9630949809174046,YAML group mix ratios normalized globally; language proportions estimated from mapped current-public rows within each represented group
arm left: 1. left instrument: Tool #0 (Orange). arm right: 3. right instrument: Tool #9 (Blue). do a prostatectomy,4.133943833608762e-05,3.9813805575430534e-05,0.003981380557543053,21915,1,cmr_versius,cmr_versius:03,0.9630949809174046,YAML group mix ratios normalized globally; language proportions estimated from mapped current-public rows within each represented group
Lift the intact tissue block using the left instrument (left-side grasp).,4.1255322196475457e-05,3.973279374355591e-05,0.0039732793743555905,551,1,hamlyn_dvrk_30hz,hamlyn_dvrk_30hz:05,0.9630949809174046,YAML group mix ratios normalized globally; language proportions estimated from mapped current-public rows within each represented group
arm left: 1. left instrument: Tool #0 (Pink). arm right: 0. right instrument: Tool #14 (White). do a prostatectomy,4.114325756552166e-05,3.9624864859945946e-05,0.003962486485994595,21811,1,cmr_versius,cmr_versius:03,0.9630949809174046,YAML group mix ratios normalized globally; language proportions estimated from mapped current-public rows within each represented group
arm left: -1. left instrument: Tool #3 (None). arm right: 1. right instrument: Tool #9 (Cyan). do an inguinal hernia repair,4.081503204553629e-05,3.930875250903903e-05,0.003930875250903903,21637,1,cmr_versius,cmr_versius:02,0.9630949809174046,YAML group mix ratios normalized globally; language proportions estimated from mapped current-public rows within each represented group
arm left: 2. left instrument: Tool #0 (Blue). arm right: 3. right instrument: Tool #2 (Orange). do a prostatectomy,4.081314569197316e-05,3.9306935771390144e-05,0.003930693577139014,21636,1,cmr_versius,cmr_versius:03,0.9630949809174046,YAML group mix ratios normalized globally; language proportions estimated from mapped current-public rows within each represented group
arm left: 3. left instrument: Tool #13 (Green). arm right: 1. right instrument: Tool #9 (Blue). do a prostatectomy,4.046228392923018e-05,3.8969022568696544e-05,0.0038969022568696543,21450,1,cmr_versius,cmr_versius:03,0.9630949809174046,YAML group mix ratios normalized globally; language proportions estimated from mapped current-public rows within each represented group
arm left: 3. left instrument: Tool #0 (Orange). arm right: 1. right instrument: Tool #9 (Pink). do a hysterectomy,3.998880918488348e-05,3.851302141882509e-05,0.003851302141882509,21199,1,cmr_versius,cmr_versius:01,0.9630949809174046,YAML group mix ratios normalized globally; language proportions estimated from mapped current-public rows within each represented group
left tool: none. right tool: bi_maryland_forceps. aux tool: bi_maryland_forceps. The surgery process is a hemicolectomy InVivo 2.Suturing,3.990275684491121e-05,3.84301448421016e-05,0.00384301448421016,533,1,rob_surgical_bitrack,rob_surgical_bitrack:00,0.9630949809174046,YAML group mix ratios normalized globally; language proportions estimated from mapped current-public rows within each represented group
left tool: none. right tool: forceps. aux tool: none. The surgery process is a hemicolectomy.,3.98278923855399e-05,3.835804325703199e-05,0.003835804325703199,532,1,rob_surgical_bitrack,rob_surgical_bitrack:00,0.9630949809174046,YAML group mix ratios normalized globally; language proportions estimated from mapped current-public rows within each represented group
arm left: 1. left instrument: Tool #2 (Pink). arm right: -1. right instrument: Tool #3 (None). do an inguinal hernia repair,3.9594561290188414e-05,3.813332325020702e-05,0.003813332325020702,20990,1,cmr_versius,cmr_versius:02,0.9630949809174046,YAML group mix ratios normalized globally; language proportions estimated from mapped current-public rows within each represented group
arm left: 0. left instrument: Tool #17 (White). arm right: 2. right instrument: Tool #18 (Purple). do an inguinal hernia repair,3.95002436120317e-05,3.8042486367762504e-05,0.0038042486367762503,20940,1,cmr_versius,cmr_versius:02,0.9630949809174046,YAML group mix ratios normalized globally; language proportions estimated from mapped current-public rows within each represented group
arm left: 2. left instrument: Tool #0 (Pink). arm right: 3. right instrument: Tool #9 (Blue). do a prostatectomy,3.9213517870435295e-05,3.7766342245131185e-05,0.0037766342245131187,20788,1,cmr_versius,cmr_versius:03,0.9630949809174046,YAML group mix ratios normalized globally; language proportions estimated from mapped current-public rows within each represented group
arm left: 1. left instrument: Tool #0 (Purple). arm right: 0. right instrument: Tool #14 (White). do a hysterectomy,3.91041093637735e-05,3.7660971461495545e-05,0.0037660971461495546,20730,1,cmr_versius,cmr_versius:01,0.9630949809174046,YAML group mix ratios normalized globally; language proportions estimated from mapped current-public rows within each represented group
arm left: 3. left instrument: Tool #0 (Cyan). arm right: 1. right instrument: Tool #9 (Blue). do a prostatectomy,3.861365743735859e-05,3.718861967278407e-05,0.003718861967278407,20470,1,cmr_versius,cmr_versius:03,0.9630949809174046,YAML group mix ratios normalized globally; language proportions estimated from mapped current-public rows within each represented group
arm left: 2. left instrument: Tool #18 (Orange). arm right: -1. right instrument: Tool #3 (None). do a prostatectomy,3.8600452962416656e-05,3.717590250924184e-05,0.003717590250924184,20463,1,cmr_versius,cmr_versius:03,0.9630949809174046,YAML group mix ratios normalized globally; language proportions estimated from mapped current-public rows within each represented group
arm left: 0. left instrument: Tool #14 (White). arm right: 1. right instrument: Tool #2 (Orange). do an inguinal hernia repair,3.832881804932532e-05,3.691429228780164e-05,0.003691429228780164,20319,1,cmr_versius,cmr_versius:02,0.9630949809174046,YAML group mix ratios normalized globally; language proportions estimated from mapped current-public rows within each represented group
arm left: 1. left instrument: Tool #18 (Orange). arm right: 2. right instrument: Tool #0 (Blue). do a prostatectomy,3.814584175370129e-05,3.673806873585928e-05,0.0036738068735859284,20222,1,cmr_versius,cmr_versius:03,0.9630949809174046,YAML group mix ratios normalized globally; language proportions estimated from mapped current-public rows within each represented group
arm left: 1. left instrument: Tool #0 (Purple). arm right: 2. right instrument: Tool #18 (Blue). do a hysterectomy,3.8115660096691144e-05,3.670900093347704e-05,0.003670900093347704,20206,1,cmr_versius,cmr_versius:01,0.9630949809174046,YAML group mix ratios normalized globally; language proportions estimated from mapped current-public rows within each represented group
arm left: 2. left instrument: Tool #13 (Green). arm right: -1. right instrument: Tool #3 (None). do a hysterectomy,3.808359208611786e-05,3.6678116393445904e-05,0.0036678116393445903,20189,1,cmr_versius,cmr_versius:01,0.9630949809174046,YAML group mix ratios normalized globally; language proportions estimated from mapped current-public rows within each represented group
arm left: 1. left instrument: Tool #0 (Orange). arm right: -1. right instrument: Tool #3 (None). do a cholecystectomy,3.794777462957219e-05,3.65473112827258e-05,0.00365473112827258,20117,1,cmr_versius,cmr_versius:00,0.9630949809174046,YAML group mix ratios normalized globally; language proportions estimated from mapped current-public rows within each represented group
arm left: 0. left instrument: Tool #14 (White). arm right: 1. right instrument: Tool #2 (Purple). do an inguinal hernia repair,3.785911601210488e-05,3.646192461322796e-05,0.003646192461322796,20070,1,cmr_versius,cmr_versius:02,0.9630949809174046,YAML group mix ratios normalized globally; language proportions estimated from mapped current-public rows within each represented group
arm left: 3. left instrument: Tool #1 (Cyan). arm right: 1. right instrument: Tool #2 (Pink). do a hysterectomy,3.774593479831683e-05,3.6352920354294546e-05,0.0036352920354294545,20010,1,cmr_versius,cmr_versius:01,0.9630949809174046,YAML group mix ratios normalized globally; language proportions estimated from mapped current-public rows within each represented group
arm left: 3. left instrument: Tool #18 (Pink). arm right: 2. right instrument: Tool #0 (Green). do a prostatectomy,3.757427662407161e-05,3.618759722824553e-05,0.003618759722824553,19919,1,cmr_versius,cmr_versius:03,0.9630949809174046,YAML group mix ratios normalized globally; language proportions estimated from mapped current-public rows within each represented group
arm left: 2. left instrument: Tool #0 (Green). arm right: 3. right instrument: Tool #9 (Cyan). do a prostatectomy,3.7483731653041165e-05,3.6100393821098796e-05,0.0036100393821098795,19871,1,cmr_versius,cmr_versius:03,0.9630949809174046,YAML group mix ratios normalized globally; language proportions estimated from mapped current-public rows within each represented group
arm left: 1. left instrument: Tool #18 (Green). arm right: 3. right instrument: Tool #0 (Orange). do a hysterectomy,3.735734596431116e-05,3.597867239862314e-05,0.0035978672398623143,19804,1,cmr_versius,cmr_versius:01,0.9630949809174046,YAML group mix ratios normalized globally; language proportions estimated from mapped current-public rows within each represented group
arm left: 1. left instrument: Tool #0 (Purple). arm right: -1. right instrument: Tool #3 (None). do an inguinal hernia repair,3.717625602225028e-05,3.580426558432968e-05,0.003580426558432968,19708,1,cmr_versius,cmr_versius:02,0.9630949809174046,YAML group mix ratios normalized globally; language proportions estimated from mapped current-public rows within each represented group
arm left: 3. left instrument: Tool #2 (Pink). arm right: 1. right instrument: Tool #0 (Blue). do a hysterectomy,3.6957439008926704e-05,3.5593524017058406e-05,0.0035593524017058405,19592,1,cmr_versius,cmr_versius:01,0.9630949809174046,YAML group mix ratios normalized globally; language proportions estimated from mapped current-public rows within each represented group
arm left: 2. left instrument: Tool #13 (Cyan). arm right: -1. right instrument: Tool #3 (None). do a hysterectomy,3.685746227008058e-05,3.549723692166722e-05,0.003549723692166722,19539,1,cmr_versius,cmr_versius:01,0.9630949809174046,YAML group mix ratios normalized globally; language proportions estimated from mapped current-public rows within each represented group
arm left: -1. left instrument: Tool #3 (None). arm right: 2. right instrument: Tool #13 (Blue). do a hysterectomy,3.678578083468148e-05,3.542820089100939e-05,0.0035428200891009388,19501,1,cmr_versius,cmr_versius:01,0.9630949809174046,YAML group mix ratios normalized globally; language proportions estimated from mapped current-public rows within each represented group
left tool: none. right tool: bi_maryland_forceps. aux tool: bi_maryland_forceps. The surgery process is a hemicolectomy InVivo 2.Preparing the colon part for anastomosis,3.668358509194465e-05,3.532977668410842e-05,0.003532977668410842,490,1,rob_surgical_bitrack,rob_surgical_bitrack:00,0.9630949809174046,YAML group mix ratios normalized globally; language proportions estimated from mapped current-public rows within each represented group
arm left: 3. left instrument: Tool #0 (Green). arm right: 1. right instrument: Tool #9 (Pink). do a prostatectomy,3.646510072894866e-05,3.511935549069804e-05,0.0035119355490698043,19331,1,cmr_versius,cmr_versius:03,0.9630949809174046,YAML group mix ratios normalized globally; language proportions estimated from mapped current-public rows within each represented group
arm left: 1. left instrument: Tool #2 (Blue). arm right: -1. right instrument: Tool #3 (None). do a prostatectomy,3.6314192443897906e-05,3.4974016478786815e-05,0.0034974016478786815,19251,1,cmr_versius,cmr_versius:03,0.9630949809174046,YAML group mix ratios normalized globally; language proportions estimated from mapped current-public rows within each represented group
arm left: 2. left instrument: Tool #18 (Cyan). arm right: 3. right instrument: Tool #13 (Orange). do a hysterectomy,3.62198747657412e-05,3.4883179596342306e-05,0.0034883179596342305,19201,1,cmr_versius,cmr_versius:01,0.9630949809174046,YAML group mix ratios normalized globally; language proportions estimated from mapped current-public rows within each represented group
arm left: 3. left instrument: Tool #18 (Blue). arm right: 1. right instrument: Tool #2 (Pink). do a prostatectomy,3.621610205861493e-05,3.487954612104453e-05,0.0034879546121044528,19199,1,cmr_versius,cmr_versius:03,0.9630949809174046,YAML group mix ratios normalized globally; language proportions estimated from mapped current-public rows within each represented group
arm left: 2. left instrument: Tool #1 (Orange). arm right: 1. right instrument: Tool #0 (Blue). do a prostatectomy,3.62142157050518e-05,3.487772938339564e-05,0.003487772938339564,19198,1,cmr_versius,cmr_versius:03,0.9630949809174046,YAML group mix ratios normalized globally; language proportions estimated from mapped current-public rows within each represented group
arm left: -1. left instrument: Tool #3 (None). arm right: 1. right instrument: Tool #9 (Pink). do a prostatectomy,3.599162598460195e-05,3.466335434082658e-05,0.003466335434082658,19080,1,cmr_versius,cmr_versius:03,0.9630949809174046,YAML group mix ratios normalized globally; language proportions estimated from mapped current-public rows within each represented group
arm left: 0. left instrument: Tool #17 (White). arm right: 1. right instrument: Tool #2 (Cyan). do a hysterectomy,3.572376377863689e-05,3.4405377594684165e-05,0.0034405377594684166,18938,1,cmr_versius,cmr_versius:01,0.9630949809174046,YAML group mix ratios normalized globally; language proportions estimated from mapped current-public rows within each represented group
arm left: 3. left instrument: Tool #1 (Cyan). arm right: 1. right instrument: Tool #13 (Orange). do a hysterectomy,3.5638877868295845e-05,3.43236244004841e-05,0.00343236244004841,18893,1,cmr_versius,cmr_versius:01,0.9630949809174046,YAML group mix ratios normalized globally; language proportions estimated from mapped current-public rows within each represented group
arm left: -1. left instrument: Tool #3 (None). arm right: 3. right instrument: Tool #18 (Green). do a hysterectomy,3.557662820071241e-05,3.426367205807072e-05,0.003426367205807072,18860,1,cmr_versius,cmr_versius:01,0.9630949809174046,YAML group mix ratios normalized globally; language proportions estimated from mapped current-public rows within each represented group
arm left: 2. left instrument: Tool #13 (Cyan). arm right: 0. right instrument: Tool #14 (White). do a cholecystectomy,3.528801610555287e-05,3.398571119779051e-05,0.003398571119779051,18707,1,cmr_versius,cmr_versius:00,0.9630949809174046,YAML group mix ratios normalized globally; language proportions estimated from mapped current-public rows within each represented group
arm left: 1. left instrument: Tool #1 (Orange). arm right: -1. right instrument: Tool #3 (None). do an inguinal hernia repair,3.489942727154721e-05,3.361146324211911e-05,0.003361146324211911,18501,1,cmr_versius,cmr_versius:02,0.9630949809174046,YAML group mix ratios normalized globally; language proportions estimated from mapped current-public rows within each represented group
arm left: 1. left instrument: Tool #0 (Purple). arm right: -1. right instrument: Tool #3 (None). do a cholecystectomy,3.4748518986496465e-05,3.346612423020789e-05,0.003346612423020789,18421,1,cmr_versius,cmr_versius:00,0.9630949809174046,YAML group mix ratios normalized globally; language proportions estimated from mapped current-public rows within each represented group
arm left: 3. left instrument: Tool #0 (Green). arm right: -1. right instrument: Tool #3 (None). do a hysterectomy,3.4559883630183034e-05,3.328445046531886e-05,0.0033284450465318857,18321,1,cmr_versius,cmr_versius:01,0.9630949809174046,YAML group mix ratios normalized globally; language proportions estimated from mapped current-public rows within each represented group
arm left: 1. left instrument: Tool #0 (Green). arm right: 3. right instrument: Tool #9 (Pink). do a hysterectomy,3.4474997719841995e-05,3.320269727111879e-05,0.003320269727111879,18276,1,cmr_versius,cmr_versius:01,0.9630949809174046,YAML group mix ratios normalized globally; language proportions estimated from mapped current-public rows within each represented group
arm left: 2. left instrument: Tool #13 (Blue). arm right: -1. right instrument: Tool #3 (None). do a cholecystectomy,3.4471225012715724e-05,3.3199063795821014e-05,0.0033199063795821015,18274,1,cmr_versius,cmr_versius:00,0.9630949809174046,YAML group mix ratios normalized globally; language proportions estimated from mapped current-public rows within each represented group
arm left: 2. left instrument: Tool #0 (Orange). arm right: 3. right instrument: Tool #2 (Green). do a prostatectomy,3.4471225012715724e-05,3.3199063795821014e-05,0.0033199063795821015,18274,1,cmr_versius,cmr_versius:03,0.9630949809174046,YAML group mix ratios normalized globally; language proportions estimated from mapped current-public rows within each represented group
arm left: 2. left instrument: Tool #12 (Purple). arm right: 1. right instrument: Tool #2 (Green). do a hysterectomy,3.4063772643078724e-05,3.2806648463660716e-05,0.0032806648463660714,18058,1,cmr_versius,cmr_versius:01,0.9630949809174046,YAML group mix ratios normalized globally; language proportions estimated from mapped current-public rows within each represented group
arm left: 1. left instrument: Tool #18 (Pink). arm right: 2. right instrument: Tool #0 (Blue). do a prostatectomy,3.401095474331097e-05,3.275577980949179e-05,0.0032755779809491787,18030,1,cmr_versius,cmr_versius:03,0.9630949809174046,YAML group mix ratios normalized globally; language proportions estimated from mapped current-public rows within each represented group
arm left: 1. left instrument: Tool #2 (Purple). arm right: 2. right instrument: Tool #0 (Cyan). do an inguinal hernia repair,3.366952474838366e-05,3.2426950295042646e-05,0.0032426950295042648,17849,1,cmr_versius,cmr_versius:02,0.9630949809174046,YAML group mix ratios normalized globally; language proportions estimated from mapped current-public rows within each represented group
arm left: 3. left instrument: Tool #0 (Pink). arm right: 1. right instrument: Tool #9 (Blue). do a prostatectomy,3.3522389170459186e-05,3.22852447584292e-05,0.00322852447584292,17771,1,cmr_versius,cmr_versius:03,0.9630949809174046,YAML group mix ratios normalized globally; language proportions estimated from mapped current-public rows within each represented group
arm left: 3. left instrument: Tool #0 (Cyan). arm right: 1. right instrument: Tool #13 (Orange). do a hysterectomy,3.325264061093099e-05,3.2025451274637897e-05,0.0032025451274637897,17628,1,cmr_versius,cmr_versius:01,0.9630949809174046,YAML group mix ratios normalized globally; language proportions estimated from mapped current-public rows within each represented group
arm left: 3. left instrument: Tool #0 (Green). arm right: -1. right instrument: Tool #3 (None). do a prostatectomy,3.3150777518521734e-05,3.192734744159782e-05,0.003192734744159782,17574,1,cmr_versius,cmr_versius:03,0.9630949809174046,YAML group mix ratios normalized globally; language proportions estimated from mapped current-public rows within each represented group
Close down on the stomach for hold. Keep position awaiting surgeon's counterpart grasp.,3.310355993563004e-05,3.1881872424503776e-05,0.003188187242450378,442,1,tud_tundra_ur5e,tud_tundra_ur5e:00,0.9630949809174046,YAML group mix ratios normalized globally; language proportions estimated from mapped current-public rows within each represented group
arm left: 1. left instrument: Tool #0 (Green). arm right: -1. right instrument: Tool #3 (None). do a hysterectomy,3.3045141718986216e-05,3.182561013325996e-05,0.003182561013325996,17518,1,cmr_versius,cmr_versius:01,0.9630949809174046,YAML group mix ratios normalized globally; language proportions estimated from mapped current-public rows within each represented group
Close down on the omentum for hold. Keep position awaiting surgeon's counterpart grasp.,3.302866500364898e-05,3.180974149141666e-05,0.003180974149141666,441,1,tud_tundra_ur5e,tud_tundra_ur5e:00,0.9630949809174046,YAML group mix ratios normalized globally; language proportions estimated from mapped current-public rows within each represented group
arm left: 3. left instrument: Tool #18 (Orange). arm right: 1. right instrument: Tool #0 (Blue). do a prostatectomy,3.302816453691801e-05,3.180925949441995e-05,0.003180925949441995,17509,1,cmr_versius,cmr_versius:03,0.9630949809174046,YAML group mix ratios normalized globally; language proportions estimated from mapped current-public rows within each represented group
arm left: 2. left instrument: Tool #1 (Pink). arm right: -1. right instrument: Tool #3 (None). do a hysterectomy,3.301307370841293e-05,3.1794725593228826e-05,0.0031794725593228827,17501,1,cmr_versius,cmr_versius:01,0.9630949809174046,YAML group mix ratios normalized globally; language proportions estimated from mapped current-public rows within each represented group
arm left: 1. left instrument: Tool #9 (Purple). arm right: 2. right instrument: Tool #2 (Blue). do an inguinal hernia repair,3.295836945508204e-05,3.174204020141101e-05,0.003174204020141101,17472,1,cmr_versius,cmr_versius:02,0.9630949809174046,YAML group mix ratios normalized globally; language proportions estimated from mapped current-public rows within each represented group
arm left: -1. left instrument: Tool #3 (None). arm right: 1. right instrument: Tool #2 (Purple). do a hysterectomy,3.2947051333703233e-05,3.173113977551767e-05,0.003173113977551767,17466,1,cmr_versius,cmr_versius:01,0.9630949809174046,YAML group mix ratios normalized globally; language proportions estimated from mapped current-public rows within each represented group
arm left: 2. left instrument: Tool #0 (Blue). arm right: 0. right instrument: Tool #17 (White). do an inguinal hernia repair,3.276407503807921e-05,3.155491622357531e-05,0.0031554916223575312,17369,1,cmr_versius,cmr_versius:02,0.9630949809174046,YAML group mix ratios normalized globally; language proportions estimated from mapped current-public rows within each represented group
arm left: 1. left instrument: Tool #18 (Blue). arm right: -1. right instrument: Tool #3 (None). do an inguinal hernia repair,3.270559807762205e-05,3.149859735645971e-05,0.003149859735645971,17338,1,cmr_versius,cmr_versius:02,0.9630949809174046,YAML group mix ratios normalized globally; language proportions estimated from mapped current-public rows within each represented group
arm left: 2. left instrument: Tool #12 (Orange). arm right: 0. right instrument: Tool #17 (White). do an inguinal hernia repair,3.268862089555384e-05,3.14822467176197e-05,0.0031482246717619696,17329,1,cmr_versius,cmr_versius:02,0.9630949809174046,YAML group mix ratios normalized globally; language proportions estimated from mapped current-public rows within each represented group
arm left: 0. left instrument: Tool #14 (White). arm right: 1. right instrument: Tool #9 (Blue). do an inguinal hernia repair,3.255846249969757e-05,3.1356891819846266e-05,0.0031356891819846267,17260,1,cmr_versius,cmr_versius:02,0.9630949809174046,YAML group mix ratios normalized globally; language proportions estimated from mapped current-public rows within each represented group
arm left: 3. left instrument: Tool #12 (Green). arm right: -1. right instrument: Tool #3 (None). do a hysterectomy,3.2520735428434887e-05,3.132055706686846e-05,0.003132055706686846,17240,1,cmr_versius,cmr_versius:01,0.9630949809174046,YAML group mix ratios normalized globally; language proportions estimated from mapped current-public rows within each represented group
arm left: 3. left instrument: Tool #2 (Pink). arm right: 1. right instrument: Tool #0 (Green). do a prostatectomy,3.250941730705608e-05,3.130965664097512e-05,0.003130965664097512,17234,1,cmr_versius,cmr_versius:03,0.9630949809174046,YAML group mix ratios normalized globally; language proportions estimated from mapped current-public rows within each represented group
arm left: 3. left instrument: Tool #18 (Cyan). arm right: 2. right instrument: Tool #13 (Blue). do a hysterectomy,3.2498099185677276e-05,3.129875621508178e-05,0.003129875621508178,17228,1,cmr_versius,cmr_versius:01,0.9630949809174046,YAML group mix ratios normalized globally; language proportions estimated from mapped current-public rows within each represented group
arm left: 1. left instrument: Tool #1 (Orange). arm right: -1. right instrument: Tool #3 (None). do a prostatectomy,3.24716902357934e-05,3.127332188799732e-05,0.003127332188799732,17214,1,cmr_versius,cmr_versius:03,0.9630949809174046,YAML group mix ratios normalized globally; language proportions estimated from mapped current-public rows within each represented group
arm left: 2. left instrument: Tool #13 (Blue). arm right: 0. right instrument: Tool #14 (White). do an inguinal hernia repair,3.243396316453071e-05,3.123698713501951e-05,0.003123698713501951,17194,1,cmr_versius,cmr_versius:02,0.9630949809174046,YAML group mix ratios normalized globally; language proportions estimated from mapped current-public rows within each represented group
arm left: 2. left instrument: Tool #0 (Pink). arm right: 1. right instrument: Tool #9 (Green). do a prostatectomy,3.24169859824625e-05,3.1220636496179496e-05,0.0031220636496179497,17185,1,cmr_versius,cmr_versius:03,0.9630949809174046,YAML group mix ratios normalized globally; language proportions estimated from mapped current-public rows within each represented group
arm left: 2. left instrument: Tool #0 (Orange). arm right: 1. right instrument: Tool #9 (Pink). do a prostatectomy,3.232644101143206e-05,3.1133433089032764e-05,0.0031133433089032764,17137,1,cmr_versius,cmr_versius:03,0.9630949809174046,YAML group mix ratios normalized globally; language proportions estimated from mapped current-public rows within each represented group
arm left: 3. left instrument: Tool #12 (Green). arm right: 1. right instrument: Tool #2 (Orange). do a hysterectomy,3.230757747580071e-05,3.111526571254386e-05,0.003111526571254386,17127,1,cmr_versius,cmr_versius:01,0.9630949809174046,YAML group mix ratios normalized globally; language proportions estimated from mapped current-public rows within each represented group
arm left: 2. left instrument: Tool #0 (Purple). arm right: -1. right instrument: Tool #3 (None). do a hysterectomy,3.225853228315923e-05,3.106803053367272e-05,0.003106803053367272,17101,1,cmr_versius,cmr_versius:01,0.9630949809174046,YAML group mix ratios normalized globally; language proportions estimated from mapped current-public rows within each represented group
arm left: -1. left instrument: Tool #3 (None). arm right: 2. right instrument: Tool #2 (Orange). do a hysterectomy,3.221514615120714e-05,3.102624556774824e-05,0.003102624556774824,17078,1,cmr_versius,cmr_versius:01,0.9630949809174046,YAML group mix ratios normalized globally; language proportions estimated from mapped current-public rows within each represented group
left tool: mono_hook. right tool: none. aux tool: bi_maryland_forceps. The surgery process is a hemicolectomy 2025-10-10_01.Create the first penetrating hole inside the colon for anastomosis,3.2191717529665706e-05,3.100368157993187e-05,0.003100368157993187,430,1,rob_surgical_bitrack,rob_surgical_bitrack:00,0.9630949809174046,YAML group mix ratios normalized globally; language proportions estimated from mapped current-public rows within each represented group
arm left: 2. left instrument: Tool #18 (Pink). arm right: -1. right instrument: Tool #3 (None). do a prostatectomy,3.212460118017669e-05,3.0939042160601504e-05,0.0030939042160601504,17030,1,cmr_versius,cmr_versius:03,0.9630949809174046,YAML group mix ratios normalized globally; language proportions estimated from mapped current-public rows within each represented group
arm left: 3. left instrument: Tool #0 (Purple). arm right: -1. right instrument: Tool #3 (None). do a hysterectomy,3.205291974477758e-05,3.087000612994367e-05,0.0030870006129943665,16992,1,cmr_versius,cmr_versius:01,0.9630949809174046,YAML group mix ratios normalized globally; language proportions estimated from mapped current-public rows within each represented group
arm left: 3. left instrument: Tool #0 (Cyan). arm right: -1. right instrument: Tool #3 (None). do a hysterectomy,3.174921682111297e-05,3.0577511368472336e-05,0.0030577511368472337,16831,1,cmr_versius,cmr_versius:01,0.9630949809174046,YAML group mix ratios normalized globally; language proportions estimated from mapped current-public rows within each represented group
arm left: 3. left instrument: Tool #0 (Cyan). arm right: 1. right instrument: Tool #9 (Purple). do a hysterectomy,3.173601234617103e-05,3.056479420493011e-05,0.0030564794204930106,16824,1,cmr_versius,cmr_versius:01,0.9630949809174046,YAML group mix ratios normalized globally; language proportions estimated from mapped current-public rows within each represented group
arm left: -1. left instrument: Tool #3 (None). arm right: 1. right instrument: Tool #8 (Pink). do a cholecystectomy,3.170394433559775e-05,3.053390966489897e-05,0.003053390966489897,16807,1,cmr_versius,cmr_versius:00,0.9630949809174046,YAML group mix ratios normalized globally; language proportions estimated from mapped current-public rows within each represented group
left tool: bi_maryland_forceps. right tool: forceps. aux tool: none. The surgery process is a hysterectomy.Suturing the uterus stump,3.159280185469518e-05,3.0426868899375003e-05,0.0030426868899375,422,1,rob_surgical_bitrack,rob_surgical_bitrack:00,0.9630949809174046,YAML group mix ratios normalized globally; language proportions estimated from mapped current-public rows within each represented group
arm left: 2. left instrument: Tool #18 (Green). arm right: -1. right instrument: Tool #3 (None). do a hysterectomy,3.150021815077925e-05,3.033770199881882e-05,0.003033770199881882,16699,1,cmr_versius,cmr_versius:01,0.9630949809174046,YAML group mix ratios normalized globally; language proportions estimated from mapped current-public rows within each represented group
arm left: -1. left instrument: Tool #3 (None). arm right: 2. right instrument: Tool #9 (Cyan). do a hysterectomy,3.113803826665746e-05,2.9988888370231885e-05,0.0029988888370231885,16507,1,cmr_versius,cmr_versius:01,0.9630949809174046,YAML group mix ratios normalized globally; language proportions estimated from mapped current-public rows within each represented group
arm left: 2. left instrument: Tool #2 (Green). arm right: 1. right instrument: Tool #2 (Blue). do a hysterectomy,3.1132379205968065e-05,2.9983438157285218e-05,0.0029983438157285217,16504,1,cmr_versius,cmr_versius:01,0.9630949809174046,YAML group mix ratios normalized globally; language proportions estimated from mapped current-public rows within each represented group
arm left: -1. left instrument: Tool #3 (None). arm right: 1. right instrument: Tool #9 (Green). do an inguinal hernia repair,3.108899307401597e-05,2.9941653191360738e-05,0.002994165319136074,16481,1,cmr_versius,cmr_versius:02,0.9630949809174046,YAML group mix ratios normalized globally; language proportions estimated from mapped current-public rows within each represented group
arm left: 1. left instrument: Tool #13 (Purple). arm right: 2. right instrument: Tool #9 (Cyan). do an inguinal hernia repair,3.099467539585926e-05,2.9850816308916225e-05,0.0029850816308916225,16431,1,cmr_versius,cmr_versius:02,0.9630949809174046,YAML group mix ratios normalized globally; language proportions estimated from mapped current-public rows within each represented group
arm left: 1. left instrument: Tool #4 (Cyan). arm right: 2. right instrument: Tool #8 (Pink). do a cholecystectomy,3.085697158575045e-05,2.971819446054723e-05,0.0029718194460547228,16358,1,cmr_versius,cmr_versius:00,0.9630949809174046,YAML group mix ratios normalized globally; language proportions estimated from mapped current-public rows within each represented group
arm left: 3. left instrument: Tool #2 (Green). arm right: -1. right instrument: Tool #3 (None). do a prostatectomy,3.0506109823007485e-05,2.9380281257853643e-05,0.0029380281257853644,16172,1,cmr_versius,cmr_versius:03,0.9630949809174046,YAML group mix ratios normalized globally; language proportions estimated from mapped current-public rows within each represented group
arm left: 2. left instrument: Tool #0 (Green). arm right: 0. right instrument: Tool #17 (White). do an inguinal hernia repair,3.0436314741171515e-05,2.9313061964844702e-05,0.00293130619648447,16135,1,cmr_versius,cmr_versius:02,0.9630949809174046,YAML group mix ratios normalized globally; language proportions estimated from mapped current-public rows within each represented group
arm left: 2. left instrument: Tool #0 (Orange). arm right: -1. right instrument: Tool #3 (None). do a cholecystectomy,3.041745120554017e-05,2.9294894588355797e-05,0.0029294894588355797,16125,1,cmr_versius,cmr_versius:00,0.9630949809174046,YAML group mix ratios normalized globally; language proportions estimated from mapped current-public rows within each represented group
arm left: 2. left instrument: Tool #0 (Purple). arm right: 0. right instrument: Tool #14 (White). do a hysterectomy,3.029672457749958e-05,2.917862337882682e-05,0.002917862337882682,16061,1,cmr_versius,cmr_versius:01,0.9630949809174046,YAML group mix ratios normalized globally; language proportions estimated from mapped current-public rows within each represented group
arm left: 1. left instrument: Tool #2 (Blue). arm right: -1. right instrument: Tool #3 (None). do a hysterectomy,3.0034521432223914e-05,2.892609684563107e-05,0.002892609684563107,15922,1,cmr_versius,cmr_versius:01,0.9630949809174046,YAML group mix ratios normalized globally; language proportions estimated from mapped current-public rows within each represented group
left tool: none. right tool: forceps. aux tool: bi_maryland_forceps. The surgery process is a hemicolectomy.Preparing the colon part for anastomosis,2.994578374852624e-05,2.8840634027843605e-05,0.0028840634027843606,400,1,rob_surgical_bitrack,rob_surgical_bitrack:00,0.9630949809174046,YAML group mix ratios normalized globally; language proportions estimated from mapped current-public rows within each represented group
arm left: 1. left instrument: Tool #2 (Purple). arm right: 2. right instrument: Tool #9 (Cyan). do an inguinal hernia repair,2.990059032924138e-05,2.8797108472559862e-05,0.002879710847255986,15851,1,cmr_versius,cmr_versius:02,0.9630949809174046,YAML group mix ratios normalized globally; language proportions estimated from mapped current-public rows within each represented group
arm left: -1. left instrument: Tool #3 (None). arm right: 3. right instrument: Tool #9 (Cyan). do a prostatectomy,2.974590933706437e-05,2.864813598535086e-05,0.002864813598535086,15769,1,cmr_versius,cmr_versius:03,0.9630949809174046,YAML group mix ratios normalized globally; language proportions estimated from mapped current-public rows within each represented group
arm left: 3. left instrument: Tool #18 (Green). arm right: 1. right instrument: Tool #0 (Pink). do a prostatectomy,2.973836392281183e-05,2.8640869034755294e-05,0.0028640869034755293,15765,1,cmr_versius,cmr_versius:03,0.9630949809174046,YAML group mix ratios normalized globally; language proportions estimated from mapped current-public rows within each represented group
arm left: 3. left instrument: Tool #2 (Pink). arm right: 2. right instrument: Tool #2 (Green). do a prostatectomy,2.9500683373856914e-05,2.8411960090995122e-05,0.002841196009099512,15639,1,cmr_versius,cmr_versius:03,0.9630949809174046,YAML group mix ratios normalized globally; language proportions estimated from mapped current-public rows within each represented group
arm left: 3. left instrument: Tool #18 (Blue). arm right: -1. right instrument: Tool #3 (None). do a hysterectomy,2.9487478898914974e-05,2.839924292745289e-05,0.002839924292745289,15632,1,cmr_versius,cmr_versius:01,0.9630949809174046,YAML group mix ratios normalized globally; language proportions estimated from mapped current-public rows within each represented group
arm left: 1. left instrument: Tool #0 (Purple). arm right: -1. right instrument: Tool #3 (None). do a hysterectomy,2.9474274423973037e-05,2.8386525763910658e-05,0.0028386525763910656,15625,1,cmr_versius,cmr_versius:01,0.9630949809174046,YAML group mix ratios normalized globally; language proportions estimated from mapped current-public rows within each represented group
arm left: -1. left instrument: Tool #3 (None). arm right: 1. right instrument: Tool #8 (Blue). do a cholecystectomy,2.9374297685126915e-05,2.829023866851947e-05,0.002829023866851947,15572,1,cmr_versius,cmr_versius:00,0.9630949809174046,YAML group mix ratios normalized globally; language proportions estimated from mapped current-public rows within each represented group
arm left: 2. left instrument: Tool #13 (Blue). arm right: 3. right instrument: Tool #9 (Green). do a prostatectomy,2.936486591731125e-05,2.828115498027502e-05,0.002828115498027502,15567,1,cmr_versius,cmr_versius:03,0.9630949809174046,YAML group mix ratios normalized globally; language proportions estimated from mapped current-public rows within each represented group
arm left: 2. left instrument: Tool #12 (Blue). arm right: 1. right instrument: Tool #2 (Purple). do a hysterectomy,2.9346002381679906e-05,2.826298760378612e-05,0.002826298760378612,15557,1,cmr_versius,cmr_versius:01,0.9630949809174046,YAML group mix ratios normalized globally; language proportions estimated from mapped current-public rows within each represented group
arm left: 1. left instrument: Tool #0 (Green). arm right: 2. right instrument: Tool #18 (Orange). do a cholecystectomy,2.9249798349960055e-05,2.817033398369271e-05,0.002817033398369271,15506,1,cmr_versius,cmr_versius:00,0.9630949809174046,YAML group mix ratios normalized globally; language proportions estimated from mapped current-public rows within each represented group
arm left: 1. left instrument: Tool #2 (Blue). arm right: 2. right instrument: Tool #18 (Purple). do an inguinal hernia repair,2.9089458297093643e-05,2.801591128353704e-05,0.002801591128353704,15421,1,cmr_versius,cmr_versius:02,0.9630949809174046,YAML group mix ratios normalized globally; language proportions estimated from mapped current-public rows within each represented group
arm left: -1. left instrument: Tool #3 (None). arm right: 1. right instrument: Tool #9 (Orange). do a cholecystectomy,2.9064935700772898e-05,2.7992293694101468e-05,0.002799229369410147,15408,1,cmr_versius,cmr_versius:00,0.9630949809174046,YAML group mix ratios normalized globally; language proportions estimated from mapped current-public rows within each represented group
left tool: none. right tool: forceps. aux tool: bi_maryland_forceps. The surgery process is a hemicolectomy.Create the first penetrating hole inside the colon for anastomosis,2.8972545776699137e-05,2.7903313421938688e-05,0.002790331342193869,387,1,rob_surgical_bitrack,rob_surgical_bitrack:00,0.9630949809174046,YAML group mix ratios normalized globally; language proportions estimated from mapped current-public rows within each represented group
arm left: -1. left instrument: Tool #3 (None). arm right: 3. right instrument: Tool #9 (Orange). do a hysterectomy,2.897250437617932e-05,2.7903273549305844e-05,0.0027903273549305845,15359,1,cmr_versius,cmr_versius:01,0.9630949809174046,YAML group mix ratios normalized globally; language proportions estimated from mapped current-public rows within each represented group
arm left: -1. left instrument: Tool #3 (None). arm right: 2. right instrument: Tool #8 (Pink). do a hysterectomy,2.8853664101701856e-05,2.7788819077425753e-05,0.002778881907742575,15296,1,cmr_versius,cmr_versius:01,0.9630949809174046,YAML group mix ratios normalized globally; language proportions estimated from mapped current-public rows within each represented group
arm left: 2. left instrument: Tool #13 (Pink). arm right: 3. right instrument: Tool #2 (Green). do a prostatectomy,2.8770664544923953e-05,2.7708882620874584e-05,0.0027708882620874585,15252,1,cmr_versius,cmr_versius:03,0.9630949809174046,YAML group mix ratios normalized globally; language proportions estimated from mapped current-public rows within each represented group
arm left: 2. left instrument: Tool #0 (Green). arm right: 1. right instrument: Tool #2 (Cyan). do a hysterectomy,2.874991465572947e-05,2.7688898506736786e-05,0.0027688898506736787,15241,1,cmr_versius,cmr_versius:01,0.9630949809174046,YAML group mix ratios normalized globally; language proportions estimated from mapped current-public rows within each represented group
arm left: -1. left instrument: Tool #3 (None). arm right: 2. right instrument: Tool #0 (Purple). do an inguinal hernia repair,2.8067054665874865e-05,2.7031239477838505e-05,0.0027031239477838505,14879,1,cmr_versius,cmr_versius:02,0.9630949809174046,YAML group mix ratios normalized globally; language proportions estimated from mapped current-public rows within each represented group
arm left: -1. left instrument: Tool #3 (None). arm right: 1. right instrument: Tool #9 (Purple). do a hysterectomy,2.789916919875592e-05,2.6869549827087274e-05,0.0026869549827087274,14790,1,cmr_versius,cmr_versius:01,0.9630949809174046,YAML group mix ratios normalized globally; language proportions estimated from mapped current-public rows within each represented group
arm left: -1. left instrument: Tool #3 (None). arm right: 2. right instrument: Tool #2 (Purple). do an inguinal hernia repair,2.7861442127493226e-05,2.6833215074109464e-05,0.0026833215074109464,14770,1,cmr_versius,cmr_versius:02,0.9630949809174046,YAML group mix ratios normalized globally; language proportions estimated from mapped current-public rows within each represented group
arm left: -1. left instrument: Tool #3 (None). arm right: 2. right instrument: Tool #9 (Cyan). do a cholecystectomy,2.7674693124742934e-05,2.6653358046869324e-05,0.0026653358046869326,14671,1,cmr_versius,cmr_versius:00,0.9630949809174046,YAML group mix ratios normalized globally; language proportions estimated from mapped current-public rows within each represented group
arm left: 1. left instrument: Tool #2 (Cyan). arm right: -1. right instrument: Tool #3 (None). do an inguinal hernia repair,2.763130699279085e-05,2.661157308094485e-05,0.002661157308094485,14648,1,cmr_versius,cmr_versius:02,0.9630949809174046,YAML group mix ratios normalized globally; language proportions estimated from mapped current-public rows within each represented group
arm left: 0. left instrument: Tool #14 (White). arm right: 1. right instrument: Tool #2 (Green). do an inguinal hernia repair,2.763130699279085e-05,2.661157308094485e-05,0.002661157308094485,14648,1,cmr_versius,cmr_versius:02,0.9630949809174046,YAML group mix ratios normalized globally; language proportions estimated from mapped current-public rows within each represented group
arm left: 3. left instrument: Tool #0 (Green). arm right: 1. right instrument: Tool #9 (Cyan). do a hysterectomy,2.745210340429309e-05,2.6438983004300273e-05,0.002643898300430027,14553,1,cmr_versius,cmr_versius:01,0.9630949809174046,YAML group mix ratios normalized globally; language proportions estimated from mapped current-public rows within each represented group
arm left: 1. left instrument: Tool #12 (Green). arm right: 3. right instrument: Tool #0 (Cyan). do a hysterectomy,2.729176335142668e-05,2.62845603041446e-05,0.00262845603041446,14468,1,cmr_versius,cmr_versius:01,0.9630949809174046,YAML group mix ratios normalized globally; language proportions estimated from mapped current-public rows within each represented group
arm left: 0. left instrument: Tool #14 (White). arm right: 0. right instrument: Tool #14 (White). do a prostatectomy,2.7069173630976832e-05,2.6070185261575547e-05,0.0026070185261575546,14350,1,cmr_versius,cmr_versius:03,0.9630949809174046,YAML group mix ratios normalized globally; language proportions estimated from mapped current-public rows within each represented group
arm left: 2. left instrument: Tool #13 (Blue). arm right: 1. right instrument: Tool #2 (Cyan). do an inguinal hernia repair,2.705785550959803e-05,2.6059284835682207e-05,0.0026059284835682206,14344,1,cmr_versius,cmr_versius:02,0.9630949809174046,YAML group mix ratios normalized globally; language proportions estimated from mapped current-public rows within each represented group
arm left: 2. left instrument: Tool #12 (Orange). arm right: -1. right instrument: Tool #3 (None). do a hysterectomy,2.699937854914087e-05,2.600296596856661e-05,0.002600296596856661,14313,1,cmr_versius,cmr_versius:01,0.9630949809174046,YAML group mix ratios normalized globally; language proportions estimated from mapped current-public rows within each represented group
arm left: 3. left instrument: Tool #18 (Pink). arm right: -1. right instrument: Tool #3 (None). do a hysterectomy,2.6871106506847735e-05,2.5879427808442067e-05,0.0025879427808442068,14245,1,cmr_versius,cmr_versius:01,0.9630949809174046,YAML group mix ratios normalized globally; language proportions estimated from mapped current-public rows within each represented group
left tool: forceps. right tool: bi_maryland_forceps. aux tool: none. The surgery process is a hemicolectomy 2025-10-10_01.Suturing,2.672661199555967e-05,2.5740265869850418e-05,0.002574026586985042,357,1,rob_surgical_bitrack,rob_surgical_bitrack:00,0.9630949809174046,YAML group mix ratios normalized globally; language proportions estimated from mapped current-public rows within each represented group
arm left: 2. left instrument: Tool #18 (Green). arm right: 1. right instrument: Tool #2 (Blue). do an inguinal hernia repair,2.6712652807544455e-05,2.5726821845935284e-05,0.0025726821845935286,14161,1,cmr_versius,cmr_versius:02,0.9630949809174046,YAML group mix ratios normalized globally; language proportions estimated from mapped current-public rows within each represented group
arm left: 1. left instrument: Tool #13 (Cyan). arm right: 0. right instrument: Tool #14 (White). do a cholecystectomy,2.6673039382718637e-05,2.5688670355308588e-05,0.002568867035530859,14140,1,cmr_versius,cmr_versius:00,0.9630949809174046,YAML group mix ratios normalized globally; language proportions estimated from mapped current-public rows within each represented group
left tool: forceps. right tool: bi_maryland_forceps. aux tool: none. The surgery process is a hemicolectomy.,2.6576883076817038e-05,2.55960626997112e-05,0.00255960626997112,355,1,rob_surgical_bitrack,rob_surgical_bitrack:00,0.9630949809174046,YAML group mix ratios normalized globally; language proportions estimated from mapped current-public rows within each represented group
arm left: 2. left instrument: Tool #12 (Blue). arm right: -1. right instrument: Tool #3 (None). do an inguinal hernia repair,2.641838165169551e-05,2.54434107727084e-05,0.0025443410772708398,14005,1,cmr_versius,cmr_versius:02,0.9630949809174046,YAML group mix ratios normalized globally; language proportions estimated from mapped current-public rows within each represented group
arm left: 3. left instrument: Tool #18 (Pink). arm right: 2. right instrument: Tool #2 (Blue). do a prostatectomy,2.5984520332174626e-05,2.5025561113463634e-05,0.0025025561113463635,13775,1,cmr_versius,cmr_versius:03,0.9630949809174046,YAML group mix ratios normalized globally; language proportions estimated from mapped current-public rows within each represented group
arm left: 2. left instrument: Tool #0 (Cyan). arm right: -1. right instrument: Tool #3 (None). do a prostatectomy,2.590717983608612e-05,2.4951074869859135e-05,0.0024951074869859133,13734,1,cmr_versius,cmr_versius:03,0.9630949809174046,YAML group mix ratios normalized globally; language proportions estimated from mapped current-public rows within each represented group
arm left: -1. left instrument: Tool #3 (None). arm right: 1. right instrument: Tool #0 (Orange). do an inguinal hernia repair,2.5771362379540456e-05,2.4820269759139034e-05,0.0024820269759139035,13662,1,cmr_versius,cmr_versius:02,0.9630949809174046,YAML group mix ratios normalized globally; language proportions estimated from mapped current-public rows within each represented group
arm left: 1. left instrument: Tool #18 (Pink). arm right: 2. right instrument: Tool #0 (Orange). do a prostatectomy,2.5626113155179117e-05,2.4680380960174482e-05,0.0024680380960174484,13585,1,cmr_versius,cmr_versius:03,0.9630949809174046,YAML group mix ratios normalized globally; language proportions estimated from mapped current-public rows within each represented group
arm left: 3. left instrument: Tool #18 (Blue). arm right: 1. right instrument: Tool #0 (Purple). do a cholecystectomy,2.554877265909061e-05,2.460589471656998e-05,0.0024605894716569978,13544,1,cmr_versius,cmr_versius:00,0.9630949809174046,YAML group mix ratios normalized globally; language proportions estimated from mapped current-public rows within each represented group
arm left: 3. left instrument: Tool #1 (Green). arm right: 1. right instrument: Tool #0 (Blue). do a prostatectomy,2.5484636637944045e-05,2.4544125636507712e-05,0.002454412563650771,13510,1,cmr_versius,cmr_versius:03,0.9630949809174046,YAML group mix ratios normalized globally; language proportions estimated from mapped current-public rows within each represented group
arm left: 1. left instrument: Tool #0 (Pink). arm right: 3. right instrument: Tool #2 (Orange). do a hysterectomy,2.5143206643016744e-05,2.4215296122058573e-05,0.002421529612205857,13329,1,cmr_versius,cmr_versius:01,0.9630949809174046,YAML group mix ratios normalized globally; language proportions estimated from mapped current-public rows within each represented group
arm left: -1. left instrument: Tool #3 (None). arm right: 3. right instrument: Tool #9 (Cyan). do a hysterectomy,2.5079070621870177e-05,2.4153527041996302e-05,0.0024153527041996304,13295,1,cmr_versius,cmr_versius:01,0.9630949809174046,YAML group mix ratios normalized globally; language proportions estimated from mapped current-public rows within each represented group
arm left: 1. left instrument: Tool #9 (Blue). arm right: -1. right instrument: Tool #3 (None). do an inguinal hernia repair,2.490363974049869e-05,2.3984570440649506e-05,0.0023984570440649506,13202,1,cmr_versius,cmr_versius:02,0.9630949809174046,YAML group mix ratios normalized globally; language proportions estimated from mapped current-public rows within each represented group
arm left: 3. left instrument: Tool #2 (Blue). arm right: 2. right instrument: Tool #13 (Orange). do a hysterectomy,2.4839503719352122e-05,2.3922801360587235e-05,0.0023922801360587234,13168,1,cmr_versius,cmr_versius:01,0.9630949809174046,YAML group mix ratios normalized globally; language proportions estimated from mapped current-public rows within each represented group
arm left: 2. left instrument: Tool #0 (Orange). arm right: -1. right instrument: Tool #3 (None). do a hysterectomy,2.471877709131153e-05,2.3806530151058255e-05,0.0023806530151058254,13104,1,cmr_versius,cmr_versius:01,0.9630949809174046,YAML group mix ratios normalized globally; language proportions estimated from mapped current-public rows within each represented group
arm left: 2. left instrument: Tool #0 (Orange). arm right: 0. right instrument: Tool #14 (White). do a cholecystectomy,2.4637663888096757e-05,2.3728410432155975e-05,0.0023728410432155974,13061,1,cmr_versius,cmr_versius:00,0.9630949809174046,YAML group mix ratios normalized globally; language proportions estimated from mapped current-public rows within each represented group
arm left: 3. left instrument: Tool #0 (Blue). arm right: 1. right instrument: Tool #9 (Green). do a hysterectomy,2.456409609913452e-05,2.3657557663849256e-05,0.0023657557663849258,13022,1,cmr_versius,cmr_versius:01,0.9630949809174046,YAML group mix ratios normalized globally; language proportions estimated from mapped current-public rows within each represented group
arm left: 3. left instrument: Tool #0 (Blue). arm right: 1. right instrument: Tool #9 (Orange). do a prostatectomy,2.4462233006725267e-05,2.3559453830809178e-05,0.0023559453830809176,12968,1,cmr_versius,cmr_versius:03,0.9630949809174046,YAML group mix ratios normalized globally; language proportions estimated from mapped current-public rows within each represented group
arm left: 2. left instrument: Tool #0 (Blue). arm right: 1. right instrument: Tool #9 (Orange). do a hysterectomy,2.4307552014548258e-05,2.3410481343600176e-05,0.0023410481343600176,12886,1,cmr_versius,cmr_versius:01,0.9630949809174046,YAML group mix ratios normalized globally; language proportions estimated from mapped current-public rows within each represented group
arm left: 1. left instrument: Tool #0 (Pink). arm right: 3. right instrument: Tool #9 (Blue). do a prostatectomy,2.4305665660985123e-05,2.3408664605951283e-05,0.0023408664605951285,12885,1,cmr_versius,cmr_versius:03,0.9630949809174046,YAML group mix ratios normalized globally; language proportions estimated from mapped current-public rows within each represented group
arm left: 3. left instrument: Tool #0 (Pink). arm right: -1. right instrument: Tool #3 (None). do a prostatectomy,2.4137780193866173e-05,2.324697495520005e-05,0.002324697495520005,12796,1,cmr_versius,cmr_versius:03,0.9630949809174046,YAML group mix ratios normalized globally; language proportions estimated from mapped current-public rows within each represented group
arm left: 1. left instrument: Tool #18 (Orange). arm right: 3. right instrument: Tool #2 (Green). do a prostatectomy,2.4088735001224682e-05,2.3199739776328902e-05,0.0023199739776328904,12770,1,cmr_versius,cmr_versius:03,0.9630949809174046,YAML group mix ratios normalized globally; language proportions estimated from mapped current-public rows within each represented group
arm left: 2. left instrument: Tool #0 (Orange). arm right: 1. right instrument: Tool #2 (Pink). do a prostatectomy,2.404912157639886e-05,2.3161588285702203e-05,0.0023161588285702203,12749,1,cmr_versius,cmr_versius:03,0.9630949809174046,YAML group mix ratios normalized globally; language proportions estimated from mapped current-public rows within each represented group
Remain positioned until the surgeon picks up the stomach and positions it for your robotic grasp.,2.39663782339403e-05,2.3081898587876035e-05,0.0023081898587876035,320,1,tud_tundra_ur5e,tud_tundra_ur5e:00,0.9630949809174046,YAML group mix ratios normalized globally; language proportions estimated from mapped current-public rows within each represented group
arm left: -1. left instrument: Tool #3 (None). arm right: 1. right instrument: Tool #8 (Green). do a cholecystectomy,2.393971306973707e-05,2.3056217502066566e-05,0.0023056217502066567,12691,1,cmr_versius,cmr_versius:00,0.9630949809174046,YAML group mix ratios normalized globally; language proportions estimated from mapped current-public rows within each represented group
arm left: 3. left instrument: Tool #4 (Green). arm right: 1. right instrument: Tool #9 (Blue). do a prostatectomy,2.3839736330890958e-05,2.2959930406675384e-05,0.0022959930406675384,12638,1,cmr_versius,cmr_versius:03,0.9630949809174046,YAML group mix ratios normalized globally; language proportions estimated from mapped current-public rows within each represented group
arm left: -1. left instrument: Tool #3 (None). arm right: 1. right instrument: Tool #2 (Pink). do a prostatectomy,2.3771827602618123e-05,2.2894527851315335e-05,0.0022894527851315336,12602,1,cmr_versius,cmr_versius:03,0.9630949809174046,YAML group mix ratios normalized globally; language proportions estimated from mapped current-public rows within each represented group
left tool: none. right tool: none. aux tool: none. The surgery process is a hysterectomy.Identification of uterus and ovaries,2.3732033620707044e-05,2.2856202467066055e-05,0.0022856202467066056,317,1,rob_surgical_bitrack,rob_surgical_bitrack:00,0.9630949809174046,YAML group mix ratios normalized globally; language proportions estimated from mapped current-public rows within each represented group
arm left: 2. left instrument: Tool #0 (Pink). arm right: -1. right instrument: Tool #3 (None). do a hysterectomy,2.3575646832052157e-05,2.2705587135830745e-05,0.0022705587135830744,12498,1,cmr_versius,cmr_versius:01,0.9630949809174046,YAML group mix ratios normalized globally; language proportions estimated from mapped current-public rows within each represented group
arm left: -1. left instrument: Tool #3 (None). arm right: 1. right instrument: Tool #9 (Blue). do a hysterectomy,2.357187412492589e-05,2.2701953660532964e-05,0.002270195366053296,12496,1,cmr_versius,cmr_versius:01,0.9630949809174046,YAML group mix ratios normalized globally; language proportions estimated from mapped current-public rows within each represented group
arm left: 3. left instrument: Tool #0 (Pink). arm right: 1. right instrument: Tool #9 (Orange). do a hysterectomy,2.355489694285768e-05,2.268560302169295e-05,0.002268560302169295,12487,1,cmr_versius,cmr_versius:01,0.9630949809174046,YAML group mix ratios normalized globally; language proportions estimated from mapped current-public rows within each represented group
arm left: 2. left instrument: Tool #0 (Blue). arm right: 1. right instrument: Tool #18 (Green). do a cholecystectomy,2.3541692467915742e-05,2.267288585815072e-05,0.002267288585815072,12480,1,cmr_versius,cmr_versius:00,0.9630949809174046,YAML group mix ratios normalized globally; language proportions estimated from mapped current-public rows within each represented group
arm left: 1. left instrument: Tool #1 (Orange). arm right: 2. right instrument: Tool #0 (Green). do a prostatectomy,2.34568065575747e-05,2.2591132663950657e-05,0.002259113266395066,12435,1,cmr_versius,cmr_versius:03,0.9630949809174046,YAML group mix ratios normalized globally; language proportions estimated from mapped current-public rows within each represented group
arm left: 1. left instrument: Tool #18 (Blue). arm right: 2. right instrument: Tool #0 (Green). do a prostatectomy,2.3454920204011564e-05,2.2589315926301765e-05,0.0022589315926301763,12434,1,cmr_versius,cmr_versius:03,0.9630949809174046,YAML group mix ratios normalized globally; language proportions estimated from mapped current-public rows within each represented group
arm left: -1. left instrument: Tool #3 (None). arm right: 2. right instrument: Tool #18 (Orange). do an inguinal hernia repair,2.335117075803918e-05,2.24893953556128e-05,0.0022489395355612804,12379,1,cmr_versius,cmr_versius:02,0.9630949809174046,YAML group mix ratios normalized globally; language proportions estimated from mapped current-public rows within each represented group
arm left: 2. left instrument: Tool #2 (Cyan). arm right: 1. right instrument: Tool #13 (Purple). do an inguinal hernia repair,2.3322875454592166e-05,2.2462144290879445e-05,0.0022462144290879447,12364,1,cmr_versius,cmr_versius:02,0.9630949809174046,YAML group mix ratios normalized globally; language proportions estimated from mapped current-public rows within each represented group
arm left: 3. left instrument: Tool #0 (Blue). arm right: 1. right instrument: Tool #9 (Orange). do a hysterectomy,2.3313443686776496e-05,2.2453060602634998e-05,0.0022453060602635,12359,1,cmr_versius,cmr_versius:01,0.9630949809174046,YAML group mix ratios normalized globally; language proportions estimated from mapped current-public rows within each represented group
left tool: bi_maryland_forceps. right tool: forceps. aux tool: bi_maryland_forceps. The surgery process is a hemicolectomy.Create the first penetrating hole inside the colon for anastomosis,2.3282846864479152e-05,2.2423592956648404e-05,0.0022423592956648405,311,1,rob_surgical_bitrack,rob_surgical_bitrack:00,0.9630949809174046,YAML group mix ratios normalized globally; language proportions estimated from mapped current-public rows within each represented group
arm left: 2. left instrument: Tool #2 (Orange). arm right: -1. right instrument: Tool #3 (None). do a hysterectomy,2.317573987666769e-05,2.2320438754266005e-05,0.0022320438754266005,12286,1,cmr_versius,cmr_versius:01,0.9630949809174046,YAML group mix ratios normalized globally; language proportions estimated from mapped current-public rows within each represented group
arm left: 3. left instrument: Tool #18 (Orange). arm right: 1. right instrument: Tool #0 (Green). do a prostatectomy,2.3066331370005904e-05,2.221506797063037e-05,0.002221506797063037,12228,1,cmr_versius,cmr_versius:03,0.9630949809174046,YAML group mix ratios normalized globally; language proportions estimated from mapped current-public rows within each represented group
arm left: 1. left instrument: Tool #0 (Green). arm right: 0. right instrument: Tool #14 (White). do an inguinal hernia repair,2.2956922863344116e-05,2.2109697186994732e-05,0.0022109697186994733,12170,1,cmr_versius,cmr_versius:02,0.9630949809174046,YAML group mix ratios normalized globally; language proportions estimated from mapped current-public rows within each represented group
arm left: 0. left instrument: Tool #14 (White). arm right: 1. right instrument: Tool #9 (Orange). do an inguinal hernia repair,2.286449153875054e-05,2.202067704219911e-05,0.002202067704219911,12121,1,cmr_versius,cmr_versius:02,0.9630949809174046,YAML group mix ratios normalized globally; language proportions estimated from mapped current-public rows within each represented group
arm left: 1. left instrument: Tool #0 (Orange). arm right: -1. right instrument: Tool #3 (None). do a hysterectomy,2.2638129111174425e-05,2.1802668524332276e-05,0.0021802668524332275,12001,1,cmr_versius,cmr_versius:01,0.9630949809174046,YAML group mix ratios normalized globally; language proportions estimated from mapped current-public rows within each represented group
arm left: 2. left instrument: Tool #0 (Green). arm right: -1. right instrument: Tool #3 (None). do an inguinal hernia repair,2.252494789738637e-05,2.1693664265398858e-05,0.0021693664265398857,11941,1,cmr_versius,cmr_versius:02,0.9630949809174046,YAML group mix ratios normalized globally; language proportions estimated from mapped current-public rows within each represented group
left tool: mono_hook. right tool: bi_maryland_forceps. aux tool: bi_maryland_forceps. The surgery process is a hemicolectomy InVivo 2.,2.245933781139468e-05,2.1630475520882705e-05,0.0021630475520882705,300,1,rob_surgical_bitrack,rob_surgical_bitrack:00,0.9630949809174046,YAML group mix ratios normalized globally; language proportions estimated from mapped current-public rows within each represented group
arm left: -1. left instrument: Tool #3 (None). arm right: 3. right instrument: Tool #2 (Green). do a hysterectomy,2.236272149095682e-05,2.1537424827594294e-05,0.0021537424827594294,11855,1,cmr_versius,cmr_versius:01,0.9630949809174046,YAML group mix ratios normalized globally; language proportions estimated from mapped current-public rows within each represented group
arm left: 3. left instrument: Tool #12 (Cyan). arm right: 0. right instrument: Tool #14 (White). do a hysterectomy,2.2245767570042494e-05,2.1424787093363095e-05,0.0021424787093363095,11793,1,cmr_versius,cmr_versius:01,0.9630949809174046,YAML group mix ratios normalized globally; language proportions estimated from mapped current-public rows within each represented group
arm left: 1. left instrument: Tool #13 (Green). arm right: -1. right instrument: Tool #3 (None). do a cholecystectomy,2.2136359063380706e-05,2.1319416309727458e-05,0.002131941630972746,11735,1,cmr_versius,cmr_versius:00,0.9630949809174046,YAML group mix ratios normalized globally; language proportions estimated from mapped current-public rows within each represented group
arm left: 3. left instrument: Tool #13 (Green). arm right: 1. right instrument: Tool #2 (Blue). do a prostatectomy,2.209674563855489e-05,2.1281264819100766e-05,0.0021281264819100767,11714,1,cmr_versius,cmr_versius:03,0.9630949809174046,YAML group mix ratios normalized globally; language proportions estimated from mapped current-public rows within each represented group
Remain positioned until the surgeon picks up the omentum and positions it for your robotic grasp.,2.209400493441371e-05,2.1278625260698216e-05,0.0021278625260698217,295,1,tud_tundra_ur5e,tud_tundra_ur5e:00,0.9630949809174046,YAML group mix ratios normalized globally; language proportions estimated from mapped current-public rows within each represented group
arm left: 1. left instrument: Tool #1 (Orange). arm right: 2. right instrument: Tool #9 (Cyan). do an inguinal hernia repair,2.189113310017325e-05,2.108324041537172e-05,0.002108324041537172,11605,1,cmr_versius,cmr_versius:02,0.9630949809174046,YAML group mix ratios normalized globally; language proportions estimated from mapped current-public rows within each represented group
Approach the stomach grasped by the surgeon  and open your gripper to receive and take over the hold.,2.1869320138470523e-05,2.1062232461436882e-05,0.0021062232461436883,292,1,tud_tundra_ur5e,tud_tundra_ur5e:00,0.9630949809174046,YAML group mix ratios normalized globally; language proportions estimated from mapped current-public rows within each represented group
arm left: 2. left instrument: Tool #2 (Pink). arm right: 1. right instrument: Tool #18 (Purple). do a hysterectomy,2.1764747411443256e-05,2.0961518992896075e-05,0.0020961518992896073,11538,1,cmr_versius,cmr_versius:01,0.9630949809174046,YAML group mix ratios normalized globally; language proportions estimated from mapped current-public rows within each represented group
arm left: 3. left instrument: Tool #2 (Pink). arm right: -1. right instrument: Tool #3 (None). do a hysterectomy,2.166665702616027e-05,2.0867048635153778e-05,0.0020867048635153777,11486,1,cmr_versius,cmr_versius:01,0.9630949809174046,YAML group mix ratios normalized globally; language proportions estimated from mapped current-public rows within each represented group
arm left: 1. left instrument: Tool #2 (Blue). arm right: 2. right instrument: Tool #2 (Purple). do an inguinal hernia repair,2.1442180952147295e-05,2.0650856854935835e-05,0.0020650856854935833,11367,1,cmr_versius,cmr_versius:02,0.9630949809174046,YAML group mix ratios normalized globally; language proportions estimated from mapped current-public rows within each represented group
arm left: 2. left instrument: Tool #12 (Blue). arm right: 0. right instrument: Tool #17 (White). do an inguinal hernia repair,2.1238454767328794e-05,2.0454649188855685e-05,0.0020454649188855686,11259,1,cmr_versius,cmr_versius:02,0.9630949809174046,YAML group mix ratios normalized globally; language proportions estimated from mapped current-public rows within each represented group
arm left: 1. left instrument: Tool #9 (Pink). arm right: -1. right instrument: Tool #3 (None). do a hysterectomy,2.1212045817444913e-05,2.042921486177122e-05,0.002042921486177122,11245,1,cmr_versius,cmr_versius:01,0.9630949809174046,YAML group mix ratios normalized globally; language proportions estimated from mapped current-public rows within each represented group
arm left: -1. left instrument: Tool #3 (None). arm right: 3. right instrument: Tool #0 (Green). do a hysterectomy,2.109131918940432e-05,2.0312943652242245e-05,0.0020312943652242245,11181,1,cmr_versius,cmr_versius:01,0.9630949809174046,YAML group mix ratios normalized globally; language proportions estimated from mapped current-public rows within each represented group
arm left: -1. left instrument: Tool #3 (None). arm right: 1. right instrument: Tool #0 (Orange). do a prostatectomy,2.0978137975616265e-05,2.0203939393308827e-05,0.0020203939393308827,11121,1,cmr_versius,cmr_versius:03,0.9630949809174046,YAML group mix ratios normalized globally; language proportions estimated from mapped current-public rows within each represented group
arm left: 2. left instrument: Tool #0 (Blue). arm right: -1. right instrument: Tool #3 (None). do a hysterectomy,2.0719707537466867e-05,1.9955046335410858e-05,0.001995504633541086,10984,1,cmr_versius,cmr_versius:01,0.9630949809174046,YAML group mix ratios normalized globally; language proportions estimated from mapped current-public rows within each represented group
arm left: 1. left instrument: Tool #0 (Pink). arm right: 3. right instrument: Tool #9 (Orange). do a hysterectomy,2.0655571516320303e-05,1.989327725534859e-05,0.001989327725534859,10950,1,cmr_versius,cmr_versius:01,0.9630949809174046,YAML group mix ratios normalized globally; language proportions estimated from mapped current-public rows within each represented group
arm left: -1. left instrument: Tool #3 (None). arm right: 2. right instrument: Tool #13 (Pink). do an inguinal hernia repair,2.0648026102067766e-05,1.988601030475303e-05,0.001988601030475303,10946,1,cmr_versius,cmr_versius:02,0.9630949809174046,YAML group mix ratios normalized globally; language proportions estimated from mapped current-public rows within each represented group
arm left: 1. left instrument: Tool #2 (Pink). arm right: -1. right instrument: Tool #3 (None). do a prostatectomy,2.0568799252416126e-05,1.9809707323499637e-05,0.0019809707323499635,10904,1,cmr_versius,cmr_versius:03,0.9630949809174046,YAML group mix ratios normalized globally; language proportions estimated from mapped current-public rows within each represented group
arm left: 2. left instrument: Tool #0 (Green). arm right: 3. right instrument: Tool #2 (Blue). do a prostatectomy,2.0414118260239117e-05,1.9660734836290634e-05,0.0019660734836290635,10822,1,cmr_versius,cmr_versius:03,0.9630949809174046,YAML group mix ratios normalized globally; language proportions estimated from mapped current-public rows within each represented group
arm left: 2. left instrument: Tool #0 (Pink). arm right: 0. right instrument: Tool #17 (White). do a hysterectomy,2.029716433932479e-05,1.9548097102059435e-05,0.0019548097102059436,10760,1,cmr_versius,cmr_versius:01,0.9630949809174046,YAML group mix ratios normalized globally; language proportions estimated from mapped current-public rows within each represented group
"Pull back on omentum post-surgeon's end grasp, continuing till fully straight in camera.",1.9996946838943932e-05,1.9258959134259063e-05,0.0019258959134259063,267,1,tud_tundra_ur5e,tud_tundra_ur5e:00,0.9630949809174046,YAML group mix ratios normalized globally; language proportions estimated from mapped current-public rows within each represented group
arm left: 2. left instrument: Tool #0 (Green). arm right: -1. right instrument: Tool #3 (None). do a prostatectomy,1.9955734344397487e-05,1.9219267587610293e-05,0.0019219267587610293,10579,1,cmr_versius,cmr_versius:03,0.9630949809174046,YAML group mix ratios normalized globally; language proportions estimated from mapped current-public rows within each represented group
arm left: 1. left instrument: Tool #0 (Orange). arm right: 2. right instrument: Tool #9 (Green). do a prostatectomy,1.9946302576581817e-05,1.9210183899365842e-05,0.0019210183899365844,10574,1,cmr_versius,cmr_versius:03,0.9630949809174046,YAML group mix ratios normalized globally; language proportions estimated from mapped current-public rows within each represented group
"Pull back on colon post-surgeon's end grasp, continuing till fully straight in camera.",1.984715697498181e-05,1.911469726808484e-05,0.0019114697268084841,265,1,tud_tundra_ur5e,tud_tundra_ur5e:00,0.9630949809174046,YAML group mix ratios normalized globally; language proportions estimated from mapped current-public rows within each represented group
arm left: 2. left instrument: Tool #12 (Blue). arm right: 0. right instrument: Tool #17 (White). do a hysterectomy,1.9685985784869287e-05,1.8959474103818984e-05,0.0018959474103818984,10436,1,cmr_versius,cmr_versius:01,0.9630949809174046,YAML group mix ratios normalized globally; language proportions estimated from mapped current-public rows within each represented group
arm left: 3. left instrument: Tool #0 (Pink). arm right: 1. right instrument: Tool #9 (Green). do a prostatectomy,1.9629395177975258e-05,1.8904971974352276e-05,0.0018904971974352276,10406,1,cmr_versius,cmr_versius:03,0.9630949809174046,YAML group mix ratios normalized globally; language proportions estimated from mapped current-public rows within each represented group
arm left: 1. left instrument: Tool #2 (Purple). arm right: -1. right instrument: Tool #3 (None). do an inguinal hernia repair,1.9623736117285852e-05,1.8899521761405602e-05,0.0018899521761405603,10403,1,cmr_versius,cmr_versius:02,0.9630949809174046,YAML group mix ratios normalized globally; language proportions estimated from mapped current-public rows within each represented group
left tool: bi_maryland_forceps. right tool: none. aux tool: mono_round_scissors. The surgery process is a hysterectomy.Suturing the uterus stump,1.9614488355284684e-05,1.889061528823756e-05,0.0018890615288237559,262,1,rob_surgical_bitrack,rob_surgical_bitrack:00,0.9630949809174046,YAML group mix ratios normalized globally; language proportions estimated from mapped current-public rows within each represented group
arm left: 1. left instrument: Tool #2 (Blue). arm right: 2. right instrument: Tool #13 (Orange). do a hysterectomy,1.9610531642343915e-05,1.8886804597863374e-05,0.0018886804597863373,10396,1,cmr_versius,cmr_versius:01,0.9630949809174046,YAML group mix ratios normalized globally; language proportions estimated from mapped current-public rows within each represented group
arm left: 2. left instrument: Tool #18 (Blue). arm right: 1. right instrument: Tool #0 (Green). do a prostatectomy,1.9518100317750338e-05,1.879778445306775e-05,0.001879778445306775,10347,1,cmr_versius,cmr_versius:03,0.9630949809174046,YAML group mix ratios normalized globally; language proportions estimated from mapped current-public rows within each represented group
arm left: 1. left instrument: Tool #0 (Blue). arm right: 2. right instrument: Tool #18 (Green). do a cholecystectomy,1.947282783223511e-05,1.875418274949438e-05,0.001875418274949438,10323,1,cmr_versius,cmr_versius:00,0.9630949809174046,YAML group mix ratios normalized globally; language proportions estimated from mapped current-public rows within each represented group
arm left: 2. left instrument: Tool #1 (Green). arm right: -1. right instrument: Tool #3 (None). do a prostatectomy,1.937473744695213e-05,1.8659712391752087e-05,0.0018659712391752088,10271,1,cmr_versius,cmr_versius:03,0.9630949809174046,YAML group mix ratios normalized globally; language proportions estimated from mapped current-public rows within each represented group
arm left: 3. left instrument: Tool #12 (Pink). arm right: 1. right instrument: Tool #2 (Green). do a hysterectomy,1.9140829605123482e-05,1.8434436923289693e-05,0.0018434436923289693,10147,1,cmr_versius,cmr_versius:01,0.9630949809174046,YAML group mix ratios normalized globally; language proportions estimated from mapped current-public rows within each represented group
arm left: -1. left instrument: Tool #3 (None). arm right: 1. right instrument: Tool #9 (Cyan). do a cholecystectomy,1.905783004834557e-05,1.8354500466738517e-05,0.0018354500466738516,10103,1,cmr_versius,cmr_versius:00,0.9630949809174046,YAML group mix ratios normalized globally; language proportions estimated from mapped current-public rows within each represented group
left tool: forceps. right tool: none. aux tool: bi_maryland_forceps. The surgery process is a hemicolectomy InVivo 2.Suturing,1.901557268031416e-05,1.8313802607680687e-05,0.0018313802607680687,254,1,rob_surgical_bitrack,rob_surgical_bitrack:00,0.9630949809174046,YAML group mix ratios normalized globally; language proportions estimated from mapped current-public rows within each represented group
arm left: 3. left instrument: Tool #18 (Blue). arm right: 2. right instrument: Tool #2 (Green). do a prostatectomy,1.832403851228634e-05,1.76477895213202e-05,0.00176477895213202,9714,1,cmr_versius,cmr_versius:03,0.9630949809174046,YAML group mix ratios normalized globally; language proportions estimated from mapped current-public rows within each represented group
arm left: 2. left instrument: Tool #0 (Orange). arm right: -1. right instrument: Tool #3 (None). do a prostatectomy,1.8269334258955446e-05,1.759510412950238e-05,0.001759510412950238,9685,1,cmr_versius,cmr_versius:03,0.9630949809174046,YAML group mix ratios normalized globally; language proportions estimated from mapped current-public rows within each represented group
arm left: -1. left instrument: Tool #3 (None). arm right: 2. right instrument: Tool #2 (Green). do a hysterectomy,1.8259902491139772e-05,1.758602044125793e-05,0.001758602044125793,9680,1,cmr_versius,cmr_versius:01,0.9630949809174046,YAML group mix ratios normalized globally; language proportions estimated from mapped current-public rows within each represented group
Re-orient and grasp the intact tissue block at the center using the right instrument.,1.8194270950532734e-05,1.7522811033909413e-05,0.0017522811033909413,243,1,hamlyn_dvrk_30hz,hamlyn_dvrk_30hz:05,0.9630949809174046,YAML group mix ratios normalized globally; language proportions estimated from mapped current-public rows within each represented group
arm left: 2. left instrument: Tool #12 (Pink). arm right: 3. right instrument: Tool #0 (Blue). do a hysterectomy,1.81127669132153e-05,1.744431490464449e-05,0.0017444314904644488,9602,1,cmr_versius,cmr_versius:01,0.9630949809174046,YAML group mix ratios normalized globally; language proportions estimated from mapped current-public rows within each represented group
arm left: 2. left instrument: Tool #0 (Orange). arm right: 3. right instrument: Tool #9 (Pink). do a prostatectomy,1.8082585256205153e-05,1.7415247102262244e-05,0.0017415247102262246,9586,1,cmr_versius,cmr_versius:03,0.9630949809174046,YAML group mix ratios normalized globally; language proportions estimated from mapped current-public rows within each represented group
arm left: 0. left instrument: Tool #14 (White). arm right: 2. right instrument: Tool #2 (Orange). do an inguinal hernia repair,1.7882631778512917e-05,1.7222672911479873e-05,0.0017222672911479872,9480,1,cmr_versius,cmr_versius:02,0.9630949809174046,YAML group mix ratios normalized globally; language proportions estimated from mapped current-public rows within each represented group
arm left: -1. left instrument: Tool #3 (None). arm right: 1. right instrument: Tool #9 (Purple). do an inguinal hernia repair,1.782038211092949e-05,1.7162720569066494e-05,0.0017162720569066493,9447,1,cmr_versius,cmr_versius:02,0.9630949809174046,YAML group mix ratios normalized globally; language proportions estimated from mapped current-public rows within each represented group
arm left: 1. left instrument: Tool #0 (Orange). arm right: 3. right instrument: Tool #9 (Cyan). do a hysterectomy,1.7643064875994863e-05,1.6991947230070806e-05,0.0016991947230070806,9353,1,cmr_versius,cmr_versius:01,0.9630949809174046,YAML group mix ratios normalized globally; language proportions estimated from mapped current-public rows within each represented group
arm left: -1. left instrument: Tool #3 (None). arm right: 1. right instrument: Tool #2 (Blue). do a hysterectomy,1.7448770458992036e-05,1.6804823252235107e-05,0.0016804823252235107,9250,1,cmr_versius,cmr_versius:01,0.9630949809174046,YAML group mix ratios normalized globally; language proportions estimated from mapped current-public rows within each represented group
arm left: 2. left instrument: Tool #9 (Cyan). arm right: 1. right instrument: Tool #2 (Orange). do a hysterectomy,1.72431579206104e-05,1.660679884850607e-05,0.0016606798848506068,9141,1,cmr_versius,cmr_versius:01,0.9630949809174046,YAML group mix ratios normalized globally; language proportions estimated from mapped current-public rows within each represented group
arm left: -1. left instrument: Tool #3 (None). arm right: 0. right instrument: Tool #17 (White). do a cholecystectomy,1.7233726152794727e-05,1.6597715160261615e-05,0.0016597715160261615,9136,1,cmr_versius,cmr_versius:00,0.9630949809174046,YAML group mix ratios normalized globally; language proportions estimated from mapped current-public rows within each represented group
arm left: 3. left instrument: Tool #1 (Green). arm right: -1. right instrument: Tool #3 (None). do a prostatectomy,1.7160158363832493e-05,1.6526862391954896e-05,0.0016526862391954896,9097,1,cmr_versius,cmr_versius:03,0.9630949809174046,YAML group mix ratios normalized globally; language proportions estimated from mapped current-public rows within each represented group
arm left: -1. left instrument: Tool #3 (None). arm right: 2. right instrument: Tool #9 (Blue). do an inguinal hernia repair,1.6994159250276676e-05,1.636698947885255e-05,0.0016366989478852551,9009,1,cmr_versius,cmr_versius:02,0.9630949809174046,YAML group mix ratios normalized globally; language proportions estimated from mapped current-public rows within each represented group
arm left: 2. left instrument: Tool #0 (Purple). arm right: -1. right instrument: Tool #3 (None). do a cholecystectomy,1.688852345074116e-05,1.6265252170514695e-05,0.0016265252170514694,8953,1,cmr_versius,cmr_versius:00,0.9630949809174046,YAML group mix ratios normalized globally; language proportions estimated from mapped current-public rows within each represented group
arm left: 3. left instrument: Tool #0 (Cyan). arm right: 2. right instrument: Tool #13 (Blue). do a hysterectomy,1.6824387429594595e-05,1.6203483090452428e-05,0.0016203483090452427,8919,1,cmr_versius,cmr_versius:01,0.9630949809174046,YAML group mix ratios normalized globally; language proportions estimated from mapped current-public rows within each represented group
arm left: 1. left instrument: Tool #18 (Pink). arm right: 2. right instrument: Tool #2 (Green). do a hysterectomy,1.6796092126147578e-05,1.617623202571907e-05,0.001617623202571907,8904,1,cmr_versius,cmr_versius:01,0.9630949809174046,YAML group mix ratios normalized globally; language proportions estimated from mapped current-public rows within each represented group
arm left: -1. left instrument: Tool #3 (None). arm right: 2. right instrument: Tool #0 (Orange). do a prostatectomy,1.666970643741758e-05,1.6054510603243422e-05,0.0016054510603243422,8837,1,cmr_versius,cmr_versius:03,0.9630949809174046,YAML group mix ratios normalized globally; language proportions estimated from mapped current-public rows within each represented group
arm left: 1. left instrument: Tool #18 (Cyan). arm right: 0. right instrument: Tool #17 (White). do an inguinal hernia repair,1.6667820083854447e-05,1.6052693865594533e-05,0.0016052693865594534,8836,1,cmr_versius,cmr_versius:02,0.9630949809174046,YAML group mix ratios normalized globally; language proportions estimated from mapped current-public rows within each represented group
arm left: 3. left instrument: Tool #13 (Green). arm right: -1. right instrument: Tool #3 (None). do a prostatectomy,1.654520710225072e-05,1.5934605918416664e-05,0.0015934605918416665,8771,1,cmr_versius,cmr_versius:03,0.9630949809174046,YAML group mix ratios normalized globally; language proportions estimated from mapped current-public rows within each represented group
arm left: -1. left instrument: Tool #3 (None). arm right: 1. right instrument: Tool #0 (Blue). do a prostatectomy,1.6522570859493108e-05,1.591280506662998e-05,0.001591280506662998,8759,1,cmr_versius,cmr_versius:03,0.9630949809174046,YAML group mix ratios normalized globally; language proportions estimated from mapped current-public rows within each represented group
arm left: 2. left instrument: Tool #9 (Green). arm right: -1. right instrument: Tool #3 (None). do a hysterectomy,1.6513139091677438e-05,1.590372137838553e-05,0.0015903721378385531,8754,1,cmr_versius,cmr_versius:01,0.9630949809174046,YAML group mix ratios normalized globally; language proportions estimated from mapped current-public rows within each represented group
arm left: 3. left instrument: Tool #12 (Orange). arm right: 1. right instrument: Tool #2 (Blue). do a hysterectomy,1.649616190960923e-05,1.5887370739545518e-05,0.0015887370739545517,8745,1,cmr_versius,cmr_versius:01,0.9630949809174046,YAML group mix ratios normalized globally; language proportions estimated from mapped current-public rows within each represented group
arm left: 2. left instrument: Tool #12 (Pink). arm right: 1. right instrument: Tool #2 (Orange). do a hysterectomy,1.6373548928005502e-05,1.576928279236765e-05,0.0015769282792367648,8680,1,cmr_versius,cmr_versius:01,0.9630949809174046,YAML group mix ratios normalized globally; language proportions estimated from mapped current-public rows within each represented group
arm left: 3. left instrument: Tool #2 (Green). arm right: 1. right instrument: Tool #0 (Blue). do a prostatectomy,1.6371662574442367e-05,1.576746605471876e-05,0.001576746605471876,8679,1,cmr_versius,cmr_versius:03,0.9630949809174046,YAML group mix ratios normalized globally; language proportions estimated from mapped current-public rows within each represented group
arm left: 2. left instrument: Tool #18 (Blue). arm right: 0. right instrument: Tool #14 (White). do an inguinal hernia repair,1.5967982911931634e-05,1.537868419785624e-05,0.001537868419785624,8465,1,cmr_versius,cmr_versius:02,0.9630949809174046,YAML group mix ratios normalized globally; language proportions estimated from mapped current-public rows within each represented group
arm left: 3. left instrument: Tool #2 (Orange). arm right: -1. right instrument: Tool #3 (None). do a prostatectomy,1.5917051365727007e-05,1.53296322813362e-05,0.00153296322813362,8438,1,cmr_versius,cmr_versius:03,0.9630949809174046,YAML group mix ratios normalized globally; language proportions estimated from mapped current-public rows within each represented group
Stop the grasper movement and stay,1.587772557998545e-05,1.5291757814467872e-05,0.001529175781446787,212,1,tud_tundra_ur5e,tud_tundra_ur5e:00,0.9630949809174046,YAML group mix ratios normalized globally; language proportions estimated from mapped current-public rows within each represented group
arm left: 2. left instrument: Tool #2 (Green). arm right: -1. right instrument: Tool #3 (None). do an inguinal hernia repair,1.584348357676477e-05,1.5258779513029478e-05,0.0015258779513029478,8399,1,cmr_versius,cmr_versius:02,0.9630949809174046,YAML group mix ratios normalized globally; language proportions estimated from mapped current-public rows within each represented group
arm left: 2. left instrument: Tool #13 (Pink). arm right: 3. right instrument: Tool #9 (Green). do a prostatectomy,1.5792552030560143e-05,1.5209727596509441e-05,0.0015209727596509441,8372,1,cmr_versius,cmr_versius:03,0.9630949809174046,YAML group mix ratios normalized globally; language proportions estimated from mapped current-public rows within each represented group
arm left: 0. left instrument: Tool #14 (White). arm right: -1. right instrument: Tool #3 (None). do a prostatectomy,1.5735961423666114e-05,1.5155225467042732e-05,0.0015155225467042733,8342,1,cmr_versius,cmr_versius:03,0.9630949809174046,YAML group mix ratios normalized globally; language proportions estimated from mapped current-public rows within each represented group
arm left: 1. left instrument: Tool #12 (Cyan). arm right: 3. right instrument: Tool #2 (Pink). do a hysterectomy,1.565862092757761e-05,1.5080739223438231e-05,0.001508073922343823,8301,1,cmr_versius,cmr_versius:01,0.9630949809174046,YAML group mix ratios normalized globally; language proportions estimated from mapped current-public rows within each represented group
arm left: 0. left instrument: Tool #14 (White). arm right: 2. right instrument: Tool #2 (Green). do an inguinal hernia repair,1.562278020987806e-05,1.5046221208109316e-05,0.0015046221208109317,8282,1,cmr_versius,cmr_versius:02,0.9630949809174046,YAML group mix ratios normalized globally; language proportions estimated from mapped current-public rows within each represented group
arm left: 2. left instrument: Tool #13 (Blue). arm right: 0. right instrument: Tool #14 (White). do a cholecystectomy,1.556618960298403e-05,1.4991719078642607e-05,0.0014991719078642606,8252,1,cmr_versius,cmr_versius:00,0.9630949809174046,YAML group mix ratios normalized globally; language proportions estimated from mapped current-public rows within each represented group
arm left: 2. left instrument: Tool #18 (Green). arm right: -1. right instrument: Tool #3 (None). do an inguinal hernia repair,1.5386986014486275e-05,1.4819129001998032e-05,0.001481912900199803,8157,1,cmr_versius,cmr_versius:02,0.9630949809174046,YAML group mix ratios normalized globally; language proportions estimated from mapped current-public rows within each represented group
arm left: 1. left instrument: Tool #18 (Blue). arm right: 3. right instrument: Tool #0 (Green). do a hysterectomy,1.5370008832418067e-05,1.4802778363158019e-05,0.0014802778363158019,8148,1,cmr_versius,cmr_versius:01,0.9630949809174046,YAML group mix ratios normalized globally; language proportions estimated from mapped current-public rows within each represented group
arm left: 1. left instrument: Tool #1 (Cyan). arm right: 2. right instrument: Tool #2 (Pink). do a hysterectomy,1.5349258943223588e-05,1.4782794249020225e-05,0.0014782794249020225,8137,1,cmr_versius,cmr_versius:01,0.9630949809174046,YAML group mix ratios normalized globally; language proportions estimated from mapped current-public rows within each represented group
arm left: 1. left instrument: Tool #0 (Purple). arm right: 2. right instrument: Tool #9 (Cyan). do a cholecystectomy,1.5281350214950754e-05,1.4717391693660174e-05,0.0014717391693660174,8101,1,cmr_versius,cmr_versius:00,0.9630949809174046,YAML group mix ratios normalized globally; language proportions estimated from mapped current-public rows within each represented group
Retract the partially dissected tissue flap from the left side using the right instrument.,1.5199329230280431e-05,1.4638397694994283e-05,0.0014638397694994284,203,1,hamlyn_dvrk_30hz,hamlyn_dvrk_30hz:05,0.9630949809174046,YAML group mix ratios normalized globally; language proportions estimated from mapped current-public rows within each represented group
arm left: -1. left instrument: Tool #3 (None). arm right: 2. right instrument: Tool #18 (Purple). do an inguinal hernia repair,1.5119123808521209e-05,1.4561152255855611e-05,0.001456115225585561,8015,1,cmr_versius,cmr_versius:02,0.9630949809174046,YAML group mix ratios normalized globally; language proportions estimated from mapped current-public rows within each represented group
arm left: 0. left instrument: Tool #14 (White). arm right: 2. right instrument: Tool #2 (Blue). do an inguinal hernia repair,1.5087055797947925e-05,1.4530267715824476e-05,0.0014530267715824475,7998,1,cmr_versius,cmr_versius:02,0.9630949809174046,YAML group mix ratios normalized globally; language proportions estimated from mapped current-public rows within each represented group
arm left: 1. left instrument: Tool #2 (Pink). arm right: -1. right instrument: Tool #3 (None). do a hysterectomy,1.5083283090821658e-05,1.4526634240526697e-05,0.0014526634240526696,7996,1,cmr_versius,cmr_versius:01,0.9630949809174046,YAML group mix ratios normalized globally; language proportions estimated from mapped current-public rows within each represented group
arm left: 1. left instrument: Tool #12 (Green). arm right: -1. right instrument: Tool #3 (None). do a hysterectomy,1.4902193148760766e-05,1.4352227426233229e-05,0.001435222742623323,7900,1,cmr_versius,cmr_versius:01,0.9630949809174046,YAML group mix ratios normalized globally; language proportions estimated from mapped current-public rows within each represented group
arm left: 3. left instrument: Tool #0 (Blue). arm right: -1. right instrument: Tool #3 (None). do a cholecystectomy,1.4834284420487932e-05,1.4286824870873178e-05,0.0014286824870873179,7864,1,cmr_versius,cmr_versius:00,0.9630949809174046,YAML group mix ratios normalized globally; language proportions estimated from mapped current-public rows within each represented group
arm left: 1. left instrument: Tool #13 (Orange). arm right: 0. right instrument: Tool #17 (White). do an inguinal hernia repair,1.4715444146010474e-05,1.417237039899309e-05,0.0014172370398993091,7801,1,cmr_versius,cmr_versius:02,0.9630949809174046,YAML group mix ratios normalized globally; language proportions estimated from mapped current-public rows within each represented group
arm left: -1. left instrument: Tool #3 (None). arm right: 1. right instrument: Tool #9 (Cyan). do a prostatectomy,1.4681489781874055e-05,1.4139669121313065e-05,0.0014139669121313065,7783,1,cmr_versius,cmr_versius:03,0.9630949809174046,YAML group mix ratios normalized globally; language proportions estimated from mapped current-public rows within each represented group
arm left: 2. left instrument: Tool #2 (Cyan). arm right: -1. right instrument: Tool #3 (None). do an inguinal hernia repair,1.4666398953368981e-05,1.4125135220121942e-05,0.0014125135220121941,7775,1,cmr_versius,cmr_versius:02,0.9630949809174046,YAML group mix ratios normalized globally; language proportions estimated from mapped current-public rows within each represented group
arm left: 1. left instrument: Tool #0 (Blue). arm right: -1. right instrument: Tool #3 (None). do a prostatectomy,1.4390991333151377e-05,1.3859891523383962e-05,0.0013859891523383963,7629,1,cmr_versius,cmr_versius:03,0.9630949809174046,YAML group mix ratios normalized globally; language proportions estimated from mapped current-public rows within each represented group
arm left: 0. left instrument: Tool #17 (White). arm right: 1. right instrument: Tool #2 (Cyan). do an inguinal hernia repair,1.43645823832675e-05,1.38344571962995e-05,0.0013834457196299499,7615,1,cmr_versius,cmr_versius:02,0.9630949809174046,YAML group mix ratios normalized globally; language proportions estimated from mapped current-public rows within each represented group
arm left: 1. left instrument: Tool #0 (Purple). arm right: 0. right instrument: Tool #17 (White). do a cholecystectomy,1.4157083491322727e-05,1.3634616054921566e-05,0.0013634616054921567,7505,1,cmr_versius,cmr_versius:00,0.9630949809174046,YAML group mix ratios normalized globally; language proportions estimated from mapped current-public rows within each represented group
arm left: 2. left instrument: Tool #2 (Blue). arm right: -1. right instrument: Tool #3 (None). do a hysterectomy,1.414010630925452e-05,1.3618265416081554e-05,0.0013618265416081555,7496,1,cmr_versius,cmr_versius:01,0.9630949809174046,YAML group mix ratios normalized globally; language proportions estimated from mapped current-public rows within each represented group
arm left: 1. left instrument: Tool #0 (Pink). arm right: 0. right instrument: Tool #14 (White). do an inguinal hernia repair,1.4138219955691386e-05,1.3616448678432664e-05,0.0013616448678432664,7495,1,cmr_versius,cmr_versius:02,0.9630949809174046,YAML group mix ratios normalized globally; language proportions estimated from mapped current-public rows within each represented group
Re-orient and grasp the intact tissue block at the right region using the right instrument.,1.400135254217951e-05,1.348463235942823e-05,0.001348463235942823,187,1,hamlyn_dvrk_30hz,hamlyn_dvrk_30hz:05,0.9630949809174046,YAML group mix ratios normalized globally; language proportions estimated from mapped current-public rows within each represented group
arm left: 3. left instrument: Tool #1 (Pink). arm right: -1. right instrument: Tool #3 (None). do a hysterectomy,1.390997117455214e-05,1.3396623422916941e-05,0.001339662342291694,7374,1,cmr_versius,cmr_versius:01,0.9630949809174046,YAML group mix ratios normalized globally; language proportions estimated from mapped current-public rows within each represented group
arm left: 3. left instrument: Tool #12 (Cyan). arm right: 0. right instrument: Tool #17 (White). do a hysterectomy,1.3849607860531841e-05,1.3338487818152451e-05,0.0013338487818152452,7342,1,cmr_versius,cmr_versius:01,0.9630949809174046,YAML group mix ratios normalized globally; language proportions estimated from mapped current-public rows within each represented group
arm left: 3. left instrument: Tool #0 (Orange). arm right: -1. right instrument: Tool #3 (None). do a hysterectomy,1.3819426203521693e-05,1.3309420015770206e-05,0.0013309420015770207,7326,1,cmr_versius,cmr_versius:01,0.9630949809174046,YAML group mix ratios normalized globally; language proportions estimated from mapped current-public rows within each represented group
arm left: 0. left instrument: Tool #17 (White). arm right: 1. right instrument: Tool #9 (Blue). do an inguinal hernia repair,1.3791130900074677e-05,1.328216895103685e-05,0.001328216895103685,7311,1,cmr_versius,cmr_versius:02,0.9630949809174046,YAML group mix ratios normalized globally; language proportions estimated from mapped current-public rows within each represented group
arm left: 1. left instrument: Tool #13 (Blue). arm right: -1. right instrument: Tool #3 (None). do an inguinal hernia repair,1.374397206099632e-05,1.3236750509814594e-05,0.0013236750509814594,7286,1,cmr_versius,cmr_versius:02,0.9630949809174046,YAML group mix ratios normalized globally; language proportions estimated from mapped current-public rows within each represented group
arm left: 1. left instrument: Tool #2 (Blue). arm right: -1. right instrument: Tool #3 (None). do an inguinal hernia repair,1.3711904050423039e-05,1.320586596978346e-05,0.001320586596978346,7269,1,cmr_versius,cmr_versius:02,0.9630949809174046,YAML group mix ratios normalized globally; language proportions estimated from mapped current-public rows within each represented group
arm left: 1. left instrument: Tool #1 (Blue). arm right: -1. right instrument: Tool #3 (None). do an inguinal hernia repair,1.3457246319399912e-05,1.2960606387183272e-05,0.0012960606387183273,7134,1,cmr_versius,cmr_versius:02,0.9630949809174046,YAML group mix ratios normalized globally; language proportions estimated from mapped current-public rows within each represented group
arm left: 2. left instrument: Tool #12 (Green). arm right: -1. right instrument: Tool #3 (None). do a hysterectomy,1.3423291955263495e-05,1.2927905109503246e-05,0.0012927905109503246,7116,1,cmr_versius,cmr_versius:01,0.9630949809174046,YAML group mix ratios normalized globally; language proportions estimated from mapped current-public rows within each represented group
arm left: 3. left instrument: Tool #0 (Blue). arm right: -1. right instrument: Tool #3 (None). do a hysterectomy,1.3366701348369467e-05,1.2873402980036539e-05,0.001287340298003654,7086,1,cmr_versius,cmr_versius:01,0.9630949809174046,YAML group mix ratios normalized globally; language proportions estimated from mapped current-public rows within each represented group
"Pull back on stomach post-surgeon's end grasp, continuing till fully straight in camera.",1.3181508028667162e-05,1.2695044223331817e-05,0.0012695044223331817,176,1,tud_tundra_ur5e,tud_tundra_ur5e:00,0.9630949809174046,YAML group mix ratios normalized globally; language proportions estimated from mapped current-public rows within each represented group
arm left: -1. left instrument: Tool #3 (None). arm right: 2. right instrument: Tool #9 (Pink). do an inguinal hernia repair,1.3161088809987831e-05,1.2675378576307498e-05,0.0012675378576307498,6977,1,cmr_versius,cmr_versius:02,0.9630949809174046,YAML group mix ratios normalized globally; language proportions estimated from mapped current-public rows within each represented group
arm left: 2. left instrument: Tool #0 (Green). arm right: 1. right instrument: Tool #18 (Orange). do an inguinal hernia repair,1.3159202456424696e-05,1.2673561838658607e-05,0.0012673561838658608,6976,1,cmr_versius,cmr_versius:02,0.9630949809174046,YAML group mix ratios normalized globally; language proportions estimated from mapped current-public rows within each represented group
arm left: 1. left instrument: Tool #18 (Cyan). arm right: 2. right instrument: Tool #2 (Pink). do a hysterectomy,1.3144111627919622e-05,1.2659027937467485e-05,0.0012659027937467484,6968,1,cmr_versius,cmr_versius:01,0.9630949809174046,YAML group mix ratios normalized globally; language proportions estimated from mapped current-public rows within each represented group
arm left: 1. left instrument: Tool #2 (Pink). arm right: 2. right instrument: Tool #0 (Blue). do a prostatectomy,1.309506643527813e-05,1.2611792758596338e-05,0.0012611792758596338,6942,1,cmr_versius,cmr_versius:03,0.9630949809174046,YAML group mix ratios normalized globally; language proportions estimated from mapped current-public rows within each represented group
arm left: 1. left instrument: Tool #12 (Orange). arm right: 3. right instrument: Tool #9 (Pink). do a hysterectomy,1.3038475828384105e-05,1.255729062912963e-05,0.0012557290629129632,6912,1,cmr_versius,cmr_versius:01,0.9630949809174046,YAML group mix ratios normalized globally; language proportions estimated from mapped current-public rows within each represented group
arm left: 3. left instrument: Tool #18 (Pink). arm right: 0. right instrument: Tool #14 (White). do an inguinal hernia repair,1.2942271796664255e-05,1.2464637009036226e-05,0.0012464637009036226,6861,1,cmr_versius,cmr_versius:02,0.9630949809174046,YAML group mix ratios normalized globally; language proportions estimated from mapped current-public rows within each represented group
Retract the partially dissected tissue flap from the right side using the right instrument.,1.2653628768065975e-05,1.2186646356916423e-05,0.0012186646356916423,169,1,hamlyn_dvrk_30hz,hamlyn_dvrk_30hz:05,0.9630949809174046,YAML group mix ratios normalized globally; language proportions estimated from mapped current-public rows within each represented group
arm left: 1. left instrument: Tool #0 (Cyan). arm right: 0. right instrument: Tool #14 (White). do a cholecystectomy,1.2636682519436502e-05,1.2170325509915999e-05,0.0012170325509915998,6699,1,cmr_versius,cmr_versius:00,0.9630949809174046,YAML group mix ratios normalized globally; language proportions estimated from mapped current-public rows within each represented group
arm left: 0. left instrument: Tool #17 (White). arm right: 0. right instrument: Tool #17 (White). do a cholecystectomy,1.2444274455996807e-05,1.1985018269729191e-05,0.001198501826972919,6597,1,cmr_versius,cmr_versius:00,0.9630949809174046,YAML group mix ratios normalized globally; language proportions estimated from mapped current-public rows within each represented group
arm left: 3. left instrument: Tool #12 (Green). arm right: 1. right instrument: Tool #0 (Cyan). do a hysterectomy,1.2402774677607853e-05,1.1945050041453604e-05,0.0011945050041453605,6575,1,cmr_versius,cmr_versius:01,0.9630949809174046,YAML group mix ratios normalized globally; language proportions estimated from mapped current-public rows within each represented group
arm left: 2. left instrument: Tool #18 (Cyan). arm right: 3. right instrument: Tool #2 (Pink). do a hysterectomy,1.227450263531472e-05,1.1821511881329064e-05,0.0011821511881329064,6507,1,cmr_versius,cmr_versius:01,0.9630949809174046,YAML group mix ratios normalized globally; language proportions estimated from mapped current-public rows within each represented group
arm left: 3. left instrument: Tool #2 (Blue). arm right: -1. right instrument: Tool #3 (None). do a prostatectomy,1.2259411806809648e-05,1.1806977980137943e-05,0.0011806977980137945,6499,1,cmr_versius,cmr_versius:03,0.9630949809174046,YAML group mix ratios normalized globally; language proportions estimated from mapped current-public rows within each represented group
arm left: 3. left instrument: Tool #2 (Pink). arm right: -1. right instrument: Tool #3 (None). do a prostatectomy,1.1884027447745928e-05,1.1445447188008777e-05,0.0011445447188008777,6300,1,cmr_versius,cmr_versius:03,0.9630949809174046,YAML group mix ratios normalized globally; language proportions estimated from mapped current-public rows within each represented group
arm left: -1. left instrument: Tool #3 (None). arm right: 3. right instrument: Tool #2 (Pink). do a cholecystectomy,1.1816118719473093e-05,1.1380044632648727e-05,0.0011380044632648726,6264,1,cmr_versius,cmr_versius:00,0.9630949809174046,YAML group mix ratios normalized globally; language proportions estimated from mapped current-public rows within each represented group
arm left: 2. left instrument: Tool #9 (Pink). arm right: -1. right instrument: Tool #3 (None). do a hysterectomy,1.1759528112579066e-05,1.1325542503182018e-05,0.0011325542503182017,6234,1,cmr_versius,cmr_versius:01,0.9630949809174046,YAML group mix ratios normalized globally; language proportions estimated from mapped current-public rows within each represented group
arm left: 2. left instrument: Tool #2 (Pink). arm right: -1. right instrument: Tool #3 (None). do a prostatectomy,1.161993794890713e-05,1.1191103917164138e-05,0.0011191103917164138,6160,1,cmr_versius,cmr_versius:03,0.9630949809174046,YAML group mix ratios normalized globally; language proportions estimated from mapped current-public rows within each represented group
arm left: 1. left instrument: Tool #0 (Green). arm right: 0. right instrument: Tool #17 (White). do an inguinal hernia repair,1.1606733473965187e-05,1.1178386753621904e-05,0.0011178386753621903,6153,1,cmr_versius,cmr_versius:02,0.9630949809174046,YAML group mix ratios normalized globally; language proportions estimated from mapped current-public rows within each represented group
arm left: 1. left instrument: Tool #2 (Pink). arm right: 0. right instrument: Tool #14 (White). do an inguinal hernia repair,1.1559574634886831e-05,1.1132968312399648e-05,0.0011132968312399648,6128,1,cmr_versius,cmr_versius:02,0.9630949809174046,YAML group mix ratios normalized globally; language proportions estimated from mapped current-public rows within each represented group
arm left: 2. left instrument: Tool #0 (Green). arm right: 1. right instrument: Tool #2 (Blue). do a prostatectomy,1.1446393421098776e-05,1.1023964053466232e-05,0.0011023964053466233,6068,1,cmr_versius,cmr_versius:03,0.9630949809174046,YAML group mix ratios normalized globally; language proportions estimated from mapped current-public rows within each represented group
arm left: 1. left instrument: Tool #0 (Pink). arm right: -1. right instrument: Tool #3 (None). do a hysterectomy,1.1419984471214895e-05,1.0998529726381767e-05,0.0010998529726381767,6054,1,cmr_versius,cmr_versius:01,0.9630949809174046,YAML group mix ratios normalized globally; language proportions estimated from mapped current-public rows within each represented group
arm left: 2. left instrument: Tool #12 (Cyan). arm right: 0. right instrument: Tool #17 (White). do a hysterectomy,1.1410552703399223e-05,1.0989446038137316e-05,0.0010989446038137316,6049,1,cmr_versius,cmr_versius:01,0.9630949809174046,YAML group mix ratios normalized globally; language proportions estimated from mapped current-public rows within each represented group
arm left: 3. left instrument: Tool #0 (Pink). arm right: 1. right instrument: Tool #2 (Blue). do a prostatectomy,1.1376598339262808e-05,1.0956744760457291e-05,0.0010956744760457291,6031,1,cmr_versius,cmr_versius:03,0.9630949809174046,YAML group mix ratios normalized globally; language proportions estimated from mapped current-public rows within each represented group
arm left: 0. left instrument: Tool #17 (White). arm right: 1. right instrument: Tool #2 (Orange). do an inguinal hernia repair,1.1365280217884003e-05,1.094584433456395e-05,0.001094584433456395,6025,1,cmr_versius,cmr_versius:02,0.9630949809174046,YAML group mix ratios normalized globally; language proportions estimated from mapped current-public rows within each represented group
arm left: 1. left instrument: Tool #13 (Purple). arm right: 2. right instrument: Tool #2 (Blue). do an inguinal hernia repair,1.1308689610989973e-05,1.0891342205097241e-05,0.001089134220509724,5995,1,cmr_versius,cmr_versius:02,0.9630949809174046,YAML group mix ratios normalized globally; language proportions estimated from mapped current-public rows within each represented group
arm left: -1. left instrument: Tool #3 (None). arm right: 1. right instrument: Tool #0 (Pink). do a prostatectomy,1.1304916903863704e-05,1.088770872979946e-05,0.001088770872979946,5993,1,cmr_versius,cmr_versius:03,0.9630949809174046,YAML group mix ratios normalized globally; language proportions estimated from mapped current-public rows within each represented group
arm left: 0. left instrument: Tool #14 (White). arm right: 2. right instrument: Tool #9 (Orange). do an inguinal hernia repair,1.1206826518580721e-05,1.0793238372057165e-05,0.0010793238372057165,5941,1,cmr_versius,cmr_versius:02,0.9630949809174046,YAML group mix ratios normalized globally; language proportions estimated from mapped current-public rows within each represented group
arm left: 1. left instrument: Tool #2 (Green). arm right: 2. right instrument: Tool #0 (Orange). do a prostatectomy,1.106346364778252e-05,1.0655166310741505e-05,0.0010655166310741505,5865,1,cmr_versius,cmr_versius:03,0.9630949809174046,YAML group mix ratios normalized globally; language proportions estimated from mapped current-public rows within each represented group
Approach the omentum grasped by the surgeon  and open your gripper to receive and take over the hold.,1.1009555001216325e-05,1.0603247163805553e-05,0.0010603247163805552,147,1,tud_tundra_ur5e,tud_tundra_ur5e:00,0.9630949809174046,YAML group mix ratios normalized globally; language proportions estimated from mapped current-public rows within each represented group
arm left: 1. left instrument: Tool #1 (Pink). arm right: -1. right instrument: Tool #3 (None). do an inguinal hernia repair,1.099366856594655e-05,1.0587947017732563e-05,0.0010587947017732563,5828,1,cmr_versius,cmr_versius:02,0.9630949809174046,YAML group mix ratios normalized globally; language proportions estimated from mapped current-public rows within each represented group
arm left: -1. left instrument: Tool #3 (None). arm right: 1. right instrument: Tool #9 (Blue). do a cholecystectomy,1.0972918676752073e-05,1.056796290359477e-05,0.001056796290359477,5817,1,cmr_versius,cmr_versius:00,0.9630949809174046,YAML group mix ratios normalized globally; language proportions estimated from mapped current-public rows within each represented group
arm left: 1. left instrument: Tool #2 (Pink). arm right: 0. right instrument: Tool #14 (White). do a hysterectomy,1.0965373262499537e-05,1.056069595299921e-05,0.001056069595299921,5813,1,cmr_versius,cmr_versius:01,0.9630949809174046,YAML group mix ratios normalized globally; language proportions estimated from mapped current-public rows within each represented group
arm left: 2. left instrument: Tool #0 (Purple). arm right: 0. right instrument: Tool #14 (White). do a cholecystectomy,1.0884260059284763e-05,1.0482576234096928e-05,0.0010482576234096927,5770,1,cmr_versius,cmr_versius:00,0.9630949809174046,YAML group mix ratios normalized globally; language proportions estimated from mapped current-public rows within each represented group
arm left: 3. left instrument: Tool #0 (Blue). arm right: 0. right instrument: Tool #14 (White). do a cholecystectomy,1.0878600998595359e-05,1.0477126021150256e-05,0.0010477126021150257,5767,1,cmr_versius,cmr_versius:00,0.9630949809174046,YAML group mix ratios normalized globally; language proportions estimated from mapped current-public rows within each represented group
arm left: -1. left instrument: Tool #3 (None). arm right: 2. right instrument: Tool #0 (Blue). do a prostatectomy,1.0837101220206407e-05,1.0437157792874672e-05,0.0010437157792874672,5745,1,cmr_versius,cmr_versius:03,0.9630949809174046,YAML group mix ratios normalized globally; language proportions estimated from mapped current-public rows within each represented group
arm left: 2. left instrument: Tool #12 (Pink). arm right: 3. right instrument: Tool #9 (Green). do a hysterectomy,1.0612625146193427e-05,1.0220966012656727e-05,0.0010220966012656726,5626,1,cmr_versius,cmr_versius:01,0.9630949809174046,YAML group mix ratios normalized globally; language proportions estimated from mapped current-public rows within each represented group
arm left: 2. left instrument: Tool #12 (Orange). arm right: -1. right instrument: Tool #3 (None). do an inguinal hernia repair,1.0582443489183277e-05,1.0191898210274482e-05,0.0010191898210274483,5610,1,cmr_versius,cmr_versius:02,0.9630949809174046,YAML group mix ratios normalized globally; language proportions estimated from mapped current-public rows within each represented group
arm left: 2. left instrument: Tool #0 (Pink). arm right: -1. right instrument: Tool #3 (None). do a prostatectomy,1.0514534760910446e-05,1.0126495654914433e-05,0.0010126495654914434,5574,1,cmr_versius,cmr_versius:03,0.9630949809174046,YAML group mix ratios normalized globally; language proportions estimated from mapped current-public rows within each represented group
arm left: 2. left instrument: Tool #0 (Pink). arm right: 1. right instrument: Tool #2 (Cyan). do a hysterectomy,1.0508875700221042e-05,1.0121045441967762e-05,0.0010121045441967762,5571,1,cmr_versius,cmr_versius:01,0.9630949809174046,YAML group mix ratios normalized globally; language proportions estimated from mapped current-public rows within each represented group
arm left: 0. left instrument: Tool #17 (White). arm right: 1. right instrument: Tool #2 (Green). do a hysterectomy,1.0476807689647758e-05,1.0090160901936626e-05,0.0010090160901936626,5554,1,cmr_versius,cmr_versius:01,0.9630949809174046,YAML group mix ratios normalized globally; language proportions estimated from mapped current-public rows within each represented group
arm left: -1. left instrument: Tool #3 (None). arm right: 3. right instrument: Tool #8 (Pink). do a hysterectomy,1.0454171446890148e-05,1.0068360050149943e-05,0.0010068360050149944,5542,1,cmr_versius,cmr_versius:01,0.9630949809174046,YAML group mix ratios normalized globally; language proportions estimated from mapped current-public rows within each represented group
arm left: 2. left instrument: Tool #2 (Cyan). arm right: 0. right instrument: Tool #17 (White). do an inguinal hernia repair,1.040701260781179e-05,1.0022941608927685e-05,0.0010022941608927684,5517,1,cmr_versius,cmr_versius:02,0.9630949809174046,YAML group mix ratios normalized globally; language proportions estimated from mapped current-public rows within each represented group
arm left: 2. left instrument: Tool #2 (Green). arm right: 1. right instrument: Tool #9 (Blue). do an inguinal hernia repair,1.0367399182985972e-05,9.984790118300991e-06,0.000998479011830099,5496,1,cmr_versius,cmr_versius:02,0.9630949809174046,YAML group mix ratios normalized globally; language proportions estimated from mapped current-public rows within each represented group
arm left: 1. left instrument: Tool #2 (Orange). arm right: 2. right instrument: Tool #0 (Green). do a prostatectomy,1.0220263605061497e-05,9.843084581687547e-06,0.0009843084581687548,5418,1,cmr_versius,cmr_versius:03,0.9630949809174046,YAML group mix ratios normalized globally; language proportions estimated from mapped current-public rows within each represented group
arm left: -1. left instrument: Tool #3 (None). arm right: 2. right instrument: Tool #0 (Cyan). do an inguinal hernia repair,1.0174991119546275e-05,9.799482878114182e-06,0.0009799482878114182,5394,1,cmr_versius,cmr_versius:02,0.9630949809174046,YAML group mix ratios normalized globally; language proportions estimated from mapped current-public rows within each represented group
arm left: 3. left instrument: Tool #0 (Orange). arm right: 0. right instrument: Tool #17 (White). do a hysterectomy,1.016367299816747e-05,9.78858245222084e-06,0.000978858245222084,5388,1,cmr_versius,cmr_versius:01,0.9630949809174046,YAML group mix ratios normalized globally; language proportions estimated from mapped current-public rows within each represented group
arm left: 2. left instrument: Tool #0 (Blue). arm right: -1. right instrument: Tool #3 (None). do a prostatectomy,1.0146695816099262e-05,9.772231813380829e-06,0.000977223181338083,5379,1,cmr_versius,cmr_versius:03,0.9630949809174046,YAML group mix ratios normalized globally; language proportions estimated from mapped current-public rows within each represented group
arm left: -1. left instrument: Tool #3 (None). arm right: 2. right instrument: Tool #9 (Blue). do a hysterectomy,1.0108968744836576e-05,9.735897060403022e-06,0.0009735897060403021,5359,1,cmr_versius,cmr_versius:01,0.9630949809174046,YAML group mix ratios normalized globally; language proportions estimated from mapped current-public rows within each represented group
arm left: 2. left instrument: Tool #18 (Cyan). arm right: 1. right instrument: Tool #2 (Pink). do a hysterectomy,1.0063696259321353e-05,9.692295356829654e-06,0.0009692295356829655,5335,1,cmr_versius,cmr_versius:01,0.9630949809174046,YAML group mix ratios normalized globally; language proportions estimated from mapped current-public rows within each represented group
arm left: 1. left instrument: Tool #18 (Orange). arm right: -1. right instrument: Tool #3 (None). do a hysterectomy,1.0016537420242997e-05,9.646876915607398e-06,0.0009646876915607398,5310,1,cmr_versius,cmr_versius:01,0.9630949809174046,YAML group mix ratios normalized globally; language proportions estimated from mapped current-public rows within each represented group
arm left: 1. left instrument: Tool #0 (Green). arm right: 0. right instrument: Tool #17 (White). do a cholecystectomy,9.999560238174788e-06,9.630526276767385e-06,0.0009630526276767385,5301,1,cmr_versius,cmr_versius:00,0.9630949809174046,YAML group mix ratios normalized globally; language proportions estimated from mapped current-public rows within each represented group
arm left: 1. left instrument: Tool #18 (Cyan). arm right: 3. right instrument: Tool #2 (Blue). do a prostatectomy,9.954287752659564e-06,9.586924573194018e-06,0.0009586924573194018,5277,1,cmr_versius,cmr_versius:03,0.9630949809174046,YAML group mix ratios normalized globally; language proportions estimated from mapped current-public rows within each represented group
arm left: 1. left instrument: Tool #13 (Cyan). arm right: -1. right instrument: Tool #3 (None). do a cholecystectomy,9.8958107922024e-06,9.530605706078418e-06,0.0009530605706078418,5246,1,cmr_versius,cmr_versius:00,0.9630949809174046,YAML group mix ratios normalized globally; language proportions estimated from mapped current-public rows within each represented group
arm left: -1. left instrument: Tool #3 (None). arm right: 2. right instrument: Tool #2 (Cyan). do a hysterectomy,9.878833610134195e-06,9.514255067238407e-06,0.0009514255067238407,5237,1,cmr_versius,cmr_versius:01,0.9630949809174046,YAML group mix ratios normalized globally; language proportions estimated from mapped current-public rows within each represented group
arm left: -1. left instrument: Tool #3 (None). arm right: 1. right instrument: Tool #0 (Orange). do a hysterectomy,9.854311013813449e-06,9.490637477802834e-06,0.0009490637477802833,5224,1,cmr_versius,cmr_versius:01,0.9630949809174046,YAML group mix ratios normalized globally; language proportions estimated from mapped current-public rows within each represented group
arm left: 3. left instrument: Tool #0 (Orange). arm right: -1. right instrument: Tool #3 (None). do a prostatectomy,9.846765599560913e-06,9.483370527207273e-06,0.0009483370527207274,5220,1,cmr_versius,cmr_versius:03,0.9630949809174046,YAML group mix ratios normalized globally; language proportions estimated from mapped current-public rows within each represented group
arm left: 2. left instrument: Tool #0 (Cyan). arm right: 1. right instrument: Tool #2 (Orange). do a hysterectomy,9.816583942550763e-06,9.454302724825028e-06,0.0009454302724825028,5204,1,cmr_versius,cmr_versius:01,0.9630949809174046,YAML group mix ratios normalized globally; language proportions estimated from mapped current-public rows within each represented group
arm left: -1. left instrument: Tool #3 (None). arm right: 2. right instrument: Tool #9 (Orange). do a cholecystectomy,9.701516375199572e-06,9.34348172824272e-06,0.000934348172824272,5143,1,cmr_versius,cmr_versius:00,0.9630949809174046,YAML group mix ratios normalized globally; language proportions estimated from mapped current-public rows within each represented group
arm left: 0. left instrument: Tool #14 (White). arm right: 3. right instrument: Tool #2 (Green). do a prostatectomy,9.690198253820768e-06,9.33258130234938e-06,0.000933258130234938,5137,1,cmr_versius,cmr_versius:03,0.9630949809174046,YAML group mix ratios normalized globally; language proportions estimated from mapped current-public rows within each represented group
arm left: 3. left instrument: Tool #0 (Green). arm right: 2. right instrument: Tool #2 (Blue). do a prostatectomy,9.563812565090771e-06,9.21085987987373e-06,0.0009210859879873731,5070,1,cmr_versius,cmr_versius:03,0.9630949809174046,YAML group mix ratios normalized globally; language proportions estimated from mapped current-public rows within each represented group
arm left: 1. left instrument: Tool #0 (Cyan). arm right: 2. right instrument: Tool #2 (Orange). do a hysterectomy,9.427995108545102e-06,9.08005476915363e-06,0.000908005476915363,4998,1,cmr_versius,cmr_versius:01,0.9630949809174046,YAML group mix ratios normalized globally; language proportions estimated from mapped current-public rows within each represented group
arm left: -1. left instrument: Tool #3 (None). arm right: 2. right instrument: Tool #0 (Orange). do a hysterectomy,9.252564227173615e-06,8.911098167806834e-06,0.0008911098167806834,4905,1,cmr_versius,cmr_versius:01,0.9630949809174046,YAML group mix ratios normalized globally; language proportions estimated from mapped current-public rows within each represented group
arm left: -1. left instrument: Tool #3 (None). arm right: 1. right instrument: Tool #0 (Green). do a prostatectomy,9.222382570163466e-06,8.882030365424589e-06,0.0008882030365424589,4889,1,cmr_versius,cmr_versius:03,0.9630949809174046,YAML group mix ratios normalized globally; language proportions estimated from mapped current-public rows within each represented group
arm left: 2. left instrument: Tool #9 (Blue). arm right: -1. right instrument: Tool #3 (None). do an inguinal hernia repair,9.216723509474062e-06,8.876580152477917e-06,0.0008876580152477917,4886,1,cmr_versius,cmr_versius:02,0.9630949809174046,YAML group mix ratios normalized globally; language proportions estimated from mapped current-public rows within each represented group
arm left: 3. left instrument: Tool #12 (Orange). arm right: -1. right instrument: Tool #3 (None). do a hysterectomy,9.131837599133022e-06,8.794826958277855e-06,0.0008794826958277856,4841,1,cmr_versius,cmr_versius:01,0.9630949809174046,YAML group mix ratios normalized globally; language proportions estimated from mapped current-public rows within each represented group
arm left: -1. left instrument: Tool #3 (None). arm right: 1. right instrument: Tool #9 (Green). do a cholecystectomy,9.079019699365261e-06,8.743958304108928e-06,0.0008743958304108928,4813,1,cmr_versius,cmr_versius:00,0.9630949809174046,YAML group mix ratios normalized globally; language proportions estimated from mapped current-public rows within each represented group
arm left: 2. left instrument: Tool #18 (Orange). arm right: 1. right instrument: Tool #2 (Pink). do a prostatectomy,8.924338707188252e-06,8.594985816899925e-06,0.0008594985816899925,4731,1,cmr_versius,cmr_versius:03,0.9630949809174046,YAML group mix ratios normalized globally; language proportions estimated from mapped current-public rows within each represented group
arm left: 0. left instrument: Tool #14 (White). arm right: 1. right instrument: Tool #9 (Cyan). do a cholecystectomy,8.899816110867505e-06,8.57136822746435e-06,0.000857136822746435,4718,1,cmr_versius,cmr_versius:00,0.9630949809174046,YAML group mix ratios normalized globally; language proportions estimated from mapped current-public rows within each represented group
arm left: 0. left instrument: Tool #17 (White). arm right: 1. right instrument: Tool #9 (Orange). do a hysterectomy,8.882838928799297e-06,8.555017588624339e-06,0.0008555017588624339,4709,1,cmr_versius,cmr_versius:01,0.9630949809174046,YAML group mix ratios normalized globally; language proportions estimated from mapped current-public rows within each represented group
arm left: 1. left instrument: Tool #18 (Green). arm right: 3. right instrument: Tool #2 (Orange). do a prostatectomy,8.869634453857358e-06,8.542300425082107e-06,0.0008542300425082107,4702,1,cmr_versius,cmr_versius:03,0.9630949809174046,YAML group mix ratios normalized globally; language proportions estimated from mapped current-public rows within each represented group
arm left: 1. left instrument: Tool #0 (Pink). arm right: 0. right instrument: Tool #14 (White). do a cholecystectomy,8.852657271789149e-06,8.525949786242094e-06,0.0008525949786242094,4693,1,cmr_versius,cmr_versius:00,0.9630949809174046,YAML group mix ratios normalized globally; language proportions estimated from mapped current-public rows within each represented group
arm left: -1. left instrument: Tool #3 (None). arm right: 1. right instrument: Tool #9 (Pink). do an inguinal hernia repair,8.765885007884973e-06,8.442379854393142e-06,0.0008442379854393142,4647,1,cmr_versius,cmr_versius:02,0.9630949809174046,YAML group mix ratios normalized globally; language proportions estimated from mapped current-public rows within each represented group
arm left: 2. left instrument: Tool #12 (Green). arm right: 1. right instrument: Tool #2 (Blue). do a hysterectomy,8.75268053294303e-06,8.429662690850908e-06,0.0008429662690850908,4640,1,cmr_versius,cmr_versius:01,0.9630949809174046,YAML group mix ratios normalized globally; language proportions estimated from mapped current-public rows within each represented group
arm left: 1. left instrument: Tool #18 (Cyan). arm right: 0. right instrument: Tool #14 (White). do an inguinal hernia repair,8.701748986738407e-06,8.380610774330872e-06,0.0008380610774330873,4613,1,cmr_versius,cmr_versius:02,0.9630949809174046,YAML group mix ratios normalized globally; language proportions estimated from mapped current-public rows within each represented group
arm left: 2. left instrument: Tool #18 (Blue). arm right: 3. right instrument: Tool #2 (Green). do a prostatectomy,8.635726612028707e-06,8.317024956619711e-06,0.0008317024956619711,4578,1,cmr_versius,cmr_versius:03,0.9630949809174046,YAML group mix ratios normalized globally; language proportions estimated from mapped current-public rows within each represented group
arm left: 3. left instrument: Tool #0 (Pink). arm right: 1. right instrument: Tool #2 (Green). do a prostatectomy,8.603658601455425e-06,8.286140416588577e-06,0.0008286140416588578,4561,1,cmr_versius,cmr_versius:03,0.9630949809174046,YAML group mix ratios normalized globally; language proportions estimated from mapped current-public rows within each represented group
arm left: -1. left instrument: Tool #3 (None). arm right: 2. right instrument: Tool #9 (Purple). do an inguinal hernia repair,8.567817883755875e-06,8.251622401259662e-06,0.0008251622401259663,4542,1,cmr_versius,cmr_versius:02,0.9630949809174046,YAML group mix ratios normalized globally; language proportions estimated from mapped current-public rows within each represented group
arm left: -1. left instrument: Tool #3 (None). arm right: 2. right instrument: Tool #9 (Green). do a cholecystectomy,8.516886337551249e-06,8.202570484739623e-06,0.0008202570484739624,4515,1,cmr_versius,cmr_versius:00,0.9630949809174046,YAML group mix ratios normalized globally; language proportions estimated from mapped current-public rows within each represented group
arm left: 2. left instrument: Tool #10 (Purple). arm right: -1. right instrument: Tool #3 (None). do a hysterectomy,8.469727498472893e-06,8.157152043517367e-06,0.0008157152043517368,4490,1,cmr_versius,cmr_versius:01,0.9630949809174046,YAML group mix ratios normalized globally; language proportions estimated from mapped current-public rows within each represented group
arm left: -1. left instrument: Tool #3 (None). arm right: 1. right instrument: Tool #18 (Cyan). do an inguinal hernia repair,8.458409377094084e-06,8.146251617624024e-06,0.0008146251617624024,4484,1,cmr_versius,cmr_versius:02,0.9630949809174046,YAML group mix ratios normalized globally; language proportions estimated from mapped current-public rows within each represented group
arm left: 0. left instrument: Tool #14 (White). arm right: 2. right instrument: Tool #2 (Orange). do a hysterectomy,8.43388678077334e-06,8.12263402818845e-06,0.000812263402818845,4471,1,cmr_versius,cmr_versius:01,0.9630949809174046,YAML group mix ratios normalized globally; language proportions estimated from mapped current-public rows within each represented group
arm left: 0. left instrument: Tool #14 (White). arm right: 2. right instrument: Tool #0 (Orange). do an inguinal hernia repair,8.392387002384385e-06,8.082665799912864e-06,0.0008082665799912864,4449,1,cmr_versius,cmr_versius:02,0.9630949809174046,YAML group mix ratios normalized globally; language proportions estimated from mapped current-public rows within each represented group
arm left: 3. left instrument: Tool #0 (Green). arm right: -1. right instrument: Tool #3 (None). do an inguinal hernia repair,8.324478274111552e-06,8.017263244552814e-06,0.0008017263244552814,4413,1,cmr_versius,cmr_versius:02,0.9630949809174046,YAML group mix ratios normalized globally; language proportions estimated from mapped current-public rows within each represented group
arm left: 0. left instrument: Tool #17 (White). arm right: 1. right instrument: Tool #9 (Cyan). do an inguinal hernia repair,8.23581965664424e-06,7.931876575054971e-06,0.0007931876575054971,4366,1,cmr_versius,cmr_versius:02,0.9630949809174046,YAML group mix ratios normalized globally; language proportions estimated from mapped current-public rows within each represented group
arm left: 2. left instrument: Tool #2 (Blue). arm right: 1. right instrument: Tool #0 (Pink). do a prostatectomy,8.167910928371406e-06,7.866474019694921e-06,0.0007866474019694921,4330,1,cmr_versius,cmr_versius:03,0.9630949809174046,YAML group mix ratios normalized globally; language proportions estimated from mapped current-public rows within each represented group
arm left: 2. left instrument: Tool #0 (Green). arm right: 0. right instrument: Tool #14 (White). do a cholecystectomy,8.145274685613796e-06,7.844673167908238e-06,0.0007844673167908238,4318,1,cmr_versius,cmr_versius:00,0.9630949809174046,YAML group mix ratios normalized globally; language proportions estimated from mapped current-public rows within each represented group
arm left: 3. left instrument: Tool #2 (Blue). arm right: -1. right instrument: Tool #3 (None). do a hysterectomy,8.081138664467232e-06,7.782904087845969e-06,0.0007782904087845968,4284,1,cmr_versius,cmr_versius:01,0.9630949809174046,YAML group mix ratios normalized globally; language proportions estimated from mapped current-public rows within each represented group
arm left: 2. left instrument: Tool #18 (Cyan). arm right: -1. right instrument: Tool #3 (None). do an inguinal hernia repair,8.03209347182574e-06,7.735668908974822e-06,0.0007735668908974823,4258,1,cmr_versius,cmr_versius:02,0.9630949809174046,YAML group mix ratios normalized globally; language proportions estimated from mapped current-public rows within each represented group
arm left: 1. left instrument: Tool #1 (Pink). arm right: -1. right instrument: Tool #3 (None). do a hysterectomy,8.015116289757531e-06,7.719318270134809e-06,0.0007719318270134809,4249,1,cmr_versius,cmr_versius:01,0.9630949809174046,YAML group mix ratios normalized globally; language proportions estimated from mapped current-public rows within each represented group
arm left: 3. left instrument: Tool #18 (Blue). arm right: 0. right instrument: Tool #14 (White). do a prostatectomy,8.015116289757531e-06,7.719318270134809e-06,0.0007719318270134809,4249,1,cmr_versius,cmr_versius:03,0.9630949809174046,YAML group mix ratios normalized globally; language proportions estimated from mapped current-public rows within each represented group
arm left: 2. left instrument: Tool #0 (Pink). arm right: -1. right instrument: Tool #3 (None). do a cholecystectomy,7.828367287007237e-06,7.53946124289467e-06,0.000753946124289467,4150,1,cmr_versius,cmr_versius:00,0.9630949809174046,YAML group mix ratios normalized globally; language proportions estimated from mapped current-public rows within each represented group
arm left: 2. left instrument: Tool #1 (Blue). arm right: 1. right instrument: Tool #2 (Pink). do an inguinal hernia repair,7.822708226317836e-06,7.534011029948e-06,0.0007534011029948001,4147,1,cmr_versius,cmr_versius:02,0.9630949809174046,YAML group mix ratios normalized globally; language proportions estimated from mapped current-public rows within each represented group
arm left: 2. left instrument: Tool #0 (Orange). arm right: 1. right instrument: Tool #2 (Green). do a prostatectomy,7.790640215744552e-06,7.503126489916865e-06,0.0007503126489916865,4130,1,cmr_versius,cmr_versius:03,0.9630949809174046,YAML group mix ratios normalized globally; language proportions estimated from mapped current-public rows within each represented group
arm left: 1. left instrument: Tool #18 (Green). arm right: 3. right instrument: Tool #2 (Pink). do a prostatectomy,7.75857220517127e-06,7.47224194988573e-06,0.000747224194988573,4113,1,cmr_versius,cmr_versius:03,0.9630949809174046,YAML group mix ratios normalized globally; language proportions estimated from mapped current-public rows within each represented group
arm left: -1. left instrument: Tool #3 (None). arm right: 1. right instrument: Tool #8 (Blue). do an inguinal hernia repair,7.694436184024705e-06,7.41047286982346e-06,0.000741047286982346,4079,1,cmr_versius,cmr_versius:02,0.9630949809174046,YAML group mix ratios normalized globally; language proportions estimated from mapped current-public rows within each represented group
arm left: 3. left instrument: Tool #0 (Blue). arm right: 1. right instrument: Tool #2 (Orange). do a prostatectomy,7.634072870004408e-06,7.352337265058972e-06,0.0007352337265058972,4047,1,cmr_versius,cmr_versius:03,0.9630949809174046,YAML group mix ratios normalized globally; language proportions estimated from mapped current-public rows within each represented group
arm left: 1. left instrument: Tool #2 (Pink). arm right: 2. right instrument: Tool #0 (Orange). do a prostatectomy,7.63030016287814e-06,7.348703789761191e-06,0.0007348703789761191,4045,1,cmr_versius,cmr_versius:03,0.9630949809174046,YAML group mix ratios normalized globally; language proportions estimated from mapped current-public rows within each represented group
arm left: 2. left instrument: Tool #18 (Blue). arm right: 0. right instrument: Tool #17 (White). do an inguinal hernia repair,7.568050495294708e-06,7.288751447347812e-06,0.0007288751447347813,4012,1,cmr_versius,cmr_versius:02,0.9630949809174046,YAML group mix ratios normalized globally; language proportions estimated from mapped current-public rows within each represented group
arm left: 0. left instrument: Tool #14 (White). arm right: 2. right instrument: Tool #2 (Green). do a hysterectomy,7.554846020352768e-06,7.276034283805579e-06,0.000727603428380558,4005,1,cmr_versius,cmr_versius:01,0.9630949809174046,YAML group mix ratios normalized globally; language proportions estimated from mapped current-public rows within each represented group
arm left: 2. left instrument: Tool #13 (Cyan). arm right: -1. right instrument: Tool #3 (None). do an inguinal hernia repair,7.537868838284559e-06,7.259683644965566e-06,0.0007259683644965566,3996,1,cmr_versius,cmr_versius:02,0.9630949809174046,YAML group mix ratios normalized globally; language proportions estimated from mapped current-public rows within each represented group
arm left: -1. left instrument: Tool #3 (None). arm right: 2. right instrument: Tool #10 (Cyan). do a hysterectomy,7.5208916562163505e-06,7.243333006125554e-06,0.0007243333006125554,3987,1,cmr_versius,cmr_versius:01,0.9630949809174046,YAML group mix ratios normalized globally; language proportions estimated from mapped current-public rows within each represented group
arm left: 1. left instrument: Tool #0 (Blue). arm right: 0. right instrument: Tool #14 (White). do an inguinal hernia repair,7.494482706332471e-06,7.21789867904109e-06,0.0007217898679041091,3973,1,cmr_versius,cmr_versius:02,0.9630949809174046,YAML group mix ratios normalized globally; language proportions estimated from mapped current-public rows within each represented group
arm left: 2. left instrument: Tool #2 (Blue). arm right: 1. right instrument: Tool #0 (Green). do a prostatectomy,7.488823645643069e-06,7.2124484660944205e-06,0.0007212448466094421,3970,1,cmr_versius,cmr_versius:03,0.9630949809174046,YAML group mix ratios normalized globally; language proportions estimated from mapped current-public rows within each represented group
arm left: 0. left instrument: Tool #14 (White). arm right: 2. right instrument: Tool #2 (Pink). do an inguinal hernia repair,7.462414695759188e-06,7.187014139009956e-06,0.0007187014139009956,3956,1,cmr_versius,cmr_versius:02,0.9630949809174046,YAML group mix ratios normalized globally; language proportions estimated from mapped current-public rows within each represented group
arm left: 1. left instrument: Tool #18 (Cyan). arm right: -1. right instrument: Tool #3 (None). do a prostatectomy,7.381301492544415e-06,7.1088944201076735e-06,0.0007108894420107673,3913,1,cmr_versius,cmr_versius:03,0.9630949809174046,YAML group mix ratios normalized globally; language proportions estimated from mapped current-public rows within each represented group
arm left: 1. left instrument: Tool #18 (Green). arm right: 0. right instrument: Tool #14 (White). do a prostatectomy,7.377528785418147e-06,7.105260944809893e-06,0.0007105260944809893,3911,1,cmr_versius,cmr_versius:03,0.9630949809174046,YAML group mix ratios normalized globally; language proportions estimated from mapped current-public rows within each represented group
arm left: 1. left instrument: Tool #12 (Orange). arm right: -1. right instrument: Tool #3 (None). do an inguinal hernia repair,7.33036994633979e-06,7.059842503587636e-06,0.0007059842503587637,3886,1,cmr_versius,cmr_versius:02,0.9630949809174046,YAML group mix ratios normalized globally; language proportions estimated from mapped current-public rows within each represented group
arm left: 1. left instrument: Tool #13 (Orange). arm right: -1. right instrument: Tool #3 (None). do a cholecystectomy,7.3058473500190434e-06,7.036224914152062e-06,0.0007036224914152062,3873,1,cmr_versius,cmr_versius:00,0.9630949809174046,YAML group mix ratios normalized globally; language proportions estimated from mapped current-public rows within each represented group
arm left: 2. left instrument: Tool #2 (Green). arm right: 1. right instrument: Tool #0 (Orange). do a prostatectomy,7.283211107261433e-06,7.014424062365379e-06,0.0007014424062365379,3861,1,cmr_versius,cmr_versius:03,0.9630949809174046,YAML group mix ratios normalized globally; language proportions estimated from mapped current-public rows within each represented group
arm left: 1. left instrument: Tool #2 (Green). arm right: -1. right instrument: Tool #3 (None). do a hysterectomy,7.262461218066956e-06,6.994439948227587e-06,0.0006994439948227587,3850,1,cmr_versius,cmr_versius:01,0.9630949809174046,YAML group mix ratios normalized globally; language proportions estimated from mapped current-public rows within each represented group
arm left: 1. left instrument: Tool #1 (Green). arm right: -1. right instrument: Tool #3 (None). do a prostatectomy,7.203984257609793e-06,6.938121081111987e-06,0.0006938121081111987,3819,1,cmr_versius,cmr_versius:03,0.9630949809174046,YAML group mix ratios normalized globally; language proportions estimated from mapped current-public rows within each represented group
arm left: 1. left instrument: Tool #8 (Orange). arm right: -1. right instrument: Tool #3 (None). do an inguinal hernia repair,7.100234811637409e-06,6.838200510423022e-06,0.0006838200510423022,3764,1,cmr_versius,cmr_versius:02,0.9630949809174046,YAML group mix ratios normalized globally; language proportions estimated from mapped current-public rows within each represented group
arm left: -1. left instrument: Tool #3 (None). arm right: 1. right instrument: Tool #0 (Blue). do a hysterectomy,6.998371719228158e-06,6.740096677382947e-06,0.0006740096677382947,3710,1,cmr_versius,cmr_versius:01,0.9630949809174046,YAML group mix ratios normalized globally; language proportions estimated from mapped current-public rows within each represented group
arm left: -1. left instrument: Tool #3 (None). arm right: 1. right instrument: Tool #8 (Pink). do a hysterectomy,6.828599898546072e-06,6.576590288982821e-06,0.0006576590288982821,3620,1,cmr_versius,cmr_versius:01,0.9630949809174046,YAML group mix ratios normalized globally; language proportions estimated from mapped current-public rows within each represented group
arm left: 1. left instrument: Tool #18 (Orange). arm right: 2. right instrument: Tool #0 (Green). do a hysterectomy,6.766350230962641e-06,6.516637946569441e-06,0.0006516637946569441,3587,1,cmr_versius,cmr_versius:01,0.9630949809174046,YAML group mix ratios normalized globally; language proportions estimated from mapped current-public rows within each represented group
arm left: -1. left instrument: Tool #3 (None). arm right: 1. right instrument: Tool #13 (Purple). do an inguinal hernia repair,6.692782442000404e-06,6.44578517826272e-06,0.000644578517826272,3548,1,cmr_versius,cmr_versius:02,0.9630949809174046,YAML group mix ratios normalized globally; language proportions estimated from mapped current-public rows within each represented group
arm left: 1. left instrument: Tool #18 (Blue). arm right: 0. right instrument: Tool #14 (White). do a hysterectomy,6.609782885222496e-06,6.365848721711548e-06,0.0006365848721711548,3504,1,cmr_versius,cmr_versius:01,0.9630949809174046,YAML group mix ratios normalized globally; language proportions estimated from mapped current-public rows within each represented group
arm left: -1. left instrument: Tool #3 (None). arm right: 2. right instrument: Tool #18 (Blue). do a hysterectomy,6.4796244893662325e-06,6.2404938239381194e-06,0.0006240493823938119,3435,1,cmr_versius,cmr_versius:01,0.9630949809174046,YAML group mix ratios normalized globally; language proportions estimated from mapped current-public rows within each represented group
arm left: 3. left instrument: Tool #0 (Blue). arm right: 1. right instrument: Tool #2 (Green). do a prostatectomy,6.4645336608611575e-06,6.225959922746996e-06,0.0006225959922746996,3427,1,cmr_versius,cmr_versius:03,0.9630949809174046,YAML group mix ratios normalized globally; language proportions estimated from mapped current-public rows within each represented group
arm left: 0. left instrument: Tool #14 (White). arm right: 2. right instrument: Tool #9 (Green). do an inguinal hernia repair,6.375875043393847e-06,6.1405732532491535e-06,0.0006140573253249153,3380,1,cmr_versius,cmr_versius:02,0.9630949809174046,YAML group mix ratios normalized globally; language proportions estimated from mapped current-public rows within each represented group
arm left: 1. left instrument: Tool #1 (Orange). arm right: 2. right instrument: Tool #9 (Blue). do an inguinal hernia repair,6.343807032820564e-06,6.109688713218019e-06,0.0006109688713218019,3363,1,cmr_versius,cmr_versius:02,0.9630949809174046,YAML group mix ratios normalized globally; language proportions estimated from mapped current-public rows within each represented group
arm left: 3. left instrument: Tool #0 (Pink). arm right: -1. right instrument: Tool #3 (None). do a hysterectomy,6.3155117293735504e-06,6.082437648484664e-06,0.0006082437648484664,3348,1,cmr_versius,cmr_versius:01,0.9630949809174046,YAML group mix ratios normalized globally; language proportions estimated from mapped current-public rows within each represented group
arm left: 2. left instrument: Tool #0 (Blue). arm right: 1. right instrument: Tool #2 (Green). do a hysterectomy,6.215534990527433e-06,5.9861505530934795e-06,0.000598615055309348,3295,1,cmr_versius,cmr_versius:01,0.9630949809174046,YAML group mix ratios normalized globally; language proportions estimated from mapped current-public rows within each represented group
arm left: -1. left instrument: Tool #3 (None). arm right: 3. right instrument: Tool #8 (Blue). do a prostatectomy,6.008036098582664e-06,5.786309411715549e-06,0.0005786309411715549,3185,1,cmr_versius,cmr_versius:03,0.9630949809174046,YAML group mix ratios normalized globally; language proportions estimated from mapped current-public rows within each represented group
arm left: 2. left instrument: Tool #18 (Green). arm right: 0. right instrument: Tool #17 (White). do an inguinal hernia repair,5.979740795135649e-06,5.759058346982194e-06,0.0005759058346982194,3170,1,cmr_versius,cmr_versius:02,0.9630949809174046,YAML group mix ratios normalized globally; language proportions estimated from mapped current-public rows within each represented group
arm left: 2. left instrument: Tool #0 (Green). arm right: 0. right instrument: Tool #17 (White). do a hysterectomy,5.964649966630574e-06,5.7445244457910715e-06,0.0005744524445791072,3162,1,cmr_versius,cmr_versius:01,0.9630949809174046,YAML group mix ratios normalized globally; language proportions estimated from mapped current-public rows within each represented group
arm left: 3. left instrument: Tool #2 (Cyan). arm right: -1. right instrument: Tool #3 (None). do a prostatectomy,5.8929685312314725e-06,5.675488415133241e-06,0.000567548841513324,3124,1,cmr_versius,cmr_versius:03,0.9630949809174046,YAML group mix ratios normalized globally; language proportions estimated from mapped current-public rows within each represented group
arm left: 3. left instrument: Tool #2 (Orange). arm right: -1. right instrument: Tool #3 (None). do a hysterectomy,5.762810135375208e-06,5.550133517359812e-06,0.0005550133517359812,3055,1,cmr_versius,cmr_versius:01,0.9630949809174046,YAML group mix ratios normalized globally; language proportions estimated from mapped current-public rows within each represented group
arm left: -1. left instrument: Tool #3 (None). arm right: 3. right instrument: Tool #0 (Orange). do a hysterectomy,5.747719306870134e-06,5.5355996161686894e-06,0.0005535599616168689,3047,1,cmr_versius,cmr_versius:01,0.9630949809174046,YAML group mix ratios normalized globally; language proportions estimated from mapped current-public rows within each represented group
arm left: -1. left instrument: Tool #3 (None). arm right: 1. right instrument: Tool #8 (Blue). do a hysterectomy,5.694901407102374e-06,5.484730961999762e-06,0.0005484730961999762,3019,1,cmr_versius,cmr_versius:01,0.9630949809174046,YAML group mix ratios normalized globally; language proportions estimated from mapped current-public rows within each represented group
arm left: 1. left instrument: Tool #0 (Orange). arm right: 0. right instrument: Tool #14 (White). do an inguinal hernia repair,5.679810578597299e-06,5.470197060808639e-06,0.000547019706080864,3011,1,cmr_versius,cmr_versius:02,0.9630949809174046,YAML group mix ratios normalized globally; language proportions estimated from mapped current-public rows within each represented group
arm left: 3. left instrument: Tool #4 (Green). arm right: 1. right instrument: Tool #2 (Blue). do a prostatectomy,5.549652182741034e-06,5.344842163035209e-06,0.0005344842163035209,2942,1,cmr_versius,cmr_versius:03,0.9630949809174046,YAML group mix ratios normalized globally; language proportions estimated from mapped current-public rows within each represented group
arm left: 1. left instrument: Tool #18 (Cyan). arm right: 3. right instrument: Tool #2 (Pink). do a hysterectomy,5.453448151021187e-06,5.252188542941805e-06,0.0005252188542941806,2891,1,cmr_versius,cmr_versius:01,0.9630949809174046,YAML group mix ratios normalized globally; language proportions estimated from mapped current-public rows within each represented group
arm left: 2. left instrument: Tool #13 (Cyan). arm right: -1. right instrument: Tool #3 (None). do a cholecystectomy,5.408175665505964e-06,5.208586839368439e-06,0.0005208586839368439,2867,1,cmr_versius,cmr_versius:00,0.9630949809174046,YAML group mix ratios normalized globally; language proportions estimated from mapped current-public rows within each represented group
arm left: 0. left instrument: Tool #14 (White). arm right: 1. right instrument: Tool #8 (Green). do a cholecystectomy,5.377994008495815e-06,5.179519036986194e-06,0.0005179519036986194,2851,1,cmr_versius,cmr_versius:00,0.9630949809174046,YAML group mix ratios normalized globally; language proportions estimated from mapped current-public rows within each represented group
arm left: 1. left instrument: Tool #0 (Purple). arm right: 2. right instrument: Tool #13 (Blue). do a hysterectomy,5.334607876543727e-06,5.137734071061718e-06,0.0005137734071061718,2828,1,cmr_versius,cmr_versius:01,0.9630949809174046,YAML group mix ratios normalized globally; language proportions estimated from mapped current-public rows within each represented group
arm left: 0. left instrument: Tool #14 (White). arm right: 1. right instrument: Tool #2 (Pink). do an inguinal hernia repair,5.330835169417458e-06,5.134100595763937e-06,0.0005134100595763937,2826,1,cmr_versius,cmr_versius:02,0.9630949809174046,YAML group mix ratios normalized globally; language proportions estimated from mapped current-public rows within each represented group
arm left: -1. left instrument: Tool #3 (None). arm right: 2. right instrument: Tool #10 (Purple). do a hysterectomy,5.328948815854325e-06,5.132283858115047e-06,0.0005132283858115047,2825,1,cmr_versius,cmr_versius:01,0.9630949809174046,YAML group mix ratios normalized globally; language proportions estimated from mapped current-public rows within each represented group
arm left: 0. left instrument: Tool #14 (White). arm right: 2. right instrument: Tool #8 (Blue). do a cholecystectomy,5.300653512407311e-06,5.105032793381693e-06,0.0005105032793381693,2810,1,cmr_versius,cmr_versius:00,0.9630949809174046,YAML group mix ratios normalized globally; language proportions estimated from mapped current-public rows within each represented group
arm left: 3. left instrument: Tool #18 (Blue). arm right: 0. right instrument: Tool #14 (White). do a cholecystectomy,5.270471855397162e-06,5.075964990999448e-06,0.0005075964990999448,2794,1,cmr_versius,cmr_versius:00,0.9630949809174046,YAML group mix ratios normalized globally; language proportions estimated from mapped current-public rows within each represented group
arm left: 2. left instrument: Tool #2 (Green). arm right: 0. right instrument: Tool #14 (White). do an inguinal hernia repair,5.270471855397162e-06,5.075964990999448e-06,0.0005075964990999448,2794,1,cmr_versius,cmr_versius:02,0.9630949809174046,YAML group mix ratios normalized globally; language proportions estimated from mapped current-public rows within each represented group
arm left: 3. left instrument: Tool #13 (Orange). arm right: 1. right instrument: Tool #2 (Blue). do a prostatectomy,5.26481279470776e-06,5.070514778052778e-06,0.0005070514778052778,2791,1,cmr_versius,cmr_versius:03,0.9630949809174046,YAML group mix ratios normalized globally; language proportions estimated from mapped current-public rows within each represented group
arm left: 1. left instrument: Tool #12 (Pink). arm right: -1. right instrument: Tool #3 (None). do a hysterectomy,5.2440629055132815e-06,5.050530663914984e-06,0.0005050530663914984,2780,1,cmr_versius,cmr_versius:01,0.9630949809174046,YAML group mix ratios normalized globally; language proportions estimated from mapped current-public rows within each represented group
arm left: -1. left instrument: Tool #3 (None). arm right: 2. right instrument: Tool #8 (Purple). do a hysterectomy,5.1855859450561194e-06,4.994211796799385e-06,0.0004994211796799386,2749,1,cmr_versius,cmr_versius:01,0.9630949809174046,YAML group mix ratios normalized globally; language proportions estimated from mapped current-public rows within each represented group
arm left: 2. left instrument: Tool #0 (Cyan). arm right: 1. right instrument: Tool #13 (Orange). do a hysterectomy,5.1855859450561194e-06,4.994211796799385e-06,0.0004994211796799386,2749,1,cmr_versius,cmr_versius:01,0.9630949809174046,YAML group mix ratios normalized globally; language proportions estimated from mapped current-public rows within each represented group
arm left: -1. left instrument: Tool #3 (None). arm right: 2. right instrument: Tool #8 (Cyan). do a hysterectomy,5.15917699517224e-06,4.968777469714921e-06,0.0004968777469714921,2735,1,cmr_versius,cmr_versius:01,0.9630949809174046,YAML group mix ratios normalized globally; language proportions estimated from mapped current-public rows within each represented group
arm left: 2. left instrument: Tool #9 (Blue). arm right: 1. right instrument: Tool #2 (Cyan). do an inguinal hernia repair,5.1497452273565685e-06,4.95969378147047e-06,0.0004959693781470471,2730,1,cmr_versius,cmr_versius:02,0.9630949809174046,YAML group mix ratios normalized globally; language proportions estimated from mapped current-public rows within each represented group
arm left: -1. left instrument: Tool #3 (None). arm right: 1. right instrument: Tool #18 (Orange). do a cholecystectomy,5.1308816917252254e-06,4.941526404981567e-06,0.0004941526404981567,2720,1,cmr_versius,cmr_versius:00,0.9630949809174046,YAML group mix ratios normalized globally; language proportions estimated from mapped current-public rows within each represented group
arm left: 3. left instrument: Tool #0 (Green). arm right: 0. right instrument: Tool #14 (White). do an inguinal hernia repair,5.102586388278211e-06,4.9142753402482124e-06,0.0004914275340248212,2705,1,cmr_versius,cmr_versius:02,0.9630949809174046,YAML group mix ratios normalized globally; language proportions estimated from mapped current-public rows within each represented group
arm left: 2. left instrument: Tool #2 (Green). arm right: -1. right instrument: Tool #3 (None). do a hysterectomy,5.100700034715077e-06,4.912458602599323e-06,0.0004912458602599323,2704,1,cmr_versius,cmr_versius:01,0.9630949809174046,YAML group mix ratios normalized globally; language proportions estimated from mapped current-public rows within each represented group
arm left: -1. left instrument: Tool #3 (None). arm right: 1. right instrument: Tool #8 (Cyan). do an inguinal hernia repair,5.0554275491998555e-06,4.868856899025956e-06,0.0004868856899025956,2680,1,cmr_versius,cmr_versius:02,0.9630949809174046,YAML group mix ratios normalized globally; language proportions estimated from mapped current-public rows within each represented group
arm left: 1. left instrument: Tool #1 (Blue). arm right: -1. right instrument: Tool #3 (None). do a prostatectomy,5.0403367206947805e-06,4.854322997834834e-06,0.00048543229978348335,2672,1,cmr_versius,cmr_versius:03,0.9630949809174046,YAML group mix ratios normalized globally; language proportions estimated from mapped current-public rows within each represented group
arm left: 3. left instrument: Tool #4 (Green). arm right: -1. right instrument: Tool #3 (None). do a prostatectomy,5.010155063684633e-06,4.82525519545259e-06,0.00048252551954525895,2656,1,cmr_versius,cmr_versius:03,0.9630949809174046,YAML group mix ratios normalized globally; language proportions estimated from mapped current-public rows within each represented group
arm left: -1. left instrument: Tool #3 (None). arm right: 3. right instrument: Tool #2 (Cyan). do a prostatectomy,4.936587274722395e-06,4.754402427145868e-06,0.00047544024271458675,2617,1,cmr_versius,cmr_versius:03,0.9630949809174046,YAML group mix ratios normalized globally; language proportions estimated from mapped current-public rows within each represented group
arm left: 3. left instrument: Tool #0 (Blue). arm right: -1. right instrument: Tool #3 (None). do a prostatectomy,4.79699711105046e-06,4.619963841127988e-06,0.00046199638411279875,2543,1,cmr_versius,cmr_versius:03,0.9630949809174046,YAML group mix ratios normalized globally; language proportions estimated from mapped current-public rows within each represented group
arm left: -1. left instrument: Tool #3 (None). arm right: 1. right instrument: Tool #10 (Blue). do a hysterectomy,4.78379263610852e-06,4.607246677585756e-06,0.00046072466775857557,2536,1,cmr_versius,cmr_versius:01,0.9630949809174046,YAML group mix ratios normalized globally; language proportions estimated from mapped current-public rows within each represented group
arm left: 2. left instrument: Tool #0 (Blue). arm right: 3. right instrument: Tool #2 (Pink). do a prostatectomy,4.729088382777626e-06,4.5545612857679375e-06,0.00045545612857679377,2507,1,cmr_versius,cmr_versius:03,0.9630949809174046,YAML group mix ratios normalized globally; language proportions estimated from mapped current-public rows within each represented group
arm left: 1. left instrument: Tool #0 (Blue). arm right: 0. right instrument: Tool #14 (White). do a prostatectomy,4.636657058184047e-06,4.465541140972314e-06,0.0004465541140972314,2458,1,cmr_versius,cmr_versius:03,0.9630949809174046,YAML group mix ratios normalized globally; language proportions estimated from mapped current-public rows within each represented group
arm left: 3. left instrument: Tool #12 (Blue). arm right: 0. right instrument: Tool #17 (White). do a hysterectomy,4.634770704620912e-06,4.463724403323423e-06,0.0004463724403323423,2457,1,cmr_versius,cmr_versius:01,0.9630949809174046,YAML group mix ratios normalized globally; language proportions estimated from mapped current-public rows within each represented group
arm left: -1. left instrument: Tool #3 (None). arm right: 1. right instrument: Tool #8 (Orange). do an inguinal hernia repair,4.59892998692136e-06,4.429206387994508e-06,0.00044292063879945075,2438,1,cmr_versius,cmr_versius:02,0.9630949809174046,YAML group mix ratios normalized globally; language proportions estimated from mapped current-public rows within each represented group
arm left: 3. left instrument: Tool #18 (Pink). arm right: 1. right instrument: Tool #2 (Blue). do a prostatectomy,4.5781800977268845e-06,4.409222273856715e-06,0.00044092222738567155,2427,1,cmr_versius,cmr_versius:03,0.9630949809174046,YAML group mix ratios normalized globally; language proportions estimated from mapped current-public rows within each represented group
arm left: 0. left instrument: Tool #17 (White). arm right: 1. right instrument: Tool #2 (Orange). do a hysterectomy,4.57629374416375e-06,4.407405536207825e-06,0.0004407405536207825,2426,1,cmr_versius,cmr_versius:01,0.9630949809174046,YAML group mix ratios normalized globally; language proportions estimated from mapped current-public rows within each represented group
arm left: 2. left instrument: Tool #0 (Cyan). arm right: 3. right instrument: Tool #13 (Orange). do a hysterectomy,4.536680319337929e-06,4.369254045581128e-06,0.0004369254045581128,2405,1,cmr_versius,cmr_versius:01,0.9630949809174046,YAML group mix ratios normalized globally; language proportions estimated from mapped current-public rows within each represented group
arm left: 1. left instrument: Tool #13 (Purple). arm right: 0. right instrument: Tool #14 (White). do an inguinal hernia repair,4.423499105549873e-06,4.260249786647712e-06,0.0004260249786647712,2345,1,cmr_versius,cmr_versius:02,0.9630949809174046,YAML group mix ratios normalized globally; language proportions estimated from mapped current-public rows within each represented group
arm left: 2. left instrument: Tool #1 (Pink). arm right: -1. right instrument: Tool #3 (None). do a prostatectomy,4.414067337734201e-06,4.251166098403259e-06,0.00042511660984032593,2340,1,cmr_versius,cmr_versius:03,0.9630949809174046,YAML group mix ratios normalized globally; language proportions estimated from mapped current-public rows within each represented group
arm left: -1. left instrument: Tool #3 (None). arm right: 3. right instrument: Tool #2 (Orange). do a hysterectomy,4.412180984171067e-06,4.24934936075437e-06,0.00042493493607543697,2339,1,cmr_versius,cmr_versius:01,0.9630949809174046,YAML group mix ratios normalized globally; language proportions estimated from mapped current-public rows within each represented group
arm left: 3. left instrument: Tool #18 (Cyan). arm right: -1. right instrument: Tool #3 (None). do a prostatectomy,4.395203802102859e-06,4.2329987219143575e-06,0.00042329987219143575,2330,1,cmr_versius,cmr_versius:03,0.9630949809174046,YAML group mix ratios normalized globally; language proportions estimated from mapped current-public rows within each represented group
arm left: -1. left instrument: Tool #3 (None). arm right: 1. right instrument: Tool #18 (Blue). do a hysterectomy,4.366908498655845e-06,4.205747657181003e-06,0.0004205747657181003,2315,1,cmr_versius,cmr_versius:01,0.9630949809174046,YAML group mix ratios normalized globally; language proportions estimated from mapped current-public rows within each represented group
arm left: 2. left instrument: Tool #0 (Orange). arm right: 0. right instrument: Tool #14 (White). do a prostatectomy,4.359363084403308e-06,4.198480706585442e-06,0.0004198480706585442,2311,1,cmr_versius,cmr_versius:03,0.9630949809174046,YAML group mix ratios normalized globally; language proportions estimated from mapped current-public rows within each represented group
arm left: 3. left instrument: Tool #18 (Cyan). arm right: 1. right instrument: Tool #2 (Pink). do a hysterectomy,4.257499991994057e-06,4.100376873545366e-06,0.00041003768735453666,2257,1,cmr_versius,cmr_versius:01,0.9630949809174046,YAML group mix ratios normalized globally; language proportions estimated from mapped current-public rows within each represented group
arm left: 0. left instrument: Tool #17 (White). arm right: -1. right instrument: Tool #3 (None). do a prostatectomy,4.200909385100029e-06,4.045874744078658e-06,0.00040458747440786584,2227,1,cmr_versius,cmr_versius:03,0.9630949809174046,YAML group mix ratios normalized globally; language proportions estimated from mapped current-public rows within each represented group
arm left: 2. left instrument: Tool #12 (Pink). arm right: 0. right instrument: Tool #14 (White). do a hysterectomy,4.13111430326406e-06,3.978655451069718e-06,0.0003978655451069718,2190,1,cmr_versius,cmr_versius:01,0.9630949809174046,YAML group mix ratios normalized globally; language proportions estimated from mapped current-public rows within each represented group
arm left: 1. left instrument: Tool #12 (Cyan). arm right: -1. right instrument: Tool #3 (None). do a cholecystectomy,4.050001100049287e-06,3.900535732167435e-06,0.0003900535732167435,2147,1,cmr_versius,cmr_versius:00,0.9630949809174046,YAML group mix ratios normalized globally; language proportions estimated from mapped current-public rows within each represented group
arm left: 1. left instrument: Tool #1 (Purple). arm right: -1. right instrument: Tool #3 (None). do an inguinal hernia repair,4.0273648572916754e-06,3.8787348803807525e-06,0.00038787348803807524,2135,1,cmr_versius,cmr_versius:02,0.9630949809174046,YAML group mix ratios normalized globally; language proportions estimated from mapped current-public rows within each represented group
arm left: 1. left instrument: Tool #18 (Cyan). arm right: 2. right instrument: Tool #9 (Purple). do an inguinal hernia repair,3.853820329483322e-06,3.711595016682846e-06,0.00037115950166828463,2043,1,cmr_versius,cmr_versius:02,0.9630949809174046,YAML group mix ratios normalized globally; language proportions estimated from mapped current-public rows within each represented group
arm left: 2. left instrument: Tool #2 (Blue). arm right: 1. right instrument: Tool #0 (Orange). do a prostatectomy,3.802888783278697e-06,3.6625431001628088e-06,0.00036625431001628087,2016,1,cmr_versius,cmr_versius:03,0.9630949809174046,YAML group mix ratios normalized globally; language proportions estimated from mapped current-public rows within each represented group
arm left: 1. left instrument: Tool #13 (Orange). arm right: 0. right instrument: Tool #14 (White). do a cholecystectomy,3.8028887832786964e-06,3.6625431001628084e-06,0.0003662543100162808,2016,1,cmr_versius,cmr_versius:00,0.9630949809174046,YAML group mix ratios normalized globally; language proportions estimated from mapped current-public rows within each represented group
arm left: 1. left instrument: Tool #12 (Pink). arm right: -1. right instrument: Tool #3 (None). do an inguinal hernia repair,3.7387527621321317e-06,3.600774020100539e-06,0.0003600774020100539,1982,1,cmr_versius,cmr_versius:02,0.9630949809174046,YAML group mix ratios normalized globally; language proportions estimated from mapped current-public rows within each represented group
arm left: 1. left instrument: Tool #0 (Orange). arm right: 3. right instrument: Tool #9 (Green). do a hysterectomy,3.6689576802961635e-06,3.5335547270915987e-06,0.00035335547270915987,1945,1,cmr_versius,cmr_versius:01,0.9630949809174046,YAML group mix ratios normalized globally; language proportions estimated from mapped current-public rows within each represented group
arm left: 1. left instrument: Tool #2 (Orange). arm right: -1. right instrument: Tool #3 (None). do a hysterectomy,3.6406623768491493e-06,3.5063036623582443e-06,0.00035063036623582443,1930,1,cmr_versius,cmr_versius:01,0.9630949809174046,YAML group mix ratios normalized globally; language proportions estimated from mapped current-public rows within each represented group
arm left: 3. left instrument: Tool #18 (Blue). arm right: 0. right instrument: Tool #14 (White). do a hysterectomy,3.6142534269652695e-06,3.4808693352737808e-06,0.00034808693352737807,1916,1,cmr_versius,cmr_versius:01,0.9630949809174046,YAML group mix ratios normalized globally; language proportions estimated from mapped current-public rows within each represented group
arm left: 2. left instrument: Tool #0 (Green). arm right: 1. right instrument: Tool #2 (Orange). do a prostatectomy,3.5878444770813893e-06,3.4554350081893164e-06,0.00034554350081893165,1902,1,cmr_versius,cmr_versius:03,0.9630949809174046,YAML group mix ratios normalized globally; language proportions estimated from mapped current-public rows within each represented group
arm left: 3. left instrument: Tool #0 (Green). arm right: 0. right instrument: Tool #14 (White). do a prostatectomy,3.584071769955121e-06,3.451801532891536e-06,0.00034518015328915356,1900,1,cmr_versius,cmr_versius:03,0.9630949809174046,YAML group mix ratios normalized globally; language proportions estimated from mapped current-public rows within each represented group
arm left: 3. left instrument: Tool #18 (Orange). arm right: 0. right instrument: Tool #14 (White). do a prostatectomy,3.5595491736343755e-06,3.4281839434559624e-06,0.00034281839434559627,1887,1,cmr_versius,cmr_versius:03,0.9630949809174046,YAML group mix ratios normalized globally; language proportions estimated from mapped current-public rows within each represented group
arm left: 3. left instrument: Tool #18 (Cyan). arm right: 0. right instrument: Tool #17 (White). do a prostatectomy,3.5501174058187044e-06,3.419100255211511e-06,0.0003419100255211511,1882,1,cmr_versius,cmr_versius:03,0.9630949809174046,YAML group mix ratios normalized globally; language proportions estimated from mapped current-public rows within each represented group
arm left: 0. left instrument: Tool #17 (White). arm right: 2. right instrument: Tool #2 (Green). do an inguinal hernia repair,3.542571991566167e-06,3.41183330461595e-06,0.000341183330461595,1878,1,cmr_versius,cmr_versius:02,0.9630949809174046,YAML group mix ratios normalized globally; language proportions estimated from mapped current-public rows within each represented group
arm left: 3. left instrument: Tool #18 (Blue). arm right: 1. right instrument: Tool #2 (Orange). do a prostatectomy,3.5255948094979587e-06,3.3954826657759373e-06,0.0003395482665775937,1869,1,cmr_versius,cmr_versius:03,0.9630949809174046,YAML group mix ratios normalized globally; language proportions estimated from mapped current-public rows within each represented group
arm left: 1. left instrument: Tool #18 (Orange). arm right: 0. right instrument: Tool #14 (White). do a prostatectomy,3.4633451419145276e-06,3.335530323362558e-06,0.0003335530323362558,1836,1,cmr_versius,cmr_versius:03,0.9630949809174046,YAML group mix ratios normalized globally; language proportions estimated from mapped current-public rows within each represented group
arm left: 3. left instrument: Tool #13 (Orange). arm right: -1. right instrument: Tool #3 (None). do a prostatectomy,3.3973227672048276e-06,3.271944505651398e-06,0.0003271944505651398,1801,1,cmr_versius,cmr_versius:03,0.9630949809174046,YAML group mix ratios normalized globally; language proportions estimated from mapped current-public rows within each represented group
arm left: 3. left instrument: Tool #0 (Cyan). arm right: 1. right instrument: Tool #2 (Purple). do a hysterectomy,3.3954364136416935e-06,3.270127768002508e-06,0.00032701277680025076,1800,1,cmr_versius,cmr_versius:01,0.9630949809174046,YAML group mix ratios normalized globally; language proportions estimated from mapped current-public rows within each represented group
arm left: -1. left instrument: Tool #3 (None). arm right: 1. right instrument: Tool #9 (Purple). do a cholecystectomy,3.3350730996213965e-06,3.2119921632380183e-06,0.00032119921632380185,1768,1,cmr_versius,cmr_versius:00,0.9630949809174046,YAML group mix ratios normalized globally; language proportions estimated from mapped current-public rows within each represented group
arm left: 2. left instrument: Tool #10 (Purple). arm right: 0. right instrument: Tool #14 (White). do a hysterectomy,3.3294140389319943e-06,3.206541950291348e-06,0.0003206541950291348,1765,1,cmr_versius,cmr_versius:01,0.9630949809174046,YAML group mix ratios normalized globally; language proportions estimated from mapped current-public rows within each represented group
arm left: 3. left instrument: Tool #0 (Green). arm right: 1. right instrument: Tool #2 (Cyan). do a prostatectomy,3.3256413318057258e-06,3.2029084749935674e-06,0.00032029084749935676,1763,1,cmr_versius,cmr_versius:03,0.9630949809174046,YAML group mix ratios normalized globally; language proportions estimated from mapped current-public rows within each represented group
arm left: 2. left instrument: Tool #18 (Pink). arm right: -1. right instrument: Tool #3 (None). do a hysterectomy,3.280368846290503e-06,3.1593067714202004e-06,0.00031593067714202005,1739,1,cmr_versius,cmr_versius:01,0.9630949809174046,YAML group mix ratios normalized globally; language proportions estimated from mapped current-public rows within each represented group
arm left: 2. left instrument: Tool #12 (Purple). arm right: -1. right instrument: Tool #3 (None). do a hysterectomy,3.2464144821540856e-06,3.1266054937401753e-06,0.0003126605493740175,1721,1,cmr_versius,cmr_versius:01,0.9630949809174046,YAML group mix ratios normalized globally; language proportions estimated from mapped current-public rows within each represented group
arm left: -1. left instrument: Tool #3 (None). arm right: 1. right instrument: Tool #18 (Green). do an inguinal hernia repair,3.231323653649012e-06,3.1120715925490532e-06,0.0003112071592549053,1713,1,cmr_versius,cmr_versius:02,0.9630949809174046,YAML group mix ratios normalized globally; language proportions estimated from mapped current-public rows within each represented group
arm left: 1. left instrument: Tool #4 (Cyan). arm right: -1. right instrument: Tool #3 (None). do a cholecystectomy,3.2086874108914007e-06,3.09027074076237e-06,0.000309027074076237,1701,1,cmr_versius,cmr_versius:00,0.9630949809174046,YAML group mix ratios normalized globally; language proportions estimated from mapped current-public rows within each represented group
arm left: 3. left instrument: Tool #0 (Orange). arm right: 1. right instrument: Tool #2 (Green). do a prostatectomy,3.1596422182499093e-06,3.0430355618912223e-06,0.00030430355618912223,1675,1,cmr_versius,cmr_versius:03,0.9630949809174046,YAML group mix ratios normalized globally; language proportions estimated from mapped current-public rows within each represented group
arm left: 1. left instrument: Tool #13 (Blue). arm right: 0. right instrument: Tool #14 (White). do an inguinal hernia repair,3.142665036181701e-06,3.02668492305121e-06,0.000302668492305121,1666,1,cmr_versius,cmr_versius:02,0.9630949809174046,YAML group mix ratios normalized globally; language proportions estimated from mapped current-public rows within each represented group
arm left: 1. left instrument: Tool #0 (Orange). arm right: -1. right instrument: Tool #3 (None). do a prostatectomy,3.142665036181701e-06,3.02668492305121e-06,0.000302668492305121,1666,1,cmr_versius,cmr_versius:03,0.9630949809174046,YAML group mix ratios normalized globally; language proportions estimated from mapped current-public rows within each represented group
arm left: 2. left instrument: Tool #9 (Green). arm right: 0. right instrument: Tool #14 (White). do a hysterectomy,3.061551832966927e-06,2.9485652041489275e-06,0.00029485652041489274,1623,1,cmr_versius,cmr_versius:01,0.9630949809174046,YAML group mix ratios normalized globally; language proportions estimated from mapped current-public rows within each represented group
arm left: 0. left instrument: Tool #17 (White). arm right: -1. right instrument: Tool #3 (None). do a cholecystectomy,3.04080194377245e-06,2.9285810900111347e-06,0.0002928581090011135,1612,1,cmr_versius,cmr_versius:00,0.9630949809174046,YAML group mix ratios normalized globally; language proportions estimated from mapped current-public rows within each represented group
arm left: 1. left instrument: Tool #1 (Cyan). arm right: -1. right instrument: Tool #3 (None). do an inguinal hernia repair,3.033256529519913e-06,2.921314139415574e-06,0.0002921314139415574,1608,1,cmr_versius,cmr_versius:02,0.9630949809174046,YAML group mix ratios normalized globally; language proportions estimated from mapped current-public rows within each represented group
arm left: 0. left instrument: Tool #14 (White). arm right: 2. right instrument: Tool #8 (Green). do a cholecystectomy,3.029483822393644e-06,2.917680664117793e-06,0.00029176806641177926,1606,1,cmr_versius,cmr_versius:00,0.9630949809174046,YAML group mix ratios normalized globally; language proportions estimated from mapped current-public rows within each represented group
arm left: -1. left instrument: Tool #3 (None). arm right: 3. right instrument: Tool #0 (Pink). do a hysterectomy,3.0125066403254363e-06,2.9013300252777807e-06,0.00029013300252777804,1597,1,cmr_versius,cmr_versius:01,0.9630949809174046,YAML group mix ratios normalized globally; language proportions estimated from mapped current-public rows within each represented group
arm left: 1. left instrument: Tool #2 (Cyan). arm right: 0. right instrument: Tool #17 (White). do an inguinal hernia repair,2.9879840440046906e-06,2.877712435842207e-06,0.0002877712435842207,1584,1,cmr_versius,cmr_versius:02,0.9630949809174046,YAML group mix ratios normalized globally; language proportions estimated from mapped current-public rows within each represented group
arm left: 3. left instrument: Tool #0 (Orange). arm right: 2. right instrument: Tool #2 (Blue). do a prostatectomy,2.957802386994542e-06,2.8486446334599623e-06,0.00028486446334599624,1568,1,cmr_versius,cmr_versius:03,0.9630949809174046,YAML group mix ratios normalized globally; language proportions estimated from mapped current-public rows within each represented group
arm left: 2. left instrument: Tool #18 (Green). arm right: 0. right instrument: Tool #14 (White). do a prostatectomy,2.950256972742005e-06,2.841377682864401e-06,0.0002841377682864401,1564,1,cmr_versius,cmr_versius:03,0.9630949809174046,YAML group mix ratios normalized globally; language proportions estimated from mapped current-public rows within each represented group
arm left: -1. left instrument: Tool #3 (None). arm right: 1. right instrument: Tool #13 (Orange). do a cholecystectomy,2.9427115584894677e-06,2.83411073226884e-06,0.000283411073226884,1560,1,cmr_versius,cmr_versius:00,0.9630949809174046,YAML group mix ratios normalized globally; language proportions estimated from mapped current-public rows within each represented group
arm left: -1. left instrument: Tool #3 (None). arm right: 2. right instrument: Tool #8 (Orange). do an inguinal hernia repair,2.9370524978000647e-06,2.828660519322169e-06,0.00028286605193221693,1557,1,cmr_versius,cmr_versius:02,0.9630949809174046,YAML group mix ratios normalized globally; language proportions estimated from mapped current-public rows within each represented group
arm left: 2. left instrument: Tool #2 (Cyan). arm right: -1. right instrument: Tool #3 (None). do a hysterectomy,2.912529901479319e-06,2.8050429298865953e-06,0.00028050429298865953,1544,1,cmr_versius,cmr_versius:01,0.9630949809174046,YAML group mix ratios normalized globally; language proportions estimated from mapped current-public rows within each represented group
arm left: -1. left instrument: Tool #3 (None). arm right: 1. right instrument: Tool #0 (Pink). do a hysterectomy,2.910643547916185e-06,2.8032261922377052e-06,0.0002803226192237705,1543,1,cmr_versius,cmr_versius:01,0.9630949809174046,YAML group mix ratios normalized globally; language proportions estimated from mapped current-public rows within each represented group
arm left: 2. left instrument: Tool #0 (Cyan). arm right: 0. right instrument: Tool #14 (White). do a hysterectomy,2.9049844872267824e-06,2.7977759792910345e-06,0.00027977759792910346,1540,1,cmr_versius,cmr_versius:01,0.9630949809174046,YAML group mix ratios normalized globally; language proportions estimated from mapped current-public rows within each represented group
arm left: 3. left instrument: Tool #2 (Green). arm right: 1. right instrument: Tool #0 (Pink). do a prostatectomy,2.8012350412543974e-06,2.697855408602069e-06,0.0002697855408602069,1485,1,cmr_versius,cmr_versius:03,0.9630949809174046,YAML group mix ratios normalized globally; language proportions estimated from mapped current-public rows within each represented group
arm left: 3. left instrument: Tool #0 (Orange). arm right: 2. right instrument: Tool #2 (Green). do a prostatectomy,2.7955759805649948e-06,2.6924051956553982e-06,0.0002692405195655398,1482,1,cmr_versius,cmr_versius:03,0.9630949809174046,YAML group mix ratios normalized globally; language proportions estimated from mapped current-public rows within each represented group
arm left: 2. left instrument: Tool #0 (Orange). arm right: 3. right instrument: Tool #2 (Blue). do a prostatectomy,2.772939737807383e-06,2.6706043438687145e-06,0.0002670604343868715,1470,1,cmr_versius,cmr_versius:03,0.9630949809174046,YAML group mix ratios normalized globally; language proportions estimated from mapped current-public rows within each represented group
arm left: 2. left instrument: Tool #13 (Pink). arm right: -1. right instrument: Tool #3 (None). do a hysterectomy,2.6465540490773865e-06,2.5488829213930657e-06,0.00025488829213930655,1403,1,cmr_versius,cmr_versius:01,0.9630949809174046,YAML group mix ratios normalized globally; language proportions estimated from mapped current-public rows within each represented group
arm left: -1. left instrument: Tool #3 (None). arm right: 3. right instrument: Tool #9 (None). do a hysterectomy,2.6258041598829097e-06,2.5288988072552725e-06,0.00025288988072552724,1392,1,cmr_versius,cmr_versius:01,0.9630949809174046,YAML group mix ratios normalized globally; language proportions estimated from mapped current-public rows within each represented group
arm left: 3. left instrument: Tool #2 (Orange). arm right: 1. right instrument: Tool #0 (Green). do a prostatectomy,2.6088269778147015e-06,2.5125481684152603e-06,0.000251254816841526,1383,1,cmr_versius,cmr_versius:03,0.9630949809174046,YAML group mix ratios normalized globally; language proportions estimated from mapped current-public rows within each represented group
arm left: 3. left instrument: Tool #2 (Pink). arm right: 1. right instrument: Tool #0 (Blue). do a prostatectomy,2.5993952099990304e-06,2.503464480170809e-06,0.0002503464480170809,1378,1,cmr_versius,cmr_versius:03,0.9630949809174046,YAML group mix ratios normalized globally; language proportions estimated from mapped current-public rows within each represented group
arm left: 2. left instrument: Tool #0 (Green). arm right: 3. right instrument: Tool #8 (Blue). do a prostatectomy,2.567327199425747e-06,2.472579940139674e-06,0.0002472579940139674,1361,1,cmr_versius,cmr_versius:03,0.9630949809174046,YAML group mix ratios normalized globally; language proportions estimated from mapped current-public rows within each represented group
arm left: 3. left instrument: Tool #0 (Purple). arm right: 1. right instrument: Tool #2 (Blue). do a hysterectomy,2.5635544922994787e-06,2.4689464648418933e-06,0.0002468946464841893,1359,1,cmr_versius,cmr_versius:01,0.9630949809174046,YAML group mix ratios normalized globally; language proportions estimated from mapped current-public rows within each represented group
arm left: 0. left instrument: Tool #14 (White). arm right: 1. right instrument: Tool #9 (Purple). do a cholecystectomy,2.556009078046941e-06,2.4616795142463317e-06,0.0002461679514246332,1355,1,cmr_versius,cmr_versius:00,0.9630949809174046,YAML group mix ratios normalized globally; language proportions estimated from mapped current-public rows within each represented group
arm left: 2. left instrument: Tool #13 (Blue). arm right: 3. right instrument: Tool #2 (Green). do a prostatectomy,2.499418471152913e-06,2.4071773847796237e-06,0.00024071773847796237,1325,1,cmr_versius,cmr_versius:03,0.9630949809174046,YAML group mix ratios normalized globally; language proportions estimated from mapped current-public rows within each represented group
arm left: 1. left instrument: Tool #18 (Green). arm right: 3. right instrument: Tool #0 (Blue). do a prostatectomy,2.4466005713851536e-06,2.356308730610696e-06,0.00023563087306106958,1297,1,cmr_versius,cmr_versius:03,0.9630949809174046,YAML group mix ratios normalized globally; language proportions estimated from mapped current-public rows within each represented group
arm left: 1. left instrument: Tool #0 (Purple). arm right: 0. right instrument: Tool #14 (White). do a cholecystectomy,2.4371688035694824e-06,2.3472250423662445e-06,0.00023472250423662444,1292,1,cmr_versius,cmr_versius:00,0.9630949809174046,YAML group mix ratios normalized globally; language proportions estimated from mapped current-public rows within each represented group
arm left: 3. left instrument: Tool #13 (Green). arm right: 0. right instrument: Tool #14 (White). do a prostatectomy,2.4088735001224686e-06,2.3199739776328905e-06,0.00023199739776328906,1277,1,cmr_versius,cmr_versius:03,0.9630949809174046,YAML group mix ratios normalized globally; language proportions estimated from mapped current-public rows within each represented group
arm left: 3. left instrument: Tool #0 (Green). arm right: 1. right instrument: Tool #2 (Orange). do a prostatectomy,2.403214439433065e-06,2.3145237646862193e-06,0.00023145237646862195,1274,1,cmr_versius,cmr_versius:03,0.9630949809174046,YAML group mix ratios normalized globally; language proportions estimated from mapped current-public rows within each represented group
left tool: none. right tool: none. aux tool: mono_round_scissors. The surgery process is a hysterectomy.Coagulation and dissection of the ovarian vessels,2.3956626998820994e-06,2.3072507222274886e-06,0.00023072507222274887,32,1,rob_surgical_bitrack,rob_surgical_bitrack:00,0.9630949809174046,YAML group mix ratios normalized globally; language proportions estimated from mapped current-public rows within each represented group
arm left: 0. left instrument: Tool #17 (White). arm right: 1. right instrument: Tool #13 (Orange). do a hysterectomy,2.3673737217335143e-06,2.280005749357304e-06,0.0002280005749357304,1255,1,cmr_versius,cmr_versius:01,0.9630949809174046,YAML group mix ratios normalized globally; language proportions estimated from mapped current-public rows within each represented group
arm left: 1. left instrument: Tool #1 (Purple). arm right: 0. right instrument: Tool #17 (White). do an inguinal hernia repair,2.323987589781426e-06,2.2382207834328276e-06,0.00022382207834328275,1232,1,cmr_versius,cmr_versius:02,0.9630949809174046,YAML group mix ratios normalized globally; language proportions estimated from mapped current-public rows within each represented group
arm left: 3. left instrument: Tool #2 (Orange). arm right: 0. right instrument: Tool #14 (White). do a prostatectomy,2.3183285290920233e-06,2.232770570486157e-06,0.0002232770570486157,1229,1,cmr_versius,cmr_versius:03,0.9630949809174046,YAML group mix ratios normalized globally; language proportions estimated from mapped current-public rows within each represented group
arm left: 0. left instrument: Tool #14 (White). arm right: 2. right instrument: Tool #9 (Cyan). do an inguinal hernia repair,2.3088967612763517e-06,2.2236868822417056e-06,0.00022236868822417055,1224,1,cmr_versius,cmr_versius:02,0.9630949809174046,YAML group mix ratios normalized globally; language proportions estimated from mapped current-public rows within each represented group
arm left: 0. left instrument: Tool #14 (White). arm right: 1. right instrument: Tool #2 (Blue). do a prostatectomy,2.2824878113924716e-06,2.1982525551572412e-06,0.00021982525551572413,1210,1,cmr_versius,cmr_versius:03,0.9630949809174046,YAML group mix ratios normalized globally; language proportions estimated from mapped current-public rows within each represented group
arm left: 0. left instrument: Tool #14 (White). arm right: 3. right instrument: Tool #9 (Green). do a prostatectomy,2.2806014578293375e-06,2.196435817508351e-06,0.0002196435817508351,1209,1,cmr_versius,cmr_versius:03,0.9630949809174046,YAML group mix ratios normalized globally; language proportions estimated from mapped current-public rows within each represented group
arm left: 2. left instrument: Tool #0 (Blue). arm right: 0. right instrument: Tool #14 (White). do an inguinal hernia repair,2.250419800819189e-06,2.1673680151261066e-06,0.00021673680151261066,1193,1,cmr_versius,cmr_versius:02,0.9630949809174046,YAML group mix ratios normalized globally; language proportions estimated from mapped current-public rows within each represented group
arm left: 0. left instrument: Tool #14 (White). arm right: 2. right instrument: Tool #0 (Blue). do a hysterectomy,2.2466470936929207e-06,2.163734539828326e-06,0.0002163734539828326,1191,1,cmr_versius,cmr_versius:01,0.9630949809174046,YAML group mix ratios normalized globally; language proportions estimated from mapped current-public rows within each represented group
arm left: 2. left instrument: Tool #1 (Orange). arm right: 1. right instrument: Tool #2 (Blue). do a prostatectomy,2.214579083119638e-06,2.132849999797191e-06,0.0002132849999797191,1174,1,cmr_versius,cmr_versius:03,0.9630949809174046,YAML group mix ratios normalized globally; language proportions estimated from mapped current-public rows within each represented group
arm left: 3. left instrument: Tool #12 (Green). arm right: 0. right instrument: Tool #14 (White). do a hysterectomy,2.195715547488295e-06,2.1146826233082882e-06,0.00021146826233082883,1164,1,cmr_versius,cmr_versius:01,0.9630949809174046,YAML group mix ratios normalized globally; language proportions estimated from mapped current-public rows within each represented group
arm left: 1. left instrument: Tool #18 (Blue). arm right: 0. right instrument: Tool #17 (White). do an inguinal hernia repair,2.15798847622561e-06,2.078347870330483e-06,0.0002078347870330483,1144,1,cmr_versius,cmr_versius:02,0.9630949809174046,YAML group mix ratios normalized globally; language proportions estimated from mapped current-public rows within each represented group
arm left: 2. left instrument: Tool #2 (Blue). arm right: 0. right instrument: Tool #14 (White). do a prostatectomy,2.1410112941574016e-06,2.0619972314904703e-06,0.00020619972314904703,1135,1,cmr_versius,cmr_versius:03,0.9630949809174046,YAML group mix ratios normalized globally; language proportions estimated from mapped current-public rows within each represented group
arm left: 1. left instrument: Tool #12 (Orange). arm right: 0. right instrument: Tool #14 (White). do a hysterectomy,2.103284222894716e-06,2.0256624785126646e-06,0.00020256624785126645,1115,1,cmr_versius,cmr_versius:01,0.9630949809174046,YAML group mix ratios normalized globally; language proportions estimated from mapped current-public rows within each represented group
arm left: 3. left instrument: Tool #12 (Pink). arm right: 0. right instrument: Tool #17 (White). do a hysterectomy,2.076875273010836e-06,2.0002281514282006e-06,0.00020002281514282005,1101,1,cmr_versius,cmr_versius:01,0.9630949809174046,YAML group mix ratios normalized globally; language proportions estimated from mapped current-public rows within each represented group
arm left: 1. left instrument: Tool #2 (Orange). arm right: 2. right instrument: Tool #0 (Green). do a hysterectomy,2.06555715163203e-06,1.989327725534859e-06,0.0001989327725534859,1095,1,cmr_versius,cmr_versius:01,0.9630949809174046,YAML group mix ratios normalized globally; language proportions estimated from mapped current-public rows within each represented group
arm left: -1. left instrument: Tool #3 (None). arm right: 1. right instrument: Tool #0 (Cyan). do a hysterectomy,2.0240573732430765e-06,1.949359497259273e-06,0.00019493594972592727,1073,1,cmr_versius,cmr_versius:01,0.9630949809174046,YAML group mix ratios normalized globally; language proportions estimated from mapped current-public rows within each represented group
arm left: 2. left instrument: Tool #0 (Orange). arm right: 0. right instrument: Tool #17 (White). do a hysterectomy,2.022171019679942e-06,1.9475427596103823e-06,0.00019475427596103823,1072,1,cmr_versius,cmr_versius:01,0.9630949809174046,YAML group mix ratios normalized globally; language proportions estimated from mapped current-public rows within each represented group
arm left: 2. left instrument: Tool #18 (Orange). arm right: -1. right instrument: Tool #3 (None). do an inguinal hernia repair,1.952375937843974e-06,1.880323466601442e-06,0.0001880323466601442,1035,1,cmr_versius,cmr_versius:02,0.9630949809174046,YAML group mix ratios normalized globally; language proportions estimated from mapped current-public rows within each represented group
arm left: 1. left instrument: Tool #2 (Blue). arm right: 3. right instrument: Tool #0 (Green). do a hysterectomy,1.8920126238236769e-06,1.8221878618369528e-06,0.0001822187861836953,1003,1,cmr_versius,cmr_versius:01,0.9630949809174046,YAML group mix ratios normalized globally; language proportions estimated from mapped current-public rows within each represented group
arm left: 0. left instrument: Tool #14 (White). arm right: 2. right instrument: Tool #9 (Pink). do a hysterectomy,1.8071267134826348e-06,1.7404346676368904e-06,0.00017404346676368903,958,1,cmr_versius,cmr_versius:01,0.9630949809174046,YAML group mix ratios normalized globally; language proportions estimated from mapped current-public rows within each represented group
arm left: 2. left instrument: Tool #0 (Cyan). arm right: 0. right instrument: Tool #17 (White). do an inguinal hernia repair,1.7920358849775602e-06,1.7259007664457677e-06,0.00017259007664457678,950,1,cmr_versius,cmr_versius:02,0.9630949809174046,YAML group mix ratios normalized globally; language proportions estimated from mapped current-public rows within each represented group
arm left: 1. left instrument: Tool #1 (Pink). arm right: 0. right instrument: Tool #17 (White). do an inguinal hernia repair,1.746763399462338e-06,1.6822990628724013e-06,0.00016822990628724012,926,1,cmr_versius,cmr_versius:02,0.9630949809174046,YAML group mix ratios normalized globally; language proportions estimated from mapped current-public rows within each represented group
arm left: -1. left instrument: Tool #3 (None). arm right: 2. right instrument: Tool #2 (Blue). do a hysterectomy,1.707149974636518e-06,1.6441475722457052e-06,0.00016441475722457052,905,1,cmr_versius,cmr_versius:01,0.9630949809174046,YAML group mix ratios normalized globally; language proportions estimated from mapped current-public rows within each represented group
arm left: 2. left instrument: Tool #18 (Orange). arm right: 0. right instrument: Tool #14 (White). do a prostatectomy,1.6581047819950271e-06,1.596912393374558e-06,0.0001596912393374558,879,1,cmr_versius,cmr_versius:03,0.9630949809174046,YAML group mix ratios normalized globally; language proportions estimated from mapped current-public rows within each represented group
arm left: 3. left instrument: Tool #13 (Green). arm right: 1. right instrument: Tool #2 (Orange). do a prostatectomy,1.6298094785480129e-06,1.5696613286412036e-06,0.00015696613286412037,864,1,cmr_versius,cmr_versius:03,0.9630949809174046,YAML group mix ratios normalized globally; language proportions estimated from mapped current-public rows within each represented group
arm left: 3. left instrument: Tool #0 (Green). arm right: 2. right instrument: Tool #2 (Orange). do a prostatectomy,1.6279231249848786e-06,1.5678445909923133e-06,0.00015678445909923132,863,1,cmr_versius,cmr_versius:03,0.9630949809174046,YAML group mix ratios normalized globally; language proportions estimated from mapped current-public rows within each represented group
arm left: 1. left instrument: Tool #0 (Blue). arm right: 2. right instrument: Tool #18 (Green). do a prostatectomy,1.6260367714217441e-06,1.566027853343423e-06,0.0001566027853343423,862,1,cmr_versius,cmr_versius:03,0.9630949809174046,YAML group mix ratios normalized globally; language proportions estimated from mapped current-public rows within each represented group
arm left: 2. left instrument: Tool #18 (Orange). arm right: 0. right instrument: Tool #17 (White). do a hysterectomy,1.6015141751009988e-06,1.5424102639078496e-06,0.00015424102639078496,849,1,cmr_versius,cmr_versius:01,0.9630949809174046,YAML group mix ratios normalized globally; language proportions estimated from mapped current-public rows within each represented group
arm left: 3. left instrument: Tool #0 (Orange). arm right: 1. right instrument: Tool #2 (Blue). do a prostatectomy,1.5939687608484618e-06,1.5351433133122884e-06,0.00015351433133122883,845,1,cmr_versius,cmr_versius:03,0.9630949809174046,YAML group mix ratios normalized globally; language proportions estimated from mapped current-public rows within each represented group
arm left: 2. left instrument: Tool #12 (Orange). arm right: 0. right instrument: Tool #17 (White). do a hysterectomy,1.5732188716539846e-06,1.5151591991744952e-06,0.00015151591991744952,834,1,cmr_versius,cmr_versius:01,0.9630949809174046,YAML group mix ratios normalized globally; language proportions estimated from mapped current-public rows within each represented group
arm left: 1. left instrument: Tool #9 (Blue). arm right: 0. right instrument: Tool #17 (White). do an inguinal hernia repair,1.5581280431489107e-06,1.5006252979833731e-06,0.00015006252979833732,826,1,cmr_versius,cmr_versius:02,0.9630949809174046,YAML group mix ratios normalized globally; language proportions estimated from mapped current-public rows within each represented group
arm left: -1. left instrument: Tool #3 (None). arm right: 2. right instrument: Tool #0 (Pink). do a hysterectomy,1.5222873254493591e-06,1.4661072826544574e-06,0.00014661072826544573,807,1,cmr_versius,cmr_versius:01,0.9630949809174046,YAML group mix ratios normalized globally; language proportions estimated from mapped current-public rows within each represented group
arm left: 2. left instrument: Tool #2 (Cyan). arm right: 1. right instrument: Tool #9 (Blue). do an inguinal hernia repair,1.5109692040705537e-06,1.455206856761116e-06,0.0001455206856761116,801,1,cmr_versius,cmr_versius:02,0.9630949809174046,YAML group mix ratios normalized globally; language proportions estimated from mapped current-public rows within each represented group
arm left: 1. left instrument: Tool #2 (Orange). arm right: 2. right instrument: Tool #0 (Blue). do a prostatectomy,1.486446607749808e-06,1.4315892673255422e-06,0.00014315892673255422,788,1,cmr_versius,cmr_versius:03,0.9630949809174046,YAML group mix ratios normalized globally; language proportions estimated from mapped current-public rows within each represented group
arm left: 2. left instrument: Tool #9 (Cyan). arm right: -1. right instrument: Tool #3 (None). do an inguinal hernia repair,1.465696718555331e-06,1.4116051531877492e-06,0.0001411605153187749,777,1,cmr_versius,cmr_versius:02,0.9630949809174046,YAML group mix ratios normalized globally; language proportions estimated from mapped current-public rows within each represented group
arm left: 0. left instrument: Tool #14 (White). arm right: 1. right instrument: Tool #9 (Cyan). do an inguinal hernia repair,1.4147651723507056e-06,1.3625532366677115e-06,0.00013625532366677115,750,1,cmr_versius,cmr_versius:02,0.9630949809174046,YAML group mix ratios normalized globally; language proportions estimated from mapped current-public rows within each represented group
arm left: -1. left instrument: Tool #3 (None). arm right: 2. right instrument: Tool #18 (Blue). do an inguinal hernia repair,1.3808108082142888e-06,1.3298519589876865e-06,0.00013298519589876866,732,1,cmr_versius,cmr_versius:02,0.9630949809174046,YAML group mix ratios normalized globally; language proportions estimated from mapped current-public rows within each represented group
arm left: 2. left instrument: Tool #0 (Cyan). arm right: 3. right instrument: Tool #2 (Orange). do a prostatectomy,1.3638336261460803e-06,1.313501320147674e-06,0.00013135013201476738,723,1,cmr_versius,cmr_versius:03,0.9630949809174046,YAML group mix ratios normalized globally; language proportions estimated from mapped current-public rows within each represented group
arm left: 2. left instrument: Tool #0 (Cyan). arm right: 3. right instrument: Tool #2 (Blue). do a prostatectomy,1.361947272582946e-06,1.3116845824987837e-06,0.00013116845824987837,722,1,cmr_versius,cmr_versius:03,0.9630949809174046,YAML group mix ratios normalized globally; language proportions estimated from mapped current-public rows within each represented group
arm left: 2. left instrument: Tool #13 (Pink). arm right: 0. right instrument: Tool #14 (White). do a prostatectomy,1.341197383388469e-06,1.2917004683609905e-06,0.00012917004683609906,711,1,cmr_versius,cmr_versius:03,0.9630949809174046,YAML group mix ratios normalized globally; language proportions estimated from mapped current-public rows within each represented group
arm left: 0. left instrument: Tool #14 (White). arm right: 1. right instrument: Tool #18 (Purple). do a hysterectomy,1.3317656155727976e-06,1.2826167801165391e-06,0.0001282616780116539,706,1,cmr_versius,cmr_versius:01,0.9630949809174046,YAML group mix ratios normalized globally; language proportions estimated from mapped current-public rows within each represented group
arm left: 3. left instrument: Tool #0 (Pink). arm right: 0. right instrument: Tool #17 (White). do a hysterectomy,1.292152190746978e-06,1.2444652894898433e-06,0.00012444652894898434,685,1,cmr_versius,cmr_versius:01,0.9630949809174046,YAML group mix ratios normalized globally; language proportions estimated from mapped current-public rows within each represented group
arm left: 3. left instrument: Tool #0 (Green). arm right: 1. right instrument: Tool #2 (Cyan). do a hysterectomy,1.2883794836207094e-06,1.2408318141920626e-06,0.00012408318141920627,683,1,cmr_versius,cmr_versius:01,0.9630949809174046,YAML group mix ratios normalized globally; language proportions estimated from mapped current-public rows within each represented group
arm left: -1. left instrument: Tool #3 (None). arm right: 2. right instrument: Tool #13 (Blue). do an inguinal hernia repair,1.2827204229313064e-06,1.2353816012453917e-06,0.00012353816012453917,680,1,cmr_versius,cmr_versius:02,0.9630949809174046,YAML group mix ratios normalized globally; language proportions estimated from mapped current-public rows within each represented group
arm left: 1. left instrument: Tool #9 (Purple). arm right: -1. right instrument: Tool #3 (None). do an inguinal hernia repair,1.278947715805038e-06,1.2317481259476113e-06,0.00012317481259476113,678,1,cmr_versius,cmr_versius:02,0.9630949809174046,YAML group mix ratios normalized globally; language proportions estimated from mapped current-public rows within each represented group
arm left: 1. left instrument: Tool #2 (Cyan). arm right: -1. right instrument: Tool #3 (None). do a prostatectomy,1.2714023015525007e-06,1.22448117535205e-06,0.000122448117535205,674,1,cmr_versius,cmr_versius:03,0.9630949809174046,YAML group mix ratios normalized globally; language proportions estimated from mapped current-public rows within each represented group
arm left: 2. left instrument: Tool #1 (Pink). arm right: 0. right instrument: Tool #17 (White). do a hysterectomy,1.2563114730474266e-06,1.2099472741609278e-06,0.00012099472741609277,666,1,cmr_versius,cmr_versius:01,0.9630949809174046,YAML group mix ratios normalized globally; language proportions estimated from mapped current-public rows within each represented group
arm left: 0. left instrument: Tool #14 (White). arm right: 2. right instrument: Tool #8 (Cyan). do a hysterectomy,1.2431069981054867e-06,1.1972301106186959e-06,0.00011972301106186958,659,1,cmr_versius,cmr_versius:01,0.9630949809174046,YAML group mix ratios normalized globally; language proportions estimated from mapped current-public rows within each represented group
arm left: 1. left instrument: Tool #0 (Blue). arm right: -1. right instrument: Tool #3 (None). do a hysterectomy,1.2374479374160837e-06,1.191779897672025e-06,0.0001191779897672025,656,1,cmr_versius,cmr_versius:01,0.9630949809174046,YAML group mix ratios normalized globally; language proportions estimated from mapped current-public rows within each represented group
arm left: -1. left instrument: Tool #3 (None). arm right: 1. right instrument: Tool #2 (Cyan). do a prostatectomy,1.2280161696004128e-06,1.1826962094275738e-06,0.00011826962094275738,651,1,cmr_versius,cmr_versius:03,0.9630949809174046,YAML group mix ratios normalized globally; language proportions estimated from mapped current-public rows within each represented group
arm left: 1. left instrument: Tool #0 (Orange). arm right: 2. right instrument: Tool #2 (Blue). do a prostatectomy,1.216698048221607e-06,1.171795783534232e-06,0.00011717957835342319,645,1,cmr_versius,cmr_versius:03,0.9630949809174046,YAML group mix ratios normalized globally; language proportions estimated from mapped current-public rows within each represented group
arm left: 3. left instrument: Tool #12 (Pink). arm right: 0. right instrument: Tool #14 (White). do a hysterectomy,1.1921754519008615e-06,1.1481781940986583e-06,0.00011481781940986583,632,1,cmr_versius,cmr_versius:01,0.9630949809174046,YAML group mix ratios normalized globally; language proportions estimated from mapped current-public rows within each represented group
arm left: 1. left instrument: Tool #9 (Cyan). arm right: 2. right instrument: Tool #2 (Orange). do a hysterectomy,1.190289098337727e-06,1.146361456449768e-06,0.0001146361456449768,631,1,cmr_versius,cmr_versius:01,0.9630949809174046,YAML group mix ratios normalized globally; language proportions estimated from mapped current-public rows within each represented group
arm left: 3. left instrument: Tool #0 (Pink). arm right: 0. right instrument: Tool #14 (White). do a prostatectomy,1.1789709769589216e-06,1.1354610305564264e-06,0.00011354610305564263,625,1,cmr_versius,cmr_versius:03,0.9630949809174046,YAML group mix ratios normalized globally; language proportions estimated from mapped current-public rows within each represented group
arm left: 1. left instrument: Tool #0 (Purple). arm right: 0. right instrument: Tool #14 (White). do an inguinal hernia repair,1.1751982698326528e-06,1.1318275552586458e-06,0.00011318275552586458,623,1,cmr_versius,cmr_versius:02,0.9630949809174046,YAML group mix ratios normalized globally; language proportions estimated from mapped current-public rows within each represented group
arm left: 1. left instrument: Tool #0 (Green). arm right: 0. right instrument: Tool #17 (White). do a hysterectomy,1.1431302592593703e-06,1.100943015227511e-06,0.0001100943015227511,606,1,cmr_versius,cmr_versius:01,0.9630949809174046,YAML group mix ratios normalized globally; language proportions estimated from mapped current-public rows within each represented group
arm left: 2. left instrument: Tool #8 (Green). arm right: -1. right instrument: Tool #3 (None). do a cholecystectomy,1.1431302592593698e-06,1.1009430152275107e-06,0.00011009430152275107,606,1,cmr_versius,cmr_versius:00,0.9630949809174046,YAML group mix ratios normalized globally; language proportions estimated from mapped current-public rows within each represented group
arm left: 3. left instrument: Tool #0 (Blue). arm right: 2. right instrument: Tool #2 (Orange). do a prostatectomy,1.120494016501759e-06,1.0791421634408276e-06,0.00010791421634408277,594,1,cmr_versius,cmr_versius:03,0.9630949809174046,YAML group mix ratios normalized globally; language proportions estimated from mapped current-public rows within each represented group
arm left: 0. left instrument: Tool #17 (White). arm right: 2. right instrument: Tool #9 (Pink). do a hysterectomy,1.1054031879966847e-06,1.0646082622497054e-06,0.00010646082622497054,586,1,cmr_versius,cmr_versius:01,0.9630949809174046,YAML group mix ratios normalized globally; language proportions estimated from mapped current-public rows within each represented group
arm left: 2. left instrument: Tool #1 (Pink). arm right: 0. right instrument: Tool #14 (White). do a prostatectomy,1.086539652365342e-06,1.0464408857608025e-06,0.00010464408857608025,576,1,cmr_versius,cmr_versius:03,0.9630949809174046,YAML group mix ratios normalized globally; language proportions estimated from mapped current-public rows within each represented group
arm left: 3. left instrument: Tool #0 (Pink). arm right: 2. right instrument: Tool #2 (Blue). do a prostatectomy,1.0431535204132536e-06,1.004655919836326e-06,0.0001004655919836326,553,1,cmr_versius,cmr_versius:03,0.9630949809174046,YAML group mix ratios normalized globally; language proportions estimated from mapped current-public rows within each represented group
arm left: 2. left instrument: Tool #8 (Green). arm right: 1. right instrument: Tool #0 (Blue). do a cholecystectomy,1.0412671668501193e-06,1.0028391821874357e-06,0.00010028391821874357,552,1,cmr_versius,cmr_versius:00,0.9630949809174046,YAML group mix ratios normalized globally; language proportions estimated from mapped current-public rows within each represented group
arm left: 3. left instrument: Tool #0 (Green). arm right: 1. right instrument: Tool #2 (Blue). do a prostatectomy,1.037494459723851e-06,9.992057068896553e-07,9.992057068896553e-05,550,1,cmr_versius,cmr_versius:03,0.9630949809174046,YAML group mix ratios normalized globally; language proportions estimated from mapped current-public rows within each represented group
arm left: 2. left instrument: Tool #2 (Pink). arm right: 0. right instrument: Tool #14 (White). do a hysterectomy,1.0299490454713137e-06,9.91938756294094e-07,9.91938756294094e-05,546,1,cmr_versius,cmr_versius:01,0.9630949809174046,YAML group mix ratios normalized globally; language proportions estimated from mapped current-public rows within each represented group
arm left: 1. left instrument: Tool #18 (Blue). arm right: 0. right instrument: Tool #14 (White). do a prostatectomy,1.0073128027137023e-06,9.701379045074105e-07,9.701379045074105e-05,534,1,cmr_versius,cmr_versius:03,0.9630949809174046,YAML group mix ratios normalized globally; language proportions estimated from mapped current-public rows within each represented group
arm left: 0. left instrument: Tool #14 (White). arm right: 1. right instrument: Tool #9 (Orange). do a prostatectomy,9.959946813348967e-07,9.592374786140689e-07,9.592374786140689e-05,528,1,cmr_versius,cmr_versius:03,0.9630949809174046,YAML group mix ratios normalized globally; language proportions estimated from mapped current-public rows within each represented group
arm left: 3. left instrument: Tool #0 (Cyan). arm right: 2. right instrument: Tool #13 (Orange). do a hysterectomy,9.922219742086283e-07,9.556040033162885e-07,9.556040033162885e-05,526,1,cmr_versius,cmr_versius:01,0.9630949809174046,YAML group mix ratios normalized globally; language proportions estimated from mapped current-public rows within each represented group
arm left: -1. left instrument: Tool #3 (None). arm right: 1. right instrument: Tool #0 (Green). do a cholecystectomy,9.69585731451017e-07,9.33803151529605e-07,9.33803151529605e-05,514,1,cmr_versius,cmr_versius:00,0.9630949809174046,YAML group mix ratios normalized globally; language proportions estimated from mapped current-public rows within each represented group
arm left: -1. left instrument: Tool #3 (None). arm right: 2. right instrument: Tool #0 (Cyan). do a hysterectomy,9.488358422565399e-07,9.138190373918119e-07,9.138190373918119e-05,503,1,cmr_versius,cmr_versius:01,0.9630949809174046,YAML group mix ratios normalized globally; language proportions estimated from mapped current-public rows within each represented group
arm left: 1. left instrument: Tool #0 (Green). arm right: 3. right instrument: Tool #2 (Cyan). do a prostatectomy,9.243132459357944e-07,8.902014479562383e-07,8.902014479562383e-05,490,1,cmr_versius,cmr_versius:03,0.9630949809174046,YAML group mix ratios normalized globally; language proportions estimated from mapped current-public rows within each represented group
arm left: 2. left instrument: Tool #2 (Green). arm right: 1. right instrument: Tool #0 (Blue). do a prostatectomy,9.111087709938546e-07,8.774842844140063e-07,8.774842844140063e-05,483,1,cmr_versius,cmr_versius:03,0.9630949809174046,YAML group mix ratios normalized globally; language proportions estimated from mapped current-public rows within each represented group
arm left: 3. left instrument: Tool #2 (Green). arm right: -1. right instrument: Tool #3 (None). do a hysterectomy,9.092224174307202e-07,8.75667546765116e-07,8.75667546765116e-05,482,1,cmr_versius,cmr_versius:01,0.9630949809174046,YAML group mix ratios normalized globally; language proportions estimated from mapped current-public rows within each represented group
arm left: 2. left instrument: Tool #1 (Orange). arm right: 0. right instrument: Tool #14 (White). do a prostatectomy,9.035633567413173e-07,8.702173338184451e-07,8.70217333818445e-05,479,1,cmr_versius,cmr_versius:03,0.9630949809174046,YAML group mix ratios normalized globally; language proportions estimated from mapped current-public rows within each represented group
arm left: -1. left instrument: Tool #3 (None). arm right: 1. right instrument: Tool #18 (Orange). do an inguinal hernia repair,8.790407604205718e-07,8.465997443828715e-07,8.465997443828714e-05,466,1,cmr_versius,cmr_versius:02,0.9630949809174046,YAML group mix ratios normalized globally; language proportions estimated from mapped current-public rows within each represented group
arm left: -1. left instrument: Tool #3 (None). arm right: 1. right instrument: Tool #12 (Green). do a hysterectomy,8.564045176629605e-07,8.24798892596188e-07,8.24798892596188e-05,454,1,cmr_versius,cmr_versius:01,0.9630949809174046,YAML group mix ratios normalized globally; language proportions estimated from mapped current-public rows within each represented group
arm left: 3. left instrument: Tool #0 (Purple). arm right: 0. right instrument: Tool #14 (White). do a hysterectomy,8.450863962841548e-07,8.138984667028463e-07,8.138984667028464e-05,448,1,cmr_versius,cmr_versius:01,0.9630949809174046,YAML group mix ratios normalized globally; language proportions estimated from mapped current-public rows within each represented group
arm left: 1. left instrument: Tool #2 (Blue). arm right: 0. right instrument: Tool #14 (White). do a hysterectomy,8.413136891578863e-07,8.102649914050658e-07,8.102649914050659e-05,446,1,cmr_versius,cmr_versius:01,0.9630949809174046,YAML group mix ratios normalized globally; language proportions estimated from mapped current-public rows within each represented group
arm left: 2. left instrument: Tool #0 (Pink). arm right: 0. right instrument: Tool #14 (White). do a prostatectomy,8.073593250214695e-07,7.775637137250408e-07,7.775637137250408e-05,428,1,cmr_versius,cmr_versius:03,0.9630949809174046,YAML group mix ratios normalized globally; language proportions estimated from mapped current-public rows within each represented group
arm left: 1. left instrument: Tool #0 (Green). arm right: -1. right instrument: Tool #3 (None). do a prostatectomy,8.017002643320666e-07,7.721135007783698e-07,7.721135007783699e-05,425,1,cmr_versius,cmr_versius:03,0.9630949809174046,YAML group mix ratios normalized globally; language proportions estimated from mapped current-public rows within each represented group
arm left: 0. left instrument: Tool #17 (White). arm right: 2. right instrument: Tool #2 (Purple). do an inguinal hernia repair,7.828367287007238e-07,7.539461242894671e-07,7.539461242894671e-05,415,1,cmr_versius,cmr_versius:02,0.9630949809174046,YAML group mix ratios normalized globally; language proportions estimated from mapped current-public rows within each represented group
arm left: 3. left instrument: Tool #18 (Pink). arm right: 0. right instrument: Tool #14 (White). do a hysterectomy,7.809503751375895e-07,7.521293866405768e-07,7.521293866405768e-05,414,1,cmr_versius,cmr_versius:01,0.9630949809174046,YAML group mix ratios normalized globally; language proportions estimated from mapped current-public rows within each represented group
arm left: 0. left instrument: Tool #14 (White). arm right: 2. right instrument: Tool #9 (Orange). do a cholecystectomy,7.809503751375894e-07,7.521293866405767e-07,7.521293866405767e-05,414,1,cmr_versius,cmr_versius:00,0.9630949809174046,YAML group mix ratios normalized globally; language proportions estimated from mapped current-public rows within each represented group
arm left: 2. left instrument: Tool #9 (Orange). arm right: -1. right instrument: Tool #3 (None). do an inguinal hernia repair,7.790640215744553e-07,7.503126489916866e-07,7.503126489916866e-05,413,1,cmr_versius,cmr_versius:02,0.9630949809174046,YAML group mix ratios normalized globally; language proportions estimated from mapped current-public rows within each represented group
arm left: 0. left instrument: Tool #14 (White). arm right: 1. right instrument: Tool #2 (Purple). do a hysterectomy,7.77177668011321e-07,7.484959113427961e-07,7.484959113427962e-05,412,1,cmr_versius,cmr_versius:01,0.9630949809174046,YAML group mix ratios normalized globally; language proportions estimated from mapped current-public rows within each represented group
arm left: 2. left instrument: Tool #18 (Green). arm right: 0. right instrument: Tool #14 (White). do a hysterectomy,7.620868395062468e-07,7.33962010151674e-07,7.33962010151674e-05,404,1,cmr_versius,cmr_versius:01,0.9630949809174046,YAML group mix ratios normalized globally; language proportions estimated from mapped current-public rows within each represented group
arm left: 1. left instrument: Tool #1 (Blue). arm right: 3. right instrument: Tool #2 (Green). do a prostatectomy,7.583141323799783e-07,7.303285348538935e-07,7.303285348538935e-05,402,1,cmr_versius,cmr_versius:03,0.9630949809174046,YAML group mix ratios normalized globally; language proportions estimated from mapped current-public rows within each represented group
arm left: 0. left instrument: Tool #14 (White). arm right: 2. right instrument: Tool #2 (Cyan). do an inguinal hernia repair,7.262461218066956e-07,6.994439948227586e-07,6.994439948227587e-05,385,1,cmr_versius,cmr_versius:02,0.9630949809174046,YAML group mix ratios normalized globally; language proportions estimated from mapped current-public rows within each represented group
arm left: 3. left instrument: Tool #18 (Green). arm right: -1. right instrument: Tool #3 (None). do a hysterectomy,7.243597682435613e-07,6.976272571738683e-07,6.976272571738683e-05,384,1,cmr_versius,cmr_versius:01,0.9630949809174046,YAML group mix ratios normalized globally; language proportions estimated from mapped current-public rows within each represented group
arm left: 3. left instrument: Tool #2 (Pink). arm right: 1. right instrument: Tool #2 (Green). do a prostatectomy,7.054962326122185e-07,6.794598806849654e-07,6.794598806849654e-05,374,1,cmr_versius,cmr_versius:03,0.9630949809174046,YAML group mix ratios normalized globally; language proportions estimated from mapped current-public rows within each represented group
arm left: 1. left instrument: Tool #9 (Pink). arm right: 0. right instrument: Tool #17 (White). do a hysterectomy,6.904054041071444e-07,6.649259794938433e-07,6.649259794938433e-05,366,1,cmr_versius,cmr_versius:01,0.9630949809174046,YAML group mix ratios normalized globally; language proportions estimated from mapped current-public rows within each represented group
arm left: 1. left instrument: Tool #1 (Pink). arm right: 0. right instrument: Tool #14 (White). do a hysterectomy,6.866326969808758e-07,6.612925041960627e-07,6.612925041960627e-05,364,1,cmr_versius,cmr_versius:01,0.9630949809174046,YAML group mix ratios normalized globally; language proportions estimated from mapped current-public rows within each represented group
arm left: 2. left instrument: Tool #9 (Cyan). arm right: 0. right instrument: Tool #14 (White). do an inguinal hernia repair,6.47019272155056e-07,6.231410135693667e-07,6.231410135693666e-05,343,1,cmr_versius,cmr_versius:02,0.9630949809174046,YAML group mix ratios normalized globally; language proportions estimated from mapped current-public rows within each represented group
arm left: 3. left instrument: Tool #2 (Blue). arm right: 0. right instrument: Tool #14 (White). do a hysterectomy,6.375875043393846e-07,6.140573253249153e-07,6.140573253249153e-05,338,1,cmr_versius,cmr_versius:01,0.9630949809174046,YAML group mix ratios normalized globally; language proportions estimated from mapped current-public rows within each represented group
arm left: 1. left instrument: Tool #1 (Blue). arm right: 0. right instrument: Tool #14 (White). do a prostatectomy,6.262693829605791e-07,6.031568994315737e-07,6.031568994315737e-05,332,1,cmr_versius,cmr_versius:03,0.9630949809174046,YAML group mix ratios normalized globally; language proportions estimated from mapped current-public rows within each represented group
arm left: 2. left instrument: Tool #13 (Cyan). arm right: 0. right instrument: Tool #14 (White). do a hysterectomy,6.05519493766102e-07,5.831727852937805e-07,5.831727852937805e-05,321,1,cmr_versius,cmr_versius:01,0.9630949809174046,YAML group mix ratios normalized globally; language proportions estimated from mapped current-public rows within each represented group
arm left: 2. left instrument: Tool #2 (Orange). arm right: 0. right instrument: Tool #14 (White). do a prostatectomy,5.904286652610279e-07,5.686388841026583e-07,5.686388841026583e-05,313,1,cmr_versius,cmr_versius:03,0.9630949809174046,YAML group mix ratios normalized globally; language proportions estimated from mapped current-public rows within each represented group
arm left: 0. left instrument: Tool #14 (White). arm right: 2. right instrument: Tool #9 (Cyan). do a cholecystectomy,5.809968974453565e-07,5.595551958582069e-07,5.595551958582069e-05,308,1,cmr_versius,cmr_versius:00,0.9630949809174046,YAML group mix ratios normalized globally; language proportions estimated from mapped current-public rows within each represented group
arm left: 3. left instrument: Tool #0 (Cyan). arm right: 1. right instrument: Tool #2 (Blue). do a prostatectomy,5.696787760665509e-07,5.486547699648653e-07,5.486547699648652e-05,302,1,cmr_versius,cmr_versius:03,0.9630949809174046,YAML group mix ratios normalized globally; language proportions estimated from mapped current-public rows within each represented group
arm left: -1. left instrument: Tool #3 (None). arm right: 1. right instrument: Tool #0 (Purple). do a cholecystectomy,5.696787760665508e-07,5.486547699648652e-07,5.4865476996486516e-05,302,1,cmr_versius,cmr_versius:00,0.9630949809174046,YAML group mix ratios normalized globally; language proportions estimated from mapped current-public rows within each represented group
arm left: 1. left instrument: Tool #0 (Cyan). arm right: 0. right instrument: Tool #14 (White). do a hysterectomy,5.244062905513283e-07,5.050530663914985e-07,5.050530663914985e-05,278,1,cmr_versius,cmr_versius:01,0.9630949809174046,YAML group mix ratios normalized globally; language proportions estimated from mapped current-public rows within each represented group
arm left: 2. left instrument: Tool #9 (Pink). arm right: 0. right instrument: Tool #14 (White). do a hysterectomy,5.149745227356569e-07,4.95969378147047e-07,4.95969378147047e-05,273,1,cmr_versius,cmr_versius:01,0.9630949809174046,YAML group mix ratios normalized globally; language proportions estimated from mapped current-public rows within each represented group
arm left: 0. left instrument: Tool #14 (White). arm right: 1. right instrument: Tool #9 (Blue). do a cholecystectomy,5.112018156093884e-07,4.923359028492665e-07,4.923359028492665e-05,271,1,cmr_versius,cmr_versius:00,0.9630949809174046,YAML group mix ratios normalized globally; language proportions estimated from mapped current-public rows within each represented group
arm left: 1. left instrument: Tool #2 (Green). arm right: 0. right instrument: Tool #14 (White). do a prostatectomy,4.810201585992399e-07,4.632681004670219e-07,4.632681004670219e-05,255,1,cmr_versius,cmr_versius:03,0.9630949809174046,YAML group mix ratios normalized globally; language proportions estimated from mapped current-public rows within each represented group
arm left: 2. left instrument: Tool #0 (Cyan). arm right: 3. right instrument: Tool #2 (Green). do a prostatectomy,4.810201585992399e-07,4.632681004670219e-07,4.632681004670219e-05,255,1,cmr_versius,cmr_versius:03,0.9630949809174046,YAML group mix ratios normalized globally; language proportions estimated from mapped current-public rows within each represented group
arm left: 2. left instrument: Tool #2 (Orange). arm right: -1. right instrument: Tool #3 (None). do an inguinal hernia repair,4.7347474434670283e-07,4.560011498714608e-07,4.560011498714608e-05,251,1,cmr_versius,cmr_versius:02,0.9630949809174046,YAML group mix ratios normalized globally; language proportions estimated from mapped current-public rows within each represented group
arm left: 3. left instrument: Tool #1 (Green). arm right: 0. right instrument: Tool #14 (White). do a prostatectomy,4.6404297653103144e-07,4.469174616270094e-07,4.469174616270094e-05,246,1,cmr_versius,cmr_versius:03,0.9630949809174046,YAML group mix ratios normalized globally; language proportions estimated from mapped current-public rows within each represented group
arm left: 1. left instrument: Tool #2 (Purple). arm right: 2. right instrument: Tool #13 (Blue). do an inguinal hernia repair,4.640429765310314e-07,4.4691746162700935e-07,4.469174616270093e-05,246,1,cmr_versius,cmr_versius:02,0.9630949809174046,YAML group mix ratios normalized globally; language proportions estimated from mapped current-public rows within each represented group
arm left: 0. left instrument: Tool #17 (White). arm right: 2. right instrument: Tool #9 (Green). do a cholecystectomy,4.357476730840173e-07,4.196663968936551e-07,4.1966639689365515e-05,231,1,cmr_versius,cmr_versius:00,0.9630949809174046,YAML group mix ratios normalized globally; language proportions estimated from mapped current-public rows within each represented group
arm left: 2. left instrument: Tool #2 (Orange). arm right: 1. right instrument: Tool #0 (Blue). do a prostatectomy,4.300886123946145e-07,4.142161839469843e-07,4.142161839469843e-05,228,1,cmr_versius,cmr_versius:03,0.9630949809174046,YAML group mix ratios normalized globally; language proportions estimated from mapped current-public rows within each represented group
arm left: 1. left instrument: Tool #0 (Orange). arm right: 2. right instrument: Tool #2 (Green). do a prostatectomy,4.0179330894760046e-07,3.8696511921363013e-07,3.869651192136301e-05,213,1,cmr_versius,cmr_versius:03,0.9630949809174046,YAML group mix ratios normalized globally; language proportions estimated from mapped current-public rows within each represented group
arm left: 0. left instrument: Tool #14 (White). arm right: 2. right instrument: Tool #8 (Pink). do a cholecystectomy,3.9424789469506323e-07,3.796981686180689e-07,3.796981686180689e-05,209,1,cmr_versius,cmr_versius:00,0.9630949809174046,YAML group mix ratios normalized globally; language proportions estimated from mapped current-public rows within each represented group
arm left: 2. left instrument: Tool #8 (Blue). arm right: -1. right instrument: Tool #3 (None). do a cholecystectomy,3.9424789469506323e-07,3.796981686180689e-07,3.796981686180689e-05,209,1,cmr_versius,cmr_versius:00,0.9630949809174046,YAML group mix ratios normalized globally; language proportions estimated from mapped current-public rows within each represented group
arm left: 3. left instrument: Tool #0 (Blue). arm right: 0. right instrument: Tool #17 (White). do a hysterectomy,3.9236154113192907e-07,3.778814309691787e-07,3.778814309691787e-05,208,1,cmr_versius,cmr_versius:01,0.9630949809174046,YAML group mix ratios normalized globally; language proportions estimated from mapped current-public rows within each represented group
arm left: 1. left instrument: Tool #2 (Orange). arm right: 0. right instrument: Tool #14 (White). do a prostatectomy,3.885888340056605e-07,3.7424795567139807e-07,3.742479556713981e-05,206,1,cmr_versius,cmr_versius:03,0.9630949809174046,YAML group mix ratios normalized globally; language proportions estimated from mapped current-public rows within each represented group
arm left: 2. left instrument: Tool #1 (Cyan). arm right: -1. right instrument: Tool #3 (None). do an inguinal hernia repair,3.7538435906372054e-07,3.615307921291661e-07,3.615307921291661e-05,199,1,cmr_versius,cmr_versius:02,0.9630949809174046,YAML group mix ratios normalized globally; language proportions estimated from mapped current-public rows within each represented group
arm left: 0. left instrument: Tool #17 (White). arm right: 2. right instrument: Tool #9 (Cyan). do an inguinal hernia repair,3.734980055005863e-07,3.5971405448027586e-07,3.597140544802759e-05,198,1,cmr_versius,cmr_versius:02,0.9630949809174046,YAML group mix ratios normalized globally; language proportions estimated from mapped current-public rows within each represented group
arm left: 2. left instrument: Tool #0 (Blue). arm right: 1. right instrument: Tool #2 (Orange). do a hysterectomy,3.71611651937452e-07,3.5789731683138555e-07,3.5789731683138556e-05,197,1,cmr_versius,cmr_versius:01,0.9630949809174046,YAML group mix ratios normalized globally; language proportions estimated from mapped current-public rows within each represented group
arm left: -1. left instrument: Tool #3 (None). arm right: 2. right instrument: Tool #10 (Blue). do a hysterectomy,3.659525912480492e-07,3.524471038847147e-07,3.5244710388471474e-05,194,1,cmr_versius,cmr_versius:01,0.9630949809174046,YAML group mix ratios normalized globally; language proportions estimated from mapped current-public rows within each represented group
arm left: 1. left instrument: Tool #0 (Orange). arm right: 3. right instrument: Tool #2 (Blue). do a prostatectomy,3.6217988412178066e-07,3.4881362858693416e-07,3.488136285869342e-05,192,1,cmr_versius,cmr_versius:03,0.9630949809174046,YAML group mix ratios normalized globally; language proportions estimated from mapped current-public rows within each represented group
arm left: -1. left instrument: Tool #3 (None). arm right: 3. right instrument: Tool #0 (Pink). do a prostatectomy,3.5652082343237785e-07,3.4336341564026334e-07,3.4336341564026335e-05,189,1,cmr_versius,cmr_versius:03,0.9630949809174046,YAML group mix ratios normalized globally; language proportions estimated from mapped current-public rows within each represented group
arm left: 0. left instrument: Tool #14 (White). arm right: 3. right instrument: Tool #9 (Green). do a hysterectomy,3.50861762742975e-07,3.3791320269359246e-07,3.3791320269359246e-05,186,1,cmr_versius,cmr_versius:01,0.9630949809174046,YAML group mix ratios normalized globally; language proportions estimated from mapped current-public rows within each represented group
arm left: 2. left instrument: Tool #12 (Pink). arm right: 0. right instrument: Tool #17 (White). do a hysterectomy,3.50861762742975e-07,3.3791320269359246e-07,3.3791320269359246e-05,186,1,cmr_versius,cmr_versius:01,0.9630949809174046,YAML group mix ratios normalized globally; language proportions estimated from mapped current-public rows within each represented group
arm left: -1. left instrument: Tool #3 (None). arm right: 2. right instrument: Tool #8 (Purple). do a cholecystectomy,3.3954364136416933e-07,3.2701277680025076e-07,3.2701277680025076e-05,180,1,cmr_versius,cmr_versius:00,0.9630949809174046,YAML group mix ratios normalized globally; language proportions estimated from mapped current-public rows within each represented group
arm left: 0. left instrument: Tool #14 (White). arm right: 3. right instrument: Tool #13 (Orange). do a hysterectomy,3.1313469148028957e-07,3.0157844971578685e-07,3.0157844971578685e-05,166,1,cmr_versius,cmr_versius:01,0.9630949809174046,YAML group mix ratios normalized globally; language proportions estimated from mapped current-public rows within each represented group
arm left: 1. left instrument: Tool #12 (Orange). arm right: 0. right instrument: Tool #17 (White). do an inguinal hernia repair,3.0558927722775244e-07,2.943114991202257e-07,2.943114991202257e-05,162,1,cmr_versius,cmr_versius:02,0.9630949809174046,YAML group mix ratios normalized globally; language proportions estimated from mapped current-public rows within each represented group
arm left: 0. left instrument: Tool #17 (White). arm right: 1. right instrument: Tool #9 (Orange). do an inguinal hernia repair,2.942711558489467e-07,2.8341107322688396e-07,2.8341107322688397e-05,156,1,cmr_versius,cmr_versius:02,0.9630949809174046,YAML group mix ratios normalized globally; language proportions estimated from mapped current-public rows within each represented group
arm left: 3. left instrument: Tool #4 (Green). arm right: 0. right instrument: Tool #14 (White). do a prostatectomy,2.923848022858125e-07,2.815943355779937e-07,2.8159433557799372e-05,155,1,cmr_versius,cmr_versius:03,0.9630949809174046,YAML group mix ratios normalized globally; language proportions estimated from mapped current-public rows within each represented group
arm left: 1. left instrument: Tool #9 (Orange). arm right: -1. right instrument: Tool #3 (None). do an inguinal hernia repair,2.7918032734387257e-07,2.6887717203576175e-07,2.6887717203576176e-05,148,1,cmr_versius,cmr_versius:02,0.9630949809174046,YAML group mix ratios normalized globally; language proportions estimated from mapped current-public rows within each represented group
arm left: -1. left instrument: Tool #3 (None). arm right: 2. right instrument: Tool #0 (Blue). do a hysterectomy,2.7729397378073835e-07,2.670604343868715e-07,2.6706043438687148e-05,147,1,cmr_versius,cmr_versius:01,0.9630949809174046,YAML group mix ratios normalized globally; language proportions estimated from mapped current-public rows within each represented group
arm left: 1. left instrument: Tool #12 (Pink). arm right: 0. right instrument: Tool #17 (White). do a hysterectomy,2.6974855952820123e-07,2.5979348379131036e-07,2.5979348379131038e-05,143,1,cmr_versius,cmr_versius:01,0.9630949809174046,YAML group mix ratios normalized globally; language proportions estimated from mapped current-public rows within each represented group
arm left: -1. left instrument: Tool #3 (None). arm right: 2. right instrument: Tool #8 (Blue). do an inguinal hernia repair,2.6220314527566415e-07,2.5252653319574923e-07,2.5252653319574924e-05,139,1,cmr_versius,cmr_versius:02,0.9630949809174046,YAML group mix ratios normalized globally; language proportions estimated from mapped current-public rows within each represented group
arm left: 1. left instrument: Tool #12 (Orange). arm right: 0. right instrument: Tool #17 (White). do a hysterectomy,2.4333960964432136e-07,2.343591567068464e-07,2.343591567068464e-05,129,1,cmr_versius,cmr_versius:01,0.9630949809174046,YAML group mix ratios normalized globally; language proportions estimated from mapped current-public rows within each represented group
arm left: -1. left instrument: Tool #3 (None). arm right: 2. right instrument: Tool #0 (Purple). do a cholecystectomy,2.395669025180528e-07,2.307256814090658e-07,2.307256814090658e-05,127,1,cmr_versius,cmr_versius:00,0.9630949809174046,YAML group mix ratios normalized globally; language proportions estimated from mapped current-public rows within each represented group
arm left: 2. left instrument: Tool #0 (Pink). arm right: 0. right instrument: Tool #14 (White). do a cholecystectomy,1.961807705659645e-07,1.8894071548458932e-07,1.8894071548458932e-05,104,1,cmr_versius,cmr_versius:00,0.9630949809174046,YAML group mix ratios normalized globally; language proportions estimated from mapped current-public rows within each represented group
arm left: -1. left instrument: Tool #3 (None). arm right: 3. right instrument: Tool #2 (Cyan). do a hysterectomy,1.9240806343969594e-07,1.8530724018680875e-07,1.8530724018680876e-05,102,1,cmr_versius,cmr_versius:01,0.9630949809174046,YAML group mix ratios normalized globally; language proportions estimated from mapped current-public rows within each represented group
arm left: -1. left instrument: Tool #3 (None). arm right: 2. right instrument: Tool #2 (Purple). do a hysterectomy,1.905217098765617e-07,1.834905025379185e-07,1.834905025379185e-05,101,1,cmr_versius,cmr_versius:01,0.9630949809174046,YAML group mix ratios normalized globally; language proportions estimated from mapped current-public rows within each represented group
arm left: 0. left instrument: Tool #17 (White). arm right: 3. right instrument: Tool #0 (Green). do a hysterectomy,1.905217098765617e-07,1.834905025379185e-07,1.834905025379185e-05,101,1,cmr_versius,cmr_versius:01,0.9630949809174046,YAML group mix ratios normalized globally; language proportions estimated from mapped current-public rows within each represented group
arm left: 1. left instrument: Tool #9 (Blue). arm right: 2. right instrument: Tool #0 (Cyan). do an inguinal hernia repair,1.829762956240246e-07,1.7622355194235736e-07,1.7622355194235737e-05,97,1,cmr_versius,cmr_versius:02,0.9630949809174046,YAML group mix ratios normalized globally; language proportions estimated from mapped current-public rows within each represented group
arm left: 1. left instrument: Tool #1 (Cyan). arm right: 3. right instrument: Tool #2 (Orange). do a hysterectomy,1.697718206820847e-07,1.635063884001254e-07,1.635063884001254e-05,90,1,cmr_versius,cmr_versius:01,0.9630949809174046,YAML group mix ratios normalized globally; language proportions estimated from mapped current-public rows within each represented group
arm left: -1. left instrument: Tool #3 (None). arm right: 2. right instrument: Tool #0 (Green). do a hysterectomy,1.697718206820847e-07,1.635063884001254e-07,1.635063884001254e-05,90,1,cmr_versius,cmr_versius:01,0.9630949809174046,YAML group mix ratios normalized globally; language proportions estimated from mapped current-public rows within each represented group
arm left: 2. left instrument: Tool #0 (Cyan). arm right: -1. right instrument: Tool #3 (None). do a cholecystectomy,1.6411275999268186e-07,1.5805617545345453e-07,1.5805617545345453e-05,87,1,cmr_versius,cmr_versius:00,0.9630949809174046,YAML group mix ratios normalized globally; language proportions estimated from mapped current-public rows within each represented group
arm left: 0. left instrument: Tool #14 (White). arm right: 1. right instrument: Tool #18 (Blue). do a hysterectomy,1.5845369930327903e-07,1.5260596250678368e-07,1.5260596250678367e-05,84,1,cmr_versius,cmr_versius:01,0.9630949809174046,YAML group mix ratios normalized globally; language proportions estimated from mapped current-public rows within each represented group
arm left: 0. left instrument: Tool #14 (White). arm right: 3. right instrument: Tool #8 (Pink). do a cholecystectomy,1.5656734574014476e-07,1.507892248578934e-07,1.507892248578934e-05,83,1,cmr_versius,cmr_versius:00,0.9630949809174046,YAML group mix ratios normalized globally; language proportions estimated from mapped current-public rows within each represented group
left tool: mono_hook. right tool: bi_maryland_forceps. aux tool: bi_maryland_forceps. The surgery process is a hemicolectomy.Identify the inferior mesenteric artery and veinArtery coagulation,1.497289187426312e-07,1.4420317013921804e-07,1.4420317013921804e-05,2,1,rob_surgical_bitrack,rob_surgical_bitrack:00,0.9630949809174046,YAML group mix ratios normalized globally; language proportions estimated from mapped current-public rows within each represented group
left tool: mono_hook. right tool: bi_maryland_forceps. aux tool: bi_maryland_forceps. The surgery process is a hemicolectomy.Artery coagulationResect the lymphatic tissue around the mesenteric artery and vein,1.497289187426312e-07,1.4420317013921804e-07,1.4420317013921804e-05,2,1,rob_surgical_bitrack,rob_surgical_bitrack:00,0.9630949809174046,YAML group mix ratios normalized globally; language proportions estimated from mapped current-public rows within each represented group
left tool: mono_hook. right tool: bi_maryland_forceps. aux tool: bi_maryland_forceps. The surgery process is a hemicolectomy.Resect the lymphatic tissue around the mesenteric artery and veinDissection and staple of the mesocolon while separating it from the retroperitoneum,1.497289187426312e-07,1.4420317013921804e-07,1.4420317013921804e-05,2,1,rob_surgical_bitrack,rob_surgical_bitrack:00,0.9630949809174046,YAML group mix ratios normalized globally; language proportions estimated from mapped current-public rows within each represented group
left tool: mono_hook. right tool: bi_maryland_forceps. aux tool: bi_maryland_forceps. The surgery process is a hemicolectomy.Dissection and staple of the mesocolon while separating it from the retroperitoneumPreparing the colon part for anastomosis,1.497289187426312e-07,1.4420317013921804e-07,1.4420317013921804e-05,2,1,rob_surgical_bitrack,rob_surgical_bitrack:00,0.9630949809174046,YAML group mix ratios normalized globally; language proportions estimated from mapped current-public rows within each represented group
left tool: mono_hook. right tool: bi_maryland_forceps. aux tool: bi_maryland_forceps. The surgery process is a hemicolectomy.Preparing the colon part for anastomosisCreate the first penetrating hole inside the colon for anastomosis,1.497289187426312e-07,1.4420317013921804e-07,1.4420317013921804e-05,2,1,rob_surgical_bitrack,rob_surgical_bitrack:00,0.9630949809174046,YAML group mix ratios normalized globally; language proportions estimated from mapped current-public rows within each represented group
left tool: mono_hook. right tool: bi_maryland_forceps. aux tool: bi_maryland_forceps. The surgery process is a hemicolectomy.Create the first penetrating hole inside the colon for anastomosisCreate the second penetrating hole inside the colon for anastomosis,1.497289187426312e-07,1.4420317013921804e-07,1.4420317013921804e-05,2,1,rob_surgical_bitrack,rob_surgical_bitrack:00,0.9630949809174046,YAML group mix ratios normalized globally; language proportions estimated from mapped current-public rows within each represented group
left tool: mono_hook. right tool: bi_maryland_forceps. aux tool: bi_maryland_forceps. The surgery process is a hemicolectomy.Create the second penetrating hole inside the colon for anastomosisLateral to lateral approximation,1.497289187426312e-07,1.4420317013921804e-07,1.4420317013921804e-05,2,1,rob_surgical_bitrack,rob_surgical_bitrack:00,0.9630949809174046,YAML group mix ratios normalized globally; language proportions estimated from mapped current-public rows within each represented group
arm left: 2. left instrument: Tool #13 (Pink). arm right: -1. right instrument: Tool #3 (None). do a prostatectomy,1.4336287079820485e-07,1.3807206131566144e-07,1.3807206131566145e-05,76,1,cmr_versius,cmr_versius:03,0.9630949809174046,YAML group mix ratios normalized globally; language proportions estimated from mapped current-public rows within each represented group
arm left: 3. left instrument: Tool #2 (Blue). arm right: 1. right instrument: Tool #2 (Orange). do a hysterectomy,1.244993351668621e-07,1.1990468482675864e-07,1.1990468482675864e-05,66,1,cmr_versius,cmr_versius:01,0.9630949809174046,YAML group mix ratios normalized globally; language proportions estimated from mapped current-public rows within each represented group
arm left: 2. left instrument: Tool #0 (Pink). arm right: 1. right instrument: Tool #2 (Green). do a prostatectomy,1.2261298160372781e-07,1.1808794717786833e-07,1.1808794717786832e-05,65,1,cmr_versius,cmr_versius:03,0.9630949809174046,YAML group mix ratios normalized globally; language proportions estimated from mapped current-public rows within each represented group
arm left: -1. left instrument: Tool #3 (None). arm right: 1. right instrument: Tool #8 (Orange). do a cholecystectomy,1.2072662804059354e-07,1.1627120952897804e-07,1.1627120952897804e-05,64,1,cmr_versius,cmr_versius:00,0.9630949809174046,YAML group mix ratios normalized globally; language proportions estimated from mapped current-public rows within each represented group
arm left: -1. left instrument: Tool #3 (None). arm right: 2. right instrument: Tool #8 (Cyan). do an inguinal hernia repair,1.1318121378805646e-07,1.0900425893341692e-07,1.0900425893341692e-05,60,1,cmr_versius,cmr_versius:02,0.9630949809174046,YAML group mix ratios normalized globally; language proportions estimated from mapped current-public rows within each represented group
arm left: 2. left instrument: Tool #18 (Blue). arm right: 0. right instrument: Tool #14 (White). do a prostatectomy,1.0752215309865362e-07,1.0355404598674608e-07,1.0355404598674608e-05,57,1,cmr_versius,cmr_versius:03,0.9630949809174046,YAML group mix ratios normalized globally; language proportions estimated from mapped current-public rows within each represented group
arm left: 1. left instrument: Tool #10 (Purple). arm right: -1. right instrument: Tool #3 (None). do a hysterectomy,1.0374944597238507e-07,9.992057068896551e-08,9.992057068896551e-06,55,1,cmr_versius,cmr_versius:01,0.9630949809174046,YAML group mix ratios normalized globally; language proportions estimated from mapped current-public rows within each represented group
arm left: 1. left instrument: Tool #18 (Pink). arm right: 0. right instrument: Tool #14 (White). do a prostatectomy,9.809038528298227e-08,9.447035774229467e-08,9.447035774229468e-06,52,1,cmr_versius,cmr_versius:03,0.9630949809174046,YAML group mix ratios normalized globally; language proportions estimated from mapped current-public rows within each represented group
arm left: 2. left instrument: Tool #8 (Green). arm right: 0. right instrument: Tool #17 (White). do a cholecystectomy,9.43176781567137e-08,9.083688244451409e-08,9.08368824445141e-06,50,1,cmr_versius,cmr_versius:00,0.9630949809174046,YAML group mix ratios normalized globally; language proportions estimated from mapped current-public rows within each represented group
arm left: -1. left instrument: Tool #3 (None). arm right: 1. right instrument: Tool #0 (Cyan). do an inguinal hernia repair,7.922684965163951e-08,7.630298125339184e-08,7.630298125339184e-06,42,1,cmr_versius,cmr_versius:02,0.9630949809174046,YAML group mix ratios normalized globally; language proportions estimated from mapped current-public rows within each represented group
arm left: 1. left instrument: Tool #9 (Pink). arm right: -1. right instrument: Tool #3 (None). do an inguinal hernia repair,7.922684965163951e-08,7.630298125339184e-08,7.630298125339184e-06,42,1,cmr_versius,cmr_versius:02,0.9630949809174046,YAML group mix ratios normalized globally; language proportions estimated from mapped current-public rows within each represented group
left tool: none. right tool: none. aux tool: none. The surgery process is a hysterectomy.Urinary bladder mobilizationIdentification of uterus and ovaries,7.48644593713156e-08,7.210158506960902e-08,7.210158506960902e-06,1,1,rob_surgical_bitrack,rob_surgical_bitrack:00,0.9630949809174046,YAML group mix ratios normalized globally; language proportions estimated from mapped current-public rows within each represented group
left tool: none. right tool: none. aux tool: mono_round_scissors. The surgery process is a hysterectomy.Identification of uterus and ovariesCoagulation and dissection of the ovarian vessels,7.48644593713156e-08,7.210158506960902e-08,7.210158506960902e-06,1,1,rob_surgical_bitrack,rob_surgical_bitrack:00,0.9630949809174046,YAML group mix ratios normalized globally; language proportions estimated from mapped current-public rows within each represented group
left tool: bi_maryland_forceps. right tool: bi_maryland_forceps. aux tool: mono_round_scissors. The surgery process is a hysterectomy.Coagulation and dissection of the ovarian vesselsError: Surgeon cut an artery/vessel,7.48644593713156e-08,7.210158506960902e-08,7.210158506960902e-06,1,1,rob_surgical_bitrack,rob_surgical_bitrack:00,0.9630949809174046,YAML group mix ratios normalized globally; language proportions estimated from mapped current-public rows within each represented group
left tool: bi_maryland_forceps. right tool: bi_maryland_forceps. aux tool: mono_round_scissors. The surgery process is a hysterectomy.Error: Surgeon cut an artery/vesselDissection of the broad ligament,7.48644593713156e-08,7.210158506960902e-08,7.210158506960902e-06,1,1,rob_surgical_bitrack,rob_surgical_bitrack:00,0.9630949809174046,YAML group mix ratios normalized globally; language proportions estimated from mapped current-public rows within each represented group
left tool: bi_maryland_forceps. right tool: bi_maryland_forceps. aux tool: mono_round_scissors. The surgery process is a hysterectomy.Dissection of the broad ligamentPelvic lymphadenectomy,7.48644593713156e-08,7.210158506960902e-08,7.210158506960902e-06,1,1,rob_surgical_bitrack,rob_surgical_bitrack:00,0.9630949809174046,YAML group mix ratios normalized globally; language proportions estimated from mapped current-public rows within each represented group
left tool: bi_maryland_forceps. right tool: bi_maryland_forceps. aux tool: mono_round_scissors. The surgery process is a hysterectomy.Pelvic lymphadenectomyCoagulation of the utterine vessels,7.48644593713156e-08,7.210158506960902e-08,7.210158506960902e-06,1,1,rob_surgical_bitrack,rob_surgical_bitrack:00,0.9630949809174046,YAML group mix ratios normalized globally; language proportions estimated from mapped current-public rows within each represented group
left tool: bi_maryland_forceps. right tool: bi_maryland_forceps. aux tool: mono_round_scissors. The surgery process is a hysterectomy.Coagulation of the utterine vesselsPelvic lymphadenectomy,7.48644593713156e-08,7.210158506960902e-08,7.210158506960902e-06,1,1,rob_surgical_bitrack,rob_surgical_bitrack:00,0.9630949809174046,YAML group mix ratios normalized globally; language proportions estimated from mapped current-public rows within each represented group
left tool: bi_maryland_forceps. right tool: bi_maryland_forceps. aux tool: mono_round_scissors. The surgery process is a hysterectomy.Pelvic lymphadenectomyDissection of the vesicouterine fold,7.48644593713156e-08,7.210158506960902e-08,7.210158506960902e-06,1,1,rob_surgical_bitrack,rob_surgical_bitrack:00,0.9630949809174046,YAML group mix ratios normalized globally; language proportions estimated from mapped current-public rows within each represented group
left tool: bi_maryland_forceps. right tool: bi_maryland_forceps. aux tool: mono_round_scissors. The surgery process is a hysterectomy.Dissection of the vesicouterine foldUterus neck dissection,7.48644593713156e-08,7.210158506960902e-08,7.210158506960902e-06,1,1,rob_surgical_bitrack,rob_surgical_bitrack:00,0.9630949809174046,YAML group mix ratios normalized globally; language proportions estimated from mapped current-public rows within each represented group
left tool: mono_hook. right tool: bi_maryland_forceps. aux tool: bi_maryland_forceps. The surgery process is a hemicolectomy InVivo 2.Identify the inferior mesenteric artery and veinArtery coagulation,7.48644593713156e-08,7.210158506960902e-08,7.210158506960902e-06,1,1,rob_surgical_bitrack,rob_surgical_bitrack:00,0.9630949809174046,YAML group mix ratios normalized globally; language proportions estimated from mapped current-public rows within each represented group
left tool: mono_hook. right tool: bi_maryland_forceps. aux tool: bi_maryland_forceps. The surgery process is a hemicolectomy InVivo 2.Artery coagulationResect the lymphatic tissue around the mesenteric artery and vein,7.48644593713156e-08,7.210158506960902e-08,7.210158506960902e-06,1,1,rob_surgical_bitrack,rob_surgical_bitrack:00,0.9630949809174046,YAML group mix ratios normalized globally; language proportions estimated from mapped current-public rows within each represented group
left tool: mono_hook. right tool: bi_maryland_forceps. aux tool: bi_maryland_forceps. The surgery process is a hemicolectomy InVivo 2.Resect the lymphatic tissue around the mesenteric artery and veinDissection and staple of the mesocolon while separating it from the retroperitoneum,7.48644593713156e-08,7.210158506960902e-08,7.210158506960902e-06,1,1,rob_surgical_bitrack,rob_surgical_bitrack:00,0.9630949809174046,YAML group mix ratios normalized globally; language proportions estimated from mapped current-public rows within each represented group
left tool: mono_hook. right tool: bi_maryland_forceps. aux tool: bi_maryland_forceps. The surgery process is a hemicolectomy InVivo 2.Dissection and staple of the mesocolon while separating it from the retroperitoneumPreparing the colon part for anastomosis,7.48644593713156e-08,7.210158506960902e-08,7.210158506960902e-06,1,1,rob_surgical_bitrack,rob_surgical_bitrack:00,0.9630949809174046,YAML group mix ratios normalized globally; language proportions estimated from mapped current-public rows within each represented group
left tool: mono_hook. right tool: bi_maryland_forceps. aux tool: bi_maryland_forceps. The surgery process is a hemicolectomy InVivo 2.Preparing the colon part for anastomosisCreate the first penetrating hole inside the colon for anastomosis,7.48644593713156e-08,7.210158506960902e-08,7.210158506960902e-06,1,1,rob_surgical_bitrack,rob_surgical_bitrack:00,0.9630949809174046,YAML group mix ratios normalized globally; language proportions estimated from mapped current-public rows within each represented group
left tool: mono_hook. right tool: bi_maryland_forceps. aux tool: bi_maryland_forceps. The surgery process is a hemicolectomy InVivo 2.Create the first penetrating hole inside the colon for anastomosisCreate the second penetrating hole inside the colon for anastomosis,7.48644593713156e-08,7.210158506960902e-08,7.210158506960902e-06,1,1,rob_surgical_bitrack,rob_surgical_bitrack:00,0.9630949809174046,YAML group mix ratios normalized globally; language proportions estimated from mapped current-public rows within each represented group
left tool: mono_hook. right tool: bi_maryland_forceps. aux tool: bi_maryland_forceps. The surgery process is a hemicolectomy InVivo 2.Create the second penetrating hole inside the colon for anastomosisLateral to lateral approximation,7.48644593713156e-08,7.210158506960902e-08,7.210158506960902e-06,1,1,rob_surgical_bitrack,rob_surgical_bitrack:00,0.9630949809174046,YAML group mix ratios normalized globally; language proportions estimated from mapped current-public rows within each represented group
left tool: mono_hook. right tool: bi_maryland_forceps. aux tool: bi_maryland_forceps. The surgery process is a hemicolectomy InVivo 2.Lateral to lateral approximationSuturing,7.48644593713156e-08,7.210158506960902e-08,7.210158506960902e-06,1,1,rob_surgical_bitrack,rob_surgical_bitrack:00,0.9630949809174046,YAML group mix ratios normalized globally; language proportions estimated from mapped current-public rows within each represented group
left tool: mono_hook. right tool: bi_maryland_forceps. aux tool: bi_maryland_forceps. The surgery process is a hemicolectomy 2025-10-10_01.Identify the inferior mesenteric artery and veinArtery coagulation,7.48644593713156e-08,7.210158506960902e-08,7.210158506960902e-06,1,1,rob_surgical_bitrack,rob_surgical_bitrack:00,0.9630949809174046,YAML group mix ratios normalized globally; language proportions estimated from mapped current-public rows within each represented group
left tool: mono_hook. right tool: bi_maryland_forceps. aux tool: bi_maryland_forceps. The surgery process is a hemicolectomy 2025-10-10_01.Artery coagulationResect the lymphatic tissue around the mesenteric artery and vein,7.48644593713156e-08,7.210158506960902e-08,7.210158506960902e-06,1,1,rob_surgical_bitrack,rob_surgical_bitrack:00,0.9630949809174046,YAML group mix ratios normalized globally; language proportions estimated from mapped current-public rows within each represented group
left tool: mono_hook. right tool: bi_maryland_forceps. aux tool: bi_maryland_forceps. The surgery process is a hemicolectomy 2025-10-10_01.Resect the lymphatic tissue around the mesenteric artery and veinDissection and staple of the mesocolon while separating it from the retroperitoneum,7.48644593713156e-08,7.210158506960902e-08,7.210158506960902e-06,1,1,rob_surgical_bitrack,rob_surgical_bitrack:00,0.9630949809174046,YAML group mix ratios normalized globally; language proportions estimated from mapped current-public rows within each represented group
left tool: mono_hook. right tool: bi_maryland_forceps. aux tool: bi_maryland_forceps. The surgery process is a hemicolectomy 2025-10-10_01.Dissection and staple of the mesocolon while separating it from the retroperitoneumPreparing the colon part for anastomosis,7.48644593713156e-08,7.210158506960902e-08,7.210158506960902e-06,1,1,rob_surgical_bitrack,rob_surgical_bitrack:00,0.9630949809174046,YAML group mix ratios normalized globally; language proportions estimated from mapped current-public rows within each represented group
left tool: mono_hook. right tool: none. aux tool: bi_maryland_forceps. The surgery process is a hemicolectomy 2025-10-10_01.Preparing the colon part for anastomosisCreate the first penetrating hole inside the colon for anastomosis,7.48644593713156e-08,7.210158506960902e-08,7.210158506960902e-06,1,1,rob_surgical_bitrack,rob_surgical_bitrack:00,0.9630949809174046,YAML group mix ratios normalized globally; language proportions estimated from mapped current-public rows within each represented group
left tool: mono_hook. right tool: bi_maryland_forceps. aux tool: bi_maryland_forceps. The surgery process is a hemicolectomy 2025-10-10_01.Create the first penetrating hole inside the colon for anastomosisCreate the second penetrating hole inside the colon for anastomosis,7.48644593713156e-08,7.210158506960902e-08,7.210158506960902e-06,1,1,rob_surgical_bitrack,rob_surgical_bitrack:00,0.9630949809174046,YAML group mix ratios normalized globally; language proportions estimated from mapped current-public rows within each represented group
left tool: mono_hook. right tool: bi_maryland_forceps. aux tool: bi_maryland_forceps. The surgery process is a hemicolectomy 2025-10-10_01.Create the second penetrating hole inside the colon for anastomosisLateral to lateral approximation,7.48644593713156e-08,7.210158506960902e-08,7.210158506960902e-06,1,1,rob_surgical_bitrack,rob_surgical_bitrack:00,0.9630949809174046,YAML group mix ratios normalized globally; language proportions estimated from mapped current-public rows within each represented group
left tool: mono_hook. right tool: bi_maryland_forceps. aux tool: bi_maryland_forceps. The surgery process is a hemicolectomy 2025-10-10_01.Lateral to lateral approximationSuturing,7.48644593713156e-08,7.210158506960902e-08,7.210158506960902e-06,1,1,rob_surgical_bitrack,rob_surgical_bitrack:00,0.9630949809174046,YAML group mix ratios normalized globally; language proportions estimated from mapped current-public rows within each represented group
arm left: -1. left instrument: Tool #3 (None). arm right: 1. right instrument: Tool #0 (Blue). do an inguinal hernia repair,6.036331402029677e-08,5.813560476448902e-08,5.813560476448902e-06,32,1,cmr_versius,cmr_versius:02,0.9630949809174046,YAML group mix ratios normalized globally; language proportions estimated from mapped current-public rows within each represented group
arm left: 2. left instrument: Tool #2 (Blue). arm right: 1. right instrument: Tool #9 (Orange). do a prostatectomy,5.09315462046254e-08,4.905191652003761e-08,4.9051916520037615e-06,27,1,cmr_versius,cmr_versius:03,0.9630949809174046,YAML group mix ratios normalized globally; language proportions estimated from mapped current-public rows within each represented group
arm left: 1. left instrument: Tool #12 (None). arm right: 3. right instrument: Tool #9 (None). do a hysterectomy,3.772707126268548e-09,3.6334752977805643e-09,3.633475297780564e-07,2,1,cmr_versius,cmr_versius:01,0.9630949809174046,YAML group mix ratios normalized globally; language proportions estimated from mapped current-public rows within each represented group
arm left: 3. left instrument: Tool #12 (None). arm right: 1. right instrument: Tool #9 (None). do a hysterectomy,1.886353563134274e-09,1.8167376488902821e-09,1.816737648890282e-07,1,1,cmr_versius,cmr_versius:01,0.9630949809174046,YAML group mix ratios normalized globally; language proportions estimated from mapped current-public rows within each represented group
arm left: 2. left instrument: Tool #13 (Green). arm right: -1. right instrument: Tool #3 (None). do an inguinal hernia repair,1.886353563134274e-09,1.816737648890282e-09,1.8167376488902819e-07,1,1,cmr_versius,cmr_versius:02,0.9630949809174046,YAML group mix ratios normalized globally; language proportions estimated from mapped current-public rows within each represented group
arm left: 1. left instrument: Tool #18 (None). arm right: 2. right instrument: Tool #9 (None). do a prostatectomy,1.886353563134274e-09,1.8167376488902821e-09,1.816737648890282e-07,1,1,cmr_versius,cmr_versius:03,0.9630949809174046,YAML group mix ratios normalized globally; language proportions estimated from mapped current-public rows within each represented group
