language,num_training_entries_containing_string,entry_ids
Approach the colon grasped by the surgeon  and open your gripper to receive and take over the hold.,1,tud_tundra_ur5e:00
Approach the gallbladder grasped by the surgeon  and open your gripper to receive and take over the hold.,1,tud_tundra_ur5e:00
Approach the omentum grasped by the surgeon  and open your gripper to receive and take over the hold.,1,tud_tundra_ur5e:00
Approach the small intestine grasped by the surgeon  and open your gripper to receive and take over the hold.,1,tud_tundra_ur5e:00
Approach the stomach grasped by the surgeon  and open your gripper to receive and take over the hold.,1,tud_tundra_ur5e:00
Close down on the colon for hold. Keep position awaiting surgeon's counterpart grasp.,1,tud_tundra_ur5e:00
Close down on the gallbladder for hold. Keep position awaiting surgeon's counterpart grasp.,1,tud_tundra_ur5e:00
Close down on the omentum for hold. Keep position awaiting surgeon's counterpart grasp.,1,tud_tundra_ur5e:00
Close down on the small intestine for hold. Keep position awaiting surgeon's counterpart grasp.,1,tud_tundra_ur5e:00
Close down on the stomach for hold. Keep position awaiting surgeon's counterpart grasp.,1,tud_tundra_ur5e:00
Correct the previous movement or position of the grasper.,1,tud_tundra_ur5e:00
Dissection,1,obuda_dvrk:07
DoubleKnot,1,obuda_dvrk:10
Drive needle from right edge through both layers to left side.,1,hamlyn_dvrk_30hz:02
Extract the needle from the plastic phantom,3,turin_mitic_ex_vivo:01 | turin_mitic_ex_vivo:02 | turin_mitic_ex_vivo:03
Extract the needle from the tissue,1,turin_mitic_ex_vivo:00
Finish the knot tying on ex vivo tissue,1,turin_mitic_ex_vivo:00
Finish the knot tying on the plastic phantom,2,turin_mitic_ex_vivo:02 | turin_mitic_ex_vivo:03
Grasp the needle from the plastic phantom,1,turin_mitic_ex_vivo:01
Insert the needle into the plastic phantom,3,turin_mitic_ex_vivo:01 | turin_mitic_ex_vivo:02 | turin_mitic_ex_vivo:03
Insert the needle into the tissue,1,turin_mitic_ex_vivo:00
Knot tying,1,obuda_dvrk:00
Lift the intact tissue block using the left instrument (center grasp).,1,hamlyn_dvrk_30hz:05
Lift the intact tissue block using the left instrument (left-side grasp).,1,hamlyn_dvrk_30hz:05
Lift the intact tissue block using the right instrument (center grasp).,1,hamlyn_dvrk_30hz:05
Lift the intact tissue block using the right instrument (left-side grasp).,1,hamlyn_dvrk_30hz:05
Lift the intact tissue block using the right instrument (right-side grasp).,1,hamlyn_dvrk_30hz:05
Lift the plastic phantom to expose the workspace,3,turin_mitic_ex_vivo:01 | turin_mitic_ex_vivo:02 | turin_mitic_ex_vivo:03
Lift the tissue flap to expose the workspace,1,turin_mitic_ex_vivo:00
"Make first right-to-left suture, shift needle holder, create second parallel suture.",1,hamlyn_dvrk_30hz:00
Move the black triangular peg to right.,1,hamlyn_dvrk_30hz:01
Move the green cylinder peg to right.,1,hamlyn_dvrk_30hz:01
Move the orange cylinder peg to right.,1,hamlyn_dvrk_30hz:01
Move the orange triangular peg to right.,1,hamlyn_dvrk_30hz:01
Move the white triangular peg to right.,1,hamlyn_dvrk_30hz:01
Needle Transfer,1,stanford_dvrk_real:00
NeedleInsertion,1,obuda_dvrk:10
NeedleThreading,2,obuda_dvrk:01 | obuda_dvrk:05
Peg Transfer,2,obuda_dvrk:02 | stanford_dvrk_real:02
PegTransfer,1,obuda_dvrk:06
Perform base knot tying on ex vivo tissue,1,turin_mitic_ex_vivo:00
Perform base knot tying on the plastic phantom,2,turin_mitic_ex_vivo:02 | turin_mitic_ex_vivo:03
Position the needle for suturing,4,turin_mitic_ex_vivo:00 | turin_mitic_ex_vivo:01 | turin_mitic_ex_vivo:02 | turin_mitic_ex_vivo:03
"Pull back on colon post-surgeon's end grasp, continuing till fully straight in camera.",1,tud_tundra_ur5e:00
"Pull back on gallbladder post-surgeon's end grasp, continuing till fully straight in camera.",1,tud_tundra_ur5e:00
"Pull back on omentum post-surgeon's end grasp, continuing till fully straight in camera.",1,tud_tundra_ur5e:00
"Pull back on small intestine post-surgeon's end grasp, continuing till fully straight in camera.",1,tud_tundra_ur5e:00
"Pull back on stomach post-surgeon's end grasp, continuing till fully straight in camera.",1,tud_tundra_ur5e:00
Re-orient and grasp the intact tissue block at the center using the right instrument.,1,hamlyn_dvrk_30hz:05
Re-orient and grasp the intact tissue block at the right region using the right instrument.,1,hamlyn_dvrk_30hz:05
Remain positioned until the surgeon picks up the colon and positions it for your robotic grasp.,1,tud_tundra_ur5e:00
Remain positioned until the surgeon picks up the gallbladder and positions it for your robotic grasp.,1,tud_tundra_ur5e:00
Remain positioned until the surgeon picks up the omentum and positions it for your robotic grasp.,1,tud_tundra_ur5e:00
Remain positioned until the surgeon picks up the small intestine and positions it for your robotic grasp.,1,tud_tundra_ur5e:00
Remain positioned until the surgeon picks up the stomach and positions it for your robotic grasp.,1,tud_tundra_ur5e:00
Retract the partially dissected tissue flap from the left side using the right instrument.,1,hamlyn_dvrk_30hz:05
Retract the partially dissected tissue flap from the right side using the right instrument.,1,hamlyn_dvrk_30hz:05
Retract the partially dissected tissue flap using the left instrument (center grasp).,1,hamlyn_dvrk_30hz:05
Retract the partially dissected tissue flap using the left instrument (left-side grasp).,1,hamlyn_dvrk_30hz:05
Retract the partially dissected tissue flap using the left instrument (right-side grasp).,1,hamlyn_dvrk_30hz:05
Retract the partially dissected tissue flap using the right instrument (center grasp).,1,hamlyn_dvrk_30hz:05
Retract the partially dissected tissue flap using the right instrument (left-side grasp).,1,hamlyn_dvrk_30hz:05
Retract the partially dissected tissue flap using the right instrument (right-side grasp).,1,hamlyn_dvrk_30hz:05
Retraction,1,ucsd_dvrk:01
Rollercoaster,1,obuda_dvrk:03
Seaspike,3,obuda_dvrk:04 | obuda_dvrk:08 | obuda_dvrk:09
SingleKnot,1,obuda_dvrk:10
Stay stationary with secure grip,1,tud_tundra_ur5e:00
Stop the grasper movement and stay,1,tud_tundra_ur5e:00
SuturePulling,1,obuda_dvrk:10
Suturing,1,obuda_dvrk:00
Tie a surgical knot in the suture.,1,hamlyn_dvrk_30hz:04
Tissue Retraction,1,stanford_dvrk_real:01
Transfer the needle from left to right arms,1,turin_mitic_ex_vivo:01
Transfer the needle from right to left arms,1,turin_mitic_ex_vivo:01
"Use the left-hand to grasp the needle from the table, then transfer the needle to the right hand.",1,hamlyn_dvrk_30hz:03
Using the right hand instrument to grasp the needle from the table.,1,hamlyn_dvrk_30hz:03
Wound Closure,1,jhu_imerse_dvrk:09
arm left: -1. left instrument: Tool #3 (None). arm right: -1. right instrument: Tool #3 (None). do a cholecystectomy,1,cmr_versius:00
arm left: -1. left instrument: Tool #3 (None). arm right: -1. right instrument: Tool #3 (None). do a hysterectomy,1,cmr_versius:01
arm left: -1. left instrument: Tool #3 (None). arm right: -1. right instrument: Tool #3 (None). do a prostatectomy,1,cmr_versius:03
arm left: -1. left instrument: Tool #3 (None). arm right: -1. right instrument: Tool #3 (None). do an inguinal hernia repair,1,cmr_versius:02
arm left: -1. left instrument: Tool #3 (None). arm right: 0. right instrument: Tool #14 (White). do a cholecystectomy,1,cmr_versius:00
arm left: -1. left instrument: Tool #3 (None). arm right: 0. right instrument: Tool #14 (White). do a hysterectomy,1,cmr_versius:01
arm left: -1. left instrument: Tool #3 (None). arm right: 0. right instrument: Tool #14 (White). do a prostatectomy,1,cmr_versius:03
arm left: -1. left instrument: Tool #3 (None). arm right: 0. right instrument: Tool #14 (White). do an inguinal hernia repair,1,cmr_versius:02
arm left: -1. left instrument: Tool #3 (None). arm right: 0. right instrument: Tool #17 (White). do a cholecystectomy,1,cmr_versius:00
arm left: -1. left instrument: Tool #3 (None). arm right: 0. right instrument: Tool #17 (White). do a hysterectomy,1,cmr_versius:01
arm left: -1. left instrument: Tool #3 (None). arm right: 0. right instrument: Tool #17 (White). do an inguinal hernia repair,1,cmr_versius:02
arm left: -1. left instrument: Tool #3 (None). arm right: 1. right instrument: Tool #0 (Blue). do a hysterectomy,1,cmr_versius:01
arm left: -1. left instrument: Tool #3 (None). arm right: 1. right instrument: Tool #0 (Blue). do a prostatectomy,1,cmr_versius:03
arm left: -1. left instrument: Tool #3 (None). arm right: 1. right instrument: Tool #0 (Blue). do an inguinal hernia repair,1,cmr_versius:02
arm left: -1. left instrument: Tool #3 (None). arm right: 1. right instrument: Tool #0 (Cyan). do a hysterectomy,1,cmr_versius:01
arm left: -1. left instrument: Tool #3 (None). arm right: 1. right instrument: Tool #0 (Cyan). do an inguinal hernia repair,1,cmr_versius:02
arm left: -1. left instrument: Tool #3 (None). arm right: 1. right instrument: Tool #0 (Green). do a cholecystectomy,1,cmr_versius:00
arm left: -1. left instrument: Tool #3 (None). arm right: 1. right instrument: Tool #0 (Green). do a prostatectomy,1,cmr_versius:03
arm left: -1. left instrument: Tool #3 (None). arm right: 1. right instrument: Tool #0 (Orange). do a hysterectomy,1,cmr_versius:01
arm left: -1. left instrument: Tool #3 (None). arm right: 1. right instrument: Tool #0 (Orange). do a prostatectomy,1,cmr_versius:03
arm left: -1. left instrument: Tool #3 (None). arm right: 1. right instrument: Tool #0 (Orange). do an inguinal hernia repair,1,cmr_versius:02
arm left: -1. left instrument: Tool #3 (None). arm right: 1. right instrument: Tool #0 (Pink). do a hysterectomy,1,cmr_versius:01
arm left: -1. left instrument: Tool #3 (None). arm right: 1. right instrument: Tool #0 (Pink). do a prostatectomy,1,cmr_versius:03
arm left: -1. left instrument: Tool #3 (None). arm right: 1. right instrument: Tool #0 (Purple). do a cholecystectomy,1,cmr_versius:00
arm left: -1. left instrument: Tool #3 (None). arm right: 1. right instrument: Tool #10 (Blue). do a hysterectomy,1,cmr_versius:01
arm left: -1. left instrument: Tool #3 (None). arm right: 1. right instrument: Tool #10 (Pink). do a hysterectomy,1,cmr_versius:01
arm left: -1. left instrument: Tool #3 (None). arm right: 1. right instrument: Tool #12 (Green). do a hysterectomy,1,cmr_versius:01
arm left: -1. left instrument: Tool #3 (None). arm right: 1. right instrument: Tool #12 (Purple). do a hysterectomy,1,cmr_versius:01
arm left: -1. left instrument: Tool #3 (None). arm right: 1. right instrument: Tool #13 (Orange). do a cholecystectomy,1,cmr_versius:00
arm left: -1. left instrument: Tool #3 (None). arm right: 1. right instrument: Tool #13 (Orange). do a hysterectomy,1,cmr_versius:01
arm left: -1. left instrument: Tool #3 (None). arm right: 1. right instrument: Tool #13 (Purple). do an inguinal hernia repair,1,cmr_versius:02
arm left: -1. left instrument: Tool #3 (None). arm right: 1. right instrument: Tool #18 (Blue). do a hysterectomy,1,cmr_versius:01
arm left: -1. left instrument: Tool #3 (None). arm right: 1. right instrument: Tool #18 (Cyan). do an inguinal hernia repair,1,cmr_versius:02
arm left: -1. left instrument: Tool #3 (None). arm right: 1. right instrument: Tool #18 (Green). do an inguinal hernia repair,1,cmr_versius:02
arm left: -1. left instrument: Tool #3 (None). arm right: 1. right instrument: Tool #18 (Orange). do a cholecystectomy,1,cmr_versius:00
arm left: -1. left instrument: Tool #3 (None). arm right: 1. right instrument: Tool #18 (Orange). do an inguinal hernia repair,1,cmr_versius:02
arm left: -1. left instrument: Tool #3 (None). arm right: 1. right instrument: Tool #18 (Purple). do a hysterectomy,1,cmr_versius:01
arm left: -1. left instrument: Tool #3 (None). arm right: 1. right instrument: Tool #2 (Blue). do a hysterectomy,1,cmr_versius:01
arm left: -1. left instrument: Tool #3 (None). arm right: 1. right instrument: Tool #2 (Blue). do a prostatectomy,1,cmr_versius:03
arm left: -1. left instrument: Tool #3 (None). arm right: 1. right instrument: Tool #2 (Blue). do an inguinal hernia repair,1,cmr_versius:02
arm left: -1. left instrument: Tool #3 (None). arm right: 1. right instrument: Tool #2 (Cyan). do a hysterectomy,1,cmr_versius:01
arm left: -1. left instrument: Tool #3 (None). arm right: 1. right instrument: Tool #2 (Cyan). do a prostatectomy,1,cmr_versius:03
arm left: -1. left instrument: Tool #3 (None). arm right: 1. right instrument: Tool #2 (Cyan). do an inguinal hernia repair,1,cmr_versius:02
arm left: -1. left instrument: Tool #3 (None). arm right: 1. right instrument: Tool #2 (Green). do a hysterectomy,1,cmr_versius:01
arm left: -1. left instrument: Tool #3 (None). arm right: 1. right instrument: Tool #2 (Green). do a prostatectomy,1,cmr_versius:03
arm left: -1. left instrument: Tool #3 (None). arm right: 1. right instrument: Tool #2 (Green). do an inguinal hernia repair,1,cmr_versius:02
arm left: -1. left instrument: Tool #3 (None). arm right: 1. right instrument: Tool #2 (Orange). do a hysterectomy,1,cmr_versius:01
arm left: -1. left instrument: Tool #3 (None). arm right: 1. right instrument: Tool #2 (Orange). do a prostatectomy,1,cmr_versius:03
arm left: -1. left instrument: Tool #3 (None). arm right: 1. right instrument: Tool #2 (Orange). do an inguinal hernia repair,1,cmr_versius:02
arm left: -1. left instrument: Tool #3 (None). arm right: 1. right instrument: Tool #2 (Pink). do a hysterectomy,1,cmr_versius:01
arm left: -1. left instrument: Tool #3 (None). arm right: 1. right instrument: Tool #2 (Pink). do a prostatectomy,1,cmr_versius:03
arm left: -1. left instrument: Tool #3 (None). arm right: 1. right instrument: Tool #2 (Pink). do an inguinal hernia repair,1,cmr_versius:02
arm left: -1. left instrument: Tool #3 (None). arm right: 1. right instrument: Tool #2 (Purple). do a hysterectomy,1,cmr_versius:01
arm left: -1. left instrument: Tool #3 (None). arm right: 1. right instrument: Tool #2 (Purple). do an inguinal hernia repair,1,cmr_versius:02
arm left: -1. left instrument: Tool #3 (None). arm right: 1. right instrument: Tool #8 (Blue). do a cholecystectomy,1,cmr_versius:00
arm left: -1. left instrument: Tool #3 (None). arm right: 1. right instrument: Tool #8 (Blue). do a hysterectomy,1,cmr_versius:01
arm left: -1. left instrument: Tool #3 (None). arm right: 1. right instrument: Tool #8 (Blue). do an inguinal hernia repair,1,cmr_versius:02
arm left: -1. left instrument: Tool #3 (None). arm right: 1. right instrument: Tool #8 (Cyan). do an inguinal hernia repair,1,cmr_versius:02
arm left: -1. left instrument: Tool #3 (None). arm right: 1. right instrument: Tool #8 (Green). do a cholecystectomy,1,cmr_versius:00
arm left: -1. left instrument: Tool #3 (None). arm right: 1. right instrument: Tool #8 (Orange). do a cholecystectomy,1,cmr_versius:00
arm left: -1. left instrument: Tool #3 (None). arm right: 1. right instrument: Tool #8 (Orange). do an inguinal hernia repair,1,cmr_versius:02
arm left: -1. left instrument: Tool #3 (None). arm right: 1. right instrument: Tool #8 (Pink). do a cholecystectomy,1,cmr_versius:00
arm left: -1. left instrument: Tool #3 (None). arm right: 1. right instrument: Tool #8 (Pink). do a hysterectomy,1,cmr_versius:01
arm left: -1. left instrument: Tool #3 (None). arm right: 1. right instrument: Tool #9 (Blue). do a cholecystectomy,1,cmr_versius:00
arm left: -1. left instrument: Tool #3 (None). arm right: 1. right instrument: Tool #9 (Blue). do a hysterectomy,1,cmr_versius:01
arm left: -1. left instrument: Tool #3 (None). arm right: 1. right instrument: Tool #9 (Blue). do a prostatectomy,1,cmr_versius:03
arm left: -1. left instrument: Tool #3 (None). arm right: 1. right instrument: Tool #9 (Blue). do an inguinal hernia repair,1,cmr_versius:02
arm left: -1. left instrument: Tool #3 (None). arm right: 1. right instrument: Tool #9 (Cyan). do a cholecystectomy,1,cmr_versius:00
arm left: -1. left instrument: Tool #3 (None). arm right: 1. right instrument: Tool #9 (Cyan). do a hysterectomy,1,cmr_versius:01
arm left: -1. left instrument: Tool #3 (None). arm right: 1. right instrument: Tool #9 (Cyan). do a prostatectomy,1,cmr_versius:03
arm left: -1. left instrument: Tool #3 (None). arm right: 1. right instrument: Tool #9 (Cyan). do an inguinal hernia repair,1,cmr_versius:02
arm left: -1. left instrument: Tool #3 (None). arm right: 1. right instrument: Tool #9 (Green). do a cholecystectomy,1,cmr_versius:00
arm left: -1. left instrument: Tool #3 (None). arm right: 1. right instrument: Tool #9 (Green). do a hysterectomy,1,cmr_versius:01
arm left: -1. left instrument: Tool #3 (None). arm right: 1. right instrument: Tool #9 (Green). do a prostatectomy,1,cmr_versius:03
arm left: -1. left instrument: Tool #3 (None). arm right: 1. right instrument: Tool #9 (Green). do an inguinal hernia repair,1,cmr_versius:02
arm left: -1. left instrument: Tool #3 (None). arm right: 1. right instrument: Tool #9 (Orange). do a cholecystectomy,1,cmr_versius:00
arm left: -1. left instrument: Tool #3 (None). arm right: 1. right instrument: Tool #9 (Orange). do a hysterectomy,1,cmr_versius:01
arm left: -1. left instrument: Tool #3 (None). arm right: 1. right instrument: Tool #9 (Orange). do a prostatectomy,1,cmr_versius:03
arm left: -1. left instrument: Tool #3 (None). arm right: 1. right instrument: Tool #9 (Orange). do an inguinal hernia repair,1,cmr_versius:02
arm left: -1. left instrument: Tool #3 (None). arm right: 1. right instrument: Tool #9 (Pink). do a hysterectomy,1,cmr_versius:01
arm left: -1. left instrument: Tool #3 (None). arm right: 1. right instrument: Tool #9 (Pink). do a prostatectomy,1,cmr_versius:03
arm left: -1. left instrument: Tool #3 (None). arm right: 1. right instrument: Tool #9 (Pink). do an inguinal hernia repair,1,cmr_versius:02
arm left: -1. left instrument: Tool #3 (None). arm right: 1. right instrument: Tool #9 (Purple). do a cholecystectomy,1,cmr_versius:00
arm left: -1. left instrument: Tool #3 (None). arm right: 1. right instrument: Tool #9 (Purple). do a hysterectomy,1,cmr_versius:01
arm left: -1. left instrument: Tool #3 (None). arm right: 1. right instrument: Tool #9 (Purple). do an inguinal hernia repair,1,cmr_versius:02
arm left: -1. left instrument: Tool #3 (None). arm right: 2. right instrument: Tool #0 (Blue). do a hysterectomy,1,cmr_versius:01
arm left: -1. left instrument: Tool #3 (None). arm right: 2. right instrument: Tool #0 (Blue). do a prostatectomy,1,cmr_versius:03
arm left: -1. left instrument: Tool #3 (None). arm right: 2. right instrument: Tool #0 (Cyan). do a hysterectomy,1,cmr_versius:01
arm left: -1. left instrument: Tool #3 (None). arm right: 2. right instrument: Tool #0 (Cyan). do an inguinal hernia repair,1,cmr_versius:02
arm left: -1. left instrument: Tool #3 (None). arm right: 2. right instrument: Tool #0 (Green). do a hysterectomy,1,cmr_versius:01
arm left: -1. left instrument: Tool #3 (None). arm right: 2. right instrument: Tool #0 (Green). do a prostatectomy,1,cmr_versius:03
arm left: -1. left instrument: Tool #3 (None). arm right: 2. right instrument: Tool #0 (Orange). do a hysterectomy,1,cmr_versius:01
arm left: -1. left instrument: Tool #3 (None). arm right: 2. right instrument: Tool #0 (Orange). do a prostatectomy,1,cmr_versius:03
arm left: -1. left instrument: Tool #3 (None). arm right: 2. right instrument: Tool #0 (Orange). do an inguinal hernia repair,1,cmr_versius:02
arm left: -1. left instrument: Tool #3 (None). arm right: 2. right instrument: Tool #0 (Pink). do a hysterectomy,1,cmr_versius:01
arm left: -1. left instrument: Tool #3 (None). arm right: 2. right instrument: Tool #0 (Purple). do a cholecystectomy,1,cmr_versius:00
arm left: -1. left instrument: Tool #3 (None). arm right: 2. right instrument: Tool #0 (Purple). do an inguinal hernia repair,1,cmr_versius:02
arm left: -1. left instrument: Tool #3 (None). arm right: 2. right instrument: Tool #10 (Blue). do a hysterectomy,1,cmr_versius:01
arm left: -1. left instrument: Tool #3 (None). arm right: 2. right instrument: Tool #10 (Cyan). do a hysterectomy,1,cmr_versius:01
arm left: -1. left instrument: Tool #3 (None). arm right: 2. right instrument: Tool #10 (Purple). do a hysterectomy,1,cmr_versius:01
arm left: -1. left instrument: Tool #3 (None). arm right: 2. right instrument: Tool #12 (Blue). do a hysterectomy,1,cmr_versius:01
arm left: -1. left instrument: Tool #3 (None). arm right: 2. right instrument: Tool #13 (Blue). do a hysterectomy,1,cmr_versius:01
arm left: -1. left instrument: Tool #3 (None). arm right: 2. right instrument: Tool #13 (Blue). do an inguinal hernia repair,1,cmr_versius:02
arm left: -1. left instrument: Tool #3 (None). arm right: 2. right instrument: Tool #13 (Orange). do a hysterectomy,1,cmr_versius:01
arm left: -1. left instrument: Tool #3 (None). arm right: 2. right instrument: Tool #13 (Pink). do an inguinal hernia repair,1,cmr_versius:02
arm left: -1. left instrument: Tool #3 (None). arm right: 2. right instrument: Tool #18 (Blue). do a hysterectomy,1,cmr_versius:01
arm left: -1. left instrument: Tool #3 (None). arm right: 2. right instrument: Tool #18 (Blue). do an inguinal hernia repair,1,cmr_versius:02
arm left: -1. left instrument: Tool #3 (None). arm right: 2. right instrument: Tool #18 (Orange). do an inguinal hernia repair,1,cmr_versius:02
arm left: -1. left instrument: Tool #3 (None). arm right: 2. right instrument: Tool #18 (Purple). do an inguinal hernia repair,1,cmr_versius:02
arm left: -1. left instrument: Tool #3 (None). arm right: 2. right instrument: Tool #2 (Blue). do a hysterectomy,1,cmr_versius:01
arm left: -1. left instrument: Tool #3 (None). arm right: 2. right instrument: Tool #2 (Blue). do a prostatectomy,1,cmr_versius:03
arm left: -1. left instrument: Tool #3 (None). arm right: 2. right instrument: Tool #2 (Blue). do an inguinal hernia repair,1,cmr_versius:02
arm left: -1. left instrument: Tool #3 (None). arm right: 2. right instrument: Tool #2 (Cyan). do a hysterectomy,1,cmr_versius:01
arm left: -1. left instrument: Tool #3 (None). arm right: 2. right instrument: Tool #2 (Cyan). do an inguinal hernia repair,1,cmr_versius:02
arm left: -1. left instrument: Tool #3 (None). arm right: 2. right instrument: Tool #2 (Green). do a hysterectomy,1,cmr_versius:01
arm left: -1. left instrument: Tool #3 (None). arm right: 2. right instrument: Tool #2 (Green). do a prostatectomy,1,cmr_versius:03
arm left: -1. left instrument: Tool #3 (None). arm right: 2. right instrument: Tool #2 (Green). do an inguinal hernia repair,1,cmr_versius:02
arm left: -1. left instrument: Tool #3 (None). arm right: 2. right instrument: Tool #2 (Orange). do a hysterectomy,1,cmr_versius:01
arm left: -1. left instrument: Tool #3 (None). arm right: 2. right instrument: Tool #2 (Orange). do a prostatectomy,1,cmr_versius:03
arm left: -1. left instrument: Tool #3 (None). arm right: 2. right instrument: Tool #2 (Orange). do an inguinal hernia repair,1,cmr_versius:02
arm left: -1. left instrument: Tool #3 (None). arm right: 2. right instrument: Tool #2 (Pink). do a hysterectomy,1,cmr_versius:01
arm left: -1. left instrument: Tool #3 (None). arm right: 2. right instrument: Tool #2 (Pink). do an inguinal hernia repair,1,cmr_versius:02
arm left: -1. left instrument: Tool #3 (None). arm right: 2. right instrument: Tool #2 (Purple). do a hysterectomy,1,cmr_versius:01
arm left: -1. left instrument: Tool #3 (None). arm right: 2. right instrument: Tool #2 (Purple). do an inguinal hernia repair,1,cmr_versius:02
arm left: -1. left instrument: Tool #3 (None). arm right: 2. right instrument: Tool #8 (Blue). do a cholecystectomy,1,cmr_versius:00
arm left: -1. left instrument: Tool #3 (None). arm right: 2. right instrument: Tool #8 (Blue). do an inguinal hernia repair,1,cmr_versius:02
arm left: -1. left instrument: Tool #3 (None). arm right: 2. right instrument: Tool #8 (Cyan). do a hysterectomy,1,cmr_versius:01
arm left: -1. left instrument: Tool #3 (None). arm right: 2. right instrument: Tool #8 (Cyan). do an inguinal hernia repair,1,cmr_versius:02
arm left: -1. left instrument: Tool #3 (None). arm right: 2. right instrument: Tool #8 (Green). do a cholecystectomy,1,cmr_versius:00
arm left: -1. left instrument: Tool #3 (None). arm right: 2. right instrument: Tool #8 (Orange). do an inguinal hernia repair,1,cmr_versius:02
arm left: -1. left instrument: Tool #3 (None). arm right: 2. right instrument: Tool #8 (Pink). do a cholecystectomy,1,cmr_versius:00
arm left: -1. left instrument: Tool #3 (None). arm right: 2. right instrument: Tool #8 (Pink). do a hysterectomy,1,cmr_versius:01
arm left: -1. left instrument: Tool #3 (None). arm right: 2. right instrument: Tool #8 (Pink). do an inguinal hernia repair,1,cmr_versius:02
arm left: -1. left instrument: Tool #3 (None). arm right: 2. right instrument: Tool #8 (Purple). do a cholecystectomy,1,cmr_versius:00
arm left: -1. left instrument: Tool #3 (None). arm right: 2. right instrument: Tool #8 (Purple). do a hysterectomy,1,cmr_versius:01
arm left: -1. left instrument: Tool #3 (None). arm right: 2. right instrument: Tool #9 (Blue). do a cholecystectomy,1,cmr_versius:00
arm left: -1. left instrument: Tool #3 (None). arm right: 2. right instrument: Tool #9 (Blue). do a hysterectomy,1,cmr_versius:01
arm left: -1. left instrument: Tool #3 (None). arm right: 2. right instrument: Tool #9 (Blue). do a prostatectomy,1,cmr_versius:03
arm left: -1. left instrument: Tool #3 (None). arm right: 2. right instrument: Tool #9 (Blue). do an inguinal hernia repair,1,cmr_versius:02
arm left: -1. left instrument: Tool #3 (None). arm right: 2. right instrument: Tool #9 (Cyan). do a cholecystectomy,1,cmr_versius:00
arm left: -1. left instrument: Tool #3 (None). arm right: 2. right instrument: Tool #9 (Cyan). do a hysterectomy,1,cmr_versius:01
arm left: -1. left instrument: Tool #3 (None). arm right: 2. right instrument: Tool #9 (Cyan). do an inguinal hernia repair,1,cmr_versius:02
arm left: -1. left instrument: Tool #3 (None). arm right: 2. right instrument: Tool #9 (Green). do a cholecystectomy,1,cmr_versius:00
arm left: -1. left instrument: Tool #3 (None). arm right: 2. right instrument: Tool #9 (Green). do a hysterectomy,1,cmr_versius:01
arm left: -1. left instrument: Tool #3 (None). arm right: 2. right instrument: Tool #9 (Green). do a prostatectomy,1,cmr_versius:03
arm left: -1. left instrument: Tool #3 (None). arm right: 2. right instrument: Tool #9 (Green). do an inguinal hernia repair,1,cmr_versius:02
arm left: -1. left instrument: Tool #3 (None). arm right: 2. right instrument: Tool #9 (Orange). do a cholecystectomy,1,cmr_versius:00
arm left: -1. left instrument: Tool #3 (None). arm right: 2. right instrument: Tool #9 (Orange). do a hysterectomy,1,cmr_versius:01
arm left: -1. left instrument: Tool #3 (None). arm right: 2. right instrument: Tool #9 (Orange). do a prostatectomy,1,cmr_versius:03
arm left: -1. left instrument: Tool #3 (None). arm right: 2. right instrument: Tool #9 (Orange). do an inguinal hernia repair,1,cmr_versius:02
arm left: -1. left instrument: Tool #3 (None). arm right: 2. right instrument: Tool #9 (Pink). do a hysterectomy,1,cmr_versius:01
arm left: -1. left instrument: Tool #3 (None). arm right: 2. right instrument: Tool #9 (Pink). do an inguinal hernia repair,1,cmr_versius:02
arm left: -1. left instrument: Tool #3 (None). arm right: 2. right instrument: Tool #9 (Purple). do an inguinal hernia repair,1,cmr_versius:02
arm left: -1. left instrument: Tool #3 (None). arm right: 3. right instrument: Tool #0 (Green). do a hysterectomy,1,cmr_versius:01
arm left: -1. left instrument: Tool #3 (None). arm right: 3. right instrument: Tool #0 (Orange). do a hysterectomy,1,cmr_versius:01
arm left: -1. left instrument: Tool #3 (None). arm right: 3. right instrument: Tool #0 (Pink). do a hysterectomy,1,cmr_versius:01
arm left: -1. left instrument: Tool #3 (None). arm right: 3. right instrument: Tool #0 (Pink). do a prostatectomy,1,cmr_versius:03
arm left: -1. left instrument: Tool #3 (None). arm right: 3. right instrument: Tool #13 (Orange). do a hysterectomy,1,cmr_versius:01
arm left: -1. left instrument: Tool #3 (None). arm right: 3. right instrument: Tool #18 (Green). do a hysterectomy,1,cmr_versius:01
arm left: -1. left instrument: Tool #3 (None). arm right: 3. right instrument: Tool #2 (Blue). do a prostatectomy,1,cmr_versius:03
arm left: -1. left instrument: Tool #3 (None). arm right: 3. right instrument: Tool #2 (Cyan). do a hysterectomy,1,cmr_versius:01
arm left: -1. left instrument: Tool #3 (None). arm right: 3. right instrument: Tool #2 (Cyan). do a prostatectomy,1,cmr_versius:03
arm left: -1. left instrument: Tool #3 (None). arm right: 3. right instrument: Tool #2 (Green). do a hysterectomy,1,cmr_versius:01
arm left: -1. left instrument: Tool #3 (None). arm right: 3. right instrument: Tool #2 (Green). do a prostatectomy,1,cmr_versius:03
arm left: -1. left instrument: Tool #3 (None). arm right: 3. right instrument: Tool #2 (Orange). do a hysterectomy,1,cmr_versius:01
arm left: -1. left instrument: Tool #3 (None). arm right: 3. right instrument: Tool #2 (Orange). do a prostatectomy,1,cmr_versius:03
arm left: -1. left instrument: Tool #3 (None). arm right: 3. right instrument: Tool #2 (Pink). do a cholecystectomy,1,cmr_versius:00
arm left: -1. left instrument: Tool #3 (None). arm right: 3. right instrument: Tool #2 (Pink). do a hysterectomy,1,cmr_versius:01
arm left: -1. left instrument: Tool #3 (None). arm right: 3. right instrument: Tool #2 (Pink). do a prostatectomy,1,cmr_versius:03
arm left: -1. left instrument: Tool #3 (None). arm right: 3. right instrument: Tool #8 (Blue). do a prostatectomy,1,cmr_versius:03
arm left: -1. left instrument: Tool #3 (None). arm right: 3. right instrument: Tool #8 (Pink). do a cholecystectomy,1,cmr_versius:00
arm left: -1. left instrument: Tool #3 (None). arm right: 3. right instrument: Tool #8 (Pink). do a hysterectomy,1,cmr_versius:01
arm left: -1. left instrument: Tool #3 (None). arm right: 3. right instrument: Tool #9 (Blue). do a prostatectomy,1,cmr_versius:03
arm left: -1. left instrument: Tool #3 (None). arm right: 3. right instrument: Tool #9 (Cyan). do a hysterectomy,1,cmr_versius:01
arm left: -1. left instrument: Tool #3 (None). arm right: 3. right instrument: Tool #9 (Cyan). do a prostatectomy,1,cmr_versius:03
arm left: -1. left instrument: Tool #3 (None). arm right: 3. right instrument: Tool #9 (Green). do a hysterectomy,1,cmr_versius:01
arm left: -1. left instrument: Tool #3 (None). arm right: 3. right instrument: Tool #9 (Green). do a prostatectomy,1,cmr_versius:03
arm left: -1. left instrument: Tool #3 (None). arm right: 3. right instrument: Tool #9 (None). do a hysterectomy,1,cmr_versius:01
arm left: -1. left instrument: Tool #3 (None). arm right: 3. right instrument: Tool #9 (Orange). do a hysterectomy,1,cmr_versius:01
arm left: -1. left instrument: Tool #3 (None). arm right: 3. right instrument: Tool #9 (Orange). do a prostatectomy,1,cmr_versius:03
arm left: -1. left instrument: Tool #3 (None). arm right: 3. right instrument: Tool #9 (Pink). do a hysterectomy,1,cmr_versius:01
arm left: -1. left instrument: Tool #3 (None). arm right: 3. right instrument: Tool #9 (Pink). do a prostatectomy,1,cmr_versius:03
arm left: 0. left instrument: Tool #14 (White). arm right: -1. right instrument: Tool #3 (None). do a cholecystectomy,1,cmr_versius:00
arm left: 0. left instrument: Tool #14 (White). arm right: -1. right instrument: Tool #3 (None). do a hysterectomy,1,cmr_versius:01
arm left: 0. left instrument: Tool #14 (White). arm right: -1. right instrument: Tool #3 (None). do a prostatectomy,1,cmr_versius:03
arm left: 0. left instrument: Tool #14 (White). arm right: -1. right instrument: Tool #3 (None). do an inguinal hernia repair,1,cmr_versius:02
arm left: 0. left instrument: Tool #14 (White). arm right: 0. right instrument: Tool #14 (White). do a cholecystectomy,1,cmr_versius:00
arm left: 0. left instrument: Tool #14 (White). arm right: 0. right instrument: Tool #14 (White). do a hysterectomy,1,cmr_versius:01
arm left: 0. left instrument: Tool #14 (White). arm right: 0. right instrument: Tool #14 (White). do a prostatectomy,1,cmr_versius:03
arm left: 0. left instrument: Tool #14 (White). arm right: 0. right instrument: Tool #14 (White). do an inguinal hernia repair,1,cmr_versius:02
arm left: 0. left instrument: Tool #14 (White). arm right: 1. right instrument: Tool #18 (Blue). do a hysterectomy,1,cmr_versius:01
arm left: 0. left instrument: Tool #14 (White). arm right: 1. right instrument: Tool #18 (Purple). do a hysterectomy,1,cmr_versius:01
arm left: 0. left instrument: Tool #14 (White). arm right: 1. right instrument: Tool #2 (Blue). do a prostatectomy,1,cmr_versius:03
arm left: 0. left instrument: Tool #14 (White). arm right: 1. right instrument: Tool #2 (Blue). do an inguinal hernia repair,1,cmr_versius:02
arm left: 0. left instrument: Tool #14 (White). arm right: 1. right instrument: Tool #2 (Cyan). do an inguinal hernia repair,1,cmr_versius:02
arm left: 0. left instrument: Tool #14 (White). arm right: 1. right instrument: Tool #2 (Green). do an inguinal hernia repair,1,cmr_versius:02
arm left: 0. left instrument: Tool #14 (White). arm right: 1. right instrument: Tool #2 (Orange). do an inguinal hernia repair,1,cmr_versius:02
arm left: 0. left instrument: Tool #14 (White). arm right: 1. right instrument: Tool #2 (Pink). do an inguinal hernia repair,1,cmr_versius:02
arm left: 0. left instrument: Tool #14 (White). arm right: 1. right instrument: Tool #2 (Purple). do a hysterectomy,1,cmr_versius:01
arm left: 0. left instrument: Tool #14 (White). arm right: 1. right instrument: Tool #2 (Purple). do an inguinal hernia repair,1,cmr_versius:02
arm left: 0. left instrument: Tool #14 (White). arm right: 1. right instrument: Tool #8 (Green). do a cholecystectomy,1,cmr_versius:00
arm left: 0. left instrument: Tool #14 (White). arm right: 1. right instrument: Tool #9 (Blue). do a cholecystectomy,1,cmr_versius:00
arm left: 0. left instrument: Tool #14 (White). arm right: 1. right instrument: Tool #9 (Blue). do an inguinal hernia repair,1,cmr_versius:02
arm left: 0. left instrument: Tool #14 (White). arm right: 1. right instrument: Tool #9 (Cyan). do a cholecystectomy,1,cmr_versius:00
arm left: 0. left instrument: Tool #14 (White). arm right: 1. right instrument: Tool #9 (Cyan). do an inguinal hernia repair,1,cmr_versius:02
arm left: 0. left instrument: Tool #14 (White). arm right: 1. right instrument: Tool #9 (Orange). do a prostatectomy,1,cmr_versius:03
arm left: 0. left instrument: Tool #14 (White). arm right: 1. right instrument: Tool #9 (Orange). do an inguinal hernia repair,1,cmr_versius:02
arm left: 0. left instrument: Tool #14 (White). arm right: 1. right instrument: Tool #9 (Purple). do a cholecystectomy,1,cmr_versius:00
arm left: 0. left instrument: Tool #14 (White). arm right: 2. right instrument: Tool #0 (Blue). do a hysterectomy,1,cmr_versius:01
arm left: 0. left instrument: Tool #14 (White). arm right: 2. right instrument: Tool #0 (Orange). do an inguinal hernia repair,1,cmr_versius:02
arm left: 0. left instrument: Tool #14 (White). arm right: 2. right instrument: Tool #2 (Blue). do an inguinal hernia repair,1,cmr_versius:02
arm left: 0. left instrument: Tool #14 (White). arm right: 2. right instrument: Tool #2 (Cyan). do an inguinal hernia repair,1,cmr_versius:02
arm left: 0. left instrument: Tool #14 (White). arm right: 2. right instrument: Tool #2 (Green). do a hysterectomy,1,cmr_versius:01
arm left: 0. left instrument: Tool #14 (White). arm right: 2. right instrument: Tool #2 (Green). do an inguinal hernia repair,1,cmr_versius:02
arm left: 0. left instrument: Tool #14 (White). arm right: 2. right instrument: Tool #2 (Orange). do a hysterectomy,1,cmr_versius:01
arm left: 0. left instrument: Tool #14 (White). arm right: 2. right instrument: Tool #2 (Orange). do an inguinal hernia repair,1,cmr_versius:02
arm left: 0. left instrument: Tool #14 (White). arm right: 2. right instrument: Tool #2 (Pink). do an inguinal hernia repair,1,cmr_versius:02
arm left: 0. left instrument: Tool #14 (White). arm right: 2. right instrument: Tool #8 (Blue). do a cholecystectomy,1,cmr_versius:00
arm left: 0. left instrument: Tool #14 (White). arm right: 2. right instrument: Tool #8 (Cyan). do a hysterectomy,1,cmr_versius:01
arm left: 0. left instrument: Tool #14 (White). arm right: 2. right instrument: Tool #8 (Green). do a cholecystectomy,1,cmr_versius:00
arm left: 0. left instrument: Tool #14 (White). arm right: 2. right instrument: Tool #8 (Pink). do a cholecystectomy,1,cmr_versius:00
arm left: 0. left instrument: Tool #14 (White). arm right: 2. right instrument: Tool #9 (Cyan). do a cholecystectomy,1,cmr_versius:00
arm left: 0. left instrument: Tool #14 (White). arm right: 2. right instrument: Tool #9 (Cyan). do an inguinal hernia repair,1,cmr_versius:02
arm left: 0. left instrument: Tool #14 (White). arm right: 2. right instrument: Tool #9 (Green). do an inguinal hernia repair,1,cmr_versius:02
arm left: 0. left instrument: Tool #14 (White). arm right: 2. right instrument: Tool #9 (Orange). do a cholecystectomy,1,cmr_versius:00
arm left: 0. left instrument: Tool #14 (White). arm right: 2. right instrument: Tool #9 (Orange). do an inguinal hernia repair,1,cmr_versius:02
arm left: 0. left instrument: Tool #14 (White). arm right: 2. right instrument: Tool #9 (Pink). do a hysterectomy,1,cmr_versius:01
arm left: 0. left instrument: Tool #14 (White). arm right: 3. right instrument: Tool #13 (Orange). do a hysterectomy,1,cmr_versius:01
arm left: 0. left instrument: Tool #14 (White). arm right: 3. right instrument: Tool #2 (Green). do a prostatectomy,1,cmr_versius:03
arm left: 0. left instrument: Tool #14 (White). arm right: 3. right instrument: Tool #8 (Pink). do a cholecystectomy,1,cmr_versius:00
arm left: 0. left instrument: Tool #14 (White). arm right: 3. right instrument: Tool #9 (Green). do a hysterectomy,1,cmr_versius:01
arm left: 0. left instrument: Tool #14 (White). arm right: 3. right instrument: Tool #9 (Green). do a prostatectomy,1,cmr_versius:03
arm left: 0. left instrument: Tool #17 (White). arm right: -1. right instrument: Tool #3 (None). do a cholecystectomy,1,cmr_versius:00
arm left: 0. left instrument: Tool #17 (White). arm right: -1. right instrument: Tool #3 (None). do a hysterectomy,1,cmr_versius:01
arm left: 0. left instrument: Tool #17 (White). arm right: -1. right instrument: Tool #3 (None). do a prostatectomy,1,cmr_versius:03
arm left: 0. left instrument: Tool #17 (White). arm right: -1. right instrument: Tool #3 (None). do an inguinal hernia repair,1,cmr_versius:02
arm left: 0. left instrument: Tool #17 (White). arm right: 0. right instrument: Tool #17 (White). do a cholecystectomy,1,cmr_versius:00
arm left: 0. left instrument: Tool #17 (White). arm right: 0. right instrument: Tool #17 (White). do a hysterectomy,1,cmr_versius:01
arm left: 0. left instrument: Tool #17 (White). arm right: 0. right instrument: Tool #17 (White). do an inguinal hernia repair,1,cmr_versius:02
arm left: 0. left instrument: Tool #17 (White). arm right: 1. right instrument: Tool #13 (Orange). do a hysterectomy,1,cmr_versius:01
arm left: 0. left instrument: Tool #17 (White). arm right: 1. right instrument: Tool #2 (Blue). do a prostatectomy,1,cmr_versius:03
arm left: 0. left instrument: Tool #17 (White). arm right: 1. right instrument: Tool #2 (Blue). do an inguinal hernia repair,1,cmr_versius:02
arm left: 0. left instrument: Tool #17 (White). arm right: 1. right instrument: Tool #2 (Cyan). do a hysterectomy,1,cmr_versius:01
arm left: 0. left instrument: Tool #17 (White). arm right: 1. right instrument: Tool #2 (Cyan). do an inguinal hernia repair,1,cmr_versius:02
arm left: 0. left instrument: Tool #17 (White). arm right: 1. right instrument: Tool #2 (Green). do a hysterectomy,1,cmr_versius:01
arm left: 0. left instrument: Tool #17 (White). arm right: 1. right instrument: Tool #2 (Orange). do a hysterectomy,1,cmr_versius:01
arm left: 0. left instrument: Tool #17 (White). arm right: 1. right instrument: Tool #2 (Orange). do an inguinal hernia repair,1,cmr_versius:02
arm left: 0. left instrument: Tool #17 (White). arm right: 1. right instrument: Tool #9 (Blue). do an inguinal hernia repair,1,cmr_versius:02
arm left: 0. left instrument: Tool #17 (White). arm right: 1. right instrument: Tool #9 (Cyan). do an inguinal hernia repair,1,cmr_versius:02
arm left: 0. left instrument: Tool #17 (White). arm right: 1. right instrument: Tool #9 (Orange). do a hysterectomy,1,cmr_versius:01
arm left: 0. left instrument: Tool #17 (White). arm right: 1. right instrument: Tool #9 (Orange). do an inguinal hernia repair,1,cmr_versius:02
arm left: 0. left instrument: Tool #17 (White). arm right: 2. right instrument: Tool #0 (Purple). do an inguinal hernia repair,1,cmr_versius:02
arm left: 0. left instrument: Tool #17 (White). arm right: 2. right instrument: Tool #18 (Orange). do an inguinal hernia repair,1,cmr_versius:02
arm left: 0. left instrument: Tool #17 (White). arm right: 2. right instrument: Tool #18 (Purple). do an inguinal hernia repair,1,cmr_versius:02
arm left: 0. left instrument: Tool #17 (White). arm right: 2. right instrument: Tool #2 (Cyan). do an inguinal hernia repair,1,cmr_versius:02
arm left: 0. left instrument: Tool #17 (White). arm right: 2. right instrument: Tool #2 (Green). do an inguinal hernia repair,1,cmr_versius:02
arm left: 0. left instrument: Tool #17 (White). arm right: 2. right instrument: Tool #2 (Purple). do an inguinal hernia repair,1,cmr_versius:02
arm left: 0. left instrument: Tool #17 (White). arm right: 2. right instrument: Tool #9 (Cyan). do an inguinal hernia repair,1,cmr_versius:02
arm left: 0. left instrument: Tool #17 (White). arm right: 2. right instrument: Tool #9 (Green). do a cholecystectomy,1,cmr_versius:00
arm left: 0. left instrument: Tool #17 (White). arm right: 2. right instrument: Tool #9 (Pink). do a hysterectomy,1,cmr_versius:01
arm left: 0. left instrument: Tool #17 (White). arm right: 3. right instrument: Tool #0 (Green). do a hysterectomy,1,cmr_versius:01
arm left: 1. left instrument: Tool #0 (Blue). arm right: -1. right instrument: Tool #3 (None). do a cholecystectomy,1,cmr_versius:00
arm left: 1. left instrument: Tool #0 (Blue). arm right: -1. right instrument: Tool #3 (None). do a hysterectomy,1,cmr_versius:01
arm left: 1. left instrument: Tool #0 (Blue). arm right: -1. right instrument: Tool #3 (None). do a prostatectomy,1,cmr_versius:03
arm left: 1. left instrument: Tool #0 (Blue). arm right: -1. right instrument: Tool #3 (None). do an inguinal hernia repair,1,cmr_versius:02
arm left: 1. left instrument: Tool #0 (Blue). arm right: 0. right instrument: Tool #14 (White). do a cholecystectomy,1,cmr_versius:00
arm left: 1. left instrument: Tool #0 (Blue). arm right: 0. right instrument: Tool #14 (White). do a prostatectomy,1,cmr_versius:03
arm left: 1. left instrument: Tool #0 (Blue). arm right: 0. right instrument: Tool #14 (White). do an inguinal hernia repair,1,cmr_versius:02
arm left: 1. left instrument: Tool #0 (Blue). arm right: 0. right instrument: Tool #17 (White). do a cholecystectomy,1,cmr_versius:00
arm left: 1. left instrument: Tool #0 (Blue). arm right: 2. right instrument: Tool #18 (Green). do a cholecystectomy,1,cmr_versius:00
arm left: 1. left instrument: Tool #0 (Blue). arm right: 2. right instrument: Tool #18 (Green). do a prostatectomy,1,cmr_versius:03
arm left: 1. left instrument: Tool #0 (Blue). arm right: 2. right instrument: Tool #2 (Cyan). do an inguinal hernia repair,1,cmr_versius:02
arm left: 1. left instrument: Tool #0 (Blue). arm right: 2. right instrument: Tool #2 (Green). do an inguinal hernia repair,1,cmr_versius:02
arm left: 1. left instrument: Tool #0 (Blue). arm right: 2. right instrument: Tool #8 (Green). do a cholecystectomy,1,cmr_versius:00
arm left: 1. left instrument: Tool #0 (Blue). arm right: 2. right instrument: Tool #8 (Pink). do a cholecystectomy,1,cmr_versius:00
arm left: 1. left instrument: Tool #0 (Blue). arm right: 2. right instrument: Tool #9 (Cyan). do a cholecystectomy,1,cmr_versius:00
arm left: 1. left instrument: Tool #0 (Blue). arm right: 2. right instrument: Tool #9 (Cyan). do an inguinal hernia repair,1,cmr_versius:02
arm left: 1. left instrument: Tool #0 (Blue). arm right: 2. right instrument: Tool #9 (Green). do a cholecystectomy,1,cmr_versius:00
arm left: 1. left instrument: Tool #0 (Blue). arm right: 2. right instrument: Tool #9 (Green). do an inguinal hernia repair,1,cmr_versius:02
arm left: 1. left instrument: Tool #0 (Blue). arm right: 3. right instrument: Tool #2 (Orange). do a prostatectomy,1,cmr_versius:03
arm left: 1. left instrument: Tool #0 (Blue). arm right: 3. right instrument: Tool #9 (Green). do a prostatectomy,1,cmr_versius:03
arm left: 1. left instrument: Tool #0 (Blue). arm right: 3. right instrument: Tool #9 (Orange). do a prostatectomy,1,cmr_versius:03
arm left: 1. left instrument: Tool #0 (Cyan). arm right: -1. right instrument: Tool #3 (None). do a cholecystectomy,1,cmr_versius:00
arm left: 1. left instrument: Tool #0 (Cyan). arm right: -1. right instrument: Tool #3 (None). do a hysterectomy,1,cmr_versius:01
arm left: 1. left instrument: Tool #0 (Cyan). arm right: -1. right instrument: Tool #3 (None). do an inguinal hernia repair,1,cmr_versius:02
arm left: 1. left instrument: Tool #0 (Cyan). arm right: 0. right instrument: Tool #14 (White). do a cholecystectomy,1,cmr_versius:00
arm left: 1. left instrument: Tool #0 (Cyan). arm right: 0. right instrument: Tool #14 (White). do a hysterectomy,1,cmr_versius:01
arm left: 1. left instrument: Tool #0 (Cyan). arm right: 0. right instrument: Tool #14 (White). do an inguinal hernia repair,1,cmr_versius:02
arm left: 1. left instrument: Tool #0 (Cyan). arm right: 0. right instrument: Tool #17 (White). do a cholecystectomy,1,cmr_versius:00
arm left: 1. left instrument: Tool #0 (Cyan). arm right: 2. right instrument: Tool #13 (Orange). do a hysterectomy,1,cmr_versius:01
arm left: 1. left instrument: Tool #0 (Cyan). arm right: 2. right instrument: Tool #2 (Orange). do a hysterectomy,1,cmr_versius:01
arm left: 1. left instrument: Tool #0 (Cyan). arm right: 2. right instrument: Tool #2 (Orange). do an inguinal hernia repair,1,cmr_versius:02
arm left: 1. left instrument: Tool #0 (Cyan). arm right: 2. right instrument: Tool #2 (Pink). do a hysterectomy,1,cmr_versius:01
arm left: 1. left instrument: Tool #0 (Cyan). arm right: 2. right instrument: Tool #8 (Pink). do a cholecystectomy,1,cmr_versius:00
arm left: 1. left instrument: Tool #0 (Cyan). arm right: 2. right instrument: Tool #9 (Blue). do a cholecystectomy,1,cmr_versius:00
arm left: 1. left instrument: Tool #0 (Cyan). arm right: 2. right instrument: Tool #9 (Orange). do a hysterectomy,1,cmr_versius:01
arm left: 1. left instrument: Tool #0 (Cyan). arm right: 2. right instrument: Tool #9 (Orange). do an inguinal hernia repair,1,cmr_versius:02
arm left: 1. left instrument: Tool #0 (Cyan). arm right: 2. right instrument: Tool #9 (Purple). do a cholecystectomy,1,cmr_versius:00
arm left: 1. left instrument: Tool #0 (Cyan). arm right: 3. right instrument: Tool #13 (Orange). do a hysterectomy,1,cmr_versius:01
arm left: 1. left instrument: Tool #0 (Cyan). arm right: 3. right instrument: Tool #2 (Green). do a hysterectomy,1,cmr_versius:01
arm left: 1. left instrument: Tool #0 (Cyan). arm right: 3. right instrument: Tool #2 (Pink). do a hysterectomy,1,cmr_versius:01
arm left: 1. left instrument: Tool #0 (Cyan). arm right: 3. right instrument: Tool #9 (Green). do a hysterectomy,1,cmr_versius:01
arm left: 1. left instrument: Tool #0 (Cyan). arm right: 3. right instrument: Tool #9 (Pink). do a hysterectomy,1,cmr_versius:01
arm left: 1. left instrument: Tool #0 (Green). arm right: -1. right instrument: Tool #3 (None). do a cholecystectomy,1,cmr_versius:00
arm left: 1. left instrument: Tool #0 (Green). arm right: -1. right instrument: Tool #3 (None). do a hysterectomy,1,cmr_versius:01
arm left: 1. left instrument: Tool #0 (Green). arm right: -1. right instrument: Tool #3 (None). do a prostatectomy,1,cmr_versius:03
arm left: 1. left instrument: Tool #0 (Green). arm right: -1. right instrument: Tool #3 (None). do an inguinal hernia repair,1,cmr_versius:02
arm left: 1. left instrument: Tool #0 (Green). arm right: 0. right instrument: Tool #14 (White). do a cholecystectomy,1,cmr_versius:00
arm left: 1. left instrument: Tool #0 (Green). arm right: 0. right instrument: Tool #14 (White). do an inguinal hernia repair,1,cmr_versius:02
arm left: 1. left instrument: Tool #0 (Green). arm right: 0. right instrument: Tool #17 (White). do a cholecystectomy,1,cmr_versius:00
arm left: 1. left instrument: Tool #0 (Green). arm right: 0. right instrument: Tool #17 (White). do a hysterectomy,1,cmr_versius:01
arm left: 1. left instrument: Tool #0 (Green). arm right: 0. right instrument: Tool #17 (White). do an inguinal hernia repair,1,cmr_versius:02
arm left: 1. left instrument: Tool #0 (Green). arm right: 2. right instrument: Tool #18 (Orange). do a cholecystectomy,1,cmr_versius:00
arm left: 1. left instrument: Tool #0 (Green). arm right: 2. right instrument: Tool #18 (Orange). do an inguinal hernia repair,1,cmr_versius:02
arm left: 1. left instrument: Tool #0 (Green). arm right: 2. right instrument: Tool #2 (Blue). do an inguinal hernia repair,1,cmr_versius:02
arm left: 1. left instrument: Tool #0 (Green). arm right: 2. right instrument: Tool #2 (Orange). do an inguinal hernia repair,1,cmr_versius:02
arm left: 1. left instrument: Tool #0 (Green). arm right: 2. right instrument: Tool #2 (Pink). do an inguinal hernia repair,1,cmr_versius:02
arm left: 1. left instrument: Tool #0 (Green). arm right: 2. right instrument: Tool #8 (Blue). do a cholecystectomy,1,cmr_versius:00
arm left: 1. left instrument: Tool #0 (Green). arm right: 2. right instrument: Tool #8 (Pink). do a cholecystectomy,1,cmr_versius:00
arm left: 1. left instrument: Tool #0 (Green). arm right: 2. right instrument: Tool #9 (Blue). do an inguinal hernia repair,1,cmr_versius:02
arm left: 1. left instrument: Tool #0 (Green). arm right: 2. right instrument: Tool #9 (Cyan). do a cholecystectomy,1,cmr_versius:00
arm left: 1. left instrument: Tool #0 (Green). arm right: 2. right instrument: Tool #9 (Orange). do a cholecystectomy,1,cmr_versius:00
arm left: 1. left instrument: Tool #0 (Green). arm right: 2. right instrument: Tool #9 (Orange). do a hysterectomy,1,cmr_versius:01
arm left: 1. left instrument: Tool #0 (Green). arm right: 2. right instrument: Tool #9 (Orange). do an inguinal hernia repair,1,cmr_versius:02
arm left: 1. left instrument: Tool #0 (Green). arm right: 2. right instrument: Tool #9 (Pink). do an inguinal hernia repair,1,cmr_versius:02
arm left: 1. left instrument: Tool #0 (Green). arm right: 3. right instrument: Tool #2 (Cyan). do a prostatectomy,1,cmr_versius:03
arm left: 1. left instrument: Tool #0 (Green). arm right: 3. right instrument: Tool #9 (Cyan). do a prostatectomy,1,cmr_versius:03
arm left: 1. left instrument: Tool #0 (Green). arm right: 3. right instrument: Tool #9 (Pink). do a hysterectomy,1,cmr_versius:01
arm left: 1. left instrument: Tool #0 (Orange). arm right: -1. right instrument: Tool #3 (None). do a cholecystectomy,1,cmr_versius:00
arm left: 1. left instrument: Tool #0 (Orange). arm right: -1. right instrument: Tool #3 (None). do a hysterectomy,1,cmr_versius:01
arm left: 1. left instrument: Tool #0 (Orange). arm right: -1. right instrument: Tool #3 (None). do a prostatectomy,1,cmr_versius:03
arm left: 1. left instrument: Tool #0 (Orange). arm right: -1. right instrument: Tool #3 (None). do an inguinal hernia repair,1,cmr_versius:02
arm left: 1. left instrument: Tool #0 (Orange). arm right: 0. right instrument: Tool #14 (White). do a cholecystectomy,1,cmr_versius:00
arm left: 1. left instrument: Tool #0 (Orange). arm right: 0. right instrument: Tool #14 (White). do an inguinal hernia repair,1,cmr_versius:02
arm left: 1. left instrument: Tool #0 (Orange). arm right: 2. right instrument: Tool #13 (Blue). do a cholecystectomy,1,cmr_versius:00
arm left: 1. left instrument: Tool #0 (Orange). arm right: 2. right instrument: Tool #2 (Blue). do a prostatectomy,1,cmr_versius:03
arm left: 1. left instrument: Tool #0 (Orange). arm right: 2. right instrument: Tool #2 (Cyan). do an inguinal hernia repair,1,cmr_versius:02
arm left: 1. left instrument: Tool #0 (Orange). arm right: 2. right instrument: Tool #2 (Green). do a prostatectomy,1,cmr_versius:03
arm left: 1. left instrument: Tool #0 (Orange). arm right: 2. right instrument: Tool #2 (Green). do an inguinal hernia repair,1,cmr_versius:02
arm left: 1. left instrument: Tool #0 (Orange). arm right: 2. right instrument: Tool #8 (Blue). do a cholecystectomy,1,cmr_versius:00
arm left: 1. left instrument: Tool #0 (Orange). arm right: 2. right instrument: Tool #8 (Cyan). do an inguinal hernia repair,1,cmr_versius:02
arm left: 1. left instrument: Tool #0 (Orange). arm right: 2. right instrument: Tool #9 (Blue). do a cholecystectomy,1,cmr_versius:00
arm left: 1. left instrument: Tool #0 (Orange). arm right: 2. right instrument: Tool #9 (Blue). do a prostatectomy,1,cmr_versius:03
arm left: 1. left instrument: Tool #0 (Orange). arm right: 2. right instrument: Tool #9 (Green). do a prostatectomy,1,cmr_versius:03
arm left: 1. left instrument: Tool #0 (Orange). arm right: 2. right instrument: Tool #9 (Green). do an inguinal hernia repair,1,cmr_versius:02
arm left: 1. left instrument: Tool #0 (Orange). arm right: 3. right instrument: Tool #2 (Blue). do a prostatectomy,1,cmr_versius:03
arm left: 1. left instrument: Tool #0 (Orange). arm right: 3. right instrument: Tool #9 (Blue). do a prostatectomy,1,cmr_versius:03
arm left: 1. left instrument: Tool #0 (Orange). arm right: 3. right instrument: Tool #9 (Cyan). do a hysterectomy,1,cmr_versius:01
arm left: 1. left instrument: Tool #0 (Orange). arm right: 3. right instrument: Tool #9 (Green). do a hysterectomy,1,cmr_versius:01
arm left: 1. left instrument: Tool #0 (Orange). arm right: 3. right instrument: Tool #9 (Pink). do a hysterectomy,1,cmr_versius:01
arm left: 1. left instrument: Tool #0 (Pink). arm right: -1. right instrument: Tool #3 (None). do a cholecystectomy,1,cmr_versius:00
arm left: 1. left instrument: Tool #0 (Pink). arm right: -1. right instrument: Tool #3 (None). do a hysterectomy,1,cmr_versius:01
arm left: 1. left instrument: Tool #0 (Pink). arm right: -1. right instrument: Tool #3 (None). do a prostatectomy,1,cmr_versius:03
arm left: 1. left instrument: Tool #0 (Pink). arm right: -1. right instrument: Tool #3 (None). do an inguinal hernia repair,1,cmr_versius:02
arm left: 1. left instrument: Tool #0 (Pink). arm right: 0. right instrument: Tool #14 (White). do a cholecystectomy,1,cmr_versius:00
arm left: 1. left instrument: Tool #0 (Pink). arm right: 0. right instrument: Tool #14 (White). do a prostatectomy,1,cmr_versius:03
arm left: 1. left instrument: Tool #0 (Pink). arm right: 0. right instrument: Tool #14 (White). do an inguinal hernia repair,1,cmr_versius:02
arm left: 1. left instrument: Tool #0 (Pink). arm right: 2. right instrument: Tool #0 (Green). do a prostatectomy,1,cmr_versius:03
arm left: 1. left instrument: Tool #0 (Pink). arm right: 2. right instrument: Tool #2 (Blue). do an inguinal hernia repair,1,cmr_versius:02
arm left: 1. left instrument: Tool #0 (Pink). arm right: 2. right instrument: Tool #2 (Cyan). do an inguinal hernia repair,1,cmr_versius:02
arm left: 1. left instrument: Tool #0 (Pink). arm right: 2. right instrument: Tool #8 (Blue). do a cholecystectomy,1,cmr_versius:00
arm left: 1. left instrument: Tool #0 (Pink). arm right: 2. right instrument: Tool #8 (Green). do a cholecystectomy,1,cmr_versius:00
arm left: 1. left instrument: Tool #0 (Pink). arm right: 2. right instrument: Tool #9 (Blue). do an inguinal hernia repair,1,cmr_versius:02
arm left: 1. left instrument: Tool #0 (Pink). arm right: 2. right instrument: Tool #9 (Cyan). do an inguinal hernia repair,1,cmr_versius:02
arm left: 1. left instrument: Tool #0 (Pink). arm right: 3. right instrument: Tool #2 (Blue). do a prostatectomy,1,cmr_versius:03
arm left: 1. left instrument: Tool #0 (Pink). arm right: 3. right instrument: Tool #2 (Orange). do a hysterectomy,1,cmr_versius:01
arm left: 1. left instrument: Tool #0 (Pink). arm right: 3. right instrument: Tool #8 (Blue). do a prostatectomy,1,cmr_versius:03
arm left: 1. left instrument: Tool #0 (Pink). arm right: 3. right instrument: Tool #9 (Blue). do a prostatectomy,1,cmr_versius:03
arm left: 1. left instrument: Tool #0 (Pink). arm right: 3. right instrument: Tool #9 (Orange). do a hysterectomy,1,cmr_versius:01
arm left: 1. left instrument: Tool #0 (Purple). arm right: -1. right instrument: Tool #3 (None). do a cholecystectomy,1,cmr_versius:00
arm left: 1. left instrument: Tool #0 (Purple). arm right: -1. right instrument: Tool #3 (None). do a hysterectomy,1,cmr_versius:01
arm left: 1. left instrument: Tool #0 (Purple). arm right: -1. right instrument: Tool #3 (None). do an inguinal hernia repair,1,cmr_versius:02
arm left: 1. left instrument: Tool #0 (Purple). arm right: 0. right instrument: Tool #14 (White). do a cholecystectomy,1,cmr_versius:00
arm left: 1. left instrument: Tool #0 (Purple). arm right: 0. right instrument: Tool #14 (White). do a hysterectomy,1,cmr_versius:01
arm left: 1. left instrument: Tool #0 (Purple). arm right: 0. right instrument: Tool #14 (White). do an inguinal hernia repair,1,cmr_versius:02
arm left: 1. left instrument: Tool #0 (Purple). arm right: 0. right instrument: Tool #17 (White). do a cholecystectomy,1,cmr_versius:00
arm left: 1. left instrument: Tool #0 (Purple). arm right: 2. right instrument: Tool #10 (Blue). do a hysterectomy,1,cmr_versius:01
arm left: 1. left instrument: Tool #0 (Purple). arm right: 2. right instrument: Tool #13 (Blue). do a hysterectomy,1,cmr_versius:01
arm left: 1. left instrument: Tool #0 (Purple). arm right: 2. right instrument: Tool #18 (Blue). do a hysterectomy,1,cmr_versius:01
arm left: 1. left instrument: Tool #0 (Purple). arm right: 2. right instrument: Tool #2 (Blue). do a hysterectomy,1,cmr_versius:01
arm left: 1. left instrument: Tool #0 (Purple). arm right: 2. right instrument: Tool #2 (Green). do an inguinal hernia repair,1,cmr_versius:02
arm left: 1. left instrument: Tool #0 (Purple). arm right: 2. right instrument: Tool #8 (Blue). do a cholecystectomy,1,cmr_versius:00
arm left: 1. left instrument: Tool #0 (Purple). arm right: 2. right instrument: Tool #8 (Blue). do a hysterectomy,1,cmr_versius:01
arm left: 1. left instrument: Tool #0 (Purple). arm right: 2. right instrument: Tool #8 (Green). do a cholecystectomy,1,cmr_versius:00
arm left: 1. left instrument: Tool #0 (Purple). arm right: 2. right instrument: Tool #9 (Cyan). do a cholecystectomy,1,cmr_versius:00
arm left: 1. left instrument: Tool #0 (Purple). arm right: 2. right instrument: Tool #9 (Cyan). do an inguinal hernia repair,1,cmr_versius:02
arm left: 1. left instrument: Tool #0 (Purple). arm right: 2. right instrument: Tool #9 (Green). do an inguinal hernia repair,1,cmr_versius:02
arm left: 1. left instrument: Tool #1 (Blue). arm right: -1. right instrument: Tool #3 (None). do a prostatectomy,1,cmr_versius:03
arm left: 1. left instrument: Tool #1 (Blue). arm right: -1. right instrument: Tool #3 (None). do an inguinal hernia repair,1,cmr_versius:02
arm left: 1. left instrument: Tool #1 (Blue). arm right: 0. right instrument: Tool #14 (White). do a prostatectomy,1,cmr_versius:03
arm left: 1. left instrument: Tool #1 (Blue). arm right: 2. right instrument: Tool #9 (Cyan). do an inguinal hernia repair,1,cmr_versius:02
arm left: 1. left instrument: Tool #1 (Blue). arm right: 3. right instrument: Tool #2 (Green). do a prostatectomy,1,cmr_versius:03
arm left: 1. left instrument: Tool #1 (Blue). arm right: 3. right instrument: Tool #9 (Green). do a prostatectomy,1,cmr_versius:03
arm left: 1. left instrument: Tool #1 (Cyan). arm right: -1. right instrument: Tool #3 (None). do a hysterectomy,1,cmr_versius:01
arm left: 1. left instrument: Tool #1 (Cyan). arm right: -1. right instrument: Tool #3 (None). do an inguinal hernia repair,1,cmr_versius:02
arm left: 1. left instrument: Tool #1 (Cyan). arm right: 2. right instrument: Tool #13 (Orange). do a hysterectomy,1,cmr_versius:01
arm left: 1. left instrument: Tool #1 (Cyan). arm right: 2. right instrument: Tool #2 (Pink). do a hysterectomy,1,cmr_versius:01
arm left: 1. left instrument: Tool #1 (Cyan). arm right: 2. right instrument: Tool #8 (Pink). do a hysterectomy,1,cmr_versius:01
arm left: 1. left instrument: Tool #1 (Cyan). arm right: 2. right instrument: Tool #9 (Blue). do an inguinal hernia repair,1,cmr_versius:02
arm left: 1. left instrument: Tool #1 (Cyan). arm right: 2. right instrument: Tool #9 (Pink). do a hysterectomy,1,cmr_versius:01
arm left: 1. left instrument: Tool #1 (Cyan). arm right: 3. right instrument: Tool #13 (Orange). do a hysterectomy,1,cmr_versius:01
arm left: 1. left instrument: Tool #1 (Cyan). arm right: 3. right instrument: Tool #2 (Orange). do a hysterectomy,1,cmr_versius:01
arm left: 1. left instrument: Tool #1 (Cyan). arm right: 3. right instrument: Tool #8 (Pink). do a hysterectomy,1,cmr_versius:01
arm left: 1. left instrument: Tool #1 (Cyan). arm right: 3. right instrument: Tool #9 (Pink). do a hysterectomy,1,cmr_versius:01
arm left: 1. left instrument: Tool #1 (Green). arm right: -1. right instrument: Tool #3 (None). do a prostatectomy,1,cmr_versius:03
arm left: 1. left instrument: Tool #1 (Green). arm right: 3. right instrument: Tool #9 (Pink). do a prostatectomy,1,cmr_versius:03
arm left: 1. left instrument: Tool #1 (Orange). arm right: -1. right instrument: Tool #3 (None). do a prostatectomy,1,cmr_versius:03
arm left: 1. left instrument: Tool #1 (Orange). arm right: -1. right instrument: Tool #3 (None). do an inguinal hernia repair,1,cmr_versius:02
arm left: 1. left instrument: Tool #1 (Orange). arm right: 2. right instrument: Tool #0 (Green). do a prostatectomy,1,cmr_versius:03
arm left: 1. left instrument: Tool #1 (Orange). arm right: 2. right instrument: Tool #9 (Blue). do an inguinal hernia repair,1,cmr_versius:02
arm left: 1. left instrument: Tool #1 (Orange). arm right: 2. right instrument: Tool #9 (Cyan). do an inguinal hernia repair,1,cmr_versius:02
arm left: 1. left instrument: Tool #1 (Orange). arm right: 3. right instrument: Tool #9 (Green). do a prostatectomy,1,cmr_versius:03
arm left: 1. left instrument: Tool #1 (Orange). arm right: 3. right instrument: Tool #9 (Pink). do a prostatectomy,1,cmr_versius:03
arm left: 1. left instrument: Tool #1 (Pink). arm right: -1. right instrument: Tool #3 (None). do a hysterectomy,1,cmr_versius:01
arm left: 1. left instrument: Tool #1 (Pink). arm right: -1. right instrument: Tool #3 (None). do an inguinal hernia repair,1,cmr_versius:02
arm left: 1. left instrument: Tool #1 (Pink). arm right: 0. right instrument: Tool #14 (White). do a hysterectomy,1,cmr_versius:01
arm left: 1. left instrument: Tool #1 (Pink). arm right: 0. right instrument: Tool #17 (White). do an inguinal hernia repair,1,cmr_versius:02
arm left: 1. left instrument: Tool #1 (Pink). arm right: 2. right instrument: Tool #9 (Blue). do an inguinal hernia repair,1,cmr_versius:02
arm left: 1. left instrument: Tool #1 (Pink). arm right: 3. right instrument: Tool #9 (Orange). do a hysterectomy,1,cmr_versius:01
arm left: 1. left instrument: Tool #1 (Purple). arm right: -1. right instrument: Tool #3 (None). do an inguinal hernia repair,1,cmr_versius:02
arm left: 1. left instrument: Tool #1 (Purple). arm right: 0. right instrument: Tool #17 (White). do an inguinal hernia repair,1,cmr_versius:02
arm left: 1. left instrument: Tool #1 (Purple). arm right: 2. right instrument: Tool #9 (Pink). do an inguinal hernia repair,1,cmr_versius:02
arm left: 1. left instrument: Tool #10 (Purple). arm right: -1. right instrument: Tool #3 (None). do a hysterectomy,1,cmr_versius:01
arm left: 1. left instrument: Tool #10 (Purple). arm right: 2. right instrument: Tool #0 (Blue). do a hysterectomy,1,cmr_versius:01
arm left: 1. left instrument: Tool #12 (Cyan). arm right: -1. right instrument: Tool #3 (None). do a cholecystectomy,1,cmr_versius:00
arm left: 1. left instrument: Tool #12 (Cyan). arm right: -1. right instrument: Tool #3 (None). do a hysterectomy,1,cmr_versius:01
arm left: 1. left instrument: Tool #12 (Cyan). arm right: 2. right instrument: Tool #2 (Orange). do a hysterectomy,1,cmr_versius:01
arm left: 1. left instrument: Tool #12 (Cyan). arm right: 2. right instrument: Tool #8 (Purple). do a cholecystectomy,1,cmr_versius:00
arm left: 1. left instrument: Tool #12 (Cyan). arm right: 2. right instrument: Tool #9 (Orange). do a hysterectomy,1,cmr_versius:01
arm left: 1. left instrument: Tool #12 (Cyan). arm right: 3. right instrument: Tool #2 (Pink). do a hysterectomy,1,cmr_versius:01
arm left: 1. left instrument: Tool #12 (Cyan). arm right: 3. right instrument: Tool #9 (Pink). do a hysterectomy,1,cmr_versius:01
arm left: 1. left instrument: Tool #12 (Green). arm right: -1. right instrument: Tool #3 (None). do a hysterectomy,1,cmr_versius:01
arm left: 1. left instrument: Tool #12 (Green). arm right: 2. right instrument: Tool #2 (Pink). do a hysterectomy,1,cmr_versius:01
arm left: 1. left instrument: Tool #12 (Green). arm right: 2. right instrument: Tool #9 (Pink). do a hysterectomy,1,cmr_versius:01
arm left: 1. left instrument: Tool #12 (Green). arm right: 3. right instrument: Tool #0 (Cyan). do a hysterectomy,1,cmr_versius:01
arm left: 1. left instrument: Tool #12 (None). arm right: 3. right instrument: Tool #9 (None). do a hysterectomy,1,cmr_versius:01
arm left: 1. left instrument: Tool #12 (Orange). arm right: -1. right instrument: Tool #3 (None). do a hysterectomy,1,cmr_versius:01
arm left: 1. left instrument: Tool #12 (Orange). arm right: -1. right instrument: Tool #3 (None). do an inguinal hernia repair,1,cmr_versius:02
arm left: 1. left instrument: Tool #12 (Orange). arm right: 0. right instrument: Tool #14 (White). do a hysterectomy,1,cmr_versius:01
arm left: 1. left instrument: Tool #12 (Orange). arm right: 0. right instrument: Tool #17 (White). do a hysterectomy,1,cmr_versius:01
arm left: 1. left instrument: Tool #12 (Orange). arm right: 0. right instrument: Tool #17 (White). do an inguinal hernia repair,1,cmr_versius:02
arm left: 1. left instrument: Tool #12 (Orange). arm right: 2. right instrument: Tool #2 (Cyan). do a hysterectomy,1,cmr_versius:01
arm left: 1. left instrument: Tool #12 (Orange). arm right: 2. right instrument: Tool #9 (Blue). do an inguinal hernia repair,1,cmr_versius:02
arm left: 1. left instrument: Tool #12 (Orange). arm right: 2. right instrument: Tool #9 (Cyan). do a hysterectomy,1,cmr_versius:01
arm left: 1. left instrument: Tool #12 (Orange). arm right: 3. right instrument: Tool #0 (Pink). do a hysterectomy,1,cmr_versius:01
arm left: 1. left instrument: Tool #12 (Orange). arm right: 3. right instrument: Tool #9 (Pink). do a hysterectomy,1,cmr_versius:01
arm left: 1. left instrument: Tool #12 (Pink). arm right: -1. right instrument: Tool #3 (None). do a hysterectomy,1,cmr_versius:01
arm left: 1. left instrument: Tool #12 (Pink). arm right: -1. right instrument: Tool #3 (None). do an inguinal hernia repair,1,cmr_versius:02
arm left: 1. left instrument: Tool #12 (Pink). arm right: 0. right instrument: Tool #17 (White). do a hysterectomy,1,cmr_versius:01
arm left: 1. left instrument: Tool #12 (Pink). arm right: 2. right instrument: Tool #0 (Purple). do an inguinal hernia repair,1,cmr_versius:02
arm left: 1. left instrument: Tool #12 (Pink). arm right: 2. right instrument: Tool #2 (Cyan). do a hysterectomy,1,cmr_versius:01
arm left: 1. left instrument: Tool #12 (Pink). arm right: 2. right instrument: Tool #2 (Purple). do an inguinal hernia repair,1,cmr_versius:02
arm left: 1. left instrument: Tool #12 (Pink). arm right: 3. right instrument: Tool #0 (Orange). do a hysterectomy,1,cmr_versius:01
arm left: 1. left instrument: Tool #13 (Blue). arm right: -1. right instrument: Tool #3 (None). do a cholecystectomy,1,cmr_versius:00
arm left: 1. left instrument: Tool #13 (Blue). arm right: -1. right instrument: Tool #3 (None). do an inguinal hernia repair,1,cmr_versius:02
arm left: 1. left instrument: Tool #13 (Blue). arm right: 0. right instrument: Tool #14 (White). do a cholecystectomy,1,cmr_versius:00
arm left: 1. left instrument: Tool #13 (Blue). arm right: 0. right instrument: Tool #14 (White). do an inguinal hernia repair,1,cmr_versius:02
arm left: 1. left instrument: Tool #13 (Blue). arm right: 2. right instrument: Tool #18 (Purple). do an inguinal hernia repair,1,cmr_versius:02
arm left: 1. left instrument: Tool #13 (Blue). arm right: 2. right instrument: Tool #2 (Cyan). do an inguinal hernia repair,1,cmr_versius:02
arm left: 1. left instrument: Tool #13 (Blue). arm right: 2. right instrument: Tool #2 (Orange). do an inguinal hernia repair,1,cmr_versius:02
arm left: 1. left instrument: Tool #13 (Blue). arm right: 2. right instrument: Tool #8 (Green). do a cholecystectomy,1,cmr_versius:00
arm left: 1. left instrument: Tool #13 (Blue). arm right: 2. right instrument: Tool #9 (Cyan). do a cholecystectomy,1,cmr_versius:00
arm left: 1. left instrument: Tool #13 (Blue). arm right: 2. right instrument: Tool #9 (Cyan). do an inguinal hernia repair,1,cmr_versius:02
arm left: 1. left instrument: Tool #13 (Blue). arm right: 3. right instrument: Tool #2 (Pink). do a cholecystectomy,1,cmr_versius:00
arm left: 1. left instrument: Tool #13 (Blue). arm right: 3. right instrument: Tool #8 (Pink). do a cholecystectomy,1,cmr_versius:00
arm left: 1. left instrument: Tool #13 (Cyan). arm right: -1. right instrument: Tool #3 (None). do a cholecystectomy,1,cmr_versius:00
arm left: 1. left instrument: Tool #13 (Cyan). arm right: 0. right instrument: Tool #14 (White). do a cholecystectomy,1,cmr_versius:00
arm left: 1. left instrument: Tool #13 (Cyan). arm right: 2. right instrument: Tool #9 (Blue). do a cholecystectomy,1,cmr_versius:00
arm left: 1. left instrument: Tool #13 (Green). arm right: -1. right instrument: Tool #3 (None). do a cholecystectomy,1,cmr_versius:00
arm left: 1. left instrument: Tool #13 (Green). arm right: 0. right instrument: Tool #14 (White). do a cholecystectomy,1,cmr_versius:00
arm left: 1. left instrument: Tool #13 (Green). arm right: 2. right instrument: Tool #8 (Blue). do a cholecystectomy,1,cmr_versius:00
arm left: 1. left instrument: Tool #13 (Green). arm right: 2. right instrument: Tool #9 (Blue). do a cholecystectomy,1,cmr_versius:00
arm left: 1. left instrument: Tool #13 (Green). arm right: 2. right instrument: Tool #9 (Orange). do a cholecystectomy,1,cmr_versius:00
arm left: 1. left instrument: Tool #13 (Orange). arm right: -1. right instrument: Tool #3 (None). do a cholecystectomy,1,cmr_versius:00
arm left: 1. left instrument: Tool #13 (Orange). arm right: -1. right instrument: Tool #3 (None). do an inguinal hernia repair,1,cmr_versius:02
arm left: 1. left instrument: Tool #13 (Orange). arm right: 0. right instrument: Tool #14 (White). do a cholecystectomy,1,cmr_versius:00
arm left: 1. left instrument: Tool #13 (Orange). arm right: 0. right instrument: Tool #17 (White). do an inguinal hernia repair,1,cmr_versius:02
arm left: 1. left instrument: Tool #13 (Orange). arm right: 2. right instrument: Tool #18 (Blue). do an inguinal hernia repair,1,cmr_versius:02
arm left: 1. left instrument: Tool #13 (Orange). arm right: 2. right instrument: Tool #2 (Blue). do an inguinal hernia repair,1,cmr_versius:02
arm left: 1. left instrument: Tool #13 (Orange). arm right: 2. right instrument: Tool #2 (Pink). do an inguinal hernia repair,1,cmr_versius:02
arm left: 1. left instrument: Tool #13 (Orange). arm right: 2. right instrument: Tool #8 (Blue). do an inguinal hernia repair,1,cmr_versius:02
arm left: 1. left instrument: Tool #13 (Orange). arm right: 2. right instrument: Tool #8 (Pink). do an inguinal hernia repair,1,cmr_versius:02
arm left: 1. left instrument: Tool #13 (Orange). arm right: 2. right instrument: Tool #9 (Blue). do a cholecystectomy,1,cmr_versius:00
arm left: 1. left instrument: Tool #13 (Purple). arm right: -1. right instrument: Tool #3 (None). do an inguinal hernia repair,1,cmr_versius:02
arm left: 1. left instrument: Tool #13 (Purple). arm right: 0. right instrument: Tool #14 (White). do an inguinal hernia repair,1,cmr_versius:02
arm left: 1. left instrument: Tool #13 (Purple). arm right: 2. right instrument: Tool #2 (Blue). do an inguinal hernia repair,1,cmr_versius:02
arm left: 1. left instrument: Tool #13 (Purple). arm right: 2. right instrument: Tool #2 (Cyan). do an inguinal hernia repair,1,cmr_versius:02
arm left: 1. left instrument: Tool #13 (Purple). arm right: 2. right instrument: Tool #9 (Cyan). do an inguinal hernia repair,1,cmr_versius:02
arm left: 1. left instrument: Tool #18 (Blue). arm right: -1. right instrument: Tool #3 (None). do a hysterectomy,1,cmr_versius:01
arm left: 1. left instrument: Tool #18 (Blue). arm right: -1. right instrument: Tool #3 (None). do a prostatectomy,1,cmr_versius:03
arm left: 1. left instrument: Tool #18 (Blue). arm right: -1. right instrument: Tool #3 (None). do an inguinal hernia repair,1,cmr_versius:02
arm left: 1. left instrument: Tool #18 (Blue). arm right: 0. right instrument: Tool #14 (White). do a hysterectomy,1,cmr_versius:01
arm left: 1. left instrument: Tool #18 (Blue). arm right: 0. right instrument: Tool #14 (White). do a prostatectomy,1,cmr_versius:03
arm left: 1. left instrument: Tool #18 (Blue). arm right: 0. right instrument: Tool #17 (White). do an inguinal hernia repair,1,cmr_versius:02
arm left: 1. left instrument: Tool #18 (Blue). arm right: 2. right instrument: Tool #0 (Green). do a prostatectomy,1,cmr_versius:03
arm left: 1. left instrument: Tool #18 (Blue). arm right: 2. right instrument: Tool #10 (Cyan). do a hysterectomy,1,cmr_versius:01
arm left: 1. left instrument: Tool #18 (Blue). arm right: 2. right instrument: Tool #13 (Orange). do a hysterectomy,1,cmr_versius:01
arm left: 1. left instrument: Tool #18 (Blue). arm right: 2. right instrument: Tool #2 (Cyan). do a hysterectomy,1,cmr_versius:01
arm left: 1. left instrument: Tool #18 (Blue). arm right: 2. right instrument: Tool #2 (Cyan). do an inguinal hernia repair,1,cmr_versius:02
arm left: 1. left instrument: Tool #18 (Blue). arm right: 2. right instrument: Tool #2 (Green). do a prostatectomy,1,cmr_versius:03
arm left: 1. left instrument: Tool #18 (Blue). arm right: 2. right instrument: Tool #8 (Cyan). do a hysterectomy,1,cmr_versius:01
arm left: 1. left instrument: Tool #18 (Blue). arm right: 2. right instrument: Tool #9 (Cyan). do an inguinal hernia repair,1,cmr_versius:02
arm left: 1. left instrument: Tool #18 (Blue). arm right: 2. right instrument: Tool #9 (Green). do a prostatectomy,1,cmr_versius:03
arm left: 1. left instrument: Tool #18 (Blue). arm right: 2. right instrument: Tool #9 (Orange). do a hysterectomy,1,cmr_versius:01
arm left: 1. left instrument: Tool #18 (Blue). arm right: 2. right instrument: Tool #9 (Orange). do a prostatectomy,1,cmr_versius:03
arm left: 1. left instrument: Tool #18 (Blue). arm right: 3. right instrument: Tool #0 (Green). do a hysterectomy,1,cmr_versius:01
arm left: 1. left instrument: Tool #18 (Blue). arm right: 3. right instrument: Tool #2 (Green). do a prostatectomy,1,cmr_versius:03
arm left: 1. left instrument: Tool #18 (Blue). arm right: 3. right instrument: Tool #9 (Green). do a hysterectomy,1,cmr_versius:01
arm left: 1. left instrument: Tool #18 (Blue). arm right: 3. right instrument: Tool #9 (Green). do a prostatectomy,1,cmr_versius:03
arm left: 1. left instrument: Tool #18 (Blue). arm right: 3. right instrument: Tool #9 (Orange). do a prostatectomy,1,cmr_versius:03
arm left: 1. left instrument: Tool #18 (Cyan). arm right: -1. right instrument: Tool #3 (None). do a hysterectomy,1,cmr_versius:01
arm left: 1. left instrument: Tool #18 (Cyan). arm right: -1. right instrument: Tool #3 (None). do a prostatectomy,1,cmr_versius:03
arm left: 1. left instrument: Tool #18 (Cyan). arm right: -1. right instrument: Tool #3 (None). do an inguinal hernia repair,1,cmr_versius:02
arm left: 1. left instrument: Tool #18 (Cyan). arm right: 0. right instrument: Tool #14 (White). do a hysterectomy,1,cmr_versius:01
arm left: 1. left instrument: Tool #18 (Cyan). arm right: 0. right instrument: Tool #14 (White). do an inguinal hernia repair,1,cmr_versius:02
arm left: 1. left instrument: Tool #18 (Cyan). arm right: 0. right instrument: Tool #17 (White). do an inguinal hernia repair,1,cmr_versius:02
arm left: 1. left instrument: Tool #18 (Cyan). arm right: 2. right instrument: Tool #10 (Purple). do a hysterectomy,1,cmr_versius:01
arm left: 1. left instrument: Tool #18 (Cyan). arm right: 2. right instrument: Tool #13 (Orange). do a hysterectomy,1,cmr_versius:01
arm left: 1. left instrument: Tool #18 (Cyan). arm right: 2. right instrument: Tool #2 (Pink). do a hysterectomy,1,cmr_versius:01
arm left: 1. left instrument: Tool #18 (Cyan). arm right: 2. right instrument: Tool #2 (Pink). do an inguinal hernia repair,1,cmr_versius:02
arm left: 1. left instrument: Tool #18 (Cyan). arm right: 2. right instrument: Tool #2 (Purple). do a hysterectomy,1,cmr_versius:01
arm left: 1. left instrument: Tool #18 (Cyan). arm right: 2. right instrument: Tool #2 (Purple). do an inguinal hernia repair,1,cmr_versius:02
arm left: 1. left instrument: Tool #18 (Cyan). arm right: 2. right instrument: Tool #8 (Pink). do a hysterectomy,1,cmr_versius:01
arm left: 1. left instrument: Tool #18 (Cyan). arm right: 2. right instrument: Tool #8 (Purple). do a hysterectomy,1,cmr_versius:01
arm left: 1. left instrument: Tool #18 (Cyan). arm right: 2. right instrument: Tool #9 (Green). do an inguinal hernia repair,1,cmr_versius:02
arm left: 1. left instrument: Tool #18 (Cyan). arm right: 2. right instrument: Tool #9 (Pink). do a hysterectomy,1,cmr_versius:01
arm left: 1. left instrument: Tool #18 (Cyan). arm right: 2. right instrument: Tool #9 (Pink). do an inguinal hernia repair,1,cmr_versius:02
arm left: 1. left instrument: Tool #18 (Cyan). arm right: 2. right instrument: Tool #9 (Purple). do an inguinal hernia repair,1,cmr_versius:02
arm left: 1. left instrument: Tool #18 (Cyan). arm right: 3. right instrument: Tool #13 (Orange). do a hysterectomy,1,cmr_versius:01
arm left: 1. left instrument: Tool #18 (Cyan). arm right: 3. right instrument: Tool #2 (Blue). do a prostatectomy,1,cmr_versius:03
arm left: 1. left instrument: Tool #18 (Cyan). arm right: 3. right instrument: Tool #2 (Pink). do a hysterectomy,1,cmr_versius:01
arm left: 1. left instrument: Tool #18 (Cyan). arm right: 3. right instrument: Tool #8 (Pink). do a hysterectomy,1,cmr_versius:01
arm left: 1. left instrument: Tool #18 (Cyan). arm right: 3. right instrument: Tool #9 (Blue). do a prostatectomy,1,cmr_versius:03
arm left: 1. left instrument: Tool #18 (Cyan). arm right: 3. right instrument: Tool #9 (Pink). do a hysterectomy,1,cmr_versius:01
arm left: 1. left instrument: Tool #18 (Green). arm right: -1. right instrument: Tool #3 (None). do a hysterectomy,1,cmr_versius:01
arm left: 1. left instrument: Tool #18 (Green). arm right: -1. right instrument: Tool #3 (None). do a prostatectomy,1,cmr_versius:03
arm left: 1. left instrument: Tool #18 (Green). arm right: -1. right instrument: Tool #3 (None). do an inguinal hernia repair,1,cmr_versius:02
arm left: 1. left instrument: Tool #18 (Green). arm right: 0. right instrument: Tool #14 (White). do a prostatectomy,1,cmr_versius:03
arm left: 1. left instrument: Tool #18 (Green). arm right: 2. right instrument: Tool #0 (Orange). do a prostatectomy,1,cmr_versius:03
arm left: 1. left instrument: Tool #18 (Green). arm right: 2. right instrument: Tool #13 (Pink). do an inguinal hernia repair,1,cmr_versius:02
arm left: 1. left instrument: Tool #18 (Green). arm right: 2. right instrument: Tool #2 (Blue). do a hysterectomy,1,cmr_versius:01
arm left: 1. left instrument: Tool #18 (Green). arm right: 2. right instrument: Tool #8 (Orange). do an inguinal hernia repair,1,cmr_versius:02
arm left: 1. left instrument: Tool #18 (Green). arm right: 2. right instrument: Tool #9 (Blue). do a hysterectomy,1,cmr_versius:01
arm left: 1. left instrument: Tool #18 (Green). arm right: 2. right instrument: Tool #9 (Blue). do a prostatectomy,1,cmr_versius:03
arm left: 1. left instrument: Tool #18 (Green). arm right: 2. right instrument: Tool #9 (Orange). do a hysterectomy,1,cmr_versius:01
arm left: 1. left instrument: Tool #18 (Green). arm right: 2. right instrument: Tool #9 (Orange). do a prostatectomy,1,cmr_versius:03
arm left: 1. left instrument: Tool #18 (Green). arm right: 2. right instrument: Tool #9 (Orange). do an inguinal hernia repair,1,cmr_versius:02
arm left: 1. left instrument: Tool #18 (Green). arm right: 2. right instrument: Tool #9 (Pink). do an inguinal hernia repair,1,cmr_versius:02
arm left: 1. left instrument: Tool #18 (Green). arm right: 3. right instrument: Tool #0 (Blue). do a prostatectomy,1,cmr_versius:03
arm left: 1. left instrument: Tool #18 (Green). arm right: 3. right instrument: Tool #0 (Orange). do a hysterectomy,1,cmr_versius:01
arm left: 1. left instrument: Tool #18 (Green). arm right: 3. right instrument: Tool #2 (Orange). do a prostatectomy,1,cmr_versius:03
arm left: 1. left instrument: Tool #18 (Green). arm right: 3. right instrument: Tool #2 (Pink). do a prostatectomy,1,cmr_versius:03
arm left: 1. left instrument: Tool #18 (Green). arm right: 3. right instrument: Tool #9 (Blue). do a prostatectomy,1,cmr_versius:03
arm left: 1. left instrument: Tool #18 (Green). arm right: 3. right instrument: Tool #9 (Orange). do a prostatectomy,1,cmr_versius:03
arm left: 1. left instrument: Tool #18 (Green). arm right: 3. right instrument: Tool #9 (Pink). do a prostatectomy,1,cmr_versius:03
arm left: 1. left instrument: Tool #18 (None). arm right: 2. right instrument: Tool #9 (None). do a prostatectomy,1,cmr_versius:03
arm left: 1. left instrument: Tool #18 (Orange). arm right: -1. right instrument: Tool #3 (None). do a hysterectomy,1,cmr_versius:01
arm left: 1. left instrument: Tool #18 (Orange). arm right: -1. right instrument: Tool #3 (None). do a prostatectomy,1,cmr_versius:03
arm left: 1. left instrument: Tool #18 (Orange). arm right: 0. right instrument: Tool #14 (White). do a prostatectomy,1,cmr_versius:03
arm left: 1. left instrument: Tool #18 (Orange). arm right: 2. right instrument: Tool #0 (Blue). do a prostatectomy,1,cmr_versius:03
arm left: 1. left instrument: Tool #18 (Orange). arm right: 2. right instrument: Tool #0 (Green). do a hysterectomy,1,cmr_versius:01
arm left: 1. left instrument: Tool #18 (Orange). arm right: 2. right instrument: Tool #0 (Green). do a prostatectomy,1,cmr_versius:03
arm left: 1. left instrument: Tool #18 (Orange). arm right: 2. right instrument: Tool #9 (Blue). do a prostatectomy,1,cmr_versius:03
arm left: 1. left instrument: Tool #18 (Orange). arm right: 3. right instrument: Tool #2 (Blue). do a prostatectomy,1,cmr_versius:03
arm left: 1. left instrument: Tool #18 (Orange). arm right: 3. right instrument: Tool #2 (Green). do a prostatectomy,1,cmr_versius:03
arm left: 1. left instrument: Tool #18 (Orange). arm right: 3. right instrument: Tool #9 (Blue). do a prostatectomy,1,cmr_versius:03
arm left: 1. left instrument: Tool #18 (Orange). arm right: 3. right instrument: Tool #9 (Cyan). do a prostatectomy,1,cmr_versius:03
arm left: 1. left instrument: Tool #18 (Orange). arm right: 3. right instrument: Tool #9 (Green). do a prostatectomy,1,cmr_versius:03
arm left: 1. left instrument: Tool #18 (Orange). arm right: 3. right instrument: Tool #9 (Pink). do a hysterectomy,1,cmr_versius:01
arm left: 1. left instrument: Tool #18 (Orange). arm right: 3. right instrument: Tool #9 (Pink). do a prostatectomy,1,cmr_versius:03
arm left: 1. left instrument: Tool #18 (Pink). arm right: -1. right instrument: Tool #3 (None). do a hysterectomy,1,cmr_versius:01
arm left: 1. left instrument: Tool #18 (Pink). arm right: -1. right instrument: Tool #3 (None). do a prostatectomy,1,cmr_versius:03
arm left: 1. left instrument: Tool #18 (Pink). arm right: -1. right instrument: Tool #3 (None). do an inguinal hernia repair,1,cmr_versius:02
arm left: 1. left instrument: Tool #18 (Pink). arm right: 0. right instrument: Tool #14 (White). do a prostatectomy,1,cmr_versius:03
arm left: 1. left instrument: Tool #18 (Pink). arm right: 0. right instrument: Tool #14 (White). do an inguinal hernia repair,1,cmr_versius:02
arm left: 1. left instrument: Tool #18 (Pink). arm right: 2. right instrument: Tool #0 (Blue). do a prostatectomy,1,cmr_versius:03
arm left: 1. left instrument: Tool #18 (Pink). arm right: 2. right instrument: Tool #0 (Orange). do a prostatectomy,1,cmr_versius:03
arm left: 1. left instrument: Tool #18 (Pink). arm right: 2. right instrument: Tool #0 (Orange). do an inguinal hernia repair,1,cmr_versius:02
arm left: 1. left instrument: Tool #18 (Pink). arm right: 2. right instrument: Tool #2 (Green). do a hysterectomy,1,cmr_versius:01
arm left: 1. left instrument: Tool #18 (Pink). arm right: 2. right instrument: Tool #2 (Green). do an inguinal hernia repair,1,cmr_versius:02
arm left: 1. left instrument: Tool #18 (Pink). arm right: 2. right instrument: Tool #2 (Orange). do an inguinal hernia repair,1,cmr_versius:02
arm left: 1. left instrument: Tool #18 (Pink). arm right: 2. right instrument: Tool #9 (Cyan). do a hysterectomy,1,cmr_versius:01
arm left: 1. left instrument: Tool #18 (Pink). arm right: 2. right instrument: Tool #9 (Green). do a hysterectomy,1,cmr_versius:01
arm left: 1. left instrument: Tool #18 (Pink). arm right: 2. right instrument: Tool #9 (Green). do an inguinal hernia repair,1,cmr_versius:02
arm left: 1. left instrument: Tool #18 (Pink). arm right: 2. right instrument: Tool #9 (Orange). do a prostatectomy,1,cmr_versius:03
arm left: 1. left instrument: Tool #18 (Pink). arm right: 2. right instrument: Tool #9 (Orange). do an inguinal hernia repair,1,cmr_versius:02
arm left: 1. left instrument: Tool #18 (Pink). arm right: 3. right instrument: Tool #9 (Blue). do a prostatectomy,1,cmr_versius:03
arm left: 1. left instrument: Tool #18 (Pink). arm right: 3. right instrument: Tool #9 (Green). do a prostatectomy,1,cmr_versius:03
arm left: 1. left instrument: Tool #2 (Blue). arm right: -1. right instrument: Tool #3 (None). do a hysterectomy,1,cmr_versius:01
arm left: 1. left instrument: Tool #2 (Blue). arm right: -1. right instrument: Tool #3 (None). do a prostatectomy,1,cmr_versius:03
arm left: 1. left instrument: Tool #2 (Blue). arm right: -1. right instrument: Tool #3 (None). do an inguinal hernia repair,1,cmr_versius:02
arm left: 1. left instrument: Tool #2 (Blue). arm right: 0. right instrument: Tool #14 (White). do a hysterectomy,1,cmr_versius:01
arm left: 1. left instrument: Tool #2 (Blue). arm right: 2. right instrument: Tool #13 (Orange). do a hysterectomy,1,cmr_versius:01
arm left: 1. left instrument: Tool #2 (Blue). arm right: 2. right instrument: Tool #18 (Purple). do an inguinal hernia repair,1,cmr_versius:02
arm left: 1. left instrument: Tool #2 (Blue). arm right: 2. right instrument: Tool #2 (Cyan). do an inguinal hernia repair,1,cmr_versius:02
arm left: 1. left instrument: Tool #2 (Blue). arm right: 2. right instrument: Tool #2 (Green). do a prostatectomy,1,cmr_versius:03
arm left: 1. left instrument: Tool #2 (Blue). arm right: 2. right instrument: Tool #2 (Orange). do a hysterectomy,1,cmr_versius:01
arm left: 1. left instrument: Tool #2 (Blue). arm right: 2. right instrument: Tool #2 (Orange). do a prostatectomy,1,cmr_versius:03
arm left: 1. left instrument: Tool #2 (Blue). arm right: 2. right instrument: Tool #2 (Purple). do an inguinal hernia repair,1,cmr_versius:02
arm left: 1. left instrument: Tool #2 (Blue). arm right: 3. right instrument: Tool #0 (Green). do a hysterectomy,1,cmr_versius:01
arm left: 1. left instrument: Tool #2 (Blue). arm right: 3. right instrument: Tool #2 (Green). do a hysterectomy,1,cmr_versius:01
arm left: 1. left instrument: Tool #2 (Blue). arm right: 3. right instrument: Tool #2 (Green). do a prostatectomy,1,cmr_versius:03
arm left: 1. left instrument: Tool #2 (Cyan). arm right: -1. right instrument: Tool #3 (None). do a prostatectomy,1,cmr_versius:03
arm left: 1. left instrument: Tool #2 (Cyan). arm right: -1. right instrument: Tool #3 (None). do an inguinal hernia repair,1,cmr_versius:02
arm left: 1. left instrument: Tool #2 (Cyan). arm right: 0. right instrument: Tool #17 (White). do an inguinal hernia repair,1,cmr_versius:02
arm left: 1. left instrument: Tool #2 (Cyan). arm right: 2. right instrument: Tool #2 (Blue). do an inguinal hernia repair,1,cmr_versius:02
arm left: 1. left instrument: Tool #2 (Cyan). arm right: 2. right instrument: Tool #2 (Green). do an inguinal hernia repair,1,cmr_versius:02
arm left: 1. left instrument: Tool #2 (Cyan). arm right: 3. right instrument: Tool #2 (Blue). do a prostatectomy,1,cmr_versius:03
arm left: 1. left instrument: Tool #2 (Green). arm right: -1. right instrument: Tool #3 (None). do a hysterectomy,1,cmr_versius:01
arm left: 1. left instrument: Tool #2 (Green). arm right: -1. right instrument: Tool #3 (None). do a prostatectomy,1,cmr_versius:03
arm left: 1. left instrument: Tool #2 (Green). arm right: -1. right instrument: Tool #3 (None). do an inguinal hernia repair,1,cmr_versius:02
arm left: 1. left instrument: Tool #2 (Green). arm right: 0. right instrument: Tool #14 (White). do a prostatectomy,1,cmr_versius:03
arm left: 1. left instrument: Tool #2 (Green). arm right: 2. right instrument: Tool #0 (Orange). do a prostatectomy,1,cmr_versius:03
arm left: 1. left instrument: Tool #2 (Green). arm right: 2. right instrument: Tool #2 (Blue). do a prostatectomy,1,cmr_versius:03
arm left: 1. left instrument: Tool #2 (Green). arm right: 2. right instrument: Tool #2 (Orange). do a hysterectomy,1,cmr_versius:01
arm left: 1. left instrument: Tool #2 (Green). arm right: 2. right instrument: Tool #2 (Orange). do a prostatectomy,1,cmr_versius:03
arm left: 1. left instrument: Tool #2 (Green). arm right: 2. right instrument: Tool #2 (Orange). do an inguinal hernia repair,1,cmr_versius:02
arm left: 1. left instrument: Tool #2 (Green). arm right: 2. right instrument: Tool #2 (Pink). do an inguinal hernia repair,1,cmr_versius:02
arm left: 1. left instrument: Tool #2 (Green). arm right: 3. right instrument: Tool #2 (Blue). do a prostatectomy,1,cmr_versius:03
arm left: 1. left instrument: Tool #2 (Green). arm right: 3. right instrument: Tool #2 (Orange). do a prostatectomy,1,cmr_versius:03
arm left: 1. left instrument: Tool #2 (Green). arm right: 3. right instrument: Tool #2 (Pink). do a prostatectomy,1,cmr_versius:03
arm left: 1. left instrument: Tool #2 (Orange). arm right: -1. right instrument: Tool #3 (None). do a hysterectomy,1,cmr_versius:01
arm left: 1. left instrument: Tool #2 (Orange). arm right: -1. right instrument: Tool #3 (None). do a prostatectomy,1,cmr_versius:03
arm left: 1. left instrument: Tool #2 (Orange). arm right: -1. right instrument: Tool #3 (None). do an inguinal hernia repair,1,cmr_versius:02
arm left: 1. left instrument: Tool #2 (Orange). arm right: 0. right instrument: Tool #14 (White). do a prostatectomy,1,cmr_versius:03
arm left: 1. left instrument: Tool #2 (Orange). arm right: 2. right instrument: Tool #0 (Blue). do a prostatectomy,1,cmr_versius:03
arm left: 1. left instrument: Tool #2 (Orange). arm right: 2. right instrument: Tool #0 (Green). do a hysterectomy,1,cmr_versius:01
arm left: 1. left instrument: Tool #2 (Orange). arm right: 2. right instrument: Tool #0 (Green). do a prostatectomy,1,cmr_versius:03
arm left: 1. left instrument: Tool #2 (Orange). arm right: 2. right instrument: Tool #2 (Blue). do a prostatectomy,1,cmr_versius:03
arm left: 1. left instrument: Tool #2 (Orange). arm right: 2. right instrument: Tool #2 (Blue). do an inguinal hernia repair,1,cmr_versius:02
arm left: 1. left instrument: Tool #2 (Orange). arm right: 2. right instrument: Tool #2 (Green). do an inguinal hernia repair,1,cmr_versius:02
arm left: 1. left instrument: Tool #2 (Orange). arm right: 2. right instrument: Tool #2 (Purple). do an inguinal hernia repair,1,cmr_versius:02
arm left: 1. left instrument: Tool #2 (Orange). arm right: 3. right instrument: Tool #2 (Blue). do a prostatectomy,1,cmr_versius:03
arm left: 1. left instrument: Tool #2 (Orange). arm right: 3. right instrument: Tool #2 (Green). do a prostatectomy,1,cmr_versius:03
arm left: 1. left instrument: Tool #2 (Orange). arm right: 3. right instrument: Tool #2 (Pink). do a hysterectomy,1,cmr_versius:01
arm left: 1. left instrument: Tool #2 (Orange). arm right: 3. right instrument: Tool #2 (Pink). do a prostatectomy,1,cmr_versius:03
arm left: 1. left instrument: Tool #2 (Pink). arm right: -1. right instrument: Tool #3 (None). do a hysterectomy,1,cmr_versius:01
arm left: 1. left instrument: Tool #2 (Pink). arm right: -1. right instrument: Tool #3 (None). do a prostatectomy,1,cmr_versius:03
arm left: 1. left instrument: Tool #2 (Pink). arm right: -1. right instrument: Tool #3 (None). do an inguinal hernia repair,1,cmr_versius:02
arm left: 1. left instrument: Tool #2 (Pink). arm right: 0. right instrument: Tool #14 (White). do a hysterectomy,1,cmr_versius:01
arm left: 1. left instrument: Tool #2 (Pink). arm right: 0. right instrument: Tool #14 (White). do an inguinal hernia repair,1,cmr_versius:02
arm left: 1. left instrument: Tool #2 (Pink). arm right: 2. right instrument: Tool #0 (Blue). do a prostatectomy,1,cmr_versius:03
arm left: 1. left instrument: Tool #2 (Pink). arm right: 2. right instrument: Tool #0 (Orange). do a prostatectomy,1,cmr_versius:03
arm left: 1. left instrument: Tool #2 (Pink). arm right: 2. right instrument: Tool #2 (Blue). do an inguinal hernia repair,1,cmr_versius:02
arm left: 1. left instrument: Tool #2 (Pink). arm right: 2. right instrument: Tool #2 (Cyan). do a hysterectomy,1,cmr_versius:01
arm left: 1. left instrument: Tool #2 (Pink). arm right: 2. right instrument: Tool #2 (Green). do a hysterectomy,1,cmr_versius:01
arm left: 1. left instrument: Tool #2 (Pink). arm right: 2. right instrument: Tool #2 (Green). do an inguinal hernia repair,1,cmr_versius:02
arm left: 1. left instrument: Tool #2 (Pink). arm right: 2. right instrument: Tool #2 (Orange). do a prostatectomy,1,cmr_versius:03
arm left: 1. left instrument: Tool #2 (Pink). arm right: 3. right instrument: Tool #18 (Green). do a hysterectomy,1,cmr_versius:01
arm left: 1. left instrument: Tool #2 (Pink). arm right: 3. right instrument: Tool #2 (Blue). do a prostatectomy,1,cmr_versius:03
arm left: 1. left instrument: Tool #2 (Pink). arm right: 3. right instrument: Tool #2 (Green). do a prostatectomy,1,cmr_versius:03
arm left: 1. left instrument: Tool #2 (Purple). arm right: -1. right instrument: Tool #3 (None). do an inguinal hernia repair,1,cmr_versius:02
arm left: 1. left instrument: Tool #2 (Purple). arm right: 2. right instrument: Tool #0 (Cyan). do an inguinal hernia repair,1,cmr_versius:02
arm left: 1. left instrument: Tool #2 (Purple). arm right: 2. right instrument: Tool #13 (Blue). do an inguinal hernia repair,1,cmr_versius:02
arm left: 1. left instrument: Tool #2 (Purple). arm right: 2. right instrument: Tool #2 (Pink). do an inguinal hernia repair,1,cmr_versius:02
arm left: 1. left instrument: Tool #2 (Purple). arm right: 2. right instrument: Tool #9 (Cyan). do an inguinal hernia repair,1,cmr_versius:02
arm left: 1. left instrument: Tool #4 (Cyan). arm right: -1. right instrument: Tool #3 (None). do a cholecystectomy,1,cmr_versius:00
arm left: 1. left instrument: Tool #4 (Cyan). arm right: 2. right instrument: Tool #8 (Pink). do a cholecystectomy,1,cmr_versius:00
arm left: 1. left instrument: Tool #8 (Orange). arm right: -1. right instrument: Tool #3 (None). do an inguinal hernia repair,1,cmr_versius:02
arm left: 1. left instrument: Tool #8 (Orange). arm right: 2. right instrument: Tool #13 (Pink). do an inguinal hernia repair,1,cmr_versius:02
arm left: 1. left instrument: Tool #9 (Blue). arm right: -1. right instrument: Tool #3 (None). do an inguinal hernia repair,1,cmr_versius:02
arm left: 1. left instrument: Tool #9 (Blue). arm right: 0. right instrument: Tool #17 (White). do an inguinal hernia repair,1,cmr_versius:02
arm left: 1. left instrument: Tool #9 (Blue). arm right: 2. right instrument: Tool #0 (Cyan). do an inguinal hernia repair,1,cmr_versius:02
arm left: 1. left instrument: Tool #9 (Cyan). arm right: 2. right instrument: Tool #2 (Orange). do a hysterectomy,1,cmr_versius:01
arm left: 1. left instrument: Tool #9 (Orange). arm right: -1. right instrument: Tool #3 (None). do an inguinal hernia repair,1,cmr_versius:02
arm left: 1. left instrument: Tool #9 (Pink). arm right: -1. right instrument: Tool #3 (None). do a hysterectomy,1,cmr_versius:01
arm left: 1. left instrument: Tool #9 (Pink). arm right: -1. right instrument: Tool #3 (None). do an inguinal hernia repair,1,cmr_versius:02
arm left: 1. left instrument: Tool #9 (Pink). arm right: 0. right instrument: Tool #17 (White). do a hysterectomy,1,cmr_versius:01
arm left: 1. left instrument: Tool #9 (Pink). arm right: 2. right instrument: Tool #0 (Purple). do an inguinal hernia repair,1,cmr_versius:02
arm left: 1. left instrument: Tool #9 (Pink). arm right: 3. right instrument: Tool #18 (Green). do a hysterectomy,1,cmr_versius:01
arm left: 1. left instrument: Tool #9 (Purple). arm right: -1. right instrument: Tool #3 (None). do an inguinal hernia repair,1,cmr_versius:02
arm left: 1. left instrument: Tool #9 (Purple). arm right: 2. right instrument: Tool #2 (Blue). do an inguinal hernia repair,1,cmr_versius:02
arm left: 2. left instrument: Tool #0 (Blue). arm right: -1. right instrument: Tool #3 (None). do a cholecystectomy,1,cmr_versius:00
arm left: 2. left instrument: Tool #0 (Blue). arm right: -1. right instrument: Tool #3 (None). do a hysterectomy,1,cmr_versius:01
arm left: 2. left instrument: Tool #0 (Blue). arm right: -1. right instrument: Tool #3 (None). do a prostatectomy,1,cmr_versius:03
arm left: 2. left instrument: Tool #0 (Blue). arm right: -1. right instrument: Tool #3 (None). do an inguinal hernia repair,1,cmr_versius:02
arm left: 2. left instrument: Tool #0 (Blue). arm right: 0. right instrument: Tool #14 (White). do a cholecystectomy,1,cmr_versius:00
arm left: 2. left instrument: Tool #0 (Blue). arm right: 0. right instrument: Tool #14 (White). do an inguinal hernia repair,1,cmr_versius:02
arm left: 2. left instrument: Tool #0 (Blue). arm right: 0. right instrument: Tool #17 (White). do an inguinal hernia repair,1,cmr_versius:02
arm left: 2. left instrument: Tool #0 (Blue). arm right: 1. right instrument: Tool #13 (Orange). do a cholecystectomy,1,cmr_versius:00
arm left: 2. left instrument: Tool #0 (Blue). arm right: 1. right instrument: Tool #18 (Cyan). do an inguinal hernia repair,1,cmr_versius:02
arm left: 2. left instrument: Tool #0 (Blue). arm right: 1. right instrument: Tool #18 (Green). do a cholecystectomy,1,cmr_versius:00
arm left: 2. left instrument: Tool #0 (Blue). arm right: 1. right instrument: Tool #2 (Cyan). do an inguinal hernia repair,1,cmr_versius:02
arm left: 2. left instrument: Tool #0 (Blue). arm right: 1. right instrument: Tool #2 (Green). do a hysterectomy,1,cmr_versius:01
arm left: 2. left instrument: Tool #0 (Blue). arm right: 1. right instrument: Tool #2 (Green). do an inguinal hernia repair,1,cmr_versius:02
arm left: 2. left instrument: Tool #0 (Blue). arm right: 1. right instrument: Tool #2 (Orange). do a hysterectomy,1,cmr_versius:01
arm left: 2. left instrument: Tool #0 (Blue). arm right: 1. right instrument: Tool #2 (Orange). do an inguinal hernia repair,1,cmr_versius:02
arm left: 2. left instrument: Tool #0 (Blue). arm right: 1. right instrument: Tool #2 (Pink). do an inguinal hernia repair,1,cmr_versius:02
arm left: 2. left instrument: Tool #0 (Blue). arm right: 1. right instrument: Tool #8 (Cyan). do an inguinal hernia repair,1,cmr_versius:02
arm left: 2. left instrument: Tool #0 (Blue). arm right: 1. right instrument: Tool #8 (Green). do a cholecystectomy,1,cmr_versius:00
arm left: 2. left instrument: Tool #0 (Blue). arm right: 1. right instrument: Tool #9 (Cyan). do a cholecystectomy,1,cmr_versius:00
arm left: 2. left instrument: Tool #0 (Blue). arm right: 1. right instrument: Tool #9 (Green). do a cholecystectomy,1,cmr_versius:00
arm left: 2. left instrument: Tool #0 (Blue). arm right: 1. right instrument: Tool #9 (Green). do a hysterectomy,1,cmr_versius:01
arm left: 2. left instrument: Tool #0 (Blue). arm right: 1. right instrument: Tool #9 (Green). do an inguinal hernia repair,1,cmr_versius:02
arm left: 2. left instrument: Tool #0 (Blue). arm right: 1. right instrument: Tool #9 (Orange). do a cholecystectomy,1,cmr_versius:00
arm left: 2. left instrument: Tool #0 (Blue). arm right: 1. right instrument: Tool #9 (Orange). do a hysterectomy,1,cmr_versius:01
arm left: 2. left instrument: Tool #0 (Blue). arm right: 1. right instrument: Tool #9 (Orange). do an inguinal hernia repair,1,cmr_versius:02
arm left: 2. left instrument: Tool #0 (Blue). arm right: 1. right instrument: Tool #9 (Pink). do an inguinal hernia repair,1,cmr_versius:02
arm left: 2. left instrument: Tool #0 (Blue). arm right: 1. right instrument: Tool #9 (Purple). do a cholecystectomy,1,cmr_versius:00
arm left: 2. left instrument: Tool #0 (Blue). arm right: 3. right instrument: Tool #2 (Green). do a prostatectomy,1,cmr_versius:03
arm left: 2. left instrument: Tool #0 (Blue). arm right: 3. right instrument: Tool #2 (Orange). do a prostatectomy,1,cmr_versius:03
arm left: 2. left instrument: Tool #0 (Blue). arm right: 3. right instrument: Tool #2 (Pink). do a prostatectomy,1,cmr_versius:03
arm left: 2. left instrument: Tool #0 (Blue). arm right: 3. right instrument: Tool #9 (Green). do a prostatectomy,1,cmr_versius:03
arm left: 2. left instrument: Tool #0 (Blue). arm right: 3. right instrument: Tool #9 (Orange). do a prostatectomy,1,cmr_versius:03
arm left: 2. left instrument: Tool #0 (Blue). arm right: 3. right instrument: Tool #9 (Pink). do a prostatectomy,1,cmr_versius:03
arm left: 2. left instrument: Tool #0 (Cyan). arm right: -1. right instrument: Tool #3 (None). do a cholecystectomy,1,cmr_versius:00
arm left: 2. left instrument: Tool #0 (Cyan). arm right: -1. right instrument: Tool #3 (None). do a hysterectomy,1,cmr_versius:01
arm left: 2. left instrument: Tool #0 (Cyan). arm right: -1. right instrument: Tool #3 (None). do a prostatectomy,1,cmr_versius:03
arm left: 2. left instrument: Tool #0 (Cyan). arm right: -1. right instrument: Tool #3 (None). do an inguinal hernia repair,1,cmr_versius:02
arm left: 2. left instrument: Tool #0 (Cyan). arm right: 0. right instrument: Tool #14 (White). do a hysterectomy,1,cmr_versius:01
arm left: 2. left instrument: Tool #0 (Cyan). arm right: 0. right instrument: Tool #14 (White). do an inguinal hernia repair,1,cmr_versius:02
arm left: 2. left instrument: Tool #0 (Cyan). arm right: 0. right instrument: Tool #17 (White). do an inguinal hernia repair,1,cmr_versius:02
arm left: 2. left instrument: Tool #0 (Cyan). arm right: 1. right instrument: Tool #13 (Orange). do a hysterectomy,1,cmr_versius:01
arm left: 2. left instrument: Tool #0 (Cyan). arm right: 1. right instrument: Tool #2 (Blue). do an inguinal hernia repair,1,cmr_versius:02
arm left: 2. left instrument: Tool #0 (Cyan). arm right: 1. right instrument: Tool #2 (Green). do a hysterectomy,1,cmr_versius:01
arm left: 2. left instrument: Tool #0 (Cyan). arm right: 1. right instrument: Tool #2 (Green). do an inguinal hernia repair,1,cmr_versius:02
arm left: 2. left instrument: Tool #0 (Cyan). arm right: 1. right instrument: Tool #2 (Orange). do a hysterectomy,1,cmr_versius:01
arm left: 2. left instrument: Tool #0 (Cyan). arm right: 1. right instrument: Tool #2 (Orange). do an inguinal hernia repair,1,cmr_versius:02
arm left: 2. left instrument: Tool #0 (Cyan). arm right: 1. right instrument: Tool #2 (Pink). do a hysterectomy,1,cmr_versius:01
arm left: 2. left instrument: Tool #0 (Cyan). arm right: 1. right instrument: Tool #2 (Pink). do an inguinal hernia repair,1,cmr_versius:02
arm left: 2. left instrument: Tool #0 (Cyan). arm right: 1. right instrument: Tool #2 (Purple). do an inguinal hernia repair,1,cmr_versius:02
arm left: 2. left instrument: Tool #0 (Cyan). arm right: 1. right instrument: Tool #9 (Blue). do a cholecystectomy,1,cmr_versius:00
arm left: 2. left instrument: Tool #0 (Cyan). arm right: 1. right instrument: Tool #9 (Blue). do an inguinal hernia repair,1,cmr_versius:02
arm left: 2. left instrument: Tool #0 (Cyan). arm right: 1. right instrument: Tool #9 (Green). do a hysterectomy,1,cmr_versius:01
arm left: 2. left instrument: Tool #0 (Cyan). arm right: 1. right instrument: Tool #9 (Green). do an inguinal hernia repair,1,cmr_versius:02
arm left: 2. left instrument: Tool #0 (Cyan). arm right: 1. right instrument: Tool #9 (Orange). do a hysterectomy,1,cmr_versius:01
arm left: 2. left instrument: Tool #0 (Cyan). arm right: 1. right instrument: Tool #9 (Orange). do an inguinal hernia repair,1,cmr_versius:02
arm left: 2. left instrument: Tool #0 (Cyan). arm right: 1. right instrument: Tool #9 (Pink). do an inguinal hernia repair,1,cmr_versius:02
arm left: 2. left instrument: Tool #0 (Cyan). arm right: 1. right instrument: Tool #9 (Purple). do an inguinal hernia repair,1,cmr_versius:02
arm left: 2. left instrument: Tool #0 (Cyan). arm right: 3. right instrument: Tool #13 (Orange). do a hysterectomy,1,cmr_versius:01
arm left: 2. left instrument: Tool #0 (Cyan). arm right: 3. right instrument: Tool #2 (Blue). do a prostatectomy,1,cmr_versius:03
arm left: 2. left instrument: Tool #0 (Cyan). arm right: 3. right instrument: Tool #2 (Green). do a prostatectomy,1,cmr_versius:03
arm left: 2. left instrument: Tool #0 (Cyan). arm right: 3. right instrument: Tool #2 (Orange). do a prostatectomy,1,cmr_versius:03
arm left: 2. left instrument: Tool #0 (Cyan). arm right: 3. right instrument: Tool #2 (Pink). do a hysterectomy,1,cmr_versius:01
arm left: 2. left instrument: Tool #0 (Cyan). arm right: 3. right instrument: Tool #9 (Blue). do a prostatectomy,1,cmr_versius:03
arm left: 2. left instrument: Tool #0 (Cyan). arm right: 3. right instrument: Tool #9 (Green). do a prostatectomy,1,cmr_versius:03
arm left: 2. left instrument: Tool #0 (Cyan). arm right: 3. right instrument: Tool #9 (Orange). do a prostatectomy,1,cmr_versius:03
arm left: 2. left instrument: Tool #0 (Green). arm right: -1. right instrument: Tool #3 (None). do a cholecystectomy,1,cmr_versius:00
arm left: 2. left instrument: Tool #0 (Green). arm right: -1. right instrument: Tool #3 (None). do a hysterectomy,1,cmr_versius:01
arm left: 2. left instrument: Tool #0 (Green). arm right: -1. right instrument: Tool #3 (None). do a prostatectomy,1,cmr_versius:03
arm left: 2. left instrument: Tool #0 (Green). arm right: -1. right instrument: Tool #3 (None). do an inguinal hernia repair,1,cmr_versius:02
arm left: 2. left instrument: Tool #0 (Green). arm right: 0. right instrument: Tool #14 (White). do a cholecystectomy,1,cmr_versius:00
arm left: 2. left instrument: Tool #0 (Green). arm right: 0. right instrument: Tool #17 (White). do a hysterectomy,1,cmr_versius:01
arm left: 2. left instrument: Tool #0 (Green). arm right: 0. right instrument: Tool #17 (White). do an inguinal hernia repair,1,cmr_versius:02
arm left: 2. left instrument: Tool #0 (Green). arm right: 1. right instrument: Tool #18 (Orange). do a cholecystectomy,1,cmr_versius:00
arm left: 2. left instrument: Tool #0 (Green). arm right: 1. right instrument: Tool #18 (Orange). do an inguinal hernia repair,1,cmr_versius:02
arm left: 2. left instrument: Tool #0 (Green). arm right: 1. right instrument: Tool #2 (Blue). do a prostatectomy,1,cmr_versius:03
arm left: 2. left instrument: Tool #0 (Green). arm right: 1. right instrument: Tool #2 (Blue). do an inguinal hernia repair,1,cmr_versius:02
arm left: 2. left instrument: Tool #0 (Green). arm right: 1. right instrument: Tool #2 (Cyan). do a hysterectomy,1,cmr_versius:01
arm left: 2. left instrument: Tool #0 (Green). arm right: 1. right instrument: Tool #2 (Orange). do a prostatectomy,1,cmr_versius:03
arm left: 2. left instrument: Tool #0 (Green). arm right: 1. right instrument: Tool #2 (Pink). do a hysterectomy,1,cmr_versius:01
arm left: 2. left instrument: Tool #0 (Green). arm right: 1. right instrument: Tool #8 (Blue). do a cholecystectomy,1,cmr_versius:00
arm left: 2. left instrument: Tool #0 (Green). arm right: 1. right instrument: Tool #8 (Orange). do a cholecystectomy,1,cmr_versius:00
arm left: 2. left instrument: Tool #0 (Green). arm right: 1. right instrument: Tool #8 (Pink). do a cholecystectomy,1,cmr_versius:00
arm left: 2. left instrument: Tool #0 (Green). arm right: 1. right instrument: Tool #9 (Blue). do a prostatectomy,1,cmr_versius:03
arm left: 2. left instrument: Tool #0 (Green). arm right: 1. right instrument: Tool #9 (Blue). do an inguinal hernia repair,1,cmr_versius:02
arm left: 2. left instrument: Tool #0 (Green). arm right: 1. right instrument: Tool #9 (Cyan). do a hysterectomy,1,cmr_versius:01
arm left: 2. left instrument: Tool #0 (Green). arm right: 1. right instrument: Tool #9 (Orange). do a cholecystectomy,1,cmr_versius:00
arm left: 2. left instrument: Tool #0 (Green). arm right: 1. right instrument: Tool #9 (Orange). do a prostatectomy,1,cmr_versius:03
arm left: 2. left instrument: Tool #0 (Green). arm right: 1. right instrument: Tool #9 (Pink). do a hysterectomy,1,cmr_versius:01
arm left: 2. left instrument: Tool #0 (Green). arm right: 3. right instrument: Tool #2 (Blue). do a prostatectomy,1,cmr_versius:03
arm left: 2. left instrument: Tool #0 (Green). arm right: 3. right instrument: Tool #8 (Blue). do a prostatectomy,1,cmr_versius:03
arm left: 2. left instrument: Tool #0 (Green). arm right: 3. right instrument: Tool #9 (Blue). do a prostatectomy,1,cmr_versius:03
arm left: 2. left instrument: Tool #0 (Green). arm right: 3. right instrument: Tool #9 (Cyan). do a prostatectomy,1,cmr_versius:03
arm left: 2. left instrument: Tool #0 (Orange). arm right: -1. right instrument: Tool #3 (None). do a cholecystectomy,1,cmr_versius:00
arm left: 2. left instrument: Tool #0 (Orange). arm right: -1. right instrument: Tool #3 (None). do a hysterectomy,1,cmr_versius:01
arm left: 2. left instrument: Tool #0 (Orange). arm right: -1. right instrument: Tool #3 (None). do a prostatectomy,1,cmr_versius:03
arm left: 2. left instrument: Tool #0 (Orange). arm right: -1. right instrument: Tool #3 (None). do an inguinal hernia repair,1,cmr_versius:02
arm left: 2. left instrument: Tool #0 (Orange). arm right: 0. right instrument: Tool #14 (White). do a cholecystectomy,1,cmr_versius:00
arm left: 2. left instrument: Tool #0 (Orange). arm right: 0. right instrument: Tool #14 (White). do a prostatectomy,1,cmr_versius:03
arm left: 2. left instrument: Tool #0 (Orange). arm right: 0. right instrument: Tool #14 (White). do an inguinal hernia repair,1,cmr_versius:02
arm left: 2. left instrument: Tool #0 (Orange). arm right: 0. right instrument: Tool #17 (White). do a hysterectomy,1,cmr_versius:01
arm left: 2. left instrument: Tool #0 (Orange). arm right: 1. right instrument: Tool #2 (Blue). do an inguinal hernia repair,1,cmr_versius:02
arm left: 2. left instrument: Tool #0 (Orange). arm right: 1. right instrument: Tool #2 (Green). do a prostatectomy,1,cmr_versius:03
arm left: 2. left instrument: Tool #0 (Orange). arm right: 1. right instrument: Tool #2 (Green). do an inguinal hernia repair,1,cmr_versius:02
arm left: 2. left instrument: Tool #0 (Orange). arm right: 1. right instrument: Tool #2 (Pink). do a prostatectomy,1,cmr_versius:03
arm left: 2. left instrument: Tool #0 (Orange). arm right: 1. right instrument: Tool #2 (Pink). do an inguinal hernia repair,1,cmr_versius:02
arm left: 2. left instrument: Tool #0 (Orange). arm right: 1. right instrument: Tool #9 (Blue). do a cholecystectomy,1,cmr_versius:00
arm left: 2. left instrument: Tool #0 (Orange). arm right: 1. right instrument: Tool #9 (Blue). do an inguinal hernia repair,1,cmr_versius:02
arm left: 2. left instrument: Tool #0 (Orange). arm right: 1. right instrument: Tool #9 (Green). do an inguinal hernia repair,1,cmr_versius:02
arm left: 2. left instrument: Tool #0 (Orange). arm right: 1. right instrument: Tool #9 (Pink). do a prostatectomy,1,cmr_versius:03
arm left: 2. left instrument: Tool #0 (Orange). arm right: 1. right instrument: Tool #9 (Pink). do an inguinal hernia repair,1,cmr_versius:02
arm left: 2. left instrument: Tool #0 (Orange). arm right: 3. right instrument: Tool #18 (Green). do a hysterectomy,1,cmr_versius:01
arm left: 2. left instrument: Tool #0 (Orange). arm right: 3. right instrument: Tool #2 (Blue). do a prostatectomy,1,cmr_versius:03
arm left: 2. left instrument: Tool #0 (Orange). arm right: 3. right instrument: Tool #2 (Green). do a prostatectomy,1,cmr_versius:03
arm left: 2. left instrument: Tool #0 (Orange). arm right: 3. right instrument: Tool #2 (Pink). do a hysterectomy,1,cmr_versius:01
arm left: 2. left instrument: Tool #0 (Orange). arm right: 3. right instrument: Tool #9 (Blue). do a prostatectomy,1,cmr_versius:03
arm left: 2. left instrument: Tool #0 (Orange). arm right: 3. right instrument: Tool #9 (Green). do a prostatectomy,1,cmr_versius:03
arm left: 2. left instrument: Tool #0 (Orange). arm right: 3. right instrument: Tool #9 (Pink). do a hysterectomy,1,cmr_versius:01
arm left: 2. left instrument: Tool #0 (Orange). arm right: 3. right instrument: Tool #9 (Pink). do a prostatectomy,1,cmr_versius:03
arm left: 2. left instrument: Tool #0 (Pink). arm right: -1. right instrument: Tool #3 (None). do a cholecystectomy,1,cmr_versius:00
arm left: 2. left instrument: Tool #0 (Pink). arm right: -1. right instrument: Tool #3 (None). do a hysterectomy,1,cmr_versius:01
arm left: 2. left instrument: Tool #0 (Pink). arm right: -1. right instrument: Tool #3 (None). do a prostatectomy,1,cmr_versius:03
arm left: 2. left instrument: Tool #0 (Pink). arm right: 0. right instrument: Tool #14 (White). do a cholecystectomy,1,cmr_versius:00
arm left: 2. left instrument: Tool #0 (Pink). arm right: 0. right instrument: Tool #14 (White). do a prostatectomy,1,cmr_versius:03
arm left: 2. left instrument: Tool #0 (Pink). arm right: 0. right instrument: Tool #17 (White). do a hysterectomy,1,cmr_versius:01
arm left: 2. left instrument: Tool #0 (Pink). arm right: 1. right instrument: Tool #2 (Cyan). do a hysterectomy,1,cmr_versius:01
arm left: 2. left instrument: Tool #0 (Pink). arm right: 1. right instrument: Tool #2 (Green). do a hysterectomy,1,cmr_versius:01
arm left: 2. left instrument: Tool #0 (Pink). arm right: 1. right instrument: Tool #2 (Green). do a prostatectomy,1,cmr_versius:03
arm left: 2. left instrument: Tool #0 (Pink). arm right: 1. right instrument: Tool #8 (Blue). do a cholecystectomy,1,cmr_versius:00
arm left: 2. left instrument: Tool #0 (Pink). arm right: 1. right instrument: Tool #9 (Cyan). do a hysterectomy,1,cmr_versius:01
arm left: 2. left instrument: Tool #0 (Pink). arm right: 1. right instrument: Tool #9 (Green). do a hysterectomy,1,cmr_versius:01
arm left: 2. left instrument: Tool #0 (Pink). arm right: 1. right instrument: Tool #9 (Green). do a prostatectomy,1,cmr_versius:03
arm left: 2. left instrument: Tool #0 (Pink). arm right: 1. right instrument: Tool #9 (Orange). do a hysterectomy,1,cmr_versius:01
arm left: 2. left instrument: Tool #0 (Pink). arm right: 3. right instrument: Tool #2 (Blue). do a prostatectomy,1,cmr_versius:03
arm left: 2. left instrument: Tool #0 (Pink). arm right: 3. right instrument: Tool #9 (Blue). do a prostatectomy,1,cmr_versius:03
arm left: 2. left instrument: Tool #0 (Pink). arm right: 3. right instrument: Tool #9 (Green). do a prostatectomy,1,cmr_versius:03
arm left: 2. left instrument: Tool #0 (Purple). arm right: -1. right instrument: Tool #3 (None). do a cholecystectomy,1,cmr_versius:00
arm left: 2. left instrument: Tool #0 (Purple). arm right: -1. right instrument: Tool #3 (None). do a hysterectomy,1,cmr_versius:01
arm left: 2. left instrument: Tool #0 (Purple). arm right: 0. right instrument: Tool #14 (White). do a cholecystectomy,1,cmr_versius:00
arm left: 2. left instrument: Tool #0 (Purple). arm right: 0. right instrument: Tool #14 (White). do a hysterectomy,1,cmr_versius:01
arm left: 2. left instrument: Tool #0 (Purple). arm right: 1. right instrument: Tool #10 (Blue). do a hysterectomy,1,cmr_versius:01
arm left: 2. left instrument: Tool #0 (Purple). arm right: 1. right instrument: Tool #2 (Blue). do a hysterectomy,1,cmr_versius:01
arm left: 2. left instrument: Tool #0 (Purple). arm right: 1. right instrument: Tool #8 (Blue). do a cholecystectomy,1,cmr_versius:00
arm left: 2. left instrument: Tool #0 (Purple). arm right: 1. right instrument: Tool #8 (Blue). do a hysterectomy,1,cmr_versius:01
arm left: 2. left instrument: Tool #0 (Purple). arm right: 1. right instrument: Tool #8 (Pink). do a cholecystectomy,1,cmr_versius:00
arm left: 2. left instrument: Tool #0 (Purple). arm right: 1. right instrument: Tool #9 (Cyan). do a cholecystectomy,1,cmr_versius:00
arm left: 2. left instrument: Tool #1 (Blue). arm right: -1. right instrument: Tool #3 (None). do an inguinal hernia repair,1,cmr_versius:02
arm left: 2. left instrument: Tool #1 (Blue). arm right: 1. right instrument: Tool #2 (Cyan). do an inguinal hernia repair,1,cmr_versius:02
arm left: 2. left instrument: Tool #1 (Blue). arm right: 1. right instrument: Tool #2 (Pink). do an inguinal hernia repair,1,cmr_versius:02
arm left: 2. left instrument: Tool #1 (Blue). arm right: 1. right instrument: Tool #9 (Cyan). do an inguinal hernia repair,1,cmr_versius:02
arm left: 2. left instrument: Tool #1 (Blue). arm right: 1. right instrument: Tool #9 (Pink). do an inguinal hernia repair,1,cmr_versius:02
arm left: 2. left instrument: Tool #1 (Cyan). arm right: -1. right instrument: Tool #3 (None). do an inguinal hernia repair,1,cmr_versius:02
arm left: 2. left instrument: Tool #1 (Cyan). arm right: 1. right instrument: Tool #9 (Orange). do an inguinal hernia repair,1,cmr_versius:02
arm left: 2. left instrument: Tool #1 (Green). arm right: -1. right instrument: Tool #3 (None). do a prostatectomy,1,cmr_versius:03
arm left: 2. left instrument: Tool #1 (Green). arm right: 1. right instrument: Tool #0 (Blue). do a prostatectomy,1,cmr_versius:03
arm left: 2. left instrument: Tool #1 (Green). arm right: 3. right instrument: Tool #9 (Orange). do a prostatectomy,1,cmr_versius:03
arm left: 2. left instrument: Tool #1 (Orange). arm right: -1. right instrument: Tool #3 (None). do a prostatectomy,1,cmr_versius:03
arm left: 2. left instrument: Tool #1 (Orange). arm right: 0. right instrument: Tool #14 (White). do a prostatectomy,1,cmr_versius:03
arm left: 2. left instrument: Tool #1 (Orange). arm right: 1. right instrument: Tool #0 (Blue). do a prostatectomy,1,cmr_versius:03
arm left: 2. left instrument: Tool #1 (Orange). arm right: 1. right instrument: Tool #2 (Blue). do a prostatectomy,1,cmr_versius:03
arm left: 2. left instrument: Tool #1 (Orange). arm right: 1. right instrument: Tool #9 (Blue). do a prostatectomy,1,cmr_versius:03
arm left: 2. left instrument: Tool #1 (Orange). arm right: 1. right instrument: Tool #9 (Green). do a prostatectomy,1,cmr_versius:03
arm left: 2. left instrument: Tool #1 (Orange). arm right: 3. right instrument: Tool #9 (Green). do a prostatectomy,1,cmr_versius:03
arm left: 2. left instrument: Tool #1 (Pink). arm right: -1. right instrument: Tool #3 (None). do a hysterectomy,1,cmr_versius:01
arm left: 2. left instrument: Tool #1 (Pink). arm right: -1. right instrument: Tool #3 (None). do a prostatectomy,1,cmr_versius:03
arm left: 2. left instrument: Tool #1 (Pink). arm right: -1. right instrument: Tool #3 (None). do an inguinal hernia repair,1,cmr_versius:02
arm left: 2. left instrument: Tool #1 (Pink). arm right: 0. right instrument: Tool #14 (White). do a prostatectomy,1,cmr_versius:03
arm left: 2. left instrument: Tool #1 (Pink). arm right: 0. right instrument: Tool #17 (White). do a hysterectomy,1,cmr_versius:01
arm left: 2. left instrument: Tool #1 (Pink). arm right: 1. right instrument: Tool #2 (Purple). do an inguinal hernia repair,1,cmr_versius:02
arm left: 2. left instrument: Tool #1 (Pink). arm right: 1. right instrument: Tool #9 (Blue). do a prostatectomy,1,cmr_versius:03
arm left: 2. left instrument: Tool #1 (Pink). arm right: 1. right instrument: Tool #9 (Orange). do a hysterectomy,1,cmr_versius:01
arm left: 2. left instrument: Tool #1 (Pink). arm right: 1. right instrument: Tool #9 (Purple). do an inguinal hernia repair,1,cmr_versius:02
arm left: 2. left instrument: Tool #10 (Purple). arm right: -1. right instrument: Tool #3 (None). do a hysterectomy,1,cmr_versius:01
arm left: 2. left instrument: Tool #10 (Purple). arm right: 0. right instrument: Tool #14 (White). do a hysterectomy,1,cmr_versius:01
arm left: 2. left instrument: Tool #10 (Purple). arm right: 1. right instrument: Tool #0 (Blue). do a hysterectomy,1,cmr_versius:01
arm left: 2. left instrument: Tool #12 (Blue). arm right: -1. right instrument: Tool #3 (None). do a hysterectomy,1,cmr_versius:01
arm left: 2. left instrument: Tool #12 (Blue). arm right: -1. right instrument: Tool #3 (None). do an inguinal hernia repair,1,cmr_versius:02
arm left: 2. left instrument: Tool #12 (Blue). arm right: 0. right instrument: Tool #17 (White). do a hysterectomy,1,cmr_versius:01
arm left: 2. left instrument: Tool #12 (Blue). arm right: 0. right instrument: Tool #17 (White). do an inguinal hernia repair,1,cmr_versius:02
arm left: 2. left instrument: Tool #12 (Blue). arm right: 1. right instrument: Tool #2 (Purple). do a hysterectomy,1,cmr_versius:01
arm left: 2. left instrument: Tool #12 (Blue). arm right: 1. right instrument: Tool #2 (Purple). do an inguinal hernia repair,1,cmr_versius:02
arm left: 2. left instrument: Tool #12 (Blue). arm right: 1. right instrument: Tool #9 (Pink). do a hysterectomy,1,cmr_versius:01
arm left: 2. left instrument: Tool #12 (Blue). arm right: 1. right instrument: Tool #9 (Purple). do a hysterectomy,1,cmr_versius:01
arm left: 2. left instrument: Tool #12 (Blue). arm right: 1. right instrument: Tool #9 (Purple). do an inguinal hernia repair,1,cmr_versius:02
arm left: 2. left instrument: Tool #12 (Cyan). arm right: -1. right instrument: Tool #3 (None). do a hysterectomy,1,cmr_versius:01
arm left: 2. left instrument: Tool #12 (Cyan). arm right: 0. right instrument: Tool #17 (White). do a hysterectomy,1,cmr_versius:01
arm left: 2. left instrument: Tool #12 (Cyan). arm right: 1. right instrument: Tool #9 (Orange). do a hysterectomy,1,cmr_versius:01
arm left: 2. left instrument: Tool #12 (Cyan). arm right: 3. right instrument: Tool #9 (Pink). do a hysterectomy,1,cmr_versius:01
arm left: 2. left instrument: Tool #12 (Green). arm right: -1. right instrument: Tool #3 (None). do a hysterectomy,1,cmr_versius:01
arm left: 2. left instrument: Tool #12 (Green). arm right: 1. right instrument: Tool #2 (Blue). do a hysterectomy,1,cmr_versius:01
arm left: 2. left instrument: Tool #12 (Green). arm right: 1. right instrument: Tool #9 (Blue). do a hysterectomy,1,cmr_versius:01
arm left: 2. left instrument: Tool #12 (Green). arm right: 3. right instrument: Tool #2 (Orange). do a hysterectomy,1,cmr_versius:01
arm left: 2. left instrument: Tool #12 (Green). arm right: 3. right instrument: Tool #9 (Orange). do a hysterectomy,1,cmr_versius:01
arm left: 2. left instrument: Tool #12 (Orange). arm right: -1. right instrument: Tool #3 (None). do a hysterectomy,1,cmr_versius:01
arm left: 2. left instrument: Tool #12 (Orange). arm right: -1. right instrument: Tool #3 (None). do an inguinal hernia repair,1,cmr_versius:02
arm left: 2. left instrument: Tool #12 (Orange). arm right: 0. right instrument: Tool #17 (White). do a hysterectomy,1,cmr_versius:01
arm left: 2. left instrument: Tool #12 (Orange). arm right: 0. right instrument: Tool #17 (White). do an inguinal hernia repair,1,cmr_versius:02
arm left: 2. left instrument: Tool #12 (Orange). arm right: 1. right instrument: Tool #2 (Cyan). do an inguinal hernia repair,1,cmr_versius:02
arm left: 2. left instrument: Tool #12 (Orange). arm right: 1. right instrument: Tool #9 (Cyan). do an inguinal hernia repair,1,cmr_versius:02
arm left: 2. left instrument: Tool #12 (Orange). arm right: 3. right instrument: Tool #2 (Green). do a hysterectomy,1,cmr_versius:01
arm left: 2. left instrument: Tool #12 (Orange). arm right: 3. right instrument: Tool #9 (Green). do a hysterectomy,1,cmr_versius:01
arm left: 2. left instrument: Tool #12 (Orange). arm right: 3. right instrument: Tool #9 (Pink). do a hysterectomy,1,cmr_versius:01
arm left: 2. left instrument: Tool #12 (Pink). arm right: -1. right instrument: Tool #3 (None). do a hysterectomy,1,cmr_versius:01
arm left: 2. left instrument: Tool #12 (Pink). arm right: 0. right instrument: Tool #14 (White). do a hysterectomy,1,cmr_versius:01
arm left: 2. left instrument: Tool #12 (Pink). arm right: 0. right instrument: Tool #17 (White). do a hysterectomy,1,cmr_versius:01
arm left: 2. left instrument: Tool #12 (Pink). arm right: 1. right instrument: Tool #2 (Cyan). do a hysterectomy,1,cmr_versius:01
arm left: 2. left instrument: Tool #12 (Pink). arm right: 1. right instrument: Tool #2 (Green). do a hysterectomy,1,cmr_versius:01
arm left: 2. left instrument: Tool #12 (Pink). arm right: 1. right instrument: Tool #2 (Orange). do a hysterectomy,1,cmr_versius:01
arm left: 2. left instrument: Tool #12 (Pink). arm right: 1. right instrument: Tool #9 (Cyan). do a hysterectomy,1,cmr_versius:01
arm left: 2. left instrument: Tool #12 (Pink). arm right: 1. right instrument: Tool #9 (Green). do a hysterectomy,1,cmr_versius:01
arm left: 2. left instrument: Tool #12 (Pink). arm right: 1. right instrument: Tool #9 (Orange). do a hysterectomy,1,cmr_versius:01
arm left: 2. left instrument: Tool #12 (Pink). arm right: 3. right instrument: Tool #0 (Blue). do a hysterectomy,1,cmr_versius:01
arm left: 2. left instrument: Tool #12 (Pink). arm right: 3. right instrument: Tool #0 (Green). do a hysterectomy,1,cmr_versius:01
arm left: 2. left instrument: Tool #12 (Pink). arm right: 3. right instrument: Tool #9 (Cyan). do a hysterectomy,1,cmr_versius:01
arm left: 2. left instrument: Tool #12 (Pink). arm right: 3. right instrument: Tool #9 (Green). do a hysterectomy,1,cmr_versius:01
arm left: 2. left instrument: Tool #12 (Purple). arm right: -1. right instrument: Tool #3 (None). do a hysterectomy,1,cmr_versius:01
arm left: 2. left instrument: Tool #12 (Purple). arm right: 1. right instrument: Tool #2 (Green). do a hysterectomy,1,cmr_versius:01
arm left: 2. left instrument: Tool #12 (Purple). arm right: 1. right instrument: Tool #9 (Green). do a hysterectomy,1,cmr_versius:01
arm left: 2. left instrument: Tool #13 (Blue). arm right: -1. right instrument: Tool #3 (None). do a cholecystectomy,1,cmr_versius:00
arm left: 2. left instrument: Tool #13 (Blue). arm right: -1. right instrument: Tool #3 (None). do an inguinal hernia repair,1,cmr_versius:02
arm left: 2. left instrument: Tool #13 (Blue). arm right: 0. right instrument: Tool #14 (White). do a cholecystectomy,1,cmr_versius:00
arm left: 2. left instrument: Tool #13 (Blue). arm right: 0. right instrument: Tool #14 (White). do an inguinal hernia repair,1,cmr_versius:02
arm left: 2. left instrument: Tool #13 (Blue). arm right: 1. right instrument: Tool #18 (Cyan). do an inguinal hernia repair,1,cmr_versius:02
arm left: 2. left instrument: Tool #13 (Blue). arm right: 1. right instrument: Tool #2 (Cyan). do an inguinal hernia repair,1,cmr_versius:02
arm left: 2. left instrument: Tool #13 (Blue). arm right: 1. right instrument: Tool #2 (Green). do an inguinal hernia repair,1,cmr_versius:02
arm left: 2. left instrument: Tool #13 (Blue). arm right: 1. right instrument: Tool #2 (Orange). do an inguinal hernia repair,1,cmr_versius:02
arm left: 2. left instrument: Tool #13 (Blue). arm right: 1. right instrument: Tool #2 (Purple). do an inguinal hernia repair,1,cmr_versius:02
arm left: 2. left instrument: Tool #13 (Blue). arm right: 1. right instrument: Tool #8 (Cyan). do an inguinal hernia repair,1,cmr_versius:02
arm left: 2. left instrument: Tool #13 (Blue). arm right: 1. right instrument: Tool #9 (Cyan). do a cholecystectomy,1,cmr_versius:00
arm left: 2. left instrument: Tool #13 (Blue). arm right: 1. right instrument: Tool #9 (Green). do an inguinal hernia repair,1,cmr_versius:02
arm left: 2. left instrument: Tool #13 (Blue). arm right: 1. right instrument: Tool #9 (Orange). do an inguinal hernia repair,1,cmr_versius:02
arm left: 2. left instrument: Tool #13 (Blue). arm right: 3. right instrument: Tool #2 (Green). do a prostatectomy,1,cmr_versius:03
arm left: 2. left instrument: Tool #13 (Blue). arm right: 3. right instrument: Tool #9 (Green). do a prostatectomy,1,cmr_versius:03
arm left: 2. left instrument: Tool #13 (Cyan). arm right: -1. right instrument: Tool #3 (None). do a cholecystectomy,1,cmr_versius:00
arm left: 2. left instrument: Tool #13 (Cyan). arm right: -1. right instrument: Tool #3 (None). do a hysterectomy,1,cmr_versius:01
arm left: 2. left instrument: Tool #13 (Cyan). arm right: -1. right instrument: Tool #3 (None). do an inguinal hernia repair,1,cmr_versius:02
arm left: 2. left instrument: Tool #13 (Cyan). arm right: 0. right instrument: Tool #14 (White). do a cholecystectomy,1,cmr_versius:00
arm left: 2. left instrument: Tool #13 (Cyan). arm right: 0. right instrument: Tool #14 (White). do a hysterectomy,1,cmr_versius:01
arm left: 2. left instrument: Tool #13 (Cyan). arm right: 1. right instrument: Tool #2 (Orange). do a hysterectomy,1,cmr_versius:01
arm left: 2. left instrument: Tool #13 (Cyan). arm right: 1. right instrument: Tool #2 (Purple). do an inguinal hernia repair,1,cmr_versius:02
arm left: 2. left instrument: Tool #13 (Cyan). arm right: 1. right instrument: Tool #9 (Orange). do a hysterectomy,1,cmr_versius:01
arm left: 2. left instrument: Tool #13 (Cyan). arm right: 1. right instrument: Tool #9 (Purple). do a cholecystectomy,1,cmr_versius:00
arm left: 2. left instrument: Tool #13 (Green). arm right: -1. right instrument: Tool #3 (None). do a hysterectomy,1,cmr_versius:01
arm left: 2. left instrument: Tool #13 (Green). arm right: -1. right instrument: Tool #3 (None). do an inguinal hernia repair,1,cmr_versius:02
arm left: 2. left instrument: Tool #13 (Green). arm right: 1. right instrument: Tool #8 (Orange). do an inguinal hernia repair,1,cmr_versius:02
arm left: 2. left instrument: Tool #13 (Green). arm right: 3. right instrument: Tool #2 (Orange). do a hysterectomy,1,cmr_versius:01
arm left: 2. left instrument: Tool #13 (Green). arm right: 3. right instrument: Tool #9 (Orange). do a hysterectomy,1,cmr_versius:01
arm left: 2. left instrument: Tool #13 (Pink). arm right: -1. right instrument: Tool #3 (None). do a hysterectomy,1,cmr_versius:01
arm left: 2. left instrument: Tool #13 (Pink). arm right: -1. right instrument: Tool #3 (None). do a prostatectomy,1,cmr_versius:03
arm left: 2. left instrument: Tool #13 (Pink). arm right: 0. right instrument: Tool #14 (White). do a prostatectomy,1,cmr_versius:03
arm left: 2. left instrument: Tool #13 (Pink). arm right: 1. right instrument: Tool #9 (Blue). do a hysterectomy,1,cmr_versius:01
arm left: 2. left instrument: Tool #13 (Pink). arm right: 3. right instrument: Tool #2 (Green). do a prostatectomy,1,cmr_versius:03
arm left: 2. left instrument: Tool #13 (Pink). arm right: 3. right instrument: Tool #9 (Green). do a prostatectomy,1,cmr_versius:03
arm left: 2. left instrument: Tool #18 (Blue). arm right: -1. right instrument: Tool #3 (None). do a prostatectomy,1,cmr_versius:03
arm left: 2. left instrument: Tool #18 (Blue). arm right: -1. right instrument: Tool #3 (None). do an inguinal hernia repair,1,cmr_versius:02
arm left: 2. left instrument: Tool #18 (Blue). arm right: 0. right instrument: Tool #14 (White). do a prostatectomy,1,cmr_versius:03
arm left: 2. left instrument: Tool #18 (Blue). arm right: 0. right instrument: Tool #14 (White). do an inguinal hernia repair,1,cmr_versius:02
arm left: 2. left instrument: Tool #18 (Blue). arm right: 0. right instrument: Tool #17 (White). do an inguinal hernia repair,1,cmr_versius:02
arm left: 2. left instrument: Tool #18 (Blue). arm right: 1. right instrument: Tool #0 (Green). do a prostatectomy,1,cmr_versius:03
arm left: 2. left instrument: Tool #18 (Blue). arm right: 1. right instrument: Tool #0 (Orange). do a prostatectomy,1,cmr_versius:03
arm left: 2. left instrument: Tool #18 (Blue). arm right: 1. right instrument: Tool #0 (Orange). do an inguinal hernia repair,1,cmr_versius:02
arm left: 2. left instrument: Tool #18 (Blue). arm right: 1. right instrument: Tool #0 (Pink). do a prostatectomy,1,cmr_versius:03
arm left: 2. left instrument: Tool #18 (Blue). arm right: 1. right instrument: Tool #2 (Cyan). do an inguinal hernia repair,1,cmr_versius:02
arm left: 2. left instrument: Tool #18 (Blue). arm right: 1. right instrument: Tool #8 (Orange). do an inguinal hernia repair,1,cmr_versius:02
arm left: 2. left instrument: Tool #18 (Blue). arm right: 1. right instrument: Tool #9 (Cyan). do a prostatectomy,1,cmr_versius:03
arm left: 2. left instrument: Tool #18 (Blue). arm right: 1. right instrument: Tool #9 (Cyan). do an inguinal hernia repair,1,cmr_versius:02
arm left: 2. left instrument: Tool #18 (Blue). arm right: 1. right instrument: Tool #9 (Green). do a prostatectomy,1,cmr_versius:03
arm left: 2. left instrument: Tool #18 (Blue). arm right: 1. right instrument: Tool #9 (Green). do an inguinal hernia repair,1,cmr_versius:02
arm left: 2. left instrument: Tool #18 (Blue). arm right: 1. right instrument: Tool #9 (Orange). do a prostatectomy,1,cmr_versius:03
arm left: 2. left instrument: Tool #18 (Blue). arm right: 3. right instrument: Tool #2 (Green). do a prostatectomy,1,cmr_versius:03
arm left: 2. left instrument: Tool #18 (Blue). arm right: 3. right instrument: Tool #9 (Green). do a prostatectomy,1,cmr_versius:03
arm left: 2. left instrument: Tool #18 (Blue). arm right: 3. right instrument: Tool #9 (Pink). do a prostatectomy,1,cmr_versius:03
arm left: 2. left instrument: Tool #18 (Cyan). arm right: -1. right instrument: Tool #3 (None). do a hysterectomy,1,cmr_versius:01
arm left: 2. left instrument: Tool #18 (Cyan). arm right: -1. right instrument: Tool #3 (None). do an inguinal hernia repair,1,cmr_versius:02
arm left: 2. left instrument: Tool #18 (Cyan). arm right: 1. right instrument: Tool #13 (Orange). do a hysterectomy,1,cmr_versius:01
arm left: 2. left instrument: Tool #18 (Cyan). arm right: 1. right instrument: Tool #2 (Blue). do an inguinal hernia repair,1,cmr_versius:02
arm left: 2. left instrument: Tool #18 (Cyan). arm right: 1. right instrument: Tool #2 (Pink). do a hysterectomy,1,cmr_versius:01
arm left: 2. left instrument: Tool #18 (Cyan). arm right: 1. right instrument: Tool #9 (Blue). do an inguinal hernia repair,1,cmr_versius:02
arm left: 2. left instrument: Tool #18 (Cyan). arm right: 1. right instrument: Tool #9 (Orange). do a hysterectomy,1,cmr_versius:01
arm left: 2. left instrument: Tool #18 (Cyan). arm right: 1. right instrument: Tool #9 (Pink). do a hysterectomy,1,cmr_versius:01
arm left: 2. left instrument: Tool #18 (Cyan). arm right: 3. right instrument: Tool #13 (Orange). do a hysterectomy,1,cmr_versius:01
arm left: 2. left instrument: Tool #18 (Cyan). arm right: 3. right instrument: Tool #2 (Pink). do a hysterectomy,1,cmr_versius:01
arm left: 2. left instrument: Tool #18 (Cyan). arm right: 3. right instrument: Tool #8 (Pink). do a hysterectomy,1,cmr_versius:01
arm left: 2. left instrument: Tool #18 (Cyan). arm right: 3. right instrument: Tool #9 (Pink). do a hysterectomy,1,cmr_versius:01
arm left: 2. left instrument: Tool #18 (Green). arm right: -1. right instrument: Tool #3 (None). do a hysterectomy,1,cmr_versius:01
arm left: 2. left instrument: Tool #18 (Green). arm right: -1. right instrument: Tool #3 (None). do a prostatectomy,1,cmr_versius:03
arm left: 2. left instrument: Tool #18 (Green). arm right: -1. right instrument: Tool #3 (None). do an inguinal hernia repair,1,cmr_versius:02
arm left: 2. left instrument: Tool #18 (Green). arm right: 0. right instrument: Tool #14 (White). do a hysterectomy,1,cmr_versius:01
arm left: 2. left instrument: Tool #18 (Green). arm right: 0. right instrument: Tool #14 (White). do a prostatectomy,1,cmr_versius:03
arm left: 2. left instrument: Tool #18 (Green). arm right: 0. right instrument: Tool #17 (White). do an inguinal hernia repair,1,cmr_versius:02
arm left: 2. left instrument: Tool #18 (Green). arm right: 1. right instrument: Tool #0 (Orange). do a prostatectomy,1,cmr_versius:03
arm left: 2. left instrument: Tool #18 (Green). arm right: 1. right instrument: Tool #2 (Blue). do an inguinal hernia repair,1,cmr_versius:02
arm left: 2. left instrument: Tool #18 (Green). arm right: 1. right instrument: Tool #2 (Cyan). do an inguinal hernia repair,1,cmr_versius:02
arm left: 2. left instrument: Tool #18 (Green). arm right: 1. right instrument: Tool #2 (Orange). do an inguinal hernia repair,1,cmr_versius:02
arm left: 2. left instrument: Tool #18 (Green). arm right: 1. right instrument: Tool #2 (Purple). do a hysterectomy,1,cmr_versius:01
arm left: 2. left instrument: Tool #18 (Green). arm right: 1. right instrument: Tool #8 (Blue). do an inguinal hernia repair,1,cmr_versius:02
arm left: 2. left instrument: Tool #18 (Green). arm right: 1. right instrument: Tool #9 (Blue). do a prostatectomy,1,cmr_versius:03
arm left: 2. left instrument: Tool #18 (Green). arm right: 1. right instrument: Tool #9 (Blue). do an inguinal hernia repair,1,cmr_versius:02
arm left: 2. left instrument: Tool #18 (Green). arm right: 1. right instrument: Tool #9 (Cyan). do an inguinal hernia repair,1,cmr_versius:02
arm left: 2. left instrument: Tool #18 (Green). arm right: 1. right instrument: Tool #9 (Orange). do a prostatectomy,1,cmr_versius:03
arm left: 2. left instrument: Tool #18 (Green). arm right: 1. right instrument: Tool #9 (Purple). do a hysterectomy,1,cmr_versius:01
arm left: 2. left instrument: Tool #18 (Green). arm right: 3. right instrument: Tool #9 (Blue). do a prostatectomy,1,cmr_versius:03
arm left: 2. left instrument: Tool #18 (Green). arm right: 3. right instrument: Tool #9 (Orange). do a prostatectomy,1,cmr_versius:03
arm left: 2. left instrument: Tool #18 (Green). arm right: 3. right instrument: Tool #9 (Pink). do a hysterectomy,1,cmr_versius:01
arm left: 2. left instrument: Tool #18 (Orange). arm right: -1. right instrument: Tool #3 (None). do a hysterectomy,1,cmr_versius:01
arm left: 2. left instrument: Tool #18 (Orange). arm right: -1. right instrument: Tool #3 (None). do a prostatectomy,1,cmr_versius:03
arm left: 2. left instrument: Tool #18 (Orange). arm right: -1. right instrument: Tool #3 (None). do an inguinal hernia repair,1,cmr_versius:02
arm left: 2. left instrument: Tool #18 (Orange). arm right: 0. right instrument: Tool #14 (White). do a prostatectomy,1,cmr_versius:03
arm left: 2. left instrument: Tool #18 (Orange). arm right: 0. right instrument: Tool #17 (White). do a hysterectomy,1,cmr_versius:01
arm left: 2. left instrument: Tool #18 (Orange). arm right: 1. right instrument: Tool #2 (Pink). do a prostatectomy,1,cmr_versius:03
arm left: 2. left instrument: Tool #18 (Orange). arm right: 1. right instrument: Tool #9 (Blue). do a prostatectomy,1,cmr_versius:03
arm left: 2. left instrument: Tool #18 (Orange). arm right: 1. right instrument: Tool #9 (Cyan). do a hysterectomy,1,cmr_versius:01
arm left: 2. left instrument: Tool #18 (Orange). arm right: 1. right instrument: Tool #9 (Green). do a prostatectomy,1,cmr_versius:03
arm left: 2. left instrument: Tool #18 (Orange). arm right: 1. right instrument: Tool #9 (Pink). do a prostatectomy,1,cmr_versius:03
arm left: 2. left instrument: Tool #18 (Orange). arm right: 1. right instrument: Tool #9 (Pink). do an inguinal hernia repair,1,cmr_versius:02
arm left: 2. left instrument: Tool #18 (Orange). arm right: 3. right instrument: Tool #9 (Blue). do a prostatectomy,1,cmr_versius:03
arm left: 2. left instrument: Tool #18 (Orange). arm right: 3. right instrument: Tool #9 (Cyan). do a prostatectomy,1,cmr_versius:03
arm left: 2. left instrument: Tool #18 (Pink). arm right: -1. right instrument: Tool #3 (None). do a hysterectomy,1,cmr_versius:01
arm left: 2. left instrument: Tool #18 (Pink). arm right: -1. right instrument: Tool #3 (None). do a prostatectomy,1,cmr_versius:03
arm left: 2. left instrument: Tool #18 (Pink). arm right: 1. right instrument: Tool #0 (Blue). do a prostatectomy,1,cmr_versius:03
arm left: 2. left instrument: Tool #18 (Pink). arm right: 1. right instrument: Tool #9 (Green). do a prostatectomy,1,cmr_versius:03
arm left: 2. left instrument: Tool #18 (Pink). arm right: 1. right instrument: Tool #9 (Orange). do a hysterectomy,1,cmr_versius:01
arm left: 2. left instrument: Tool #18 (Pink). arm right: 3. right instrument: Tool #9 (Orange). do a prostatectomy,1,cmr_versius:03
arm left: 2. left instrument: Tool #2 (Blue). arm right: -1. right instrument: Tool #3 (None). do a hysterectomy,1,cmr_versius:01
arm left: 2. left instrument: Tool #2 (Blue). arm right: -1. right instrument: Tool #3 (None). do a prostatectomy,1,cmr_versius:03
arm left: 2. left instrument: Tool #2 (Blue). arm right: -1. right instrument: Tool #3 (None). do an inguinal hernia repair,1,cmr_versius:02
arm left: 2. left instrument: Tool #2 (Blue). arm right: 0. right instrument: Tool #14 (White). do a prostatectomy,1,cmr_versius:03
arm left: 2. left instrument: Tool #2 (Blue). arm right: 0. right instrument: Tool #14 (White). do an inguinal hernia repair,1,cmr_versius:02
arm left: 2. left instrument: Tool #2 (Blue). arm right: 1. right instrument: Tool #0 (Green). do a prostatectomy,1,cmr_versius:03
arm left: 2. left instrument: Tool #2 (Blue). arm right: 1. right instrument: Tool #0 (Orange). do a prostatectomy,1,cmr_versius:03
arm left: 2. left instrument: Tool #2 (Blue). arm right: 1. right instrument: Tool #0 (Pink). do a prostatectomy,1,cmr_versius:03
arm left: 2. left instrument: Tool #2 (Blue). arm right: 1. right instrument: Tool #2 (Cyan). do a prostatectomy,1,cmr_versius:03
arm left: 2. left instrument: Tool #2 (Blue). arm right: 1. right instrument: Tool #2 (Cyan). do an inguinal hernia repair,1,cmr_versius:02
arm left: 2. left instrument: Tool #2 (Blue). arm right: 1. right instrument: Tool #2 (Green). do a prostatectomy,1,cmr_versius:03
arm left: 2. left instrument: Tool #2 (Blue). arm right: 1. right instrument: Tool #2 (Green). do an inguinal hernia repair,1,cmr_versius:02
arm left: 2. left instrument: Tool #2 (Blue). arm right: 1. right instrument: Tool #2 (Orange). do a prostatectomy,1,cmr_versius:03
arm left: 2. left instrument: Tool #2 (Blue). arm right: 1. right instrument: Tool #2 (Orange). do an inguinal hernia repair,1,cmr_versius:02
arm left: 2. left instrument: Tool #2 (Blue). arm right: 1. right instrument: Tool #2 (Pink). do a hysterectomy,1,cmr_versius:01
arm left: 2. left instrument: Tool #2 (Blue). arm right: 1. right instrument: Tool #2 (Pink). do an inguinal hernia repair,1,cmr_versius:02
arm left: 2. left instrument: Tool #2 (Blue). arm right: 1. right instrument: Tool #2 (Purple). do a hysterectomy,1,cmr_versius:01
arm left: 2. left instrument: Tool #2 (Blue). arm right: 1. right instrument: Tool #9 (Cyan). do an inguinal hernia repair,1,cmr_versius:02
arm left: 2. left instrument: Tool #2 (Blue). arm right: 1. right instrument: Tool #9 (Orange). do a prostatectomy,1,cmr_versius:03
arm left: 2. left instrument: Tool #2 (Blue). arm right: 1. right instrument: Tool #9 (Purple). do an inguinal hernia repair,1,cmr_versius:02
arm left: 2. left instrument: Tool #2 (Blue). arm right: 3. right instrument: Tool #2 (Green). do a prostatectomy,1,cmr_versius:03
arm left: 2. left instrument: Tool #2 (Blue). arm right: 3. right instrument: Tool #2 (Pink). do a prostatectomy,1,cmr_versius:03
arm left: 2. left instrument: Tool #2 (Cyan). arm right: -1. right instrument: Tool #3 (None). do a hysterectomy,1,cmr_versius:01
arm left: 2. left instrument: Tool #2 (Cyan). arm right: -1. right instrument: Tool #3 (None). do an inguinal hernia repair,1,cmr_versius:02
arm left: 2. left instrument: Tool #2 (Cyan). arm right: 0. right instrument: Tool #17 (White). do an inguinal hernia repair,1,cmr_versius:02
arm left: 2. left instrument: Tool #2 (Cyan). arm right: 1. right instrument: Tool #13 (Purple). do an inguinal hernia repair,1,cmr_versius:02
arm left: 2. left instrument: Tool #2 (Cyan). arm right: 1. right instrument: Tool #2 (Blue). do an inguinal hernia repair,1,cmr_versius:02
arm left: 2. left instrument: Tool #2 (Cyan). arm right: 1. right instrument: Tool #2 (Orange). do a hysterectomy,1,cmr_versius:01
arm left: 2. left instrument: Tool #2 (Cyan). arm right: 1. right instrument: Tool #2 (Orange). do an inguinal hernia repair,1,cmr_versius:02
arm left: 2. left instrument: Tool #2 (Cyan). arm right: 1. right instrument: Tool #9 (Blue). do an inguinal hernia repair,1,cmr_versius:02
arm left: 2. left instrument: Tool #2 (Green). arm right: -1. right instrument: Tool #3 (None). do a hysterectomy,1,cmr_versius:01
arm left: 2. left instrument: Tool #2 (Green). arm right: -1. right instrument: Tool #3 (None). do a prostatectomy,1,cmr_versius:03
arm left: 2. left instrument: Tool #2 (Green). arm right: -1. right instrument: Tool #3 (None). do an inguinal hernia repair,1,cmr_versius:02
arm left: 2. left instrument: Tool #2 (Green). arm right: 0. right instrument: Tool #14 (White). do an inguinal hernia repair,1,cmr_versius:02
arm left: 2. left instrument: Tool #2 (Green). arm right: 1. right instrument: Tool #0 (Blue). do a prostatectomy,1,cmr_versius:03
arm left: 2. left instrument: Tool #2 (Green). arm right: 1. right instrument: Tool #0 (Orange). do a prostatectomy,1,cmr_versius:03
arm left: 2. left instrument: Tool #2 (Green). arm right: 1. right instrument: Tool #2 (Blue). do a hysterectomy,1,cmr_versius:01
arm left: 2. left instrument: Tool #2 (Green). arm right: 1. right instrument: Tool #2 (Blue). do a prostatectomy,1,cmr_versius:03
arm left: 2. left instrument: Tool #2 (Green). arm right: 1. right instrument: Tool #2 (Blue). do an inguinal hernia repair,1,cmr_versius:02
arm left: 2. left instrument: Tool #2 (Green). arm right: 1. right instrument: Tool #2 (Cyan). do an inguinal hernia repair,1,cmr_versius:02
arm left: 2. left instrument: Tool #2 (Green). arm right: 1. right instrument: Tool #2 (Orange). do a prostatectomy,1,cmr_versius:03
arm left: 2. left instrument: Tool #2 (Green). arm right: 1. right instrument: Tool #2 (Purple). do a hysterectomy,1,cmr_versius:01
arm left: 2. left instrument: Tool #2 (Green). arm right: 1. right instrument: Tool #9 (Blue). do an inguinal hernia repair,1,cmr_versius:02
arm left: 2. left instrument: Tool #2 (Green). arm right: 3. right instrument: Tool #2 (Blue). do a prostatectomy,1,cmr_versius:03
arm left: 2. left instrument: Tool #2 (Green). arm right: 3. right instrument: Tool #2 (Orange). do a prostatectomy,1,cmr_versius:03
arm left: 2. left instrument: Tool #2 (Orange). arm right: -1. right instrument: Tool #3 (None). do a hysterectomy,1,cmr_versius:01
arm left: 2. left instrument: Tool #2 (Orange). arm right: -1. right instrument: Tool #3 (None). do a prostatectomy,1,cmr_versius:03
arm left: 2. left instrument: Tool #2 (Orange). arm right: -1. right instrument: Tool #3 (None). do an inguinal hernia repair,1,cmr_versius:02
arm left: 2. left instrument: Tool #2 (Orange). arm right: 0. right instrument: Tool #14 (White). do a prostatectomy,1,cmr_versius:03
arm left: 2. left instrument: Tool #2 (Orange). arm right: 1. right instrument: Tool #0 (Blue). do a prostatectomy,1,cmr_versius:03
arm left: 2. left instrument: Tool #2 (Orange). arm right: 1. right instrument: Tool #2 (Blue). do a prostatectomy,1,cmr_versius:03
arm left: 2. left instrument: Tool #2 (Orange). arm right: 1. right instrument: Tool #2 (Cyan). do a hysterectomy,1,cmr_versius:01
arm left: 2. left instrument: Tool #2 (Orange). arm right: 1. right instrument: Tool #2 (Green). do a prostatectomy,1,cmr_versius:03
arm left: 2. left instrument: Tool #2 (Orange). arm right: 1. right instrument: Tool #2 (Pink). do a prostatectomy,1,cmr_versius:03
arm left: 2. left instrument: Tool #2 (Orange). arm right: 3. right instrument: Tool #2 (Blue). do a prostatectomy,1,cmr_versius:03
arm left: 2. left instrument: Tool #2 (Orange). arm right: 3. right instrument: Tool #2 (Cyan). do a prostatectomy,1,cmr_versius:03
arm left: 2. left instrument: Tool #2 (Orange). arm right: 3. right instrument: Tool #2 (Green). do a prostatectomy,1,cmr_versius:03
arm left: 2. left instrument: Tool #2 (Pink). arm right: -1. right instrument: Tool #3 (None). do a hysterectomy,1,cmr_versius:01
arm left: 2. left instrument: Tool #2 (Pink). arm right: -1. right instrument: Tool #3 (None). do a prostatectomy,1,cmr_versius:03
arm left: 2. left instrument: Tool #2 (Pink). arm right: 0. right instrument: Tool #14 (White). do a hysterectomy,1,cmr_versius:01
arm left: 2. left instrument: Tool #2 (Pink). arm right: 1. right instrument: Tool #18 (Purple). do a hysterectomy,1,cmr_versius:01
arm left: 2. left instrument: Tool #2 (Pink). arm right: 1. right instrument: Tool #2 (Blue). do a prostatectomy,1,cmr_versius:03
arm left: 2. left instrument: Tool #2 (Pink). arm right: 1. right instrument: Tool #2 (Green). do a prostatectomy,1,cmr_versius:03
arm left: 2. left instrument: Tool #2 (Pink). arm right: 1. right instrument: Tool #2 (Orange). do a hysterectomy,1,cmr_versius:01
arm left: 2. left instrument: Tool #2 (Pink). arm right: 1. right instrument: Tool #2 (Purple). do a hysterectomy,1,cmr_versius:01
arm left: 2. left instrument: Tool #2 (Pink). arm right: 3. right instrument: Tool #2 (Cyan). do a hysterectomy,1,cmr_versius:01
arm left: 2. left instrument: Tool #2 (Pink). arm right: 3. right instrument: Tool #2 (Orange). do a prostatectomy,1,cmr_versius:03
arm left: 2. left instrument: Tool #8 (Blue). arm right: -1. right instrument: Tool #3 (None). do a cholecystectomy,1,cmr_versius:00
arm left: 2. left instrument: Tool #8 (Green). arm right: -1. right instrument: Tool #3 (None). do a cholecystectomy,1,cmr_versius:00
arm left: 2. left instrument: Tool #8 (Green). arm right: 0. right instrument: Tool #17 (White). do a cholecystectomy,1,cmr_versius:00
arm left: 2. left instrument: Tool #8 (Green). arm right: 1. right instrument: Tool #0 (Blue). do a cholecystectomy,1,cmr_versius:00
arm left: 2. left instrument: Tool #9 (Blue). arm right: -1. right instrument: Tool #3 (None). do an inguinal hernia repair,1,cmr_versius:02
arm left: 2. left instrument: Tool #9 (Blue). arm right: 1. right instrument: Tool #2 (Cyan). do an inguinal hernia repair,1,cmr_versius:02
arm left: 2. left instrument: Tool #9 (Blue). arm right: 1. right instrument: Tool #2 (Purple). do an inguinal hernia repair,1,cmr_versius:02
arm left: 2. left instrument: Tool #9 (Cyan). arm right: -1. right instrument: Tool #3 (None). do an inguinal hernia repair,1,cmr_versius:02
arm left: 2. left instrument: Tool #9 (Cyan). arm right: 0. right instrument: Tool #14 (White). do an inguinal hernia repair,1,cmr_versius:02
arm left: 2. left instrument: Tool #9 (Cyan). arm right: 1. right instrument: Tool #13 (Purple). do an inguinal hernia repair,1,cmr_versius:02
arm left: 2. left instrument: Tool #9 (Cyan). arm right: 1. right instrument: Tool #2 (Orange). do a hysterectomy,1,cmr_versius:01
arm left: 2. left instrument: Tool #9 (Green). arm right: -1. right instrument: Tool #3 (None). do a hysterectomy,1,cmr_versius:01
arm left: 2. left instrument: Tool #9 (Green). arm right: 0. right instrument: Tool #14 (White). do a hysterectomy,1,cmr_versius:01
arm left: 2. left instrument: Tool #9 (Green). arm right: 1. right instrument: Tool #18 (Purple). do a hysterectomy,1,cmr_versius:01
arm left: 2. left instrument: Tool #9 (Orange). arm right: -1. right instrument: Tool #3 (None). do an inguinal hernia repair,1,cmr_versius:02
arm left: 2. left instrument: Tool #9 (Pink). arm right: -1. right instrument: Tool #3 (None). do a hysterectomy,1,cmr_versius:01
arm left: 2. left instrument: Tool #9 (Pink). arm right: 0. right instrument: Tool #14 (White). do a hysterectomy,1,cmr_versius:01
arm left: 2. left instrument: Tool #9 (Pink). arm right: 1. right instrument: Tool #18 (Purple). do a hysterectomy,1,cmr_versius:01
arm left: 3. left instrument: Tool #0 (Blue). arm right: -1. right instrument: Tool #3 (None). do a cholecystectomy,1,cmr_versius:00
arm left: 3. left instrument: Tool #0 (Blue). arm right: -1. right instrument: Tool #3 (None). do a hysterectomy,1,cmr_versius:01
arm left: 3. left instrument: Tool #0 (Blue). arm right: -1. right instrument: Tool #3 (None). do a prostatectomy,1,cmr_versius:03
arm left: 3. left instrument: Tool #0 (Blue). arm right: 0. right instrument: Tool #14 (White). do a cholecystectomy,1,cmr_versius:00
arm left: 3. left instrument: Tool #0 (Blue). arm right: 0. right instrument: Tool #17 (White). do a hysterectomy,1,cmr_versius:01
arm left: 3. left instrument: Tool #0 (Blue). arm right: 1. right instrument: Tool #12 (Purple). do a hysterectomy,1,cmr_versius:01
arm left: 3. left instrument: Tool #0 (Blue). arm right: 1. right instrument: Tool #2 (Green). do a prostatectomy,1,cmr_versius:03
arm left: 3. left instrument: Tool #0 (Blue). arm right: 1. right instrument: Tool #2 (Orange). do a prostatectomy,1,cmr_versius:03
arm left: 3. left instrument: Tool #0 (Blue). arm right: 1. right instrument: Tool #9 (Cyan). do a cholecystectomy,1,cmr_versius:00
arm left: 3. left instrument: Tool #0 (Blue). arm right: 1. right instrument: Tool #9 (Green). do a hysterectomy,1,cmr_versius:01
arm left: 3. left instrument: Tool #0 (Blue). arm right: 1. right instrument: Tool #9 (Green). do a prostatectomy,1,cmr_versius:03
arm left: 3. left instrument: Tool #0 (Blue). arm right: 1. right instrument: Tool #9 (Orange). do a hysterectomy,1,cmr_versius:01
arm left: 3. left instrument: Tool #0 (Blue). arm right: 1. right instrument: Tool #9 (Orange). do a prostatectomy,1,cmr_versius:03
arm left: 3. left instrument: Tool #0 (Blue). arm right: 2. right instrument: Tool #2 (Orange). do a prostatectomy,1,cmr_versius:03
arm left: 3. left instrument: Tool #0 (Blue). arm right: 2. right instrument: Tool #9 (Green). do a hysterectomy,1,cmr_versius:01
arm left: 3. left instrument: Tool #0 (Blue). arm right: 2. right instrument: Tool #9 (Orange). do a prostatectomy,1,cmr_versius:03
arm left: 3. left instrument: Tool #0 (Cyan). arm right: -1. right instrument: Tool #3 (None). do a hysterectomy,1,cmr_versius:01
arm left: 3. left instrument: Tool #0 (Cyan). arm right: 1. right instrument: Tool #13 (Orange). do a hysterectomy,1,cmr_versius:01
arm left: 3. left instrument: Tool #0 (Cyan). arm right: 1. right instrument: Tool #2 (Blue). do a prostatectomy,1,cmr_versius:03
arm left: 3. left instrument: Tool #0 (Cyan). arm right: 1. right instrument: Tool #2 (Green). do a hysterectomy,1,cmr_versius:01
arm left: 3. left instrument: Tool #0 (Cyan). arm right: 1. right instrument: Tool #2 (Pink). do a hysterectomy,1,cmr_versius:01
arm left: 3. left instrument: Tool #0 (Cyan). arm right: 1. right instrument: Tool #2 (Purple). do a hysterectomy,1,cmr_versius:01
arm left: 3. left instrument: Tool #0 (Cyan). arm right: 1. right instrument: Tool #9 (Blue). do a prostatectomy,1,cmr_versius:03
arm left: 3. left instrument: Tool #0 (Cyan). arm right: 1. right instrument: Tool #9 (Green). do a hysterectomy,1,cmr_versius:01
arm left: 3. left instrument: Tool #0 (Cyan). arm right: 1. right instrument: Tool #9 (Purple). do a hysterectomy,1,cmr_versius:01
arm left: 3. left instrument: Tool #0 (Cyan). arm right: 2. right instrument: Tool #13 (Blue). do a hysterectomy,1,cmr_versius:01
arm left: 3. left instrument: Tool #0 (Cyan). arm right: 2. right instrument: Tool #13 (Orange). do a hysterectomy,1,cmr_versius:01
arm left: 3. left instrument: Tool #0 (Cyan). arm right: 2. right instrument: Tool #2 (Pink). do a hysterectomy,1,cmr_versius:01
arm left: 3. left instrument: Tool #0 (Cyan). arm right: 2. right instrument: Tool #9 (Pink). do a hysterectomy,1,cmr_versius:01
arm left: 3. left instrument: Tool #0 (Green). arm right: -1. right instrument: Tool #3 (None). do a hysterectomy,1,cmr_versius:01
arm left: 3. left instrument: Tool #0 (Green). arm right: -1. right instrument: Tool #3 (None). do a prostatectomy,1,cmr_versius:03
arm left: 3. left instrument: Tool #0 (Green). arm right: -1. right instrument: Tool #3 (None). do an inguinal hernia repair,1,cmr_versius:02
arm left: 3. left instrument: Tool #0 (Green). arm right: 0. right instrument: Tool #14 (White). do a prostatectomy,1,cmr_versius:03
arm left: 3. left instrument: Tool #0 (Green). arm right: 0. right instrument: Tool #14 (White). do an inguinal hernia repair,1,cmr_versius:02
arm left: 3. left instrument: Tool #0 (Green). arm right: 1. right instrument: Tool #10 (Pink). do a hysterectomy,1,cmr_versius:01
arm left: 3. left instrument: Tool #0 (Green). arm right: 1. right instrument: Tool #2 (Blue). do a prostatectomy,1,cmr_versius:03
arm left: 3. left instrument: Tool #0 (Green). arm right: 1. right instrument: Tool #2 (Cyan). do a hysterectomy,1,cmr_versius:01
arm left: 3. left instrument: Tool #0 (Green). arm right: 1. right instrument: Tool #2 (Cyan). do a prostatectomy,1,cmr_versius:03
arm left: 3. left instrument: Tool #0 (Green). arm right: 1. right instrument: Tool #2 (Orange). do a prostatectomy,1,cmr_versius:03
arm left: 3. left instrument: Tool #0 (Green). arm right: 1. right instrument: Tool #2 (Pink). do a prostatectomy,1,cmr_versius:03
arm left: 3. left instrument: Tool #0 (Green). arm right: 1. right instrument: Tool #9 (Blue). do a prostatectomy,1,cmr_versius:03
arm left: 3. left instrument: Tool #0 (Green). arm right: 1. right instrument: Tool #9 (Cyan). do a hysterectomy,1,cmr_versius:01
arm left: 3. left instrument: Tool #0 (Green). arm right: 1. right instrument: Tool #9 (Cyan). do a prostatectomy,1,cmr_versius:03
arm left: 3. left instrument: Tool #0 (Green). arm right: 1. right instrument: Tool #9 (Orange). do a prostatectomy,1,cmr_versius:03
arm left: 3. left instrument: Tool #0 (Green). arm right: 1. right instrument: Tool #9 (Pink). do a hysterectomy,1,cmr_versius:01
arm left: 3. left instrument: Tool #0 (Green). arm right: 1. right instrument: Tool #9 (Pink). do a prostatectomy,1,cmr_versius:03
arm left: 3. left instrument: Tool #0 (Green). arm right: 2. right instrument: Tool #12 (Blue). do a hysterectomy,1,cmr_versius:01
arm left: 3. left instrument: Tool #0 (Green). arm right: 2. right instrument: Tool #2 (Blue). do a prostatectomy,1,cmr_versius:03
arm left: 3. left instrument: Tool #0 (Green). arm right: 2. right instrument: Tool #2 (Orange). do a prostatectomy,1,cmr_versius:03
arm left: 3. left instrument: Tool #0 (Green). arm right: 2. right instrument: Tool #2 (Orange). do an inguinal hernia repair,1,cmr_versius:02
arm left: 3. left instrument: Tool #0 (Green). arm right: 2. right instrument: Tool #9 (Blue). do a prostatectomy,1,cmr_versius:03
arm left: 3. left instrument: Tool #0 (Green). arm right: 2. right instrument: Tool #9 (Cyan). do a hysterectomy,1,cmr_versius:01
arm left: 3. left instrument: Tool #0 (Green). arm right: 2. right instrument: Tool #9 (Orange). do a prostatectomy,1,cmr_versius:03
arm left: 3. left instrument: Tool #0 (Green). arm right: 2. right instrument: Tool #9 (Orange). do an inguinal hernia repair,1,cmr_versius:02
arm left: 3. left instrument: Tool #0 (Orange). arm right: -1. right instrument: Tool #3 (None). do a hysterectomy,1,cmr_versius:01
arm left: 3. left instrument: Tool #0 (Orange). arm right: -1. right instrument: Tool #3 (None). do a prostatectomy,1,cmr_versius:03
arm left: 3. left instrument: Tool #0 (Orange). arm right: 0. right instrument: Tool #17 (White). do a hysterectomy,1,cmr_versius:01
arm left: 3. left instrument: Tool #0 (Orange). arm right: 1. right instrument: Tool #2 (Blue). do a prostatectomy,1,cmr_versius:03
arm left: 3. left instrument: Tool #0 (Orange). arm right: 1. right instrument: Tool #2 (Green). do a prostatectomy,1,cmr_versius:03
arm left: 3. left instrument: Tool #0 (Orange). arm right: 1. right instrument: Tool #9 (Blue). do a prostatectomy,1,cmr_versius:03
arm left: 3. left instrument: Tool #0 (Orange). arm right: 1. right instrument: Tool #9 (Green). do a prostatectomy,1,cmr_versius:03
arm left: 3. left instrument: Tool #0 (Orange). arm right: 1. right instrument: Tool #9 (Pink). do a hysterectomy,1,cmr_versius:01
arm left: 3. left instrument: Tool #0 (Orange). arm right: 2. right instrument: Tool #2 (Blue). do a prostatectomy,1,cmr_versius:03
arm left: 3. left instrument: Tool #0 (Orange). arm right: 2. right instrument: Tool #2 (Green). do a prostatectomy,1,cmr_versius:03
arm left: 3. left instrument: Tool #0 (Orange). arm right: 2. right instrument: Tool #9 (Blue). do a prostatectomy,1,cmr_versius:03
arm left: 3. left instrument: Tool #0 (Orange). arm right: 2. right instrument: Tool #9 (Green). do a prostatectomy,1,cmr_versius:03
arm left: 3. left instrument: Tool #0 (Pink). arm right: -1. right instrument: Tool #3 (None). do a hysterectomy,1,cmr_versius:01
arm left: 3. left instrument: Tool #0 (Pink). arm right: -1. right instrument: Tool #3 (None). do a prostatectomy,1,cmr_versius:03
arm left: 3. left instrument: Tool #0 (Pink). arm right: 0. right instrument: Tool #14 (White). do a prostatectomy,1,cmr_versius:03
arm left: 3. left instrument: Tool #0 (Pink). arm right: 0. right instrument: Tool #17 (White). do a hysterectomy,1,cmr_versius:01
arm left: 3. left instrument: Tool #0 (Pink). arm right: 1. right instrument: Tool #2 (Blue). do a prostatectomy,1,cmr_versius:03
arm left: 3. left instrument: Tool #0 (Pink). arm right: 1. right instrument: Tool #2 (Green). do a prostatectomy,1,cmr_versius:03
arm left: 3. left instrument: Tool #0 (Pink). arm right: 1. right instrument: Tool #9 (Blue). do a prostatectomy,1,cmr_versius:03
arm left: 3. left instrument: Tool #0 (Pink). arm right: 1. right instrument: Tool #9 (Green). do a prostatectomy,1,cmr_versius:03
arm left: 3. left instrument: Tool #0 (Pink). arm right: 1. right instrument: Tool #9 (Orange). do a hysterectomy,1,cmr_versius:01
arm left: 3. left instrument: Tool #0 (Pink). arm right: 2. right instrument: Tool #2 (Blue). do a prostatectomy,1,cmr_versius:03
arm left: 3. left instrument: Tool #0 (Pink). arm right: 2. right instrument: Tool #9 (Blue). do a prostatectomy,1,cmr_versius:03
arm left: 3. left instrument: Tool #0 (Purple). arm right: -1. right instrument: Tool #3 (None). do a hysterectomy,1,cmr_versius:01
arm left: 3. left instrument: Tool #0 (Purple). arm right: 0. right instrument: Tool #14 (White). do a hysterectomy,1,cmr_versius:01
arm left: 3. left instrument: Tool #0 (Purple). arm right: 1. right instrument: Tool #18 (Blue). do a hysterectomy,1,cmr_versius:01
arm left: 3. left instrument: Tool #0 (Purple). arm right: 1. right instrument: Tool #2 (Blue). do a hysterectomy,1,cmr_versius:01
arm left: 3. left instrument: Tool #0 (Purple). arm right: 1. right instrument: Tool #9 (Blue). do a hysterectomy,1,cmr_versius:01
arm left: 3. left instrument: Tool #0 (Purple). arm right: 2. right instrument: Tool #9 (Pink). do a hysterectomy,1,cmr_versius:01
arm left: 3. left instrument: Tool #1 (Cyan). arm right: -1. right instrument: Tool #3 (None). do a hysterectomy,1,cmr_versius:01
arm left: 3. left instrument: Tool #1 (Cyan). arm right: 1. right instrument: Tool #13 (Orange). do a hysterectomy,1,cmr_versius:01
arm left: 3. left instrument: Tool #1 (Cyan). arm right: 1. right instrument: Tool #2 (Pink). do a hysterectomy,1,cmr_versius:01
arm left: 3. left instrument: Tool #1 (Cyan). arm right: 1. right instrument: Tool #8 (Pink). do a hysterectomy,1,cmr_versius:01
arm left: 3. left instrument: Tool #1 (Cyan). arm right: 1. right instrument: Tool #9 (Pink). do a hysterectomy,1,cmr_versius:01
arm left: 3. left instrument: Tool #1 (Cyan). arm right: 2. right instrument: Tool #13 (Orange). do a hysterectomy,1,cmr_versius:01
arm left: 3. left instrument: Tool #1 (Cyan). arm right: 2. right instrument: Tool #8 (Pink). do a hysterectomy,1,cmr_versius:01
arm left: 3. left instrument: Tool #1 (Cyan). arm right: 2. right instrument: Tool #9 (Pink). do a hysterectomy,1,cmr_versius:01
arm left: 3. left instrument: Tool #1 (Green). arm right: -1. right instrument: Tool #3 (None). do a prostatectomy,1,cmr_versius:03
arm left: 3. left instrument: Tool #1 (Green). arm right: 0. right instrument: Tool #14 (White). do a prostatectomy,1,cmr_versius:03
arm left: 3. left instrument: Tool #1 (Green). arm right: 1. right instrument: Tool #0 (Blue). do a prostatectomy,1,cmr_versius:03
arm left: 3. left instrument: Tool #1 (Green). arm right: 2. right instrument: Tool #9 (Orange). do a prostatectomy,1,cmr_versius:03
arm left: 3. left instrument: Tool #1 (Pink). arm right: -1. right instrument: Tool #3 (None). do a hysterectomy,1,cmr_versius:01
arm left: 3. left instrument: Tool #1 (Pink). arm right: 2. right instrument: Tool #9 (Orange). do a hysterectomy,1,cmr_versius:01
arm left: 3. left instrument: Tool #12 (Blue). arm right: -1. right instrument: Tool #3 (None). do a hysterectomy,1,cmr_versius:01
arm left: 3. left instrument: Tool #12 (Blue). arm right: 0. right instrument: Tool #17 (White). do a hysterectomy,1,cmr_versius:01
arm left: 3. left instrument: Tool #12 (Blue). arm right: 1. right instrument: Tool #0 (Cyan). do a hysterectomy,1,cmr_versius:01
arm left: 3. left instrument: Tool #12 (Blue). arm right: 1. right instrument: Tool #2 (Cyan). do a hysterectomy,1,cmr_versius:01
arm left: 3. left instrument: Tool #12 (Blue). arm right: 1. right instrument: Tool #9 (Cyan). do a hysterectomy,1,cmr_versius:01
arm left: 3. left instrument: Tool #12 (Blue). arm right: 2. right instrument: Tool #0 (Pink). do a hysterectomy,1,cmr_versius:01
arm left: 3. left instrument: Tool #12 (Blue). arm right: 2. right instrument: Tool #2 (Pink). do a hysterectomy,1,cmr_versius:01
arm left: 3. left instrument: Tool #12 (Blue). arm right: 2. right instrument: Tool #9 (Pink). do a hysterectomy,1,cmr_versius:01
arm left: 3. left instrument: Tool #12 (Cyan). arm right: -1. right instrument: Tool #3 (None). do a hysterectomy,1,cmr_versius:01
arm left: 3. left instrument: Tool #12 (Cyan). arm right: 0. right instrument: Tool #14 (White). do a hysterectomy,1,cmr_versius:01
arm left: 3. left instrument: Tool #12 (Cyan). arm right: 0. right instrument: Tool #17 (White). do a hysterectomy,1,cmr_versius:01
arm left: 3. left instrument: Tool #12 (Cyan). arm right: 1. right instrument: Tool #0 (Orange). do a hysterectomy,1,cmr_versius:01
arm left: 3. left instrument: Tool #12 (Cyan). arm right: 1. right instrument: Tool #0 (Pink). do a hysterectomy,1,cmr_versius:01
arm left: 3. left instrument: Tool #12 (Cyan). arm right: 1. right instrument: Tool #2 (Green). do a hysterectomy,1,cmr_versius:01
arm left: 3. left instrument: Tool #12 (Cyan). arm right: 1. right instrument: Tool #2 (Pink). do a hysterectomy,1,cmr_versius:01
arm left: 3. left instrument: Tool #12 (Cyan). arm right: 1. right instrument: Tool #9 (Green). do a hysterectomy,1,cmr_versius:01
arm left: 3. left instrument: Tool #12 (Cyan). arm right: 1. right instrument: Tool #9 (Orange). do a hysterectomy,1,cmr_versius:01
arm left: 3. left instrument: Tool #12 (Cyan). arm right: 1. right instrument: Tool #9 (Pink). do a hysterectomy,1,cmr_versius:01
arm left: 3. left instrument: Tool #12 (Cyan). arm right: 2. right instrument: Tool #0 (Orange). do a hysterectomy,1,cmr_versius:01
arm left: 3. left instrument: Tool #12 (Cyan). arm right: 2. right instrument: Tool #0 (Pink). do a hysterectomy,1,cmr_versius:01
arm left: 3. left instrument: Tool #12 (Cyan). arm right: 2. right instrument: Tool #2 (Orange). do a hysterectomy,1,cmr_versius:01
arm left: 3. left instrument: Tool #12 (Cyan). arm right: 2. right instrument: Tool #2 (Pink). do a hysterectomy,1,cmr_versius:01
arm left: 3. left instrument: Tool #12 (Cyan). arm right: 2. right instrument: Tool #9 (Orange). do a hysterectomy,1,cmr_versius:01
arm left: 3. left instrument: Tool #12 (Cyan). arm right: 2. right instrument: Tool #9 (Pink). do a hysterectomy,1,cmr_versius:01
arm left: 3. left instrument: Tool #12 (Green). arm right: -1. right instrument: Tool #3 (None). do a hysterectomy,1,cmr_versius:01
arm left: 3. left instrument: Tool #12 (Green). arm right: 0. right instrument: Tool #14 (White). do a hysterectomy,1,cmr_versius:01
arm left: 3. left instrument: Tool #12 (Green). arm right: 1. right instrument: Tool #0 (Cyan). do a hysterectomy,1,cmr_versius:01
arm left: 3. left instrument: Tool #12 (Green). arm right: 1. right instrument: Tool #2 (Orange). do a hysterectomy,1,cmr_versius:01
arm left: 3. left instrument: Tool #12 (Green). arm right: 1. right instrument: Tool #9 (Cyan). do a hysterectomy,1,cmr_versius:01
arm left: 3. left instrument: Tool #12 (Green). arm right: 1. right instrument: Tool #9 (Orange). do a hysterectomy,1,cmr_versius:01
arm left: 3. left instrument: Tool #12 (Green). arm right: 2. right instrument: Tool #2 (Orange). do a hysterectomy,1,cmr_versius:01
arm left: 3. left instrument: Tool #12 (Green). arm right: 2. right instrument: Tool #9 (Orange). do a hysterectomy,1,cmr_versius:01
arm left: 3. left instrument: Tool #12 (None). arm right: 1. right instrument: Tool #9 (None). do a hysterectomy,1,cmr_versius:01
arm left: 3. left instrument: Tool #12 (Orange). arm right: -1. right instrument: Tool #3 (None). do a hysterectomy,1,cmr_versius:01
arm left: 3. left instrument: Tool #12 (Orange). arm right: 1. right instrument: Tool #2 (Blue). do a hysterectomy,1,cmr_versius:01
arm left: 3. left instrument: Tool #12 (Orange). arm right: 1. right instrument: Tool #9 (Blue). do a hysterectomy,1,cmr_versius:01
arm left: 3. left instrument: Tool #12 (Pink). arm right: -1. right instrument: Tool #3 (None). do a hysterectomy,1,cmr_versius:01
arm left: 3. left instrument: Tool #12 (Pink). arm right: 0. right instrument: Tool #14 (White). do a hysterectomy,1,cmr_versius:01
arm left: 3. left instrument: Tool #12 (Pink). arm right: 0. right instrument: Tool #17 (White). do a hysterectomy,1,cmr_versius:01
arm left: 3. left instrument: Tool #12 (Pink). arm right: 1. right instrument: Tool #2 (Green). do a hysterectomy,1,cmr_versius:01
arm left: 3. left instrument: Tool #12 (Pink). arm right: 1. right instrument: Tool #2 (Orange). do a hysterectomy,1,cmr_versius:01
arm left: 3. left instrument: Tool #12 (Pink). arm right: 1. right instrument: Tool #9 (Cyan). do a hysterectomy,1,cmr_versius:01
arm left: 3. left instrument: Tool #12 (Pink). arm right: 1. right instrument: Tool #9 (Green). do a hysterectomy,1,cmr_versius:01
arm left: 3. left instrument: Tool #12 (Pink). arm right: 1. right instrument: Tool #9 (Orange). do a hysterectomy,1,cmr_versius:01
arm left: 3. left instrument: Tool #12 (Pink). arm right: 2. right instrument: Tool #0 (Cyan). do a hysterectomy,1,cmr_versius:01
arm left: 3. left instrument: Tool #12 (Pink). arm right: 2. right instrument: Tool #0 (Orange). do a hysterectomy,1,cmr_versius:01
arm left: 3. left instrument: Tool #12 (Pink). arm right: 2. right instrument: Tool #9 (Orange). do a hysterectomy,1,cmr_versius:01
arm left: 3. left instrument: Tool #13 (Green). arm right: -1. right instrument: Tool #3 (None). do a prostatectomy,1,cmr_versius:03
arm left: 3. left instrument: Tool #13 (Green). arm right: 0. right instrument: Tool #14 (White). do a prostatectomy,1,cmr_versius:03
arm left: 3. left instrument: Tool #13 (Green). arm right: 1. right instrument: Tool #2 (Blue). do a prostatectomy,1,cmr_versius:03
arm left: 3. left instrument: Tool #13 (Green). arm right: 1. right instrument: Tool #2 (Orange). do a prostatectomy,1,cmr_versius:03
arm left: 3. left instrument: Tool #13 (Green). arm right: 1. right instrument: Tool #9 (Blue). do a prostatectomy,1,cmr_versius:03
arm left: 3. left instrument: Tool #13 (Green). arm right: 1. right instrument: Tool #9 (Orange). do a prostatectomy,1,cmr_versius:03
arm left: 3. left instrument: Tool #13 (Orange). arm right: -1. right instrument: Tool #3 (None). do a prostatectomy,1,cmr_versius:03
arm left: 3. left instrument: Tool #13 (Orange). arm right: 1. right instrument: Tool #2 (Blue). do a prostatectomy,1,cmr_versius:03
arm left: 3. left instrument: Tool #13 (Orange). arm right: 1. right instrument: Tool #9 (Blue). do a prostatectomy,1,cmr_versius:03
arm left: 3. left instrument: Tool #18 (Blue). arm right: -1. right instrument: Tool #3 (None). do a cholecystectomy,1,cmr_versius:00
arm left: 3. left instrument: Tool #18 (Blue). arm right: -1. right instrument: Tool #3 (None). do a hysterectomy,1,cmr_versius:01
arm left: 3. left instrument: Tool #18 (Blue). arm right: -1. right instrument: Tool #3 (None). do a prostatectomy,1,cmr_versius:03
arm left: 3. left instrument: Tool #18 (Blue). arm right: 0. right instrument: Tool #14 (White). do a cholecystectomy,1,cmr_versius:00
arm left: 3. left instrument: Tool #18 (Blue). arm right: 0. right instrument: Tool #14 (White). do a hysterectomy,1,cmr_versius:01
arm left: 3. left instrument: Tool #18 (Blue). arm right: 0. right instrument: Tool #14 (White). do a prostatectomy,1,cmr_versius:03
arm left: 3. left instrument: Tool #18 (Blue). arm right: 1. right instrument: Tool #0 (Purple). do a cholecystectomy,1,cmr_versius:00
arm left: 3. left instrument: Tool #18 (Blue). arm right: 1. right instrument: Tool #2 (Orange). do a prostatectomy,1,cmr_versius:03
arm left: 3. left instrument: Tool #18 (Blue). arm right: 1. right instrument: Tool #2 (Pink). do a prostatectomy,1,cmr_versius:03
arm left: 3. left instrument: Tool #18 (Blue). arm right: 1. right instrument: Tool #9 (Green). do a hysterectomy,1,cmr_versius:01
arm left: 3. left instrument: Tool #18 (Blue). arm right: 1. right instrument: Tool #9 (Orange). do a prostatectomy,1,cmr_versius:03
arm left: 3. left instrument: Tool #18 (Blue). arm right: 1. right instrument: Tool #9 (Pink). do a prostatectomy,1,cmr_versius:03
arm left: 3. left instrument: Tool #18 (Blue). arm right: 2. right instrument: Tool #13 (Orange). do a hysterectomy,1,cmr_versius:01
arm left: 3. left instrument: Tool #18 (Blue). arm right: 2. right instrument: Tool #2 (Green). do a prostatectomy,1,cmr_versius:03
arm left: 3. left instrument: Tool #18 (Blue). arm right: 2. right instrument: Tool #9 (Cyan). do a cholecystectomy,1,cmr_versius:00
arm left: 3. left instrument: Tool #18 (Blue). arm right: 2. right instrument: Tool #9 (Green). do a prostatectomy,1,cmr_versius:03
arm left: 3. left instrument: Tool #18 (Cyan). arm right: -1. right instrument: Tool #3 (None). do a hysterectomy,1,cmr_versius:01
arm left: 3. left instrument: Tool #18 (Cyan). arm right: -1. right instrument: Tool #3 (None). do a prostatectomy,1,cmr_versius:03
arm left: 3. left instrument: Tool #18 (Cyan). arm right: 0. right instrument: Tool #17 (White). do a prostatectomy,1,cmr_versius:03
arm left: 3. left instrument: Tool #18 (Cyan). arm right: 1. right instrument: Tool #13 (Orange). do a hysterectomy,1,cmr_versius:01
arm left: 3. left instrument: Tool #18 (Cyan). arm right: 1. right instrument: Tool #2 (Pink). do a hysterectomy,1,cmr_versius:01
arm left: 3. left instrument: Tool #18 (Cyan). arm right: 1. right instrument: Tool #8 (Pink). do a hysterectomy,1,cmr_versius:01
arm left: 3. left instrument: Tool #18 (Cyan). arm right: 1. right instrument: Tool #9 (Blue). do a prostatectomy,1,cmr_versius:03
arm left: 3. left instrument: Tool #18 (Cyan). arm right: 1. right instrument: Tool #9 (Pink). do a hysterectomy,1,cmr_versius:01
arm left: 3. left instrument: Tool #18 (Cyan). arm right: 2. right instrument: Tool #13 (Blue). do a hysterectomy,1,cmr_versius:01
arm left: 3. left instrument: Tool #18 (Cyan). arm right: 2. right instrument: Tool #8 (Pink). do a hysterectomy,1,cmr_versius:01
arm left: 3. left instrument: Tool #18 (Cyan). arm right: 2. right instrument: Tool #9 (Pink). do a hysterectomy,1,cmr_versius:01
arm left: 3. left instrument: Tool #18 (Green). arm right: -1. right instrument: Tool #3 (None). do a hysterectomy,1,cmr_versius:01
arm left: 3. left instrument: Tool #18 (Green). arm right: -1. right instrument: Tool #3 (None). do a prostatectomy,1,cmr_versius:03
arm left: 3. left instrument: Tool #18 (Green). arm right: 1. right instrument: Tool #0 (Blue). do a prostatectomy,1,cmr_versius:03
arm left: 3. left instrument: Tool #18 (Green). arm right: 1. right instrument: Tool #0 (Pink). do a prostatectomy,1,cmr_versius:03
arm left: 3. left instrument: Tool #18 (Green). arm right: 1. right instrument: Tool #2 (Orange). do a hysterectomy,1,cmr_versius:01
arm left: 3. left instrument: Tool #18 (Green). arm right: 1. right instrument: Tool #9 (Orange). do a hysterectomy,1,cmr_versius:01
arm left: 3. left instrument: Tool #18 (Green). arm right: 2. right instrument: Tool #9 (Blue). do a prostatectomy,1,cmr_versius:03
arm left: 3. left instrument: Tool #18 (Green). arm right: 2. right instrument: Tool #9 (Orange). do a prostatectomy,1,cmr_versius:03
arm left: 3. left instrument: Tool #18 (Orange). arm right: -1. right instrument: Tool #3 (None). do a prostatectomy,1,cmr_versius:03
arm left: 3. left instrument: Tool #18 (Orange). arm right: 0. right instrument: Tool #14 (White). do a prostatectomy,1,cmr_versius:03
arm left: 3. left instrument: Tool #18 (Orange). arm right: 1. right instrument: Tool #0 (Blue). do a prostatectomy,1,cmr_versius:03
arm left: 3. left instrument: Tool #18 (Orange). arm right: 1. right instrument: Tool #0 (Green). do a prostatectomy,1,cmr_versius:03
arm left: 3. left instrument: Tool #18 (Orange). arm right: 1. right instrument: Tool #9 (Blue). do a prostatectomy,1,cmr_versius:03
arm left: 3. left instrument: Tool #18 (Orange). arm right: 1. right instrument: Tool #9 (Green). do a prostatectomy,1,cmr_versius:03
arm left: 3. left instrument: Tool #18 (Orange). arm right: 2. right instrument: Tool #9 (Blue). do a prostatectomy,1,cmr_versius:03
arm left: 3. left instrument: Tool #18 (Orange). arm right: 2. right instrument: Tool #9 (Green). do a prostatectomy,1,cmr_versius:03
arm left: 3. left instrument: Tool #18 (Pink). arm right: -1. right instrument: Tool #3 (None). do a hysterectomy,1,cmr_versius:01
arm left: 3. left instrument: Tool #18 (Pink). arm right: -1. right instrument: Tool #3 (None). do a prostatectomy,1,cmr_versius:03
arm left: 3. left instrument: Tool #18 (Pink). arm right: -1. right instrument: Tool #3 (None). do an inguinal hernia repair,1,cmr_versius:02
arm left: 3. left instrument: Tool #18 (Pink). arm right: 0. right instrument: Tool #14 (White). do a hysterectomy,1,cmr_versius:01
arm left: 3. left instrument: Tool #18 (Pink). arm right: 0. right instrument: Tool #14 (White). do an inguinal hernia repair,1,cmr_versius:02
arm left: 3. left instrument: Tool #18 (Pink). arm right: 1. right instrument: Tool #0 (Blue). do a hysterectomy,1,cmr_versius:01
arm left: 3. left instrument: Tool #18 (Pink). arm right: 1. right instrument: Tool #0 (Blue). do a prostatectomy,1,cmr_versius:03
arm left: 3. left instrument: Tool #18 (Pink). arm right: 1. right instrument: Tool #0 (Cyan). do an inguinal hernia repair,1,cmr_versius:02
arm left: 3. left instrument: Tool #18 (Pink). arm right: 1. right instrument: Tool #0 (Green). do a prostatectomy,1,cmr_versius:03
arm left: 3. left instrument: Tool #18 (Pink). arm right: 1. right instrument: Tool #2 (Blue). do a prostatectomy,1,cmr_versius:03
arm left: 3. left instrument: Tool #18 (Pink). arm right: 1. right instrument: Tool #2 (Cyan). do an inguinal hernia repair,1,cmr_versius:02
arm left: 3. left instrument: Tool #18 (Pink). arm right: 1. right instrument: Tool #2 (Green). do a hysterectomy,1,cmr_versius:01
arm left: 3. left instrument: Tool #18 (Pink). arm right: 1. right instrument: Tool #9 (Blue). do a prostatectomy,1,cmr_versius:03
arm left: 3. left instrument: Tool #18 (Pink). arm right: 1. right instrument: Tool #9 (Cyan). do an inguinal hernia repair,1,cmr_versius:02
arm left: 3. left instrument: Tool #18 (Pink). arm right: 1. right instrument: Tool #9 (Green). do a hysterectomy,1,cmr_versius:01
arm left: 3. left instrument: Tool #18 (Pink). arm right: 2. right instrument: Tool #0 (Green). do a prostatectomy,1,cmr_versius:03
arm left: 3. left instrument: Tool #18 (Pink). arm right: 2. right instrument: Tool #2 (Blue). do a prostatectomy,1,cmr_versius:03
arm left: 3. left instrument: Tool #18 (Pink). arm right: 2. right instrument: Tool #9 (Blue). do a prostatectomy,1,cmr_versius:03
arm left: 3. left instrument: Tool #18 (Pink). arm right: 2. right instrument: Tool #9 (Green). do a hysterectomy,1,cmr_versius:01
arm left: 3. left instrument: Tool #18 (Pink). arm right: 2. right instrument: Tool #9 (Green). do a prostatectomy,1,cmr_versius:03
arm left: 3. left instrument: Tool #18 (Pink). arm right: 2. right instrument: Tool #9 (Orange). do a prostatectomy,1,cmr_versius:03
arm left: 3. left instrument: Tool #2 (Blue). arm right: -1. right instrument: Tool #3 (None). do a hysterectomy,1,cmr_versius:01
arm left: 3. left instrument: Tool #2 (Blue). arm right: -1. right instrument: Tool #3 (None). do a prostatectomy,1,cmr_versius:03
arm left: 3. left instrument: Tool #2 (Blue). arm right: 0. right instrument: Tool #14 (White). do a hysterectomy,1,cmr_versius:01
arm left: 3. left instrument: Tool #2 (Blue). arm right: 1. right instrument: Tool #2 (Green). do a hysterectomy,1,cmr_versius:01
arm left: 3. left instrument: Tool #2 (Blue). arm right: 1. right instrument: Tool #2 (Orange). do a hysterectomy,1,cmr_versius:01
arm left: 3. left instrument: Tool #2 (Blue). arm right: 1. right instrument: Tool #2 (Orange). do a prostatectomy,1,cmr_versius:03
arm left: 3. left instrument: Tool #2 (Blue). arm right: 1. right instrument: Tool #2 (Pink). do a prostatectomy,1,cmr_versius:03
arm left: 3. left instrument: Tool #2 (Blue). arm right: 2. right instrument: Tool #13 (Orange). do a hysterectomy,1,cmr_versius:01
arm left: 3. left instrument: Tool #2 (Blue). arm right: 2. right instrument: Tool #2 (Green). do a prostatectomy,1,cmr_versius:03
arm left: 3. left instrument: Tool #2 (Cyan). arm right: -1. right instrument: Tool #3 (None). do a prostatectomy,1,cmr_versius:03
arm left: 3. left instrument: Tool #2 (Cyan). arm right: 1. right instrument: Tool #2 (Blue). do a prostatectomy,1,cmr_versius:03
arm left: 3. left instrument: Tool #2 (Green). arm right: -1. right instrument: Tool #3 (None). do a hysterectomy,1,cmr_versius:01
arm left: 3. left instrument: Tool #2 (Green). arm right: -1. right instrument: Tool #3 (None). do a prostatectomy,1,cmr_versius:03
arm left: 3. left instrument: Tool #2 (Green). arm right: 1. right instrument: Tool #0 (Blue). do a prostatectomy,1,cmr_versius:03
arm left: 3. left instrument: Tool #2 (Green). arm right: 1. right instrument: Tool #0 (Pink). do a prostatectomy,1,cmr_versius:03
arm left: 3. left instrument: Tool #2 (Green). arm right: 1. right instrument: Tool #2 (Orange). do a hysterectomy,1,cmr_versius:01
arm left: 3. left instrument: Tool #2 (Green). arm right: 2. right instrument: Tool #2 (Blue). do a prostatectomy,1,cmr_versius:03
arm left: 3. left instrument: Tool #2 (Green). arm right: 2. right instrument: Tool #2 (Orange). do a prostatectomy,1,cmr_versius:03
arm left: 3. left instrument: Tool #2 (Orange). arm right: -1. right instrument: Tool #3 (None). do a hysterectomy,1,cmr_versius:01
arm left: 3. left instrument: Tool #2 (Orange). arm right: -1. right instrument: Tool #3 (None). do a prostatectomy,1,cmr_versius:03
arm left: 3. left instrument: Tool #2 (Orange). arm right: 0. right instrument: Tool #14 (White). do a prostatectomy,1,cmr_versius:03
arm left: 3. left instrument: Tool #2 (Orange). arm right: 1. right instrument: Tool #0 (Green). do a prostatectomy,1,cmr_versius:03
arm left: 3. left instrument: Tool #2 (Orange). arm right: 1. right instrument: Tool #2 (Blue). do a hysterectomy,1,cmr_versius:01
arm left: 3. left instrument: Tool #2 (Orange). arm right: 1. right instrument: Tool #2 (Blue). do a prostatectomy,1,cmr_versius:03
arm left: 3. left instrument: Tool #2 (Orange). arm right: 1. right instrument: Tool #2 (Green). do a prostatectomy,1,cmr_versius:03
arm left: 3. left instrument: Tool #2 (Orange). arm right: 2. right instrument: Tool #2 (Blue). do a prostatectomy,1,cmr_versius:03
arm left: 3. left instrument: Tool #2 (Orange). arm right: 2. right instrument: Tool #2 (Green). do a prostatectomy,1,cmr_versius:03
arm left: 3. left instrument: Tool #2 (Pink). arm right: -1. right instrument: Tool #3 (None). do a hysterectomy,1,cmr_versius:01
arm left: 3. left instrument: Tool #2 (Pink). arm right: -1. right instrument: Tool #3 (None). do a prostatectomy,1,cmr_versius:03
arm left: 3. left instrument: Tool #2 (Pink). arm right: 1. right instrument: Tool #0 (Blue). do a hysterectomy,1,cmr_versius:01
arm left: 3. left instrument: Tool #2 (Pink). arm right: 1. right instrument: Tool #0 (Blue). do a prostatectomy,1,cmr_versius:03
arm left: 3. left instrument: Tool #2 (Pink). arm right: 1. right instrument: Tool #0 (Green). do a prostatectomy,1,cmr_versius:03
arm left: 3. left instrument: Tool #2 (Pink). arm right: 1. right instrument: Tool #2 (Blue). do a prostatectomy,1,cmr_versius:03
arm left: 3. left instrument: Tool #2 (Pink). arm right: 1. right instrument: Tool #2 (Cyan). do a hysterectomy,1,cmr_versius:01
arm left: 3. left instrument: Tool #2 (Pink). arm right: 1. right instrument: Tool #2 (Green). do a hysterectomy,1,cmr_versius:01
arm left: 3. left instrument: Tool #2 (Pink). arm right: 1. right instrument: Tool #2 (Green). do a prostatectomy,1,cmr_versius:03
arm left: 3. left instrument: Tool #2 (Pink). arm right: 1. right instrument: Tool #2 (Orange). do a hysterectomy,1,cmr_versius:01
arm left: 3. left instrument: Tool #2 (Pink). arm right: 2. right instrument: Tool #2 (Blue). do a prostatectomy,1,cmr_versius:03
arm left: 3. left instrument: Tool #2 (Pink). arm right: 2. right instrument: Tool #2 (Green). do a hysterectomy,1,cmr_versius:01
arm left: 3. left instrument: Tool #2 (Pink). arm right: 2. right instrument: Tool #2 (Green). do a prostatectomy,1,cmr_versius:03
arm left: 3. left instrument: Tool #2 (Pink). arm right: 2. right instrument: Tool #2 (Orange). do a prostatectomy,1,cmr_versius:03
arm left: 3. left instrument: Tool #4 (Green). arm right: -1. right instrument: Tool #3 (None). do a prostatectomy,1,cmr_versius:03
arm left: 3. left instrument: Tool #4 (Green). arm right: 0. right instrument: Tool #14 (White). do a prostatectomy,1,cmr_versius:03
arm left: 3. left instrument: Tool #4 (Green). arm right: 1. right instrument: Tool #2 (Blue). do a prostatectomy,1,cmr_versius:03
arm left: 3. left instrument: Tool #4 (Green). arm right: 1. right instrument: Tool #9 (Blue). do a prostatectomy,1,cmr_versius:03
clipping first clip left tube,1,jhu_imerse_dvrk:02
clipping first clip right tube,1,jhu_imerse_dvrk:02
clipping second clip left tube,1,jhu_imerse_dvrk:02
clipping second clip right tube,1,jhu_imerse_dvrk:02
clipping third clip left tube,1,jhu_imerse_dvrk:02
clipping third clip right tube,1,jhu_imerse_dvrk:02
cut,1,jhu_imerse_dvrk:11
dissect,1,jhu_imerse_dvrk:00
dissection,1,ucsd_dvrk:00
flap grasp,1,jhu_imerse_dvrk:11
go back from the cut left tube,1,jhu_imerse_dvrk:02
go back from the cut right tube,1,jhu_imerse_dvrk:02
go to the cutting position left tube,1,jhu_imerse_dvrk:02
go to the cutting position right tube,1,jhu_imerse_dvrk:02
going back first clip left tube,1,jhu_imerse_dvrk:02
going back first clip right tube,1,jhu_imerse_dvrk:02
going back second clip left tube,1,jhu_imerse_dvrk:02
going back second clip right tube,1,jhu_imerse_dvrk:02
going back third clip left tube,1,jhu_imerse_dvrk:02
going back third clip right tube,1,jhu_imerse_dvrk:02
grabbing gallbladder,1,jhu_imerse_dvrk:02
grasp,1,jhu_imerse_dvrk:00
knot tying,2,jhu_imerse_dvrk:10 | jhu_imerse_dvrk_mono:00
left tool: bi_maryland_forceps. right tool: bi_maryland_forceps. aux tool: bi_maryland_forceps. The surgery process is a hemicolectomy InVivo 2.Preparing the colon part for anastomosis,1,rob_surgical_bitrack:00
left tool: bi_maryland_forceps. right tool: bi_maryland_forceps. aux tool: mono_round_scissors. The surgery process is a hysterectomy.,1,rob_surgical_bitrack:00
left tool: bi_maryland_forceps. right tool: bi_maryland_forceps. aux tool: mono_round_scissors. The surgery process is a hysterectomy.Coagulation and dissection of the ovarian vessels,1,rob_surgical_bitrack:00
left tool: bi_maryland_forceps. right tool: bi_maryland_forceps. aux tool: mono_round_scissors. The surgery process is a hysterectomy.Coagulation and dissection of the ovarian vesselsError: Surgeon cut an artery/vessel,1,rob_surgical_bitrack:00
left tool: bi_maryland_forceps. right tool: bi_maryland_forceps. aux tool: mono_round_scissors. The surgery process is a hysterectomy.Coagulation of the utterine vessels,1,rob_surgical_bitrack:00
left tool: bi_maryland_forceps. right tool: bi_maryland_forceps. aux tool: mono_round_scissors. The surgery process is a hysterectomy.Coagulation of the utterine vesselsPelvic lymphadenectomy,1,rob_surgical_bitrack:00
left tool: bi_maryland_forceps. right tool: bi_maryland_forceps. aux tool: mono_round_scissors. The surgery process is a hysterectomy.Dissection of the broad ligament,1,rob_surgical_bitrack:00
left tool: bi_maryland_forceps. right tool: bi_maryland_forceps. aux tool: mono_round_scissors. The surgery process is a hysterectomy.Dissection of the broad ligamentPelvic lymphadenectomy,1,rob_surgical_bitrack:00
left tool: bi_maryland_forceps. right tool: bi_maryland_forceps. aux tool: mono_round_scissors. The surgery process is a hysterectomy.Dissection of the vesicouterine fold,1,rob_surgical_bitrack:00
left tool: bi_maryland_forceps. right tool: bi_maryland_forceps. aux tool: mono_round_scissors. The surgery process is a hysterectomy.Dissection of the vesicouterine foldUterus neck dissection,1,rob_surgical_bitrack:00
left tool: bi_maryland_forceps. right tool: bi_maryland_forceps. aux tool: mono_round_scissors. The surgery process is a hysterectomy.Error: Surgeon cut an artery/vessel,1,rob_surgical_bitrack:00
left tool: bi_maryland_forceps. right tool: bi_maryland_forceps. aux tool: mono_round_scissors. The surgery process is a hysterectomy.Error: Surgeon cut an artery/vesselDissection of the broad ligament,1,rob_surgical_bitrack:00
left tool: bi_maryland_forceps. right tool: bi_maryland_forceps. aux tool: mono_round_scissors. The surgery process is a hysterectomy.Pelvic lymphadenectomy,1,rob_surgical_bitrack:00
left tool: bi_maryland_forceps. right tool: bi_maryland_forceps. aux tool: mono_round_scissors. The surgery process is a hysterectomy.Pelvic lymphadenectomyCoagulation of the utterine vessels,1,rob_surgical_bitrack:00
left tool: bi_maryland_forceps. right tool: bi_maryland_forceps. aux tool: mono_round_scissors. The surgery process is a hysterectomy.Pelvic lymphadenectomyDissection of the vesicouterine fold,1,rob_surgical_bitrack:00
left tool: bi_maryland_forceps. right tool: bi_maryland_forceps. aux tool: mono_round_scissors. The surgery process is a hysterectomy.Suturing the uterus stump,1,rob_surgical_bitrack:00
left tool: bi_maryland_forceps. right tool: bi_maryland_forceps. aux tool: mono_round_scissors. The surgery process is a hysterectomy.Uterus neck dissection,1,rob_surgical_bitrack:00
left tool: bi_maryland_forceps. right tool: forceps. aux tool: bi_maryland_forceps. The surgery process is a hemicolectomy.Create the first penetrating hole inside the colon for anastomosis,1,rob_surgical_bitrack:00
left tool: bi_maryland_forceps. right tool: forceps. aux tool: bi_maryland_forceps. The surgery process is a hemicolectomy.Preparing the colon part for anastomosis,1,rob_surgical_bitrack:00
left tool: bi_maryland_forceps. right tool: forceps. aux tool: forceps. The surgery process is a hysterectomy.Suturing the uterus stump,1,rob_surgical_bitrack:00
left tool: bi_maryland_forceps. right tool: forceps. aux tool: mono_round_scissors. The surgery process is a hysterectomy.Suturing the uterus stump,1,rob_surgical_bitrack:00
left tool: bi_maryland_forceps. right tool: forceps. aux tool: none. The surgery process is a hysterectomy.Suturing the uterus stump,1,rob_surgical_bitrack:00
left tool: bi_maryland_forceps. right tool: none. aux tool: mono_round_scissors. The surgery process is a hysterectomy.Coagulation and dissection of the ovarian vessels,1,rob_surgical_bitrack:00
left tool: bi_maryland_forceps. right tool: none. aux tool: mono_round_scissors. The surgery process is a hysterectomy.Suturing the uterus stump,1,rob_surgical_bitrack:00
left tool: forceps. right tool: bi_maryland_forceps. aux tool: bi_maryland_forceps. The surgery process is a hemicolectomy 2025-10-10_01.Suturing,1,rob_surgical_bitrack:00
left tool: forceps. right tool: bi_maryland_forceps. aux tool: bi_maryland_forceps. The surgery process is a hemicolectomy InVivo 2.Suturing,1,rob_surgical_bitrack:00
left tool: forceps. right tool: bi_maryland_forceps. aux tool: bi_maryland_forceps. The surgery process is a hemicolectomy.,1,rob_surgical_bitrack:00
left tool: forceps. right tool: bi_maryland_forceps. aux tool: forceps. The surgery process is a hemicolectomy 2025-10-10_01.Suturing,1,rob_surgical_bitrack:00
left tool: forceps. right tool: bi_maryland_forceps. aux tool: forceps. The surgery process is a hemicolectomy.,1,rob_surgical_bitrack:00
left tool: forceps. right tool: bi_maryland_forceps. aux tool: forceps. The surgery process is a hemicolectomy.Suturing,1,rob_surgical_bitrack:00
left tool: forceps. right tool: bi_maryland_forceps. aux tool: none. The surgery process is a hemicolectomy 2025-10-10_01.Suturing,1,rob_surgical_bitrack:00
left tool: forceps. right tool: bi_maryland_forceps. aux tool: none. The surgery process is a hemicolectomy.,1,rob_surgical_bitrack:00
left tool: forceps. right tool: forceps. aux tool: bi_maryland_forceps. The surgery process is a hemicolectomy InVivo 2.Suturing,1,rob_surgical_bitrack:00
left tool: forceps. right tool: forceps. aux tool: bi_maryland_forceps. The surgery process is a hemicolectomy.,1,rob_surgical_bitrack:00
left tool: forceps. right tool: forceps. aux tool: bi_maryland_forceps. The surgery process is a hemicolectomy.Suturing,1,rob_surgical_bitrack:00
left tool: forceps. right tool: forceps. aux tool: bi_maryland_forceps. The surgery process is a hemicolectomy.SuturingPause in the surgery,1,rob_surgical_bitrack:00
left tool: forceps. right tool: none. aux tool: bi_maryland_forceps. The surgery process is a hemicolectomy InVivo 2.Suturing,1,rob_surgical_bitrack:00
left tool: forceps. right tool: none. aux tool: bi_maryland_forceps. The surgery process is a hemicolectomy.Suturing,1,rob_surgical_bitrack:00
left tool: mono_hook. right tool: bi_maryland_forceps. aux tool: bi_maryland_forceps. The surgery process is a hemicolectomy 2025-10-10_01.,1,rob_surgical_bitrack:00
left tool: mono_hook. right tool: bi_maryland_forceps. aux tool: bi_maryland_forceps. The surgery process is a hemicolectomy 2025-10-10_01.Artery coagulation,1,rob_surgical_bitrack:00
left tool: mono_hook. right tool: bi_maryland_forceps. aux tool: bi_maryland_forceps. The surgery process is a hemicolectomy 2025-10-10_01.Artery coagulationResect the lymphatic tissue around the mesenteric artery and vein,1,rob_surgical_bitrack:00
left tool: mono_hook. right tool: bi_maryland_forceps. aux tool: bi_maryland_forceps. The surgery process is a hemicolectomy 2025-10-10_01.Create the first penetrating hole inside the colon for anastomosis,1,rob_surgical_bitrack:00
left tool: mono_hook. right tool: bi_maryland_forceps. aux tool: bi_maryland_forceps. The surgery process is a hemicolectomy 2025-10-10_01.Create the first penetrating hole inside the colon for anastomosisCreate the second penetrating hole inside the colon for anastomosis,1,rob_surgical_bitrack:00
left tool: mono_hook. right tool: bi_maryland_forceps. aux tool: bi_maryland_forceps. The surgery process is a hemicolectomy 2025-10-10_01.Create the second penetrating hole inside the colon for anastomosis,1,rob_surgical_bitrack:00
left tool: mono_hook. right tool: bi_maryland_forceps. aux tool: bi_maryland_forceps. The surgery process is a hemicolectomy 2025-10-10_01.Create the second penetrating hole inside the colon for anastomosisLateral to lateral approximation,1,rob_surgical_bitrack:00
left tool: mono_hook. right tool: bi_maryland_forceps. aux tool: bi_maryland_forceps. The surgery process is a hemicolectomy 2025-10-10_01.Dissection and staple of the mesocolon while separating it from the retroperitoneum,1,rob_surgical_bitrack:00
left tool: mono_hook. right tool: bi_maryland_forceps. aux tool: bi_maryland_forceps. The surgery process is a hemicolectomy 2025-10-10_01.Dissection and staple of the mesocolon while separating it from the retroperitoneumPreparing the colon part for anastomosis,1,rob_surgical_bitrack:00
left tool: mono_hook. right tool: bi_maryland_forceps. aux tool: bi_maryland_forceps. The surgery process is a hemicolectomy 2025-10-10_01.Identify the inferior mesenteric artery and vein,1,rob_surgical_bitrack:00
left tool: mono_hook. right tool: bi_maryland_forceps. aux tool: bi_maryland_forceps. The surgery process is a hemicolectomy 2025-10-10_01.Identify the inferior mesenteric artery and veinArtery coagulation,1,rob_surgical_bitrack:00
left tool: mono_hook. right tool: bi_maryland_forceps. aux tool: bi_maryland_forceps. The surgery process is a hemicolectomy 2025-10-10_01.Lateral to lateral approximation,1,rob_surgical_bitrack:00
left tool: mono_hook. right tool: bi_maryland_forceps. aux tool: bi_maryland_forceps. The surgery process is a hemicolectomy 2025-10-10_01.Lateral to lateral approximationSuturing,1,rob_surgical_bitrack:00
left tool: mono_hook. right tool: bi_maryland_forceps. aux tool: bi_maryland_forceps. The surgery process is a hemicolectomy 2025-10-10_01.Preparing the colon part for anastomosis,1,rob_surgical_bitrack:00
left tool: mono_hook. right tool: bi_maryland_forceps. aux tool: bi_maryland_forceps. The surgery process is a hemicolectomy 2025-10-10_01.Resect the lymphatic tissue around the mesenteric artery and vein,1,rob_surgical_bitrack:00
left tool: mono_hook. right tool: bi_maryland_forceps. aux tool: bi_maryland_forceps. The surgery process is a hemicolectomy 2025-10-10_01.Resect the lymphatic tissue around the mesenteric artery and veinDissection and staple of the mesocolon while separating it from the retroperitoneum,1,rob_surgical_bitrack:00
left tool: mono_hook. right tool: bi_maryland_forceps. aux tool: bi_maryland_forceps. The surgery process is a hemicolectomy 2025-10-10_01.Suturing,1,rob_surgical_bitrack:00
left tool: mono_hook. right tool: bi_maryland_forceps. aux tool: bi_maryland_forceps. The surgery process is a hemicolectomy InVivo 2.,1,rob_surgical_bitrack:00
left tool: mono_hook. right tool: bi_maryland_forceps. aux tool: bi_maryland_forceps. The surgery process is a hemicolectomy InVivo 2.Artery coagulation,1,rob_surgical_bitrack:00
left tool: mono_hook. right tool: bi_maryland_forceps. aux tool: bi_maryland_forceps. The surgery process is a hemicolectomy InVivo 2.Artery coagulationResect the lymphatic tissue around the mesenteric artery and vein,1,rob_surgical_bitrack:00
left tool: mono_hook. right tool: bi_maryland_forceps. aux tool: bi_maryland_forceps. The surgery process is a hemicolectomy InVivo 2.Create the first penetrating hole inside the colon for anastomosis,1,rob_surgical_bitrack:00
left tool: mono_hook. right tool: bi_maryland_forceps. aux tool: bi_maryland_forceps. The surgery process is a hemicolectomy InVivo 2.Create the first penetrating hole inside the colon for anastomosisCreate the second penetrating hole inside the colon for anastomosis,1,rob_surgical_bitrack:00
left tool: mono_hook. right tool: bi_maryland_forceps. aux tool: bi_maryland_forceps. The surgery process is a hemicolectomy InVivo 2.Create the second penetrating hole inside the colon for anastomosis,1,rob_surgical_bitrack:00
left tool: mono_hook. right tool: bi_maryland_forceps. aux tool: bi_maryland_forceps. The surgery process is a hemicolectomy InVivo 2.Create the second penetrating hole inside the colon for anastomosisLateral to lateral approximation,1,rob_surgical_bitrack:00
left tool: mono_hook. right tool: bi_maryland_forceps. aux tool: bi_maryland_forceps. The surgery process is a hemicolectomy InVivo 2.Dissection and staple of the mesocolon while separating it from the retroperitoneum,1,rob_surgical_bitrack:00
left tool: mono_hook. right tool: bi_maryland_forceps. aux tool: bi_maryland_forceps. The surgery process is a hemicolectomy InVivo 2.Dissection and staple of the mesocolon while separating it from the retroperitoneumPreparing the colon part for anastomosis,1,rob_surgical_bitrack:00
left tool: mono_hook. right tool: bi_maryland_forceps. aux tool: bi_maryland_forceps. The surgery process is a hemicolectomy InVivo 2.Identify the inferior mesenteric artery and vein,1,rob_surgical_bitrack:00
left tool: mono_hook. right tool: bi_maryland_forceps. aux tool: bi_maryland_forceps. The surgery process is a hemicolectomy InVivo 2.Identify the inferior mesenteric artery and veinArtery coagulation,1,rob_surgical_bitrack:00
left tool: mono_hook. right tool: bi_maryland_forceps. aux tool: bi_maryland_forceps. The surgery process is a hemicolectomy InVivo 2.Lateral to lateral approximation,1,rob_surgical_bitrack:00
left tool: mono_hook. right tool: bi_maryland_forceps. aux tool: bi_maryland_forceps. The surgery process is a hemicolectomy InVivo 2.Lateral to lateral approximationSuturing,1,rob_surgical_bitrack:00
left tool: mono_hook. right tool: bi_maryland_forceps. aux tool: bi_maryland_forceps. The surgery process is a hemicolectomy InVivo 2.Preparing the colon part for anastomosis,1,rob_surgical_bitrack:00
left tool: mono_hook. right tool: bi_maryland_forceps. aux tool: bi_maryland_forceps. The surgery process is a hemicolectomy InVivo 2.Preparing the colon part for anastomosisCreate the first penetrating hole inside the colon for anastomosis,1,rob_surgical_bitrack:00
left tool: mono_hook. right tool: bi_maryland_forceps. aux tool: bi_maryland_forceps. The surgery process is a hemicolectomy InVivo 2.Resect the lymphatic tissue around the mesenteric artery and vein,1,rob_surgical_bitrack:00
left tool: mono_hook. right tool: bi_maryland_forceps. aux tool: bi_maryland_forceps. The surgery process is a hemicolectomy InVivo 2.Resect the lymphatic tissue around the mesenteric artery and veinDissection and staple of the mesocolon while separating it from the retroperitoneum,1,rob_surgical_bitrack:00
left tool: mono_hook. right tool: bi_maryland_forceps. aux tool: bi_maryland_forceps. The surgery process is a hemicolectomy InVivo 2.Suturing,1,rob_surgical_bitrack:00
left tool: mono_hook. right tool: bi_maryland_forceps. aux tool: bi_maryland_forceps. The surgery process is a hemicolectomy.,1,rob_surgical_bitrack:00
left tool: mono_hook. right tool: bi_maryland_forceps. aux tool: bi_maryland_forceps. The surgery process is a hemicolectomy.Artery coagulation,1,rob_surgical_bitrack:00
left tool: mono_hook. right tool: bi_maryland_forceps. aux tool: bi_maryland_forceps. The surgery process is a hemicolectomy.Artery coagulationResect the lymphatic tissue around the mesenteric artery and vein,1,rob_surgical_bitrack:00
left tool: mono_hook. right tool: bi_maryland_forceps. aux tool: bi_maryland_forceps. The surgery process is a hemicolectomy.Create the first penetrating hole inside the colon for anastomosis,1,rob_surgical_bitrack:00
left tool: mono_hook. right tool: bi_maryland_forceps. aux tool: bi_maryland_forceps. The surgery process is a hemicolectomy.Create the first penetrating hole inside the colon for anastomosisCreate the second penetrating hole inside the colon for anastomosis,1,rob_surgical_bitrack:00
left tool: mono_hook. right tool: bi_maryland_forceps. aux tool: bi_maryland_forceps. The surgery process is a hemicolectomy.Create the second penetrating hole inside the colon for anastomosis,1,rob_surgical_bitrack:00
left tool: mono_hook. right tool: bi_maryland_forceps. aux tool: bi_maryland_forceps. The surgery process is a hemicolectomy.Create the second penetrating hole inside the colon for anastomosisLateral to lateral approximation,1,rob_surgical_bitrack:00
left tool: mono_hook. right tool: bi_maryland_forceps. aux tool: bi_maryland_forceps. The surgery process is a hemicolectomy.Dissection and staple of the mesocolon while separating it from the retroperitoneum,1,rob_surgical_bitrack:00
left tool: mono_hook. right tool: bi_maryland_forceps. aux tool: bi_maryland_forceps. The surgery process is a hemicolectomy.Dissection and staple of the mesocolon while separating it from the retroperitoneumPreparing the colon part for anastomosis,1,rob_surgical_bitrack:00
left tool: mono_hook. right tool: bi_maryland_forceps. aux tool: bi_maryland_forceps. The surgery process is a hemicolectomy.Identify the inferior mesenteric artery and vein,1,rob_surgical_bitrack:00
left tool: mono_hook. right tool: bi_maryland_forceps. aux tool: bi_maryland_forceps. The surgery process is a hemicolectomy.Identify the inferior mesenteric artery and veinArtery coagulation,1,rob_surgical_bitrack:00
left tool: mono_hook. right tool: bi_maryland_forceps. aux tool: bi_maryland_forceps. The surgery process is a hemicolectomy.Lateral to lateral approximation,1,rob_surgical_bitrack:00
left tool: mono_hook. right tool: bi_maryland_forceps. aux tool: bi_maryland_forceps. The surgery process is a hemicolectomy.Preparing the colon part for anastomosis,1,rob_surgical_bitrack:00
left tool: mono_hook. right tool: bi_maryland_forceps. aux tool: bi_maryland_forceps. The surgery process is a hemicolectomy.Preparing the colon part for anastomosisCreate the first penetrating hole inside the colon for anastomosis,1,rob_surgical_bitrack:00
left tool: mono_hook. right tool: bi_maryland_forceps. aux tool: bi_maryland_forceps. The surgery process is a hemicolectomy.Resect the lymphatic tissue around the mesenteric artery and vein,1,rob_surgical_bitrack:00
left tool: mono_hook. right tool: bi_maryland_forceps. aux tool: bi_maryland_forceps. The surgery process is a hemicolectomy.Resect the lymphatic tissue around the mesenteric artery and veinDissection and staple of the mesocolon while separating it from the retroperitoneum,1,rob_surgical_bitrack:00
left tool: mono_hook. right tool: bi_maryland_forceps. aux tool: none. The surgery process is a hemicolectomy InVivo 2.Dissection and staple of the mesocolon while separating it from the retroperitoneum,1,rob_surgical_bitrack:00
left tool: mono_hook. right tool: forceps. aux tool: bi_maryland_forceps. The surgery process is a hemicolectomy.,1,rob_surgical_bitrack:00
left tool: mono_hook. right tool: forceps. aux tool: bi_maryland_forceps. The surgery process is a hemicolectomy.Artery coagulation,1,rob_surgical_bitrack:00
left tool: mono_hook. right tool: forceps. aux tool: bi_maryland_forceps. The surgery process is a hemicolectomy.Create the first penetrating hole inside the colon for anastomosis,1,rob_surgical_bitrack:00
left tool: mono_hook. right tool: forceps. aux tool: bi_maryland_forceps. The surgery process is a hemicolectomy.Create the second penetrating hole inside the colon for anastomosis,1,rob_surgical_bitrack:00
left tool: mono_hook. right tool: forceps. aux tool: bi_maryland_forceps. The surgery process is a hemicolectomy.Dissection and staple of the mesocolon while separating it from the retroperitoneum,1,rob_surgical_bitrack:00
left tool: mono_hook. right tool: forceps. aux tool: bi_maryland_forceps. The surgery process is a hemicolectomy.Identify the inferior mesenteric artery and vein,1,rob_surgical_bitrack:00
left tool: mono_hook. right tool: forceps. aux tool: bi_maryland_forceps. The surgery process is a hemicolectomy.Preparing the colon part for anastomosis,1,rob_surgical_bitrack:00
left tool: mono_hook. right tool: forceps. aux tool: bi_maryland_forceps. The surgery process is a hemicolectomy.Resect the lymphatic tissue around the mesenteric artery and vein,1,rob_surgical_bitrack:00
left tool: mono_hook. right tool: none. aux tool: bi_maryland_forceps. The surgery process is a hemicolectomy 2025-10-10_01.Create the first penetrating hole inside the colon for anastomosis,1,rob_surgical_bitrack:00
left tool: mono_hook. right tool: none. aux tool: bi_maryland_forceps. The surgery process is a hemicolectomy 2025-10-10_01.Preparing the colon part for anastomosis,1,rob_surgical_bitrack:00
left tool: mono_hook. right tool: none. aux tool: bi_maryland_forceps. The surgery process is a hemicolectomy 2025-10-10_01.Preparing the colon part for anastomosisCreate the first penetrating hole inside the colon for anastomosis,1,rob_surgical_bitrack:00
left tool: mono_hook. right tool: none. aux tool: bi_maryland_forceps. The surgery process is a hemicolectomy.,1,rob_surgical_bitrack:00
left tool: mono_hook. right tool: none. aux tool: bi_maryland_forceps. The surgery process is a hemicolectomy.Dissection and staple of the mesocolon while separating it from the retroperitoneum,1,rob_surgical_bitrack:00
left tool: none. right tool: bi_maryland_forceps. aux tool: bi_maryland_forceps. The surgery process is a hemicolectomy 2025-10-10_01.Suturing,1,rob_surgical_bitrack:00
left tool: none. right tool: bi_maryland_forceps. aux tool: bi_maryland_forceps. The surgery process is a hemicolectomy InVivo 2.Preparing the colon part for anastomosis,1,rob_surgical_bitrack:00
left tool: none. right tool: bi_maryland_forceps. aux tool: bi_maryland_forceps. The surgery process is a hemicolectomy InVivo 2.Suturing,1,rob_surgical_bitrack:00
left tool: none. right tool: bi_maryland_forceps. aux tool: bi_maryland_forceps. The surgery process is a hemicolectomy.,1,rob_surgical_bitrack:00
left tool: none. right tool: bi_maryland_forceps. aux tool: bi_maryland_forceps. The surgery process is a hemicolectomy.Lateral to lateral approximation,1,rob_surgical_bitrack:00
left tool: none. right tool: bi_maryland_forceps. aux tool: none. The surgery process is a hemicolectomy.,1,rob_surgical_bitrack:00
left tool: none. right tool: forceps. aux tool: bi_maryland_forceps. The surgery process is a hemicolectomy.,1,rob_surgical_bitrack:00
left tool: none. right tool: forceps. aux tool: bi_maryland_forceps. The surgery process is a hemicolectomy.Create the first penetrating hole inside the colon for anastomosis,1,rob_surgical_bitrack:00
left tool: none. right tool: forceps. aux tool: bi_maryland_forceps. The surgery process is a hemicolectomy.Lateral to lateral approximation,1,rob_surgical_bitrack:00
left tool: none. right tool: forceps. aux tool: bi_maryland_forceps. The surgery process is a hemicolectomy.Preparing the colon part for anastomosis,1,rob_surgical_bitrack:00
left tool: none. right tool: forceps. aux tool: bi_maryland_forceps. The surgery process is a hemicolectomy.Suturing,1,rob_surgical_bitrack:00
left tool: none. right tool: forceps. aux tool: none. The surgery process is a hemicolectomy.,1,rob_surgical_bitrack:00
left tool: none. right tool: none. aux tool: mono_round_scissors. The surgery process is a hysterectomy.Coagulation and dissection of the ovarian vessels,1,rob_surgical_bitrack:00
left tool: none. right tool: none. aux tool: mono_round_scissors. The surgery process is a hysterectomy.Identification of uterus and ovaries,1,rob_surgical_bitrack:00
left tool: none. right tool: none. aux tool: mono_round_scissors. The surgery process is a hysterectomy.Identification of uterus and ovariesCoagulation and dissection of the ovarian vessels,1,rob_surgical_bitrack:00
left tool: none. right tool: none. aux tool: none. The surgery process is a hemicolectomy.,1,rob_surgical_bitrack:00
left tool: none. right tool: none. aux tool: none. The surgery process is a hysterectomy.Identification of uterus and ovaries,1,rob_surgical_bitrack:00
left tool: none. right tool: none. aux tool: none. The surgery process is a hysterectomy.Urinary bladder mobilization,1,rob_surgical_bitrack:00
left tool: none. right tool: none. aux tool: none. The surgery process is a hysterectomy.Urinary bladder mobilizationIdentification of uterus and ovaries,1,rob_surgical_bitrack:00
lift the tissue,1,jhu_imerse_dvrk:07
nan,1,jhu_imerse_dvrk:01
needle pickup,2,jhu_imerse_dvrk:10 | jhu_imerse_dvrk_mono:00
needle throw,2,jhu_imerse_dvrk:10 | jhu_imerse_dvrk_mono:00
perform a simple interrupted stitch on ex-vivo tissue (occasionally on silicon suturing training phantom) ; without cutting the suture thread tail at the end,3,jhu_lscr_dvrk_smarts:00 | jhu_lscr_dvrk_smarts:01 | jhu_lscr_dvrk_smarts:02
perform cold-cut dissection on ex-vivo tissue by cutting along pre-defined traces using non-energy surigal instruments,3,jhu_lscr_dvrk_smarts:00 | jhu_lscr_dvrk_smarts:01 | jhu_lscr_dvrk_smarts:02
perform cold-cut dissection to partially peel skin from the underlying fat layer using non-energy instruments,1,jhu_lscr_dvrk_smarts:01
pick up the needle and hand it to the other arm,1,jhu_imerse_dvrk:05
remove cap,1,jhu_imerse_dvrk:11
resect home in,1,jhu_imerse_dvrk:03
resect home out,1,jhu_imerse_dvrk:03
retract home in,1,jhu_imerse_dvrk:03
retraction,1,ucsd_dvrk:00
scissors placing,1,jhu_imerse_dvrk:11
surgical_debridement,1,ucb_dvrk:00
suture throw,1,jhu_imerse_star_il:00
