entry_id,group,historical_training_path,current_public_path,mechanism,mix_ratio_group,mix_percent_group,language,raw_public_count,count_semantics,group_mixture_weight,entry_within_group_weight,language_within_entry_weight,training_mixture_weight,normalized_reconstructed_weight
cmr_versius:00,cmr_versius,cmr-surgical-60hz/cholecystectomy_phase_gesture_prompts_v1,cmr_surgical/cholecystectomy,CMR_STATE_PROMPT,1.6,19.2,arm left: -1. left instrument: Tool #3 (None). arm right: -1. right instrument: Tool #3 (None). do a cholecystectomy,879890,current_public_raw_rows_not_exact_training_probability,0.19202611555171503,0.1608329930015254,0.05175891424928692,0.0015985292898820704,0.0016597836366662167
cmr_versius:00,cmr_versius,cmr-surgical-60hz/cholecystectomy_phase_gesture_prompts_v1,cmr_surgical/cholecystectomy,CMR_STATE_PROMPT,1.6,19.2,arm left: 1. left instrument: Tool #13 (Blue). arm right: -1. right instrument: Tool #3 (None). do a cholecystectomy,36626,current_public_raw_rows_not_exact_training_probability,0.19202611555171503,0.1608329930015254,0.0021544988501907996,6.653983312825547e-05,6.908958560335592e-05
cmr_versius:00,cmr_versius,cmr-surgical-60hz/cholecystectomy_phase_gesture_prompts_v1,cmr_surgical/cholecystectomy,CMR_STATE_PROMPT,1.6,19.2,arm left: 1. left instrument: Tool #13 (Blue). arm right: 2. right instrument: Tool #9 (Cyan). do a cholecystectomy,136756,current_public_raw_rows_not_exact_training_probability,0.19202611555171503,0.1608329930015254,0.008044576114145498,0.0002484497739116394,0.0002579701678799908
cmr_versius:00,cmr_versius,cmr-surgical-60hz/cholecystectomy_phase_gesture_prompts_v1,cmr_surgical/cholecystectomy,CMR_STATE_PROMPT,1.6,19.2,arm left: -1. left instrument: Tool #3 (None). arm right: 2. right instrument: Tool #9 (Cyan). do a cholecystectomy,14671,current_public_raw_rows_not_exact_training_probability,0.19202611555171503,0.1608329930015254,0.0008630113206779124,2.6653358046869324e-05,2.7674693124742934e-05
cmr_versius:00,cmr_versius,cmr-surgical-60hz/cholecystectomy_phase_gesture_prompts_v1,cmr_surgical/cholecystectomy,CMR_STATE_PROMPT,1.6,19.2,arm left: -1. left instrument: Tool #3 (None). arm right: 0. right instrument: Tool #14 (White). do a cholecystectomy,132871,current_public_raw_rows_not_exact_training_probability,0.19202611555171503,0.1608329930015254,0.0078160437045733,0.00024139174814570064,0.00025064168428721415
cmr_versius:00,cmr_versius,cmr-surgical-60hz/cholecystectomy_phase_gesture_prompts_v1,cmr_surgical/cholecystectomy,CMR_STATE_PROMPT,1.6,19.2,arm left: 1. left instrument: Tool #13 (Blue). arm right: 0. right instrument: Tool #14 (White). do a cholecystectomy,60981,current_public_raw_rows_not_exact_training_probability,0.19202611555171503,0.1608329930015254,0.003587164702219329,0.00011078647856697827,0.00011503172663349116
cmr_versius:00,cmr_versius,cmr-surgical-60hz/cholecystectomy_phase_gesture_prompts_v1,cmr_surgical/cholecystectomy,CMR_STATE_PROMPT,1.6,19.2,arm left: 1. left instrument: Tool #0 (Blue). arm right: -1. right instrument: Tool #3 (None). do a cholecystectomy,84203,current_public_raw_rows_not_exact_training_probability,0.19202611555171503,0.1608329930015254,0.004953182621160266,0.00015297476024950842,0.0001588366290765953
cmr_versius:00,cmr_versius,cmr-surgical-60hz/cholecystectomy_phase_gesture_prompts_v1,cmr_surgical/cholecystectomy,CMR_STATE_PROMPT,1.6,19.2,arm left: 1. left instrument: Tool #0 (Blue). arm right: 2. right instrument: Tool #8 (Green). do a cholecystectomy,3052601,current_public_raw_rows_not_exact_training_probability,0.19202611555171503,0.1608329930015254,0.17956712020398855,0.005545775163740123,0.005758284773177248
cmr_versius:00,cmr_versius,cmr-surgical-60hz/cholecystectomy_phase_gesture_prompts_v1,cmr_surgical/cholecystectomy,CMR_STATE_PROMPT,1.6,19.2,arm left: -1. left instrument: Tool #3 (None). arm right: 2. right instrument: Tool #8 (Green). do a cholecystectomy,71126,current_public_raw_rows_not_exact_training_probability,0.19202611555171503,0.1608329930015254,0.004183937236353159,0.00012921728201497018,0.00013416878353148836
cmr_versius:00,cmr_versius,cmr-surgical-60hz/cholecystectomy_phase_gesture_prompts_v1,cmr_surgical/cholecystectomy,CMR_STATE_PROMPT,1.6,19.2,arm left: 0. left instrument: Tool #14 (White). arm right: 0. right instrument: Tool #14 (White). do a cholecystectomy,322410,current_public_raw_rows_not_exact_training_probability,0.19202611555171503,0.1608329930015254,0.018965542900945112,0.0005857343853787158,0.0006081792522901213
cmr_versius:00,cmr_versius,cmr-surgical-60hz/cholecystectomy_phase_gesture_prompts_v1,cmr_surgical/cholecystectomy,CMR_STATE_PROMPT,1.6,19.2,arm left: 1. left instrument: Tool #0 (Blue). arm right: 2. right instrument: Tool #9 (Cyan). do a cholecystectomy,163035,current_public_raw_rows_not_exact_training_probability,0.19202611555171503,0.1608329930015254,0.009590419921390734,0.0002961918225868271,0.00030754165316559636
cmr_versius:00,cmr_versius,cmr-surgical-60hz/cholecystectomy_phase_gesture_prompts_v1,cmr_surgical/cholecystectomy,CMR_STATE_PROMPT,1.6,19.2,arm left: 1. left instrument: Tool #0 (Blue). arm right: 0. right instrument: Tool #14 (White). do a cholecystectomy,38848,current_public_raw_rows_not_exact_training_probability,0.19202611555171503,0.1608329930015254,0.002285206447119865,7.057662418408968e-05,7.328106322064029e-05
cmr_versius:00,cmr_versius,cmr-surgical-60hz/cholecystectomy_phase_gesture_prompts_v1,cmr_surgical/cholecystectomy,CMR_STATE_PROMPT,1.6,19.2,arm left: -1. left instrument: Tool #3 (None). arm right: 2. right instrument: Tool #9 (Orange). do a cholecystectomy,5143,current_public_raw_rows_not_exact_training_probability,0.19202611555171503,0.1608329930015254,0.00030253338029081204,9.34348172824272e-06,9.701516375199572e-06
cmr_versius:00,cmr_versius,cmr-surgical-60hz/cholecystectomy_phase_gesture_prompts_v1,cmr_surgical/cholecystectomy,CMR_STATE_PROMPT,1.6,19.2,arm left: 1. left instrument: Tool #13 (Green). arm right: 2. right instrument: Tool #9 (Orange). do a cholecystectomy,106652,current_public_raw_rows_not_exact_training_probability,0.19202611555171503,0.1608329930015254,0.006273729355390956,0.00019375870372944634,0.0002011833802153966
cmr_versius:00,cmr_versius,cmr-surgical-60hz/cholecystectomy_phase_gesture_prompts_v1,cmr_surgical/cholecystectomy,CMR_STATE_PROMPT,1.6,19.2,arm left: 1. left instrument: Tool #13 (Green). arm right: -1. right instrument: Tool #3 (None). do a cholecystectomy,11735,current_public_raw_rows_not_exact_training_probability,0.19202611555171503,0.1608329930015254,0.0006903031728004432,2.1319416309727458e-05,2.2136359063380706e-05
cmr_versius:00,cmr_versius,cmr-surgical-60hz/cholecystectomy_phase_gesture_prompts_v1,cmr_surgical/cholecystectomy,CMR_STATE_PROMPT,1.6,19.2,arm left: 1. left instrument: Tool #13 (Green). arm right: 0. right instrument: Tool #14 (White). do a cholecystectomy,33325,current_public_raw_rows_not_exact_training_probability,0.19202611555171503,0.1608329930015254,0.001960319832430743,6.054278214926865e-05,6.286273249144969e-05
cmr_versius:00,cmr_versius,cmr-surgical-60hz/cholecystectomy_phase_gesture_prompts_v1,cmr_surgical/cholecystectomy,CMR_STATE_PROMPT,1.6,19.2,arm left: 1. left instrument: Tool #13 (Cyan). arm right: -1. right instrument: Tool #3 (None). do a cholecystectomy,5246,current_public_raw_rows_not_exact_training_probability,0.19202611555171503,0.1608329930015254,0.000308592283298775,9.530605706078418e-06,9.8958107922024e-06
cmr_versius:00,cmr_versius,cmr-surgical-60hz/cholecystectomy_phase_gesture_prompts_v1,cmr_surgical/cholecystectomy,CMR_STATE_PROMPT,1.6,19.2,arm left: 1. left instrument: Tool #13 (Cyan). arm right: 2. right instrument: Tool #9 (Blue). do a cholecystectomy,132392,current_public_raw_rows_not_exact_training_probability,0.19202611555171503,0.1608329930015254,0.0077878668643712205,0.0002405215308118822,0.00024973812093047283
cmr_versius:00,cmr_versius,cmr-surgical-60hz/cholecystectomy_phase_gesture_prompts_v1,cmr_surgical/cholecystectomy,CMR_STATE_PROMPT,1.6,19.2,arm left: -1. left instrument: Tool #3 (None). arm right: 2. right instrument: Tool #9 (Blue). do a cholecystectomy,27221,current_public_raw_rows_not_exact_training_probability,0.19202611555171503,0.1608329930015254,0.0016012562988326259,4.945341554044236e-05,5.134843034207807e-05
cmr_versius:00,cmr_versius,cmr-surgical-60hz/cholecystectomy_phase_gesture_prompts_v1,cmr_surgical/cholecystectomy,CMR_STATE_PROMPT,1.6,19.2,arm left: 1. left instrument: Tool #13 (Cyan). arm right: 0. right instrument: Tool #14 (White). do a cholecystectomy,14140,current_public_raw_rows_not_exact_training_probability,0.19202611555171503,0.1608329930015254,0.0008317756168213265,2.5688670355308588e-05,2.6673039382718637e-05
cmr_versius:00,cmr_versius,cmr-surgical-60hz/cholecystectomy_phase_gesture_prompts_v1,cmr_surgical/cholecystectomy,CMR_STATE_PROMPT,1.6,19.2,arm left: 1. left instrument: Tool #13 (Blue). arm right: 3. right instrument: Tool #8 (Pink). do a cholecystectomy,798428,current_public_raw_rows_not_exact_training_probability,0.19202611555171503,0.1608329930015254,0.04696696903729972,0.00145053420752817,0.0015061175027061722
cmr_versius:00,cmr_versius,cmr-surgical-60hz/cholecystectomy_phase_gesture_prompts_v1,cmr_surgical/cholecystectomy,CMR_STATE_PROMPT,1.6,19.2,arm left: -1. left instrument: Tool #3 (None). arm right: 3. right instrument: Tool #8 (Pink). do a cholecystectomy,26354,current_public_raw_rows_not_exact_training_probability,0.19202611555171503,0.1608329930015254,0.0015502556298238501,4.7878303998854496e-05,4.971296180284067e-05
cmr_versius:00,cmr_versius,cmr-surgical-60hz/cholecystectomy_phase_gesture_prompts_v1,cmr_surgical/cholecystectomy,CMR_STATE_PROMPT,1.6,19.2,arm left: 1. left instrument: Tool #0 (Orange). arm right: -1. right instrument: Tool #3 (None). do a cholecystectomy,20117,current_public_raw_rows_not_exact_training_probability,0.19202611555171503,0.1608329930015254,0.0011833684641863243,3.65473112827258e-05,3.794777462957219e-05
cmr_versius:00,cmr_versius,cmr-surgical-60hz/cholecystectomy_phase_gesture_prompts_v1,cmr_surgical/cholecystectomy,CMR_STATE_PROMPT,1.6,19.2,arm left: 1. left instrument: Tool #0 (Orange). arm right: 2. right instrument: Tool #9 (Blue). do a cholecystectomy,167826,current_public_raw_rows_not_exact_training_probability,0.19202611555171503,0.1608329930015254,0.009872247147712584,0.00030489581266266043,0.0003165791730865727
cmr_versius:00,cmr_versius,cmr-surgical-60hz/cholecystectomy_phase_gesture_prompts_v1,cmr_surgical/cholecystectomy,CMR_STATE_PROMPT,1.6,19.2,arm left: 1. left instrument: Tool #0 (Orange). arm right: 0. right instrument: Tool #14 (White). do a cholecystectomy,29147,current_public_raw_rows_not_exact_training_probability,0.19202611555171503,0.1608329930015254,0.001714551902651429,5.295245225220505e-05,5.4981547304674685e-05
cmr_versius:00,cmr_versius,cmr-surgical-60hz/cholecystectomy_phase_gesture_prompts_v1,cmr_surgical/cholecystectomy,CMR_STATE_PROMPT,1.6,19.2,arm left: -1. left instrument: Tool #3 (None). arm right: 2. right instrument: Tool #8 (Blue). do a cholecystectomy,41059,current_public_raw_rows_not_exact_training_probability,0.19202611555171503,0.1608329930015254,0.0024152669767374007,7.459343112578608e-05,7.745179094873015e-05
cmr_versius:00,cmr_versius,cmr-surgical-60hz/cholecystectomy_phase_gesture_prompts_v1,cmr_surgical/cholecystectomy,CMR_STATE_PROMPT,1.6,19.2,arm left: 1. left instrument: Tool #0 (Orange). arm right: 2. right instrument: Tool #8 (Blue). do a cholecystectomy,97516,current_public_raw_rows_not_exact_training_probability,0.19202611555171503,0.1608329930015254,0.005736310541014744,0.00017716098856918473,0.00018394965406260186
cmr_versius:00,cmr_versius,cmr-surgical-60hz/cholecystectomy_phase_gesture_prompts_v1,cmr_surgical/cholecystectomy,CMR_STATE_PROMPT,1.6,19.2,arm left: 1. left instrument: Tool #0 (Cyan). arm right: -1. right instrument: Tool #3 (None). do a cholecystectomy,31511,current_public_raw_rows_not_exact_training_probability,0.19202611555171503,0.1608329930015254,0.0018536125503293367,5.724722005418167e-05,5.9440887127924106e-05
cmr_versius:00,cmr_versius,cmr-surgical-60hz/cholecystectomy_phase_gesture_prompts_v1,cmr_surgical/cholecystectomy,CMR_STATE_PROMPT,1.6,19.2,arm left: 1. left instrument: Tool #0 (Cyan). arm right: 2. right instrument: Tool #9 (Purple). do a cholecystectomy,25106,current_public_raw_rows_not_exact_training_probability,0.19202611555171503,0.1608329930015254,0.001476842902115716,4.5611015413039423e-05,4.735879255604909e-05
cmr_versius:00,cmr_versius,cmr-surgical-60hz/cholecystectomy_phase_gesture_prompts_v1,cmr_surgical/cholecystectomy,CMR_STATE_PROMPT,1.6,19.2,arm left: 0. left instrument: Tool #14 (White). arm right: -1. right instrument: Tool #3 (None). do a cholecystectomy,70989,current_public_raw_rows_not_exact_training_probability,0.19202611555171503,0.1608329930015254,0.004175878307109558,0.00012896838895707223,0.000133910353093339
cmr_versius:00,cmr_versius,cmr-surgical-60hz/cholecystectomy_phase_gesture_prompts_v1,cmr_surgical/cholecystectomy,CMR_STATE_PROMPT,1.6,19.2,arm left: 1. left instrument: Tool #0 (Cyan). arm right: 0. right instrument: Tool #14 (White). do a cholecystectomy,6699,current_public_raw_rows_not_exact_training_probability,0.19202611555171503,0.1608329930015254,0.0003940639927217869,1.2170325509915999e-05,1.2636682519436502e-05
cmr_versius:00,cmr_versius,cmr-surgical-60hz/cholecystectomy_phase_gesture_prompts_v1,cmr_surgical/cholecystectomy,CMR_STATE_PROMPT,1.6,19.2,arm left: 1. left instrument: Tool #0 (Orange). arm right: 2. right instrument: Tool #13 (Blue). do a cholecystectomy,25495,current_public_raw_rows_not_exact_training_probability,0.19202611555171503,0.1608329930015254,0.0014997255552234598,4.631772635845774e-05,4.809258409210832e-05
cmr_versius:00,cmr_versius,cmr-surgical-60hz/cholecystectomy_phase_gesture_prompts_v1,cmr_surgical/cholecystectomy,CMR_STATE_PROMPT,1.6,19.2,arm left: -1. left instrument: Tool #3 (None). arm right: 2. right instrument: Tool #8 (Pink). do a cholecystectomy,33508,current_public_raw_rows_not_exact_training_probability,0.19202611555171503,0.1608329930015254,0.0019710846795225607,6.087524513901557e-05,6.320793519350325e-05
cmr_versius:00,cmr_versius,cmr-surgical-60hz/cholecystectomy_phase_gesture_prompts_v1,cmr_surgical/cholecystectomy,CMR_STATE_PROMPT,1.6,19.2,arm left: 1. left instrument: Tool #0 (Green). arm right: 2. right instrument: Tool #8 (Pink). do a cholecystectomy,913555,current_public_raw_rows_not_exact_training_probability,0.19202611555171503,0.1608329930015254,0.053739234344074044,0.0016596897628319617,0.001723287729369132
cmr_versius:00,cmr_versius,cmr-surgical-60hz/cholecystectomy_phase_gesture_prompts_v1,cmr_surgical/cholecystectomy,CMR_STATE_PROMPT,1.6,19.2,arm left: 1. left instrument: Tool #0 (Green). arm right: -1. right instrument: Tool #3 (None). do a cholecystectomy,63977,current_public_raw_rows_not_exact_training_probability,0.19202611555171503,0.1608329930015254,0.0037634023081596895,0.00011622942456305358,0.00012068324190864147
cmr_versius:00,cmr_versius,cmr-surgical-60hz/cholecystectomy_phase_gesture_prompts_v1,cmr_surgical/cholecystectomy,CMR_STATE_PROMPT,1.6,19.2,arm left: 1. left instrument: Tool #0 (Pink). arm right: 2. right instrument: Tool #8 (Green). do a cholecystectomy,1023790,current_public_raw_rows_not_exact_training_probability,0.19202611555171503,0.1608329930015254,0.06022373117012064,0.0018599578375573817,0.0019312299144012383
cmr_versius:00,cmr_versius,cmr-surgical-60hz/cholecystectomy_phase_gesture_prompts_v1,cmr_surgical/cholecystectomy,CMR_STATE_PROMPT,1.6,19.2,arm left: 1. left instrument: Tool #0 (Pink). arm right: -1. right instrument: Tool #3 (None). do a cholecystectomy,52713,current_public_raw_rows_not_exact_training_probability,0.19202611555171503,0.1608329930015254,0.003100805381152941,9.576569168595344e-05,9.9435355373497e-05
cmr_versius:00,cmr_versius,cmr-surgical-60hz/cholecystectomy_phase_gesture_prompts_v1,cmr_surgical/cholecystectomy,CMR_STATE_PROMPT,1.6,19.2,arm left: 2. left instrument: Tool #0 (Pink). arm right: -1. right instrument: Tool #3 (None). do a cholecystectomy,4150,current_public_raw_rows_not_exact_training_probability,0.19202611555171503,0.1608329930015254,0.000244120849349965,7.53946124289467e-06,7.828367287007237e-06
cmr_versius:00,cmr_versius,cmr-surgical-60hz/cholecystectomy_phase_gesture_prompts_v1,cmr_surgical/cholecystectomy,CMR_STATE_PROMPT,1.6,19.2,arm left: -1. left instrument: Tool #3 (None). arm right: 1. right instrument: Tool #8 (Blue). do a cholecystectomy,15572,current_public_raw_rows_not_exact_training_probability,0.19202611555171503,0.1608329930015254,0.0009160120159223265,2.829023866851947e-05,2.9374297685126915e-05
cmr_versius:00,cmr_versius,cmr-surgical-60hz/cholecystectomy_phase_gesture_prompts_v1,cmr_surgical/cholecystectomy,CMR_STATE_PROMPT,1.6,19.2,arm left: 2. left instrument: Tool #0 (Pink). arm right: 1. right instrument: Tool #8 (Blue). do a cholecystectomy,289982,current_public_raw_rows_not_exact_training_probability,0.19202611555171503,0.1608329930015254,0.01705798846655459,0.0005268212169005017,0.000547008578944803
cmr_versius:00,cmr_versius,cmr-surgical-60hz/cholecystectomy_phase_gesture_prompts_v1,cmr_surgical/cholecystectomy,CMR_STATE_PROMPT,1.6,19.2,arm left: 0. left instrument: Tool #14 (White). arm right: 2. right instrument: Tool #8 (Green). do a cholecystectomy,1606,current_public_raw_rows_not_exact_training_probability,0.19202611555171503,0.1608329930015254,9.447182748338404e-05,2.917680664117793e-06,3.029483822393644e-06
cmr_versius:00,cmr_versius,cmr-surgical-60hz/cholecystectomy_phase_gesture_prompts_v1,cmr_surgical/cholecystectomy,CMR_STATE_PROMPT,1.6,19.2,arm left: 1. left instrument: Tool #0 (Green). arm right: 2. right instrument: Tool #9 (Cyan). do a cholecystectomy,98064,current_public_raw_rows_not_exact_training_probability,0.19202611555171503,0.1608329930015254,0.0057685462579891485,0.0001781565608007766,0.00018498337581519944
cmr_versius:00,cmr_versius,cmr-surgical-60hz/cholecystectomy_phase_gesture_prompts_v1,cmr_surgical/cholecystectomy,CMR_STATE_PROMPT,1.6,19.2,arm left: 1. left instrument: Tool #0 (Green). arm right: 0. right instrument: Tool #17 (White). do a cholecystectomy,5301,current_public_raw_rows_not_exact_training_probability,0.19202611555171503,0.1608329930015254,0.0003118276198564252,9.630526276767385e-06,9.999560238174788e-06
cmr_versius:00,cmr_versius,cmr-surgical-60hz/cholecystectomy_phase_gesture_prompts_v1,cmr_surgical/cholecystectomy,CMR_STATE_PROMPT,1.6,19.2,arm left: 1. left instrument: Tool #0 (Green). arm right: 2. right instrument: Tool #8 (Blue). do a cholecystectomy,1444772,current_public_raw_rows_not_exact_training_probability,0.19202611555171503,0.1608329930015254,0.08498770307398738,0.0026247716864625107,0.002725350810116632
cmr_versius:00,cmr_versius,cmr-surgical-60hz/cholecystectomy_phase_gesture_prompts_v1,cmr_surgical/cholecystectomy,CMR_STATE_PROMPT,1.6,19.2,arm left: 2. left instrument: Tool #0 (Green). arm right: -1. right instrument: Tool #3 (None). do a cholecystectomy,48476,current_public_raw_rows_not_exact_training_probability,0.19202611555171503,0.1608329930015254,0.002851566817611784,8.806817426760531e-05,9.144287532649707e-05
cmr_versius:00,cmr_versius,cmr-surgical-60hz/cholecystectomy_phase_gesture_prompts_v1,cmr_surgical/cholecystectomy,CMR_STATE_PROMPT,1.6,19.2,arm left: 2. left instrument: Tool #0 (Green). arm right: 1. right instrument: Tool #8 (Pink). do a cholecystectomy,500263,current_public_raw_rows_not_exact_training_probability,0.19202611555171503,0.1608329930015254,0.02942762131526784,0.0009088466264467991,0.0009436728925542413
cmr_versius:00,cmr_versius,cmr-surgical-60hz/cholecystectomy_phase_gesture_prompts_v1,cmr_surgical/cholecystectomy,CMR_STATE_PROMPT,1.6,19.2,arm left: -1. left instrument: Tool #3 (None). arm right: 1. right instrument: Tool #8 (Pink). do a cholecystectomy,16807,current_public_raw_rows_not_exact_training_probability,0.19202611555171503,0.1608329930015254,0.0009886600277168342,3.053390966489897e-05,3.170394433559775e-05
cmr_versius:00,cmr_versius,cmr-surgical-60hz/cholecystectomy_phase_gesture_prompts_v1,cmr_surgical/cholecystectomy,CMR_STATE_PROMPT,1.6,19.2,arm left: 2. left instrument: Tool #0 (Purple). arm right: 1. right instrument: Tool #8 (Pink). do a cholecystectomy,222416,current_public_raw_rows_not_exact_training_probability,0.19202611555171503,0.1608329930015254,0.013083465741932967,0.00040407152091558095,0.0004195552140980727
cmr_versius:00,cmr_versius,cmr-surgical-60hz/cholecystectomy_phase_gesture_prompts_v1,cmr_surgical/cholecystectomy,CMR_STATE_PROMPT,1.6,19.2,arm left: 2. left instrument: Tool #0 (Purple). arm right: -1. right instrument: Tool #3 (None). do a cholecystectomy,8953,current_public_raw_rows_not_exact_training_probability,0.19202611555171503,0.1608329930015254,0.0005266539672843944,1.6265252170514695e-05,1.688852345074116e-05
cmr_versius:00,cmr_versius,cmr-surgical-60hz/cholecystectomy_phase_gesture_prompts_v1,cmr_surgical/cholecystectomy,CMR_STATE_PROMPT,1.6,19.2,arm left: -1. left instrument: Tool #3 (None). arm right: 2. right instrument: Tool #0 (Purple). do a cholecystectomy,127,current_public_raw_rows_not_exact_training_probability,0.19202611555171503,0.1608329930015254,7.470686233119411e-06,2.307256814090658e-07,2.395669025180528e-07
cmr_versius:00,cmr_versius,cmr-surgical-60hz/cholecystectomy_phase_gesture_prompts_v1,cmr_surgical/cholecystectomy,CMR_STATE_PROMPT,1.6,19.2,arm left: 1. left instrument: Tool #13 (Orange). arm right: -1. right instrument: Tool #3 (None). do a cholecystectomy,3873,current_public_raw_rows_not_exact_training_probability,0.19202611555171503,0.1608329930015254,0.00022782651795961794,7.036224914152062e-06,7.3058473500190434e-06
cmr_versius:00,cmr_versius,cmr-surgical-60hz/cholecystectomy_phase_gesture_prompts_v1,cmr_surgical/cholecystectomy,CMR_STATE_PROMPT,1.6,19.2,arm left: 1. left instrument: Tool #13 (Orange). arm right: 0. right instrument: Tool #14 (White). do a cholecystectomy,2016,current_public_raw_rows_not_exact_training_probability,0.19202611555171503,0.1608329930015254,0.00011858979091313963,3.6625431001628084e-06,3.8028887832786964e-06
cmr_versius:00,cmr_versius,cmr-surgical-60hz/cholecystectomy_phase_gesture_prompts_v1,cmr_surgical/cholecystectomy,CMR_STATE_PROMPT,1.6,19.2,arm left: 1. left instrument: Tool #13 (Orange). arm right: 2. right instrument: Tool #9 (Blue). do a cholecystectomy,70214,current_public_raw_rows_not_exact_training_probability,0.19202611555171503,0.1608329930015254,0.0041302894737972155,0.00012756041727918227,0.00013244842908190994
cmr_versius:00,cmr_versius,cmr-surgical-60hz/cholecystectomy_phase_gesture_prompts_v1,cmr_surgical/cholecystectomy,CMR_STATE_PROMPT,1.6,19.2,arm left: 3. left instrument: Tool #18 (Blue). arm right: 1. right instrument: Tool #0 (Purple). do a cholecystectomy,13544,current_public_raw_rows_not_exact_training_probability,0.19202611555171503,0.1608329930015254,0.0007967163333966087,2.460589471656998e-05,2.554877265909061e-05
cmr_versius:00,cmr_versius,cmr-surgical-60hz/cholecystectomy_phase_gesture_prompts_v1,cmr_surgical/cholecystectomy,CMR_STATE_PROMPT,1.6,19.2,arm left: 3. left instrument: Tool #18 (Blue). arm right: -1. right instrument: Tool #3 (None). do a cholecystectomy,24521,current_public_raw_rows_not_exact_training_probability,0.19202611555171503,0.1608329930015254,0.0014424306860025282,4.4548223888438606e-05,4.625527572161554e-05
cmr_versius:00,cmr_versius,cmr-surgical-60hz/cholecystectomy_phase_gesture_prompts_v1,cmr_surgical/cholecystectomy,CMR_STATE_PROMPT,1.6,19.2,arm left: 3. left instrument: Tool #18 (Blue). arm right: 2. right instrument: Tool #9 (Cyan). do a cholecystectomy,48179,current_public_raw_rows_not_exact_training_probability,0.19202611555171503,0.1608329930015254,0.0028340960002004732,8.75286031858849e-05,9.08826283182462e-05
cmr_versius:00,cmr_versius,cmr-surgical-60hz/cholecystectomy_phase_gesture_prompts_v1,cmr_surgical/cholecystectomy,CMR_STATE_PROMPT,1.6,19.2,arm left: -1. left instrument: Tool #3 (None). arm right: 1. right instrument: Tool #0 (Purple). do a cholecystectomy,302,current_public_raw_rows_not_exact_training_probability,0.19202611555171503,0.1608329930015254,1.776493891655167e-05,5.486547699648652e-07,5.696787760665508e-07
cmr_versius:00,cmr_versius,cmr-surgical-60hz/cholecystectomy_phase_gesture_prompts_v1,cmr_surgical/cholecystectomy,CMR_STATE_PROMPT,1.6,19.2,arm left: 1. left instrument: Tool #0 (Purple). arm right: 2. right instrument: Tool #9 (Cyan). do a cholecystectomy,8101,current_public_raw_rows_not_exact_training_probability,0.19202611555171503,0.1608329930015254,0.00047653566279134133,1.4717391693660174e-05,1.5281350214950754e-05
cmr_versius:00,cmr_versius,cmr-surgical-60hz/cholecystectomy_phase_gesture_prompts_v1,cmr_surgical/cholecystectomy,CMR_STATE_PROMPT,1.6,19.2,arm left: 3. left instrument: Tool #18 (Blue). arm right: 0. right instrument: Tool #14 (White). do a cholecystectomy,2794,current_public_raw_rows_not_exact_training_probability,0.19202611555171503,0.1608329930015254,0.00016435509712862703,5.075964990999448e-06,5.270471855397162e-06
cmr_versius:00,cmr_versius,cmr-surgical-60hz/cholecystectomy_phase_gesture_prompts_v1,cmr_surgical/cholecystectomy,CMR_STATE_PROMPT,1.6,19.2,arm left: -1. left instrument: Tool #3 (None). arm right: 2. right instrument: Tool #8 (Purple). do a cholecystectomy,180,current_public_raw_rows_not_exact_training_probability,0.19202611555171503,0.1608329930015254,1.0588374188673181e-05,3.2701277680025076e-07,3.3954364136416933e-07
cmr_versius:00,cmr_versius,cmr-surgical-60hz/cholecystectomy_phase_gesture_prompts_v1,cmr_surgical/cholecystectomy,CMR_STATE_PROMPT,1.6,19.2,arm left: 1. left instrument: Tool #12 (Cyan). arm right: 2. right instrument: Tool #8 (Purple). do a cholecystectomy,55355,current_public_raw_rows_not_exact_training_probability,0.19202611555171503,0.1608329930015254,0.003256219184522244,0.00010056551255432156,0.00010441910148729775
cmr_versius:00,cmr_versius,cmr-surgical-60hz/cholecystectomy_phase_gesture_prompts_v1,cmr_surgical/cholecystectomy,CMR_STATE_PROMPT,1.6,19.2,arm left: 1. left instrument: Tool #12 (Cyan). arm right: -1. right instrument: Tool #3 (None). do a cholecystectomy,2147,current_public_raw_rows_not_exact_training_probability,0.19202611555171503,0.1608329930015254,0.00012629577435045177,3.900535732167435e-06,4.050001100049287e-06
cmr_versius:00,cmr_versius,cmr-surgical-60hz/cholecystectomy_phase_gesture_prompts_v1,cmr_surgical/cholecystectomy,CMR_STATE_PROMPT,1.6,19.2,arm left: 1. left instrument: Tool #0 (Green). arm right: 0. right instrument: Tool #14 (White). do a cholecystectomy,37697,current_public_raw_rows_not_exact_training_probability,0.19202611555171503,0.1608329930015254,0.002217499676613405,6.848555915021696e-05,7.110987026947274e-05
cmr_versius:00,cmr_versius,cmr-surgical-60hz/cholecystectomy_phase_gesture_prompts_v1,cmr_surgical/cholecystectomy,CMR_STATE_PROMPT,1.6,19.2,arm left: 1. left instrument: Tool #4 (Cyan). arm right: 2. right instrument: Tool #8 (Pink). do a cholecystectomy,16358,current_public_raw_rows_not_exact_training_probability,0.19202611555171503,0.1608329930015254,0.0009622479165461993,2.971819446054723e-05,3.085697158575045e-05
cmr_versius:00,cmr_versius,cmr-surgical-60hz/cholecystectomy_phase_gesture_prompts_v1,cmr_surgical/cholecystectomy,CMR_STATE_PROMPT,1.6,19.2,arm left: 1. left instrument: Tool #0 (Cyan). arm right: 2. right instrument: Tool #8 (Pink). do a cholecystectomy,147988,current_public_raw_rows_not_exact_training_probability,0.19202611555171503,0.1608329930015254,0.008705290663518704,0.0002688553711839751,0.00027915769110111496
cmr_versius:00,cmr_versius,cmr-surgical-60hz/cholecystectomy_phase_gesture_prompts_v1,cmr_surgical/cholecystectomy,CMR_STATE_PROMPT,1.6,19.2,arm left: 1. left instrument: Tool #4 (Cyan). arm right: -1. right instrument: Tool #3 (None). do a cholecystectomy,1701,current_public_raw_rows_not_exact_training_probability,0.19202611555171503,0.1608329930015254,0.00010006013608296156,3.09027074076237e-06,3.2086874108914007e-06
cmr_versius:00,cmr_versius,cmr-surgical-60hz/cholecystectomy_phase_gesture_prompts_v1,cmr_surgical/cholecystectomy,CMR_STATE_PROMPT,1.6,19.2,arm left: -1. left instrument: Tool #3 (None). arm right: 0. right instrument: Tool #17 (White). do a cholecystectomy,9136,current_public_raw_rows_not_exact_training_probability,0.19202611555171503,0.1608329930015254,0.0005374188143762121,1.6597715160261615e-05,1.7233726152794727e-05
cmr_versius:00,cmr_versius,cmr-surgical-60hz/cholecystectomy_phase_gesture_prompts_v1,cmr_surgical/cholecystectomy,CMR_STATE_PROMPT,1.6,19.2,arm left: 1. left instrument: Tool #0 (Cyan). arm right: 0. right instrument: Tool #17 (White). do a cholecystectomy,86780,current_public_raw_rows_not_exact_training_probability,0.19202611555171503,0.1608329930015254,0.005104772844961437,0.0001576564931706987,0.00016369776220879234
cmr_versius:00,cmr_versius,cmr-surgical-60hz/cholecystectomy_phase_gesture_prompts_v1,cmr_surgical/cholecystectomy,CMR_STATE_PROMPT,1.6,19.2,arm left: -1. left instrument: Tool #3 (None). arm right: 1. right instrument: Tool #9 (Cyan). do a cholecystectomy,10103,current_public_raw_rows_not_exact_training_probability,0.19202611555171503,0.1608329930015254,0.0005943019134898064,1.8354500466738517e-05,1.905783004834557e-05
cmr_versius:00,cmr_versius,cmr-surgical-60hz/cholecystectomy_phase_gesture_prompts_v1,cmr_surgical/cholecystectomy,CMR_STATE_PROMPT,1.6,19.2,arm left: 2. left instrument: Tool #13 (Blue). arm right: 1. right instrument: Tool #9 (Cyan). do a cholecystectomy,71624,current_public_raw_rows_not_exact_training_probability,0.19202611555171503,0.1608329930015254,0.004213231738275155,0.00013012201736411756,0.00013510818760592927
cmr_versius:00,cmr_versius,cmr-surgical-60hz/cholecystectomy_phase_gesture_prompts_v1,cmr_surgical/cholecystectomy,CMR_STATE_PROMPT,1.6,19.2,arm left: 2. left instrument: Tool #13 (Blue). arm right: -1. right instrument: Tool #3 (None). do a cholecystectomy,18274,current_public_raw_rows_not_exact_training_probability,0.19202611555171503,0.1608329930015254,0.0010749552773545207,3.3199063795821014e-05,3.4471225012715724e-05
cmr_versius:00,cmr_versius,cmr-surgical-60hz/cholecystectomy_phase_gesture_prompts_v1,cmr_surgical/cholecystectomy,CMR_STATE_PROMPT,1.6,19.2,arm left: 0. left instrument: Tool #14 (White). arm right: 1. right instrument: Tool #9 (Cyan). do a cholecystectomy,4718,current_public_raw_rows_not_exact_training_probability,0.19202611555171503,0.1608329930015254,0.0002775330523453337,8.57136822746435e-06,8.899816110867505e-06
cmr_versius:00,cmr_versius,cmr-surgical-60hz/cholecystectomy_phase_gesture_prompts_v1,cmr_surgical/cholecystectomy,CMR_STATE_PROMPT,1.6,19.2,arm left: 2. left instrument: Tool #13 (Blue). arm right: 0. right instrument: Tool #14 (White). do a cholecystectomy,8252,current_public_raw_rows_not_exact_training_probability,0.19202611555171503,0.1608329930015254,0.0004854181322496172,1.4991719078642607e-05,1.556618960298403e-05
cmr_versius:00,cmr_versius,cmr-surgical-60hz/cholecystectomy_phase_gesture_prompts_v1,cmr_surgical/cholecystectomy,CMR_STATE_PROMPT,1.6,19.2,arm left: 2. left instrument: Tool #0 (Green). arm right: 1. right instrument: Tool #9 (Orange). do a cholecystectomy,403327,current_public_raw_rows_not_exact_training_probability,0.19202611555171503,0.1608329930015254,0.023725428868861045,0.0007327393457139707,0.0007608173235582573
cmr_versius:00,cmr_versius,cmr-surgical-60hz/cholecystectomy_phase_gesture_prompts_v1,cmr_surgical/cholecystectomy,CMR_STATE_PROMPT,1.6,19.2,arm left: 2. left instrument: Tool #0 (Green). arm right: 0. right instrument: Tool #14 (White). do a cholecystectomy,4318,current_public_raw_rows_not_exact_training_probability,0.19202611555171503,0.1608329930015254,0.00025400333192606,7.844673167908238e-06,8.145274685613796e-06
cmr_versius:00,cmr_versius,cmr-surgical-60hz/cholecystectomy_phase_gesture_prompts_v1,cmr_surgical/cholecystectomy,CMR_STATE_PROMPT,1.6,19.2,arm left: 1. left instrument: Tool #0 (Purple). arm right: -1. right instrument: Tool #3 (None). do a cholecystectomy,18421,current_public_raw_rows_not_exact_training_probability,0.19202611555171503,0.1608329930015254,0.0010836024496086037,3.346612423020789e-05,3.4748518986496465e-05
cmr_versius:00,cmr_versius,cmr-surgical-60hz/cholecystectomy_phase_gesture_prompts_v1,cmr_surgical/cholecystectomy,CMR_STATE_PROMPT,1.6,19.2,arm left: 1. left instrument: Tool #0 (Purple). arm right: 2. right instrument: Tool #8 (Blue). do a cholecystectomy,228023,current_public_raw_rows_not_exact_training_probability,0.19202611555171503,0.1608329930015254,0.013413293597910138,0.0004142579689129088,0.0004301319985265666
cmr_versius:00,cmr_versius,cmr-surgical-60hz/cholecystectomy_phase_gesture_prompts_v1,cmr_surgical/cholecystectomy,CMR_STATE_PROMPT,1.6,19.2,arm left: 2. left instrument: Tool #0 (Green). arm right: 1. right instrument: Tool #8 (Blue). do a cholecystectomy,610214,current_public_raw_rows_not_exact_training_probability,0.19202611555171503,0.1608329930015254,0.035895412039816756,0.0011085987476799344,0.0011510793531744178
cmr_versius:00,cmr_versius,cmr-surgical-60hz/cholecystectomy_phase_gesture_prompts_v1,cmr_surgical/cholecystectomy,CMR_STATE_PROMPT,1.6,19.2,arm left: 1. left instrument: Tool #0 (Pink). arm right: 0. right instrument: Tool #14 (White). do a cholecystectomy,4693,current_public_raw_rows_not_exact_training_probability,0.19202611555171503,0.1608329930015254,0.0002760624448191291,8.525949786242094e-06,8.852657271789149e-06
cmr_versius:00,cmr_versius,cmr-surgical-60hz/cholecystectomy_phase_gesture_prompts_v1,cmr_surgical/cholecystectomy,CMR_STATE_PROMPT,1.6,19.2,arm left: 2. left instrument: Tool #0 (Blue). arm right: 1. right instrument: Tool #9 (Purple). do a cholecystectomy,81511,current_public_raw_rows_not_exact_training_probability,0.19202611555171503,0.1608329930015254,0.004794827602738553,0.00014808410249869577,0.00015375856528463783
cmr_versius:00,cmr_versius,cmr-surgical-60hz/cholecystectomy_phase_gesture_prompts_v1,cmr_surgical/cholecystectomy,CMR_STATE_PROMPT,1.6,19.2,arm left: 2. left instrument: Tool #0 (Blue). arm right: -1. right instrument: Tool #3 (None). do a cholecystectomy,38746,current_public_raw_rows_not_exact_training_probability,0.19202611555171503,0.1608329930015254,0.0022792063684129505,7.039131694390287e-05,7.308865515720059e-05
cmr_versius:00,cmr_versius,cmr-surgical-60hz/cholecystectomy_phase_gesture_prompts_v1,cmr_surgical/cholecystectomy,CMR_STATE_PROMPT,1.6,19.2,arm left: 0. left instrument: Tool #14 (White). arm right: 1. right instrument: Tool #9 (Purple). do a cholecystectomy,1355,current_public_raw_rows_not_exact_training_probability,0.19202611555171503,0.1608329930015254,7.970692792028977e-05,2.4616795142463317e-06,2.556009078046941e-06
cmr_versius:00,cmr_versius,cmr-surgical-60hz/cholecystectomy_phase_gesture_prompts_v1,cmr_surgical/cholecystectomy,CMR_STATE_PROMPT,1.6,19.2,arm left: -1. left instrument: Tool #3 (None). arm right: 1. right instrument: Tool #9 (Purple). do a cholecystectomy,1768,current_public_raw_rows_not_exact_training_probability,0.19202611555171503,0.1608329930015254,0.0001040013642531899,3.2119921632380183e-06,3.3350730996213965e-06
cmr_versius:00,cmr_versius,cmr-surgical-60hz/cholecystectomy_phase_gesture_prompts_v1,cmr_surgical/cholecystectomy,CMR_STATE_PROMPT,1.6,19.2,arm left: 2. left instrument: Tool #0 (Blue). arm right: 0. right instrument: Tool #14 (White). do a cholecystectomy,44828,current_public_raw_rows_not_exact_training_probability,0.19202611555171503,0.1608329930015254,0.0026369757673880075,8.144071532445355e-05,8.456145752818323e-05
cmr_versius:00,cmr_versius,cmr-surgical-60hz/cholecystectomy_phase_gesture_prompts_v1,cmr_surgical/cholecystectomy,CMR_STATE_PROMPT,1.6,19.2,arm left: 1. left instrument: Tool #0 (Purple). arm right: 2. right instrument: Tool #8 (Green). do a cholecystectomy,169106,current_public_raw_rows_not_exact_training_probability,0.19202611555171503,0.1608329930015254,0.00994754225305426,0.00030722123685324003,0.00031899370564738455
cmr_versius:00,cmr_versius,cmr-surgical-60hz/cholecystectomy_phase_gesture_prompts_v1,cmr_surgical/cholecystectomy,CMR_STATE_PROMPT,1.6,19.2,arm left: 0. left instrument: Tool #17 (White). arm right: -1. right instrument: Tool #3 (None). do a cholecystectomy,1612,current_public_raw_rows_not_exact_training_probability,0.19202611555171503,0.1608329930015254,9.482477328967315e-05,2.9285810900111347e-06,3.04080194377245e-06
cmr_versius:00,cmr_versius,cmr-surgical-60hz/cholecystectomy_phase_gesture_prompts_v1,cmr_surgical/cholecystectomy,CMR_STATE_PROMPT,1.6,19.2,arm left: 0. left instrument: Tool #17 (White). arm right: 0. right instrument: Tool #17 (White). do a cholecystectomy,6597,current_public_raw_rows_not_exact_training_probability,0.19202611555171503,0.1608329930015254,0.0003880639140148721,1.1985018269729191e-05,1.2444274455996807e-05
cmr_versius:00,cmr_versius,cmr-surgical-60hz/cholecystectomy_phase_gesture_prompts_v1,cmr_surgical/cholecystectomy,CMR_STATE_PROMPT,1.6,19.2,arm left: 2. left instrument: Tool #8 (Green). arm right: 0. right instrument: Tool #17 (White). do a cholecystectomy,50,current_public_raw_rows_not_exact_training_probability,0.19202611555171503,0.1608329930015254,2.9412150524092167e-06,9.083688244451409e-08,9.43176781567137e-08
cmr_versius:00,cmr_versius,cmr-surgical-60hz/cholecystectomy_phase_gesture_prompts_v1,cmr_surgical/cholecystectomy,CMR_STATE_PROMPT,1.6,19.2,arm left: 1. left instrument: Tool #0 (Purple). arm right: 0. right instrument: Tool #17 (White). do a cholecystectomy,7505,current_public_raw_rows_not_exact_training_probability,0.19202611555171503,0.1608329930015254,0.00044147637936662346,1.3634616054921566e-05,1.4157083491322727e-05
cmr_versius:00,cmr_versius,cmr-surgical-60hz/cholecystectomy_phase_gesture_prompts_v1,cmr_surgical/cholecystectomy,CMR_STATE_PROMPT,1.6,19.2,arm left: 2. left instrument: Tool #13 (Cyan). arm right: -1. right instrument: Tool #3 (None). do a cholecystectomy,2867,current_public_raw_rows_not_exact_training_probability,0.19202611555171503,0.1608329930015254,0.0001686492711051445,5.208586839368439e-06,5.408175665505964e-06
cmr_versius:00,cmr_versius,cmr-surgical-60hz/cholecystectomy_phase_gesture_prompts_v1,cmr_surgical/cholecystectomy,CMR_STATE_PROMPT,1.6,19.2,arm left: 2. left instrument: Tool #13 (Cyan). arm right: 1. right instrument: Tool #9 (Purple). do a cholecystectomy,85080,current_public_raw_rows_not_exact_training_probability,0.19202611555171503,0.1608329930015254,0.005004771533179524,0.0001545680391675852,0.00016049096115146403
cmr_versius:00,cmr_versius,cmr-surgical-60hz/cholecystectomy_phase_gesture_prompts_v1,cmr_surgical/cholecystectomy,CMR_STATE_PROMPT,1.6,19.2,arm left: 2. left instrument: Tool #13 (Cyan). arm right: 0. right instrument: Tool #14 (White). do a cholecystectomy,18707,current_public_raw_rows_not_exact_training_probability,0.19202611555171503,0.1608329930015254,0.0011004261997083844,3.398571119779051e-05,3.528801610555287e-05
cmr_versius:00,cmr_versius,cmr-surgical-60hz/cholecystectomy_phase_gesture_prompts_v1,cmr_surgical/cholecystectomy,CMR_STATE_PROMPT,1.6,19.2,arm left: 1. left instrument: Tool #13 (Green). arm right: 2. right instrument: Tool #9 (Blue). do a cholecystectomy,142953,current_public_raw_rows_not_exact_training_probability,0.19202611555171503,0.1608329930015254,0.008409110307741096,0.0002597080971218125,0.0002696599009107339
cmr_versius:00,cmr_versius,cmr-surgical-60hz/cholecystectomy_phase_gesture_prompts_v1,cmr_surgical/cholecystectomy,CMR_STATE_PROMPT,1.6,19.2,arm left: 2. left instrument: Tool #0 (Purple). arm right: 1. right instrument: Tool #8 (Blue). do a cholecystectomy,153021,current_public_raw_rows_not_exact_training_probability,0.19202611555171503,0.1608329930015254,0.009001353370694215,0.0002779990117708398,0.00028865170858436974
cmr_versius:00,cmr_versius,cmr-surgical-60hz/cholecystectomy_phase_gesture_prompts_v1,cmr_surgical/cholecystectomy,CMR_STATE_PROMPT,1.6,19.2,arm left: 1. left instrument: Tool #0 (Green). arm right: 2. right instrument: Tool #9 (Orange). do a cholecystectomy,191523,current_public_raw_rows_not_exact_training_probability,0.19202611555171503,0.1608329930015254,0.011266206609651408,0.00034794704472841345,0.00036128009347216556
cmr_versius:00,cmr_versius,cmr-surgical-60hz/cholecystectomy_phase_gesture_prompts_v1,cmr_surgical/cholecystectomy,CMR_STATE_PROMPT,1.6,19.2,arm left: 0. left instrument: Tool #14 (White). arm right: 2. right instrument: Tool #9 (Orange). do a cholecystectomy,414,current_public_raw_rows_not_exact_training_probability,0.19202611555171503,0.1608329930015254,2.4353260633948314e-05,7.521293866405767e-07,7.809503751375894e-07
cmr_versius:00,cmr_versius,cmr-surgical-60hz/cholecystectomy_phase_gesture_prompts_v1,cmr_surgical/cholecystectomy,CMR_STATE_PROMPT,1.6,19.2,arm left: 1. left instrument: Tool #0 (Green). arm right: 2. right instrument: Tool #18 (Orange). do a cholecystectomy,15506,current_public_raw_rows_not_exact_training_probability,0.19202611555171503,0.1608329930015254,0.0009121296120531464,2.817033398369271e-05,2.9249798349960055e-05
cmr_versius:00,cmr_versius,cmr-surgical-60hz/cholecystectomy_phase_gesture_prompts_v1,cmr_surgical/cholecystectomy,CMR_STATE_PROMPT,1.6,19.2,arm left: 2. left instrument: Tool #0 (Pink). arm right: 0. right instrument: Tool #14 (White). do a cholecystectomy,104,current_public_raw_rows_not_exact_training_probability,0.19202611555171503,0.1608329930015254,6.117727309011171e-06,1.8894071548458932e-07,1.961807705659645e-07
cmr_versius:00,cmr_versius,cmr-surgical-60hz/cholecystectomy_phase_gesture_prompts_v1,cmr_surgical/cholecystectomy,CMR_STATE_PROMPT,1.6,19.2,arm left: 2. left instrument: Tool #8 (Green). arm right: -1. right instrument: Tool #3 (None). do a cholecystectomy,606,current_public_raw_rows_not_exact_training_probability,0.19202611555171503,0.1608329930015254,3.5647526435199706e-05,1.1009430152275107e-06,1.1431302592593698e-06
cmr_versius:00,cmr_versius,cmr-surgical-60hz/cholecystectomy_phase_gesture_prompts_v1,cmr_surgical/cholecystectomy,CMR_STATE_PROMPT,1.6,19.2,arm left: 2. left instrument: Tool #8 (Green). arm right: 1. right instrument: Tool #0 (Blue). do a cholecystectomy,552,current_public_raw_rows_not_exact_training_probability,0.19202611555171503,0.1608329930015254,3.247101417859776e-05,1.0028391821874357e-06,1.0412671668501193e-06
cmr_versius:00,cmr_versius,cmr-surgical-60hz/cholecystectomy_phase_gesture_prompts_v1,cmr_surgical/cholecystectomy,CMR_STATE_PROMPT,1.6,19.2,arm left: 1. left instrument: Tool #13 (Blue). arm right: 2. right instrument: Tool #8 (Green). do a cholecystectomy,219727,current_public_raw_rows_not_exact_training_probability,0.19202611555171503,0.1608329930015254,0.0129252871964144,0.00039918631337771494,0.0004144828093668046
cmr_versius:00,cmr_versius,cmr-surgical-60hz/cholecystectomy_phase_gesture_prompts_v1,cmr_surgical/cholecystectomy,CMR_STATE_PROMPT,1.6,19.2,arm left: -1. left instrument: Tool #3 (None). arm right: 1. right instrument: Tool #9 (Orange). do a cholecystectomy,15408,current_public_raw_rows_not_exact_training_probability,0.19202611555171503,0.1608329930015254,0.0009063648305504243,2.7992293694101468e-05,2.9064935700772898e-05
cmr_versius:00,cmr_versius,cmr-surgical-60hz/cholecystectomy_phase_gesture_prompts_v1,cmr_surgical/cholecystectomy,CMR_STATE_PROMPT,1.6,19.2,arm left: 1. left instrument: Tool #13 (Green). arm right: 2. right instrument: Tool #8 (Blue). do a cholecystectomy,102189,current_public_raw_rows_not_exact_training_probability,0.19202611555171503,0.1608329930015254,0.00601119649981291,0.00018565060360244904,0.00019276458426312836
cmr_versius:00,cmr_versius,cmr-surgical-60hz/cholecystectomy_phase_gesture_prompts_v1,cmr_surgical/cholecystectomy,CMR_STATE_PROMPT,1.6,19.2,arm left: 1. left instrument: Tool #0 (Purple). arm right: 0. right instrument: Tool #14 (White). do a cholecystectomy,1292,current_public_raw_rows_not_exact_training_probability,0.19202611555171503,0.1608329930015254,7.600099695425417e-05,2.3472250423662445e-06,2.4371688035694824e-06
cmr_versius:00,cmr_versius,cmr-surgical-60hz/cholecystectomy_phase_gesture_prompts_v1,cmr_surgical/cholecystectomy,CMR_STATE_PROMPT,1.6,19.2,arm left: 0. left instrument: Tool #14 (White). arm right: 2. right instrument: Tool #8 (Blue). do a cholecystectomy,2810,current_public_raw_rows_not_exact_training_probability,0.19202611555171503,0.1608329930015254,0.000165296285945398,5.105032793381693e-06,5.300653512407311e-06
cmr_versius:00,cmr_versius,cmr-surgical-60hz/cholecystectomy_phase_gesture_prompts_v1,cmr_surgical/cholecystectomy,CMR_STATE_PROMPT,1.6,19.2,arm left: 1. left instrument: Tool #0 (Pink). arm right: 2. right instrument: Tool #8 (Blue). do a cholecystectomy,681982,current_public_raw_rows_not_exact_training_probability,0.19202611555171503,0.1608329930015254,0.04011711447744285,0.0012389823752654923,0.0012864591756934385
cmr_versius:00,cmr_versius,cmr-surgical-60hz/cholecystectomy_phase_gesture_prompts_v1,cmr_surgical/cholecystectomy,CMR_STATE_PROMPT,1.6,19.2,arm left: 1. left instrument: Tool #0 (Blue). arm right: 2. right instrument: Tool #8 (Pink). do a cholecystectomy,349011,current_public_raw_rows_not_exact_training_probability,0.19202611555171503,0.1608329930015254,0.020530328133127863,0.0006340614235768462,0.0006583581434230561
cmr_versius:00,cmr_versius,cmr-surgical-60hz/cholecystectomy_phase_gesture_prompts_v1,cmr_surgical/cholecystectomy,CMR_STATE_PROMPT,1.6,19.2,arm left: 2. left instrument: Tool #0 (Blue). arm right: 1. right instrument: Tool #8 (Green). do a cholecystectomy,242838,current_public_raw_rows_not_exact_training_probability,0.19202611555171503,0.1608329930015254,0.014284775617938988,0.0004411729371812183,0.00045807832656440085
cmr_versius:00,cmr_versius,cmr-surgical-60hz/cholecystectomy_phase_gesture_prompts_v1,cmr_surgical/cholecystectomy,CMR_STATE_PROMPT,1.6,19.2,arm left: -1. left instrument: Tool #3 (None). arm right: 1. right instrument: Tool #8 (Green). do a cholecystectomy,12691,current_public_raw_rows_not_exact_training_probability,0.19202611555171503,0.1608329930015254,0.0007465392046025074,2.3056217502066566e-05,2.393971306973707e-05
cmr_versius:00,cmr_versius,cmr-surgical-60hz/cholecystectomy_phase_gesture_prompts_v1,cmr_surgical/cholecystectomy,CMR_STATE_PROMPT,1.6,19.2,arm left: 0. left instrument: Tool #14 (White). arm right: 1. right instrument: Tool #8 (Green). do a cholecystectomy,2851,current_public_raw_rows_not_exact_training_probability,0.19202611555171503,0.1608329930015254,0.00016770808228837354,5.179519036986194e-06,5.377994008495815e-06
cmr_versius:00,cmr_versius,cmr-surgical-60hz/cholecystectomy_phase_gesture_prompts_v1,cmr_surgical/cholecystectomy,CMR_STATE_PROMPT,1.6,19.2,arm left: 1. left instrument: Tool #0 (Cyan). arm right: 2. right instrument: Tool #9 (Blue). do a cholecystectomy,39981,current_public_raw_rows_not_exact_training_probability,0.19202611555171503,0.1608329930015254,0.002351854380207458,7.263498794028237e-05,7.541830180767141e-05
cmr_versius:00,cmr_versius,cmr-surgical-60hz/cholecystectomy_phase_gesture_prompts_v1,cmr_surgical/cholecystectomy,CMR_STATE_PROMPT,1.6,19.2,arm left: 1. left instrument: Tool #0 (Blue). arm right: 2. right instrument: Tool #9 (Green). do a cholecystectomy,84501,current_public_raw_rows_not_exact_training_probability,0.19202611555171503,0.1608329930015254,0.004970712262872625,0.00015351614806887771,0.0001593987624384093
cmr_versius:00,cmr_versius,cmr-surgical-60hz/cholecystectomy_phase_gesture_prompts_v1,cmr_surgical/cholecystectomy,CMR_STATE_PROMPT,1.6,19.2,arm left: -1. left instrument: Tool #3 (None). arm right: 2. right instrument: Tool #9 (Green). do a cholecystectomy,4515,current_public_raw_rows_not_exact_training_probability,0.19202611555171503,0.1608329930015254,0.0002655917192325523,8.202570484739623e-06,8.516886337551249e-06
cmr_versius:00,cmr_versius,cmr-surgical-60hz/cholecystectomy_phase_gesture_prompts_v1,cmr_surgical/cholecystectomy,CMR_STATE_PROMPT,1.6,19.2,arm left: 0. left instrument: Tool #17 (White). arm right: 2. right instrument: Tool #9 (Green). do a cholecystectomy,231,current_public_raw_rows_not_exact_training_probability,0.19202611555171503,0.1608329930015254,1.3588413542130582e-05,4.196663968936551e-07,4.357476730840173e-07
cmr_versius:00,cmr_versius,cmr-surgical-60hz/cholecystectomy_phase_gesture_prompts_v1,cmr_surgical/cholecystectomy,CMR_STATE_PROMPT,1.6,19.2,arm left: 1. left instrument: Tool #0 (Blue). arm right: 0. right instrument: Tool #17 (White). do a cholecystectomy,35468,current_public_raw_rows_not_exact_training_probability,0.19202611555171503,0.1608329930015254,0.002086380309577002,6.443605093084052e-05,6.690518817724643e-05
cmr_versius:00,cmr_versius,cmr-surgical-60hz/cholecystectomy_phase_gesture_prompts_v1,cmr_surgical/cholecystectomy,CMR_STATE_PROMPT,1.6,19.2,arm left: 1. left instrument: Tool #0 (Blue). arm right: 2. right instrument: Tool #18 (Green). do a cholecystectomy,10323,current_public_raw_rows_not_exact_training_probability,0.19202611555171503,0.1608329930015254,0.0006072432597204069,1.875418274949438e-05,1.947282783223511e-05
cmr_versius:00,cmr_versius,cmr-surgical-60hz/cholecystectomy_phase_gesture_prompts_v1,cmr_surgical/cholecystectomy,CMR_STATE_PROMPT,1.6,19.2,arm left: 2. left instrument: Tool #0 (Blue). arm right: 1. right instrument: Tool #9 (Cyan). do a cholecystectomy,88849,current_public_raw_rows_not_exact_training_probability,0.19202611555171503,0.1608329930015254,0.005226480323830131,0.00016141532336625268,0.00016760062773091714
cmr_versius:00,cmr_versius,cmr-surgical-60hz/cholecystectomy_phase_gesture_prompts_v1,cmr_surgical/cholecystectomy,CMR_STATE_PROMPT,1.6,19.2,arm left: 3. left instrument: Tool #0 (Blue). arm right: 1. right instrument: Tool #9 (Cyan). do a cholecystectomy,55361,current_public_raw_rows_not_exact_training_probability,0.19202611555171503,0.1608329930015254,0.0032565721303285332,0.0001005764129802149,0.00010443041960867656
cmr_versius:00,cmr_versius,cmr-surgical-60hz/cholecystectomy_phase_gesture_prompts_v1,cmr_surgical/cholecystectomy,CMR_STATE_PROMPT,1.6,19.2,arm left: 3. left instrument: Tool #0 (Blue). arm right: -1. right instrument: Tool #3 (None). do a cholecystectomy,7864,current_public_raw_rows_not_exact_training_probability,0.19202611555171503,0.1608329930015254,0.00046259430344292165,1.4286824870873178e-05,1.4834284420487932e-05
cmr_versius:00,cmr_versius,cmr-surgical-60hz/cholecystectomy_phase_gesture_prompts_v1,cmr_surgical/cholecystectomy,CMR_STATE_PROMPT,1.6,19.2,arm left: 3. left instrument: Tool #0 (Blue). arm right: 0. right instrument: Tool #14 (White). do a cholecystectomy,5767,current_public_raw_rows_not_exact_training_probability,0.19202611555171503,0.1608329930015254,0.0003392397441448791,1.0477126021150256e-05,1.0878600998595359e-05
cmr_versius:00,cmr_versius,cmr-surgical-60hz/cholecystectomy_phase_gesture_prompts_v1,cmr_surgical/cholecystectomy,CMR_STATE_PROMPT,1.6,19.2,arm left: -1. left instrument: Tool #3 (None). arm right: 1. right instrument: Tool #9 (Blue). do a cholecystectomy,5817,current_public_raw_rows_not_exact_training_probability,0.19202611555171503,0.1608329930015254,0.0003421809591972883,1.056796290359477e-05,1.0972918676752073e-05
cmr_versius:00,cmr_versius,cmr-surgical-60hz/cholecystectomy_phase_gesture_prompts_v1,cmr_surgical/cholecystectomy,CMR_STATE_PROMPT,1.6,19.2,arm left: 2. left instrument: Tool #0 (Orange). arm right: 1. right instrument: Tool #9 (Blue). do a cholecystectomy,120171,current_public_raw_rows_not_exact_training_probability,0.19202611555171503,0.1608329930015254,0.00706897508126136,0.00021831918000479408,0.00022668499403540886
cmr_versius:00,cmr_versius,cmr-surgical-60hz/cholecystectomy_phase_gesture_prompts_v1,cmr_surgical/cholecystectomy,CMR_STATE_PROMPT,1.6,19.2,arm left: 2. left instrument: Tool #0 (Orange). arm right: -1. right instrument: Tool #3 (None). do a cholecystectomy,16125,current_public_raw_rows_not_exact_training_probability,0.19202611555171503,0.1608329930015254,0.0009485418544019725,2.9294894588355797e-05,3.041745120554017e-05
cmr_versius:00,cmr_versius,cmr-surgical-60hz/cholecystectomy_phase_gesture_prompts_v1,cmr_surgical/cholecystectomy,CMR_STATE_PROMPT,1.6,19.2,arm left: 2. left instrument: Tool #0 (Orange). arm right: 0. right instrument: Tool #14 (White). do a cholecystectomy,13061,current_public_raw_rows_not_exact_training_probability,0.19202611555171503,0.1608329930015254,0.0007683041959903356,2.3728410432155975e-05,2.4637663888096757e-05
cmr_versius:00,cmr_versius,cmr-surgical-60hz/cholecystectomy_phase_gesture_prompts_v1,cmr_surgical/cholecystectomy,CMR_STATE_PROMPT,1.6,19.2,arm left: 2. left instrument: Tool #0 (Blue). arm right: 1. right instrument: Tool #9 (Orange). do a cholecystectomy,85939,current_public_raw_rows_not_exact_training_probability,0.19202611555171503,0.1608329930015254,0.005055301607779914,0.00015612861680798195,0.00016211133886219638
cmr_versius:00,cmr_versius,cmr-surgical-60hz/cholecystectomy_phase_gesture_prompts_v1,cmr_surgical/cholecystectomy,CMR_STATE_PROMPT,1.6,19.2,arm left: 2. left instrument: Tool #0 (Blue). arm right: 1. right instrument: Tool #13 (Orange). do a cholecystectomy,23910,current_public_raw_rows_not_exact_training_probability,0.19202611555171503,0.1608329930015254,0.0014064890380620875,4.343819718496664e-05,4.510271369454049e-05
cmr_versius:00,cmr_versius,cmr-surgical-60hz/cholecystectomy_phase_gesture_prompts_v1,cmr_surgical/cholecystectomy,CMR_STATE_PROMPT,1.6,19.2,arm left: -1. left instrument: Tool #3 (None). arm right: 1. right instrument: Tool #13 (Orange). do a cholecystectomy,1560,current_public_raw_rows_not_exact_training_probability,0.19202611555171503,0.1608329930015254,9.176590963516756e-05,2.83411073226884e-06,2.9427115584894677e-06
cmr_versius:00,cmr_versius,cmr-surgical-60hz/cholecystectomy_phase_gesture_prompts_v1,cmr_surgical/cholecystectomy,CMR_STATE_PROMPT,1.6,19.2,arm left: -1. left instrument: Tool #3 (None). arm right: 3. right instrument: Tool #2 (Pink). do a cholecystectomy,6264,current_public_raw_rows_not_exact_training_probability,0.19202611555171503,0.1608329930015254,0.0003684754217658267,1.1380044632648727e-05,1.1816118719473093e-05
cmr_versius:00,cmr_versius,cmr-surgical-60hz/cholecystectomy_phase_gesture_prompts_v1,cmr_surgical/cholecystectomy,CMR_STATE_PROMPT,1.6,19.2,arm left: 1. left instrument: Tool #13 (Blue). arm right: 3. right instrument: Tool #2 (Pink). do a cholecystectomy,87547,current_public_raw_rows_not_exact_training_probability,0.19202611555171503,0.1608329930015254,0.005149891083865394,0.00015904993094739751,0.0001651445953917163
cmr_versius:00,cmr_versius,cmr-surgical-60hz/cholecystectomy_phase_gesture_prompts_v1,cmr_surgical/cholecystectomy,CMR_STATE_PROMPT,1.6,19.2,arm left: 0. left instrument: Tool #14 (White). arm right: 3. right instrument: Tool #8 (Pink). do a cholecystectomy,83,current_public_raw_rows_not_exact_training_probability,0.19202611555171503,0.1608329930015254,4.8824169869993e-06,1.507892248578934e-07,1.5656734574014476e-07
cmr_versius:00,cmr_versius,cmr-surgical-60hz/cholecystectomy_phase_gesture_prompts_v1,cmr_surgical/cholecystectomy,CMR_STATE_PROMPT,1.6,19.2,arm left: 2. left instrument: Tool #0 (Cyan). arm right: 1. right instrument: Tool #9 (Blue). do a cholecystectomy,35603,current_public_raw_rows_not_exact_training_probability,0.19202611555171503,0.1608329930015254,0.002094321590218507,6.468131051344071e-05,6.715984590826956e-05
cmr_versius:00,cmr_versius,cmr-surgical-60hz/cholecystectomy_phase_gesture_prompts_v1,cmr_surgical/cholecystectomy,CMR_STATE_PROMPT,1.6,19.2,arm left: 0. left instrument: Tool #14 (White). arm right: 1. right instrument: Tool #9 (Blue). do a cholecystectomy,271,current_public_raw_rows_not_exact_training_probability,0.19202611555171503,0.1608329930015254,1.5941385584057957e-05,4.923359028492665e-07,5.112018156093884e-07
cmr_versius:00,cmr_versius,cmr-surgical-60hz/cholecystectomy_phase_gesture_prompts_v1,cmr_surgical/cholecystectomy,CMR_STATE_PROMPT,1.6,19.2,arm left: 2. left instrument: Tool #0 (Cyan). arm right: -1. right instrument: Tool #3 (None). do a cholecystectomy,87,current_public_raw_rows_not_exact_training_probability,0.19202611555171503,0.1608329930015254,5.117714191192037e-06,1.5805617545345453e-07,1.6411275999268186e-07
cmr_versius:00,cmr_versius,cmr-surgical-60hz/cholecystectomy_phase_gesture_prompts_v1,cmr_surgical/cholecystectomy,CMR_STATE_PROMPT,1.6,19.2,arm left: 0. left instrument: Tool #14 (White). arm right: 2. right instrument: Tool #8 (Pink). do a cholecystectomy,209,current_public_raw_rows_not_exact_training_probability,0.19202611555171503,0.1608329930015254,1.2294278919070526e-05,3.796981686180689e-07,3.9424789469506323e-07
cmr_versius:00,cmr_versius,cmr-surgical-60hz/cholecystectomy_phase_gesture_prompts_v1,cmr_surgical/cholecystectomy,CMR_STATE_PROMPT,1.6,19.2,arm left: 2. left instrument: Tool #0 (Purple). arm right: 1. right instrument: Tool #9 (Cyan). do a cholecystectomy,47284,current_public_raw_rows_not_exact_training_probability,0.19202611555171503,0.1608329930015254,0.002781448250762348,8.590262299012809e-05,8.919434187924101e-05
cmr_versius:00,cmr_versius,cmr-surgical-60hz/cholecystectomy_phase_gesture_prompts_v1,cmr_surgical/cholecystectomy,CMR_STATE_PROMPT,1.6,19.2,arm left: 2. left instrument: Tool #0 (Purple). arm right: 0. right instrument: Tool #14 (White). do a cholecystectomy,5770,current_public_raw_rows_not_exact_training_probability,0.19202611555171503,0.1608329930015254,0.00033941621704802364,1.0482576234096928e-05,1.0884260059284763e-05
cmr_versius:00,cmr_versius,cmr-surgical-60hz/cholecystectomy_phase_gesture_prompts_v1,cmr_surgical/cholecystectomy,CMR_STATE_PROMPT,1.6,19.2,arm left: 0. left instrument: Tool #14 (White). arm right: 2. right instrument: Tool #9 (Cyan). do a cholecystectomy,308,current_public_raw_rows_not_exact_training_probability,0.19202611555171503,0.1608329930015254,1.8117884722840778e-05,5.595551958582069e-07,5.809968974453565e-07
cmr_versius:00,cmr_versius,cmr-surgical-60hz/cholecystectomy_phase_gesture_prompts_v1,cmr_surgical/cholecystectomy,CMR_STATE_PROMPT,1.6,19.2,arm left: -1. left instrument: Tool #3 (None). arm right: 1. right instrument: Tool #9 (Green). do a cholecystectomy,4813,current_public_raw_rows_not_exact_training_probability,0.19202611555171503,0.1608329930015254,0.0002831213609449112,8.743958304108928e-06,9.079019699365261e-06
cmr_versius:00,cmr_versius,cmr-surgical-60hz/cholecystectomy_phase_gesture_prompts_v1,cmr_surgical/cholecystectomy,CMR_STATE_PROMPT,1.6,19.2,arm left: 2. left instrument: Tool #0 (Blue). arm right: 1. right instrument: Tool #9 (Green). do a cholecystectomy,132085,current_public_raw_rows_not_exact_training_probability,0.19202611555171503,0.1608329930015254,0.007769807803949428,0.00023996379235367287,0.00024915901038659056
cmr_versius:00,cmr_versius,cmr-surgical-60hz/cholecystectomy_phase_gesture_prompts_v1,cmr_surgical/cholecystectomy,CMR_STATE_PROMPT,1.6,19.2,arm left: 2. left instrument: Tool #0 (Blue). arm right: 1. right instrument: Tool #18 (Green). do a cholecystectomy,12480,current_public_raw_rows_not_exact_training_probability,0.19202611555171503,0.1608329930015254,0.0007341272770813405,2.267288585815072e-05,2.3541692467915742e-05
cmr_versius:00,cmr_versius,cmr-surgical-60hz/cholecystectomy_phase_gesture_prompts_v1,cmr_surgical/cholecystectomy,CMR_STATE_PROMPT,1.6,19.2,arm left: 2. left instrument: Tool #0 (Green). arm right: 1. right instrument: Tool #8 (Orange). do a cholecystectomy,72297,current_public_raw_rows_not_exact_training_probability,0.19202611555171503,0.1608329930015254,0.004252820492880583,0.0001313446818018207,0.0001363777035539186
cmr_versius:00,cmr_versius,cmr-surgical-60hz/cholecystectomy_phase_gesture_prompts_v1,cmr_surgical/cholecystectomy,CMR_STATE_PROMPT,1.6,19.2,arm left: -1. left instrument: Tool #3 (None). arm right: 1. right instrument: Tool #8 (Orange). do a cholecystectomy,64,current_public_raw_rows_not_exact_training_probability,0.19202611555171503,0.1608329930015254,3.764755267083798e-06,1.1627120952897804e-07,1.2072662804059354e-07
cmr_versius:00,cmr_versius,cmr-surgical-60hz/cholecystectomy_phase_gesture_prompts_v1,cmr_surgical/cholecystectomy,CMR_STATE_PROMPT,1.6,19.2,arm left: 2. left instrument: Tool #0 (Green). arm right: 1. right instrument: Tool #18 (Orange). do a cholecystectomy,69512,current_public_raw_rows_not_exact_training_probability,0.19202611555171503,0.1608329930015254,0.00408899481446139,0.0001262850674496613,0.00013112420888058968
cmr_versius:00,cmr_versius,cmr-surgical-60hz/cholecystectomy_phase_gesture_prompts_v1,cmr_surgical/cholecystectomy,CMR_STATE_PROMPT,1.6,19.2,arm left: -1. left instrument: Tool #3 (None). arm right: 1. right instrument: Tool #18 (Orange). do a cholecystectomy,2720,current_public_raw_rows_not_exact_training_probability,0.19202611555171503,0.1608329930015254,0.0001600020988510614,4.941526404981567e-06,5.1308816917252254e-06
cmr_versius:00,cmr_versius,cmr-surgical-60hz/cholecystectomy_phase_gesture_prompts_v1,cmr_surgical/cholecystectomy,CMR_STATE_PROMPT,1.6,19.2,arm left: 2. left instrument: Tool #8 (Blue). arm right: -1. right instrument: Tool #3 (None). do a cholecystectomy,209,current_public_raw_rows_not_exact_training_probability,0.19202611555171503,0.1608329930015254,1.2294278919070526e-05,3.796981686180689e-07,3.9424789469506323e-07
cmr_versius:00,cmr_versius,cmr-surgical-60hz/cholecystectomy_phase_gesture_prompts_v1,cmr_surgical/cholecystectomy,CMR_STATE_PROMPT,1.6,19.2,arm left: -1. left instrument: Tool #3 (None). arm right: 1. right instrument: Tool #0 (Green). do a cholecystectomy,514,current_public_raw_rows_not_exact_training_probability,0.19202611555171503,0.1608329930015254,3.023569073876675e-05,9.33803151529605e-07,9.69585731451017e-07
cmr_versius:01,cmr_versius,cmr-surgical-60hz/hysterectomy_phase_prompts_v1,cmr_surgical/hysterectomy,CMR_STATE_PROMPT,1.6,19.2,arm left: -1. left instrument: Tool #3 (None). arm right: -1. right instrument: Tool #3 (None). do a hysterectomy,1068130,current_public_raw_rows_not_exact_training_probability,0.19202611555171503,0.24952952184603805,0.04049804869039829,0.001940511984909177,0.0020148708313906124
cmr_versius:01,cmr_versius,cmr-surgical-60hz/hysterectomy_phase_prompts_v1,cmr_surgical/hysterectomy,CMR_STATE_PROMPT,1.6,19.2,arm left: -1. left instrument: Tool #3 (None). arm right: 0. right instrument: Tool #17 (White). do a hysterectomy,45774,current_public_raw_rows_not_exact_training_probability,0.19202611555171503,0.24952952184603805,0.0017355169134415204,8.315934914030377e-05,8.634594799890826e-05
cmr_versius:01,cmr_versius,cmr-surgical-60hz/hysterectomy_phase_prompts_v1,cmr_surgical/hysterectomy,CMR_STATE_PROMPT,1.6,19.2,arm left: -1. left instrument: Tool #3 (None). arm right: 1. right instrument: Tool #9 (Cyan). do a hysterectomy,70366,current_public_raw_rows_not_exact_training_probability,0.19202611555171503,0.24952952184603805,0.002667920285123127,0.0001278365614018136,0.00013273515482350635
cmr_versius:01,cmr_versius,cmr-surgical-60hz/hysterectomy_phase_prompts_v1,cmr_surgical/hysterectomy,CMR_STATE_PROMPT,1.6,19.2,arm left: 2. left instrument: Tool #0 (Green). arm right: -1. right instrument: Tool #3 (None). do a hysterectomy,49316,current_public_raw_rows_not_exact_training_probability,0.19202611555171503,0.24952952184603805,0.0018698115109730858,8.959423389267316e-05,9.302741231952987e-05
cmr_versius:01,cmr_versius,cmr-surgical-60hz/hysterectomy_phase_prompts_v1,cmr_surgical/hysterectomy,CMR_STATE_PROMPT,1.6,19.2,arm left: 2. left instrument: Tool #0 (Green). arm right: 1. right instrument: Tool #9 (Cyan). do a hysterectomy,100177,current_public_raw_rows_not_exact_training_probability,0.19202611555171503,0.24952952184603805,0.003798201551925355,0.0001819953274528818,0.0001889692408941022
cmr_versius:01,cmr_versius,cmr-surgical-60hz/hysterectomy_phase_prompts_v1,cmr_surgical/hysterectomy,CMR_STATE_PROMPT,1.6,19.2,arm left: 3. left instrument: Tool #12 (Pink). arm right: 1. right instrument: Tool #9 (Cyan). do a hysterectomy,305632,current_public_raw_rows_not_exact_training_probability,0.19202611555171503,0.24952952184603805,0.011588008591972709,0.0005552531611056347,0.0005765300122078545
cmr_versius:01,cmr_versius,cmr-surgical-60hz/hysterectomy_phase_prompts_v1,cmr_surgical/hysterectomy,CMR_STATE_PROMPT,1.6,19.2,arm left: 0. left instrument: Tool #17 (White). arm right: 0. right instrument: Tool #17 (White). do a hysterectomy,33120,current_public_raw_rows_not_exact_training_probability,0.19202611555171503,0.24952952184603805,0.001255741691204246,6.017035093124614e-05,6.247603001100716e-05
cmr_versius:01,cmr_versius,cmr-surgical-60hz/hysterectomy_phase_prompts_v1,cmr_surgical/hysterectomy,CMR_STATE_PROMPT,1.6,19.2,arm left: 3. left instrument: Tool #12 (Pink). arm right: -1. right instrument: Tool #3 (None). do a hysterectomy,110053,current_public_raw_rows_not_exact_training_probability,0.19202611555171503,0.24952952184603805,0.0041726491649185056,0.00019993742847332225,0.0002075988686836163
cmr_versius:01,cmr_versius,cmr-surgical-60hz/hysterectomy_phase_prompts_v1,cmr_surgical/hysterectomy,CMR_STATE_PROMPT,1.6,19.2,arm left: 3. left instrument: Tool #2 (Pink). arm right: -1. right instrument: Tool #3 (None). do a hysterectomy,11486,current_public_raw_rows_not_exact_training_probability,0.19202611555171503,0.24952952184603805,0.00043549061187113435,2.0867048635153778e-05,2.166665702616027e-05
cmr_versius:01,cmr_versius,cmr-surgical-60hz/hysterectomy_phase_prompts_v1,cmr_surgical/hysterectomy,CMR_STATE_PROMPT,1.6,19.2,arm left: 3. left instrument: Tool #2 (Pink). arm right: 1. right instrument: Tool #2 (Cyan). do a hysterectomy,36769,current_public_raw_rows_not_exact_training_probability,0.19202611555171503,0.24952952184603805,0.0013940931836922985,6.679962661204679e-05,6.935933416288414e-05
cmr_versius:01,cmr_versius,cmr-surgical-60hz/hysterectomy_phase_prompts_v1,cmr_surgical/hysterectomy,CMR_STATE_PROMPT,1.6,19.2,arm left: -1. left instrument: Tool #3 (None). arm right: 1. right instrument: Tool #2 (Cyan). do a hysterectomy,39857,current_public_raw_rows_not_exact_training_probability,0.19202611555171503,0.24952952184603805,0.0015111744138383949,7.240971247181998e-05,7.518439396584277e-05
cmr_versius:01,cmr_versius,cmr-surgical-60hz/hysterectomy_phase_prompts_v1,cmr_surgical/hysterectomy,CMR_STATE_PROMPT,1.6,19.2,arm left: 2. left instrument: Tool #0 (Green). arm right: 1. right instrument: Tool #2 (Cyan). do a hysterectomy,15241,current_public_raw_rows_not_exact_training_probability,0.19202611555171503,0.24952952184603805,0.0005778610844095384,2.7688898506736786e-05,2.874991465572947e-05
cmr_versius:01,cmr_versius,cmr-surgical-60hz/hysterectomy_phase_prompts_v1,cmr_surgical/hysterectomy,CMR_STATE_PROMPT,1.6,19.2,arm left: 0. left instrument: Tool #17 (White). arm right: -1. right instrument: Tool #3 (None). do a hysterectomy,23534,current_public_raw_rows_not_exact_training_probability,0.19202611555171503,0.24952952184603805,0.00089228940099036,4.2755103828983896e-05,4.4393444754802004e-05
cmr_versius:01,cmr_versius,cmr-surgical-60hz/hysterectomy_phase_prompts_v1,cmr_surgical/hysterectomy,CMR_STATE_PROMPT,1.6,19.2,arm left: 3. left instrument: Tool #12 (Cyan). arm right: -1. right instrument: Tool #3 (None). do a hysterectomy,111999,current_public_raw_rows_not_exact_training_probability,0.19202611555171503,0.24952952184603805,0.004246431572257982,0.0002034727999380627,0.00021126971271747557
cmr_versius:01,cmr_versius,cmr-surgical-60hz/hysterectomy_phase_prompts_v1,cmr_surgical/hysterectomy,CMR_STATE_PROMPT,1.6,19.2,arm left: 3. left instrument: Tool #12 (Cyan). arm right: 0. right instrument: Tool #14 (White). do a hysterectomy,11793,current_public_raw_rows_not_exact_training_probability,0.19202611555171503,0.24952952184603805,0.0004471304880547003,2.1424787093363095e-05,2.2245767570042494e-05
cmr_versius:01,cmr_versius,cmr-surgical-60hz/hysterectomy_phase_prompts_v1,cmr_surgical/hysterectomy,CMR_STATE_PROMPT,1.6,19.2,arm left: 3. left instrument: Tool #12 (Cyan). arm right: 1. right instrument: Tool #2 (Green). do a hysterectomy,122599,current_public_raw_rows_not_exact_training_probability,0.19202611555171503,0.24952952184603805,0.004648329577293157,0.0002227302190162997,0.0002312650604866989
cmr_versius:01,cmr_versius,cmr-surgical-60hz/hysterectomy_phase_prompts_v1,cmr_surgical/hysterectomy,CMR_STATE_PROMPT,1.6,19.2,arm left: -1. left instrument: Tool #3 (None). arm right: 1. right instrument: Tool #2 (Green). do a hysterectomy,34334,current_public_raw_rows_not_exact_training_probability,0.19202611555171503,0.24952952184603805,0.0013017703872526141,6.237587043699894e-05,6.476606323665217e-05
cmr_versius:01,cmr_versius,cmr-surgical-60hz/hysterectomy_phase_prompts_v1,cmr_surgical/hysterectomy,CMR_STATE_PROMPT,1.6,19.2,arm left: 2. left instrument: Tool #0 (Pink). arm right: 1. right instrument: Tool #2 (Green). do a hysterectomy,55740,current_public_raw_rows_not_exact_training_probability,0.19202611555171503,0.24952952184603805,0.002113376867986856,0.00010126495654914432,0.00010514534760910445
cmr_versius:01,cmr_versius,cmr-surgical-60hz/hysterectomy_phase_prompts_v1,cmr_surgical/hysterectomy,CMR_STATE_PROMPT,1.6,19.2,arm left: 2. left instrument: Tool #0 (Pink). arm right: -1. right instrument: Tool #3 (None). do a hysterectomy,12498,current_public_raw_rows_not_exact_training_probability,0.19202611555171503,0.24952952184603805,0.000473860496880153,2.2705587135830745e-05,2.3575646832052157e-05
cmr_versius:01,cmr_versius,cmr-surgical-60hz/hysterectomy_phase_prompts_v1,cmr_surgical/hysterectomy,CMR_STATE_PROMPT,1.6,19.2,arm left: -1. left instrument: Tool #3 (None). arm right: 1. right instrument: Tool #9 (Green). do a hysterectomy,65865,current_public_raw_rows_not_exact_training_probability,0.19202611555171503,0.24952952184603805,0.0024972652926077196,0.00011965942524415844,0.00012424467743583898
cmr_versius:01,cmr_versius,cmr-surgical-60hz/hysterectomy_phase_prompts_v1,cmr_surgical/hysterectomy,CMR_STATE_PROMPT,1.6,19.2,arm left: 3. left instrument: Tool #12 (Cyan). arm right: 1. right instrument: Tool #9 (Green). do a hysterectomy,309245,current_public_raw_rows_not_exact_training_probability,0.19202611555171503,0.24952952184603805,0.011724995147839888,0.0005618170342310753,0.0005833454076314586
cmr_versius:01,cmr_versius,cmr-surgical-60hz/hysterectomy_phase_prompts_v1,cmr_surgical/hysterectomy,CMR_STATE_PROMPT,1.6,19.2,arm left: 2. left instrument: Tool #0 (Pink). arm right: 1. right instrument: Tool #9 (Green). do a hysterectomy,69171,current_public_raw_rows_not_exact_training_probability,0.19202611555171503,0.24952952184603805,0.0026226119722913316,0.0001256655599113897,0.00013048096231556088
cmr_versius:01,cmr_versius,cmr-surgical-60hz/hysterectomy_phase_prompts_v1,cmr_surgical/hysterectomy,CMR_STATE_PROMPT,1.6,19.2,arm left: -1. left instrument: Tool #3 (None). arm right: 2. right instrument: Tool #9 (Green). do a hysterectomy,31489,current_public_raw_rows_not_exact_training_probability,0.19202611555171503,0.24952952184603805,0.0011939024792974185,5.720725182590609e-05,5.939938734953516e-05
cmr_versius:01,cmr_versius,cmr-surgical-60hz/hysterectomy_phase_prompts_v1,cmr_surgical/hysterectomy,CMR_STATE_PROMPT,1.6,19.2,arm left: 1. left instrument: Tool #18 (Pink). arm right: 2. right instrument: Tool #9 (Green). do a hysterectomy,386661,current_public_raw_rows_not_exact_training_probability,0.19202611555171503,0.24952952184603805,0.014660215521217542,0.0007024615960575654,0.0007293793550750616
cmr_versius:01,cmr_versius,cmr-surgical-60hz/hysterectomy_phase_prompts_v1,cmr_surgical/hysterectomy,CMR_STATE_PROMPT,1.6,19.2,arm left: 1. left instrument: Tool #18 (Pink). arm right: -1. right instrument: Tool #3 (None). do a hysterectomy,24002,current_public_raw_rows_not_exact_training_probability,0.19202611555171503,0.24952952184603805,0.0009100335770617244,4.360533704866455e-05,4.527625822234885e-05
cmr_versius:01,cmr_versius,cmr-surgical-60hz/hysterectomy_phase_prompts_v1,cmr_surgical/hysterectomy,CMR_STATE_PROMPT,1.6,19.2,arm left: -1. left instrument: Tool #3 (None). arm right: 0. right instrument: Tool #14 (White). do a hysterectomy,51050,current_public_raw_rows_not_exact_training_probability,0.19202611555171503,0.24952952184603805,0.0019355559582118586,9.274445697584889e-05,9.629834939800469e-05
cmr_versius:01,cmr_versius,cmr-surgical-60hz/hysterectomy_phase_prompts_v1,cmr_surgical/hysterectomy,CMR_STATE_PROMPT,1.6,19.2,arm left: -1. left instrument: Tool #3 (None). arm right: 2. right instrument: Tool #2 (Green). do a hysterectomy,9680,current_public_raw_rows_not_exact_training_probability,0.19202611555171503,0.24952952184603805,0.000367016291390613,1.758602044125793e-05,1.8259902491139772e-05
cmr_versius:01,cmr_versius,cmr-surgical-60hz/hysterectomy_phase_prompts_v1,cmr_surgical/hysterectomy,CMR_STATE_PROMPT,1.6,19.2,arm left: 0. left instrument: Tool #14 (White). arm right: 2. right instrument: Tool #2 (Green). do a hysterectomy,4005,current_public_raw_rows_not_exact_training_probability,0.19202611555171503,0.24952952184603805,0.00015184919907225257,7.276034283805579e-06,7.554846020352768e-06
cmr_versius:01,cmr_versius,cmr-surgical-60hz/hysterectomy_phase_prompts_v1,cmr_surgical/hysterectomy,CMR_STATE_PROMPT,1.6,19.2,arm left: 1. left instrument: Tool #18 (Pink). arm right: 2. right instrument: Tool #2 (Green). do a hysterectomy,8904,current_public_raw_rows_not_exact_training_probability,0.19202611555171503,0.24952952184603805,0.0003375943242295473,1.617623202571907e-05,1.6796092126147578e-05
cmr_versius:01,cmr_versius,cmr-surgical-60hz/hysterectomy_phase_prompts_v1,cmr_surgical/hysterectomy,CMR_STATE_PROMPT,1.6,19.2,arm left: 1. left instrument: Tool #2 (Pink). arm right: 2. right instrument: Tool #2 (Green). do a hysterectomy,84129,current_public_raw_rows_not_exact_training_probability,0.19202611555171503,0.24952952184603805,0.0031897431382645535,0.00015284032166349053,0.00015869703891292335
cmr_versius:01,cmr_versius,cmr-surgical-60hz/hysterectomy_phase_prompts_v1,cmr_surgical/hysterectomy,CMR_STATE_PROMPT,1.6,19.2,arm left: 1. left instrument: Tool #2 (Pink). arm right: -1. right instrument: Tool #3 (None). do a hysterectomy,7996,current_public_raw_rows_not_exact_training_probability,0.19202611555171503,0.24952952184603805,0.00030316758945860966,1.4526634240526697e-05,1.5083283090821658e-05
cmr_versius:01,cmr_versius,cmr-surgical-60hz/hysterectomy_phase_prompts_v1,cmr_surgical/hysterectomy,CMR_STATE_PROMPT,1.6,19.2,arm left: 1. left instrument: Tool #2 (Pink). arm right: 0. right instrument: Tool #14 (White). do a hysterectomy,5813,current_public_raw_rows_not_exact_training_probability,0.19202611555171503,0.24952952184603805,0.00022039934936504476,1.056069595299921e-05,1.0965373262499537e-05
cmr_versius:01,cmr_versius,cmr-surgical-60hz/hysterectomy_phase_prompts_v1,cmr_surgical/hysterectomy,CMR_STATE_PROMPT,1.6,19.2,arm left: -1. left instrument: Tool #3 (None). arm right: 1. right instrument: Tool #18 (Purple). do a hysterectomy,23338,current_public_raw_rows_not_exact_training_probability,0.19202611555171503,0.24952952184603805,0.0008848580793878229,4.23990232498014e-05,4.402371945642769e-05
cmr_versius:01,cmr_versius,cmr-surgical-60hz/hysterectomy_phase_prompts_v1,cmr_surgical/hysterectomy,CMR_STATE_PROMPT,1.6,19.2,arm left: 2. left instrument: Tool #9 (Pink). arm right: 1. right instrument: Tool #18 (Purple). do a hysterectomy,299513,current_public_raw_rows_not_exact_training_probability,0.19202611555171503,0.24952952184603805,0.011356007281330235,0.0005441365434320751,0.000564987414755036
cmr_versius:01,cmr_versius,cmr-surgical-60hz/hysterectomy_phase_prompts_v1,cmr_surgical/hysterectomy,CMR_STATE_PROMPT,1.6,19.2,arm left: -1. left instrument: Tool #3 (None). arm right: 1. right instrument: Tool #2 (Purple). do a hysterectomy,17466,current_public_raw_rows_not_exact_training_probability,0.19202611555171503,0.24952952184603805,0.0006622217505607899,3.173113977551767e-05,3.2947051333703233e-05
cmr_versius:01,cmr_versius,cmr-surgical-60hz/hysterectomy_phase_prompts_v1,cmr_surgical/hysterectomy,CMR_STATE_PROMPT,1.6,19.2,arm left: 2. left instrument: Tool #2 (Pink). arm right: 1. right instrument: Tool #2 (Purple). do a hysterectomy,44144,current_public_raw_rows_not_exact_training_probability,0.19202611555171503,0.24952952184603805,0.0016737156164408284,8.01980667726126e-05,8.32711916909994e-05
cmr_versius:01,cmr_versius,cmr-surgical-60hz/hysterectomy_phase_prompts_v1,cmr_surgical/hysterectomy,CMR_STATE_PROMPT,1.6,19.2,arm left: 2. left instrument: Tool #2 (Pink). arm right: -1. right instrument: Tool #3 (None). do a hysterectomy,53256,current_public_raw_rows_not_exact_training_probability,0.19202611555171503,0.24952952184603805,0.0020191962411465376,9.675218022930086e-05,0.0001004596453582789
cmr_versius:01,cmr_versius,cmr-surgical-60hz/hysterectomy_phase_prompts_v1,cmr_surgical/hysterectomy,CMR_STATE_PROMPT,1.6,19.2,arm left: -1. left instrument: Tool #3 (None). arm right: 1. right instrument: Tool #9 (Pink). do a hysterectomy,83604,current_public_raw_rows_not_exact_training_probability,0.19202611555171503,0.24952952184603805,0.0031698378125434717,0.00015188653439782314,0.00015770670329227787
cmr_versius:01,cmr_versius,cmr-surgical-60hz/hysterectomy_phase_prompts_v1,cmr_surgical/hysterectomy,CMR_STATE_PROMPT,1.6,19.2,arm left: 3. left instrument: Tool #12 (Cyan). arm right: 1. right instrument: Tool #9 (Pink). do a hysterectomy,540658,current_public_raw_rows_not_exact_training_probability,0.19202611555171503,0.24952952184603805,0.020498997321349795,0.000982233743773722,0.0010198721447370503
cmr_versius:01,cmr_versius,cmr-surgical-60hz/hysterectomy_phase_prompts_v1,cmr_surgical/hysterectomy,CMR_STATE_PROMPT,1.6,19.2,arm left: 2. left instrument: Tool #0 (Green). arm right: 1. right instrument: Tool #9 (Pink). do a hysterectomy,51476,current_public_raw_rows_not_exact_training_probability,0.19202611555171503,0.24952952184603805,0.0019517077082255366,9.351838721427617e-05,9.710193601589991e-05
cmr_versius:01,cmr_versius,cmr-surgical-60hz/hysterectomy_phase_prompts_v1,cmr_surgical/hysterectomy,CMR_STATE_PROMPT,1.6,19.2,arm left: 2. left instrument: Tool #0 (Green). arm right: 0. right instrument: Tool #17 (White). do a hysterectomy,3162,current_public_raw_rows_not_exact_training_probability,0.19202611555171503,0.24952952184603805,0.00011988693320011551,5.7445244457910715e-06,5.964649966630574e-06
cmr_versius:01,cmr_versius,cmr-surgical-60hz/hysterectomy_phase_prompts_v1,cmr_surgical/hysterectomy,CMR_STATE_PROMPT,1.6,19.2,arm left: 3. left instrument: Tool #12 (Cyan). arm right: 0. right instrument: Tool #17 (White). do a hysterectomy,7342,current_public_raw_rows_not_exact_training_probability,0.19202611555171503,0.24952952184603805,0.00027837124084606203,1.3338487818152451e-05,1.3849607860531841e-05
cmr_versius:01,cmr_versius,cmr-surgical-60hz/hysterectomy_phase_prompts_v1,cmr_surgical/hysterectomy,CMR_STATE_PROMPT,1.6,19.2,arm left: 2. left instrument: Tool #0 (Green). arm right: 1. right instrument: Tool #2 (Pink). do a hysterectomy,49282,current_public_raw_rows_not_exact_training_probability,0.19202611555171503,0.24952952184603805,0.0018685224041644823,8.953246481261088e-05,9.29632762983833e-05
cmr_versius:01,cmr_versius,cmr-surgical-60hz/hysterectomy_phase_prompts_v1,cmr_surgical/hysterectomy,CMR_STATE_PROMPT,1.6,19.2,arm left: -1. left instrument: Tool #3 (None). arm right: 1. right instrument: Tool #2 (Pink). do a hysterectomy,38890,current_public_raw_rows_not_exact_training_probability,0.19202611555171503,0.24952952184603805,0.0014745106996054689,7.065292716534308e-05,7.336029007029193e-05
cmr_versius:01,cmr_versius,cmr-surgical-60hz/hysterectomy_phase_prompts_v1,cmr_surgical/hysterectomy,CMR_STATE_PROMPT,1.6,19.2,arm left: 3. left instrument: Tool #12 (Cyan). arm right: 1. right instrument: Tool #2 (Pink). do a hysterectomy,98507,current_public_raw_rows_not_exact_training_probability,0.19202611555171503,0.24952952184603805,0.003734883658679247,0.000178961375579235,0.00018581903044366792
cmr_versius:01,cmr_versius,cmr-surgical-60hz/hysterectomy_phase_prompts_v1,cmr_surgical/hysterectomy,CMR_STATE_PROMPT,1.6,19.2,arm left: 2. left instrument: Tool #12 (Cyan). arm right: -1. right instrument: Tool #3 (None). do a hysterectomy,24581,current_public_raw_rows_not_exact_training_probability,0.19202611555171503,0.24952952184603805,0.0009319863077141175,4.465722814737202e-05,4.636845693540359e-05
cmr_versius:01,cmr_versius,cmr-surgical-60hz/hysterectomy_phase_prompts_v1,cmr_surgical/hysterectomy,CMR_STATE_PROMPT,1.6,19.2,arm left: 1. left instrument: Tool #0 (Orange). arm right: -1. right instrument: Tool #3 (None). do a hysterectomy,12001,current_public_raw_rows_not_exact_training_probability,0.19202611555171503,0.24952952184603805,0.0004550167885308622,2.1802668524332276e-05,2.2638129111174425e-05
cmr_versius:01,cmr_versius,cmr-surgical-60hz/hysterectomy_phase_prompts_v1,cmr_surgical/hysterectomy,CMR_STATE_PROMPT,1.6,19.2,arm left: 2. left instrument: Tool #12 (Cyan). arm right: 3. right instrument: Tool #9 (Pink). do a hysterectomy,147270,current_public_raw_rows_not_exact_training_probability,0.19202611555171503,0.24952952184603805,0.00558372822655946,0.00026755095355207186,0.0002778032892427846
cmr_versius:01,cmr_versius,cmr-surgical-60hz/hysterectomy_phase_prompts_v1,cmr_surgical/hysterectomy,CMR_STATE_PROMPT,1.6,19.2,arm left: -1. left instrument: Tool #3 (None). arm right: 3. right instrument: Tool #9 (Pink). do a hysterectomy,92893,current_public_raw_rows_not_exact_training_probability,0.19202611555171503,0.24952952184603805,0.0035220293756351457,0.00016876221041836498,0.00017522904154023214
cmr_versius:01,cmr_versius,cmr-surgical-60hz/hysterectomy_phase_prompts_v1,cmr_surgical/hysterectomy,CMR_STATE_PROMPT,1.6,19.2,arm left: 1. left instrument: Tool #0 (Orange). arm right: 3. right instrument: Tool #9 (Pink). do a hysterectomy,60293,current_public_raw_rows_not_exact_training_probability,0.19202611555171503,0.24952952184603805,0.0022860034356213046,0.00010953656306454179,0.0001137339153820548
cmr_versius:01,cmr_versius,cmr-surgical-60hz/hysterectomy_phase_prompts_v1,cmr_surgical/hysterectomy,CMR_STATE_PROMPT,1.6,19.2,arm left: 0. left instrument: Tool #14 (White). arm right: -1. right instrument: Tool #3 (None). do a hysterectomy,56722,current_public_raw_rows_not_exact_training_probability,0.19202611555171503,0.24952952184603805,0.002150609305811813,0.00010304899292035457,0.00010699774680810229
cmr_versius:01,cmr_versius,cmr-surgical-60hz/hysterectomy_phase_prompts_v1,cmr_surgical/hysterectomy,CMR_STATE_PROMPT,1.6,19.2,arm left: 0. left instrument: Tool #14 (White). arm right: 0. right instrument: Tool #14 (White). do a hysterectomy,60221,current_public_raw_rows_not_exact_training_probability,0.19202611555171503,0.24952952184603805,0.0022832735623795563,0.00010940575795382168,0.00011359809792550914
cmr_versius:01,cmr_versius,cmr-surgical-60hz/hysterectomy_phase_prompts_v1,cmr_surgical/hysterectomy,CMR_STATE_PROMPT,1.6,19.2,arm left: 1. left instrument: Tool #12 (Orange). arm right: 0. right instrument: Tool #14 (White). do a hysterectomy,1115,current_public_raw_rows_not_exact_training_probability,0.19202611555171503,0.24952952184603805,4.22751203409642e-05,2.0256624785126646e-06,2.103284222894716e-06
cmr_versius:01,cmr_versius,cmr-surgical-60hz/hysterectomy_phase_prompts_v1,cmr_surgical/hysterectomy,CMR_STATE_PROMPT,1.6,19.2,arm left: 1. left instrument: Tool #12 (Orange). arm right: -1. right instrument: Tool #3 (None). do a hysterectomy,24235,current_public_raw_rows_not_exact_training_probability,0.19202611555171503,0.24952952184603805,0.0009188677501912713,4.402863692085599e-05,4.571577860255914e-05
cmr_versius:01,cmr_versius,cmr-surgical-60hz/hysterectomy_phase_prompts_v1,cmr_surgical/hysterectomy,CMR_STATE_PROMPT,1.6,19.2,arm left: 1. left instrument: Tool #12 (Orange). arm right: 3. right instrument: Tool #9 (Pink). do a hysterectomy,6912,current_public_raw_rows_not_exact_training_probability,0.19202611555171503,0.24952952184603805,0.0002620678312078427,1.255729062912963e-05,1.3038475828384105e-05
cmr_versius:01,cmr_versius,cmr-surgical-60hz/hysterectomy_phase_prompts_v1,cmr_surgical/hysterectomy,CMR_STATE_PROMPT,1.6,19.2,arm left: -1. left instrument: Tool #3 (None). arm right: 2. right instrument: Tool #13 (Orange). do a hysterectomy,77720,current_public_raw_rows_not_exact_training_probability,0.19202611555171503,0.24952952184603805,0.002946746504842814,0.00014119685007175272,0.00014660739892679577
cmr_versius:01,cmr_versius,cmr-surgical-60hz/hysterectomy_phase_prompts_v1,cmr_surgical/hysterectomy,CMR_STATE_PROMPT,1.6,19.2,arm left: 1. left instrument: Tool #18 (Cyan). arm right: 2. right instrument: Tool #13 (Orange). do a hysterectomy,146447,current_public_raw_rows_not_exact_training_probability,0.19202611555171503,0.24952952184603805,0.005552524258810031,0.00026605577846703515,0.00027625082026032507
cmr_versius:01,cmr_versius,cmr-surgical-60hz/hysterectomy_phase_prompts_v1,cmr_surgical/hysterectomy,CMR_STATE_PROMPT,1.6,19.2,arm left: 1. left instrument: Tool #18 (Cyan). arm right: -1. right instrument: Tool #3 (None). do a hysterectomy,117092,current_public_raw_rows_not_exact_training_probability,0.19202611555171503,0.24952952184603805,0.004439532189205543,0.00021272544478386093,0.00022087691141451846
cmr_versius:01,cmr_versius,cmr-surgical-60hz/hysterectomy_phase_prompts_v1,cmr_surgical/hysterectomy,CMR_STATE_PROMPT,1.6,19.2,arm left: 1. left instrument: Tool #18 (Cyan). arm right: 3. right instrument: Tool #9 (Pink). do a hysterectomy,419532,current_public_raw_rows_not_exact_training_probability,0.19202611555171503,0.24952952184603805,0.015906516400794074,0.0007621795793142378,0.0007913856830488483
cmr_versius:01,cmr_versius,cmr-surgical-60hz/hysterectomy_phase_prompts_v1,cmr_surgical/hysterectomy,CMR_STATE_PROMPT,1.6,19.2,arm left: 1. left instrument: Tool #18 (Cyan). arm right: 3. right instrument: Tool #8 (Pink). do a hysterectomy,148003,current_public_raw_rows_not_exact_training_probability,0.19202611555171503,0.24952952184603805,0.0056115198527567035,0.0002688826222487084,0.00027918598640456197
cmr_versius:01,cmr_versius,cmr-surgical-60hz/hysterectomy_phase_prompts_v1,cmr_surgical/hysterectomy,CMR_STATE_PROMPT,1.6,19.2,arm left: -1. left instrument: Tool #3 (None). arm right: 3. right instrument: Tool #8 (Pink). do a hysterectomy,5542,current_public_raw_rows_not_exact_training_probability,0.19202611555171503,0.24952952184603805,0.000210124409802353,1.0068360050149943e-05,1.0454171446890148e-05
cmr_versius:01,cmr_versius,cmr-surgical-60hz/hysterectomy_phase_prompts_v1,cmr_surgical/hysterectomy,CMR_STATE_PROMPT,1.6,19.2,arm left: -1. left instrument: Tool #3 (None). arm right: 3. right instrument: Tool #2 (Pink). do a hysterectomy,28765,current_public_raw_rows_not_exact_training_probability,0.19202611555171503,0.24952952184603805,0.0010906222749846057,5.225845847032897e-05,5.4260960243557404e-05
cmr_versius:01,cmr_versius,cmr-surgical-60hz/hysterectomy_phase_prompts_v1,cmr_surgical/hysterectomy,CMR_STATE_PROMPT,1.6,19.2,arm left: 1. left instrument: Tool #0 (Cyan). arm right: -1. right instrument: Tool #3 (None). do a hysterectomy,66835,current_public_raw_rows_not_exact_training_probability,0.19202611555171503,0.24952952184603805,0.0025340427515590513,0.000121421660763582,0.00012607444039207922
cmr_versius:01,cmr_versius,cmr-surgical-60hz/hysterectomy_phase_prompts_v1,cmr_surgical/hysterectomy,CMR_STATE_PROMPT,1.6,19.2,arm left: 1. left instrument: Tool #0 (Cyan). arm right: 3. right instrument: Tool #2 (Pink). do a hysterectomy,193960,current_public_raw_rows_not_exact_training_probability,0.19202611555171503,0.24952952184603805,0.007353975194021001,0.0003523744343787591,0.00036587713710552384
cmr_versius:01,cmr_versius,cmr-surgical-60hz/hysterectomy_phase_prompts_v1,cmr_surgical/hysterectomy,CMR_STATE_PROMPT,1.6,19.2,arm left: 1. left instrument: Tool #0 (Cyan). arm right: 2. right instrument: Tool #13 (Orange). do a hysterectomy,36574,current_public_raw_rows_not_exact_training_probability,0.19202611555171503,0.24952952184603805,0.0013866997769958966,6.644536277051318e-05,6.899149521807295e-05
cmr_versius:01,cmr_versius,cmr-surgical-60hz/hysterectomy_phase_prompts_v1,cmr_surgical/hysterectomy,CMR_STATE_PROMPT,1.6,19.2,arm left: -1. left instrument: Tool #3 (None). arm right: 2. right instrument: Tool #9 (Pink). do a hysterectomy,46253,current_public_raw_rows_not_exact_training_probability,0.19202611555171503,0.24952952184603805,0.001753678153480374,8.402956647412221e-05,8.724951135564959e-05
cmr_versius:01,cmr_versius,cmr-surgical-60hz/hysterectomy_phase_prompts_v1,cmr_surgical/hysterectomy,CMR_STATE_PROMPT,1.6,19.2,arm left: 1. left instrument: Tool #1 (Cyan). arm right: 2. right instrument: Tool #9 (Pink). do a hysterectomy,425576,current_public_raw_rows_not_exact_training_probability,0.19202611555171503,0.24952952184603805,0.016135674093476396,0.0007731599416641307,0.0008027868039844319
cmr_versius:01,cmr_versius,cmr-surgical-60hz/hysterectomy_phase_prompts_v1,cmr_surgical/hysterectomy,CMR_STATE_PROMPT,1.6,19.2,arm left: 1. left instrument: Tool #1 (Cyan). arm right: -1. right instrument: Tool #3 (None). do a hysterectomy,97702,current_public_raw_rows_not_exact_training_probability,0.19202611555171503,0.24952952184603805,0.003704362159240255,0.00017749890177187833,0.00018430051582534485
cmr_versius:01,cmr_versius,cmr-surgical-60hz/hysterectomy_phase_prompts_v1,cmr_surgical/hysterectomy,CMR_STATE_PROMPT,1.6,19.2,arm left: -1. left instrument: Tool #3 (None). arm right: 3. right instrument: Tool #13 (Orange). do a hysterectomy,75177,current_public_raw_rows_not_exact_training_probability,0.19202611555171503,0.24952952184603805,0.0028503288985405073,0.00013657688623062474,0.00014181040181574534
cmr_versius:01,cmr_versius,cmr-surgical-60hz/hysterectomy_phase_prompts_v1,cmr_surgical/hysterectomy,CMR_STATE_PROMPT,1.6,19.2,arm left: 1. left instrument: Tool #1 (Cyan). arm right: 3. right instrument: Tool #13 (Orange). do a hysterectomy,106532,current_public_raw_rows_not_exact_training_probability,0.19202611555171503,0.24952952184603805,0.004039150780415783,0.00019354069521157954,0.0002009570177878205
cmr_versius:01,cmr_versius,cmr-surgical-60hz/hysterectomy_phase_prompts_v1,cmr_surgical/hysterectomy,CMR_STATE_PROMPT,1.6,19.2,arm left: -1. left instrument: Tool #3 (None). arm right: 2. right instrument: Tool #8 (Pink). do a hysterectomy,15296,current_public_raw_rows_not_exact_training_probability,0.19202611555171503,0.24952952184603805,0.0005799464042469851,2.7788819077425753e-05,2.8853664101701856e-05
cmr_versius:01,cmr_versius,cmr-surgical-60hz/hysterectomy_phase_prompts_v1,cmr_surgical/hysterectomy,CMR_STATE_PROMPT,1.6,19.2,arm left: 1. left instrument: Tool #1 (Cyan). arm right: 2. right instrument: Tool #8 (Pink). do a hysterectomy,136374,current_public_raw_rows_not_exact_training_probability,0.19202611555171503,0.24952952184603805,0.005170607409308208,0.0002477557801297633,0.0002572495808188735
cmr_versius:01,cmr_versius,cmr-surgical-60hz/hysterectomy_phase_prompts_v1,cmr_surgical/hysterectomy,CMR_STATE_PROMPT,1.6,19.2,arm left: 1. left instrument: Tool #1 (Cyan). arm right: 3. right instrument: Tool #2 (Orange). do a hysterectomy,90,current_public_raw_rows_not_exact_training_probability,0.19202611555171503,0.24952952184603805,3.4123415521854514e-06,1.635063884001254e-07,1.697718206820847e-07
cmr_versius:01,cmr_versius,cmr-surgical-60hz/hysterectomy_phase_prompts_v1,cmr_surgical/hysterectomy,CMR_STATE_PROMPT,1.6,19.2,arm left: -1. left instrument: Tool #3 (None). arm right: 1. right instrument: Tool #0 (Cyan). do a hysterectomy,1073,current_public_raw_rows_not_exact_training_probability,0.19202611555171503,0.24952952184603805,4.068269428327766e-05,1.949359497259273e-06,2.0240573732430765e-06
cmr_versius:01,cmr_versius,cmr-surgical-60hz/hysterectomy_phase_prompts_v1,cmr_surgical/hysterectomy,CMR_STATE_PROMPT,1.6,19.2,arm left: -1. left instrument: Tool #3 (None). arm right: 2. right instrument: Tool #2 (Pink). do a hysterectomy,26164,current_public_raw_rows_not_exact_training_probability,0.19202611555171503,0.24952952184603805,0.0009920056041264461,4.753312384556535e-05,4.935455462584516e-05
cmr_versius:01,cmr_versius,cmr-surgical-60hz/hysterectomy_phase_prompts_v1,cmr_surgical/hysterectomy,CMR_STATE_PROMPT,1.6,19.2,arm left: 1. left instrument: Tool #0 (Cyan). arm right: 2. right instrument: Tool #2 (Pink). do a hysterectomy,290465,current_public_raw_rows_not_exact_training_probability,0.19202611555171503,0.24952952184603805,0.01101295321061719,0.0005276987011849157,0.0005479196877157969
cmr_versius:01,cmr_versius,cmr-surgical-60hz/hysterectomy_phase_prompts_v1,cmr_surgical/hysterectomy,CMR_STATE_PROMPT,1.6,19.2,arm left: 1. left instrument: Tool #0 (Cyan). arm right: 3. right instrument: Tool #13 (Orange). do a hysterectomy,53027,current_public_raw_rows_not_exact_training_probability,0.19202611555171503,0.24952952184603805,0.0020105137276415323,9.633614730770498e-05,0.00010002767039232115
cmr_versius:01,cmr_versius,cmr-surgical-60hz/hysterectomy_phase_prompts_v1,cmr_surgical/hysterectomy,CMR_STATE_PROMPT,1.6,19.2,arm left: 3. left instrument: Tool #18 (Cyan). arm right: 2. right instrument: Tool #9 (Pink). do a hysterectomy,226742,current_public_raw_rows_not_exact_training_probability,0.19202611555171503,0.24952952184603805,0.008596901646951484,0.0004119307279846803,0.0004277155796121916
cmr_versius:01,cmr_versius,cmr-surgical-60hz/hysterectomy_phase_prompts_v1,cmr_surgical/hysterectomy,CMR_STATE_PROMPT,1.6,19.2,arm left: 3. left instrument: Tool #18 (Cyan). arm right: -1. right instrument: Tool #3 (None). do a hysterectomy,38903,current_public_raw_rows_not_exact_training_probability,0.19202611555171503,0.24952952184603805,0.0014750035933852289,7.067654475477864e-05,7.338481266661266e-05
cmr_versius:01,cmr_versius,cmr-surgical-60hz/hysterectomy_phase_prompts_v1,cmr_surgical/hysterectomy,CMR_STATE_PROMPT,1.6,19.2,arm left: 3. left instrument: Tool #18 (Cyan). arm right: 1. right instrument: Tool #13 (Orange). do a hysterectomy,91089,current_public_raw_rows_not_exact_training_probability,0.19202611555171503,0.24952952184603805,0.003453630884966895,0.0001654848156997669,0.00017182605971233792
cmr_versius:01,cmr_versius,cmr-surgical-60hz/hysterectomy_phase_prompts_v1,cmr_surgical/hysterectomy,CMR_STATE_PROMPT,1.6,19.2,arm left: -1. left instrument: Tool #3 (None). arm right: 1. right instrument: Tool #13 (Orange). do a hysterectomy,39366,current_public_raw_rows_not_exact_training_probability,0.19202611555171503,0.24952952184603805,0.0014925581949259163,7.151769428621484e-05,7.425819436634383e-05
cmr_versius:01,cmr_versius,cmr-surgical-60hz/hysterectomy_phase_prompts_v1,cmr_surgical/hysterectomy,CMR_STATE_PROMPT,1.6,19.2,arm left: 0. left instrument: Tool #17 (White). arm right: 1. right instrument: Tool #13 (Orange). do a hysterectomy,1255,current_public_raw_rows_not_exact_training_probability,0.19202611555171503,0.24952952184603805,4.758320719991935e-05,2.280005749357304e-06,2.3673737217335143e-06
cmr_versius:01,cmr_versius,cmr-surgical-60hz/hysterectomy_phase_prompts_v1,cmr_surgical/hysterectomy,CMR_STATE_PROMPT,1.6,19.2,arm left: 0. left instrument: Tool #17 (White). arm right: 2. right instrument: Tool #9 (Pink). do a hysterectomy,586,current_public_raw_rows_not_exact_training_probability,0.19202611555171503,0.24952952184603805,2.2218134995340827e-05,1.0646082622497054e-06,1.1054031879966847e-06
cmr_versius:01,cmr_versius,cmr-surgical-60hz/hysterectomy_phase_prompts_v1,cmr_surgical/hysterectomy,CMR_STATE_PROMPT,1.6,19.2,arm left: 3. left instrument: Tool #18 (Cyan). arm right: 2. right instrument: Tool #8 (Pink). do a hysterectomy,71217,current_public_raw_rows_not_exact_training_probability,0.19202611555171503,0.24952952184603805,0.0027001858702443474,0.0001293826051410192,0.00013434044170573359
cmr_versius:01,cmr_versius,cmr-surgical-60hz/hysterectomy_phase_prompts_v1,cmr_surgical/hysterectomy,CMR_STATE_PROMPT,1.6,19.2,arm left: 3. left instrument: Tool #0 (Cyan). arm right: 2. right instrument: Tool #2 (Pink). do a hysterectomy,155718,current_public_raw_rows_not_exact_training_probability,0.19202611555171503,0.24952952184603805,0.005904033353591268,0.000282898753209897,0.00029373920414414294
cmr_versius:01,cmr_versius,cmr-surgical-60hz/hysterectomy_phase_prompts_v1,cmr_surgical/hysterectomy,CMR_STATE_PROMPT,1.6,19.2,arm left: 3. left instrument: Tool #0 (Cyan). arm right: -1. right instrument: Tool #3 (None). do a hysterectomy,16831,current_public_raw_rows_not_exact_training_probability,0.19202611555171503,0.24952952184603805,0.0006381457851648148,3.0577511368472336e-05,3.174921682111297e-05
cmr_versius:01,cmr_versius,cmr-surgical-60hz/hysterectomy_phase_prompts_v1,cmr_surgical/hysterectomy,CMR_STATE_PROMPT,1.6,19.2,arm left: 3. left instrument: Tool #0 (Cyan). arm right: 1. right instrument: Tool #13 (Orange). do a hysterectomy,17628,current_public_raw_rows_not_exact_training_probability,0.19202611555171503,0.24952952184603805,0.0006683639653547237,3.2025451274637897e-05,3.325264061093099e-05
cmr_versius:01,cmr_versius,cmr-surgical-60hz/hysterectomy_phase_prompts_v1,cmr_surgical/hysterectomy,CMR_STATE_PROMPT,1.6,19.2,arm left: 3. left instrument: Tool #0 (Green). arm right: -1. right instrument: Tool #3 (None). do a hysterectomy,18321,current_public_raw_rows_not_exact_training_probability,0.19202611555171503,0.24952952184603805,0.0006946389953065517,3.328445046531886e-05,3.4559883630183034e-05
cmr_versius:01,cmr_versius,cmr-surgical-60hz/hysterectomy_phase_prompts_v1,cmr_surgical/hysterectomy,CMR_STATE_PROMPT,1.6,19.2,arm left: 3. left instrument: Tool #0 (Green). arm right: 1. right instrument: Tool #10 (Pink). do a hysterectomy,62243,current_public_raw_rows_not_exact_training_probability,0.19202611555171503,0.24952952184603805,0.0023599375025853226,0.00011307920147987783,0.00011741230483016664
cmr_versius:01,cmr_versius,cmr-surgical-60hz/hysterectomy_phase_prompts_v1,cmr_surgical/hysterectomy,CMR_STATE_PROMPT,1.6,19.2,arm left: 3. left instrument: Tool #0 (Green). arm right: 2. right instrument: Tool #12 (Blue). do a hysterectomy,59828,current_public_raw_rows_not_exact_training_probability,0.19202611555171503,0.24952952184603805,0.0022683730042683463,0.0001086917800578078,0.00011285676097519736
cmr_versius:01,cmr_versius,cmr-surgical-60hz/hysterectomy_phase_prompts_v1,cmr_surgical/hysterectomy,CMR_STATE_PROMPT,1.6,19.2,arm left: -1. left instrument: Tool #3 (None). arm right: 1. right instrument: Tool #10 (Pink). do a hysterectomy,25227,current_public_raw_rows_not_exact_training_probability,0.19202611555171503,0.24952952184603805,0.000956479337077582,4.583084066855515e-05,4.7587041337188335e-05
cmr_versius:01,cmr_versius,cmr-surgical-60hz/hysterectomy_phase_prompts_v1,cmr_surgical/hysterectomy,CMR_STATE_PROMPT,1.6,19.2,arm left: -1. left instrument: Tool #3 (None). arm right: 2. right instrument: Tool #12 (Blue). do a hysterectomy,56803,current_public_raw_rows_not_exact_training_probability,0.19202611555171503,0.24952952184603805,0.00215368041320878,0.0001031961486699147,0.00010715054144671619
cmr_versius:01,cmr_versius,cmr-surgical-60hz/hysterectomy_phase_prompts_v1,cmr_surgical/hysterectomy,CMR_STATE_PROMPT,1.6,19.2,arm left: 3. left instrument: Tool #0 (Green). arm right: 1. right instrument: Tool #9 (Pink). do a hysterectomy,42328,current_public_raw_rows_not_exact_training_probability,0.19202611555171503,0.24952952184603805,0.0016048621468989532,7.689887120222787e-05,7.984557362034757e-05
cmr_versius:01,cmr_versius,cmr-surgical-60hz/hysterectomy_phase_prompts_v1,cmr_surgical/hysterectomy,CMR_STATE_PROMPT,1.6,19.2,arm left: -1. left instrument: Tool #3 (None). arm right: 2. right instrument: Tool #2 (Purple). do a hysterectomy,101,current_public_raw_rows_not_exact_training_probability,0.19202611555171503,0.24952952184603805,3.829405519674784e-06,1.834905025379185e-07,1.905217098765617e-07
cmr_versius:01,cmr_versius,cmr-surgical-60hz/hysterectomy_phase_prompts_v1,cmr_surgical/hysterectomy,CMR_STATE_PROMPT,1.6,19.2,arm left: 1. left instrument: Tool #18 (Cyan). arm right: 2. right instrument: Tool #2 (Purple). do a hysterectomy,62059,current_public_raw_rows_not_exact_training_probability,0.19202611555171503,0.24952952184603805,0.00235296115985641,0.000112744921752482,0.00011706521577454991
cmr_versius:01,cmr_versius,cmr-surgical-60hz/hysterectomy_phase_prompts_v1,cmr_surgical/hysterectomy,CMR_STATE_PROMPT,1.6,19.2,arm left: 1. left instrument: Tool #18 (Cyan). arm right: 0. right instrument: Tool #14 (White). do a hysterectomy,33490,current_public_raw_rows_not_exact_training_probability,0.19202611555171503,0.24952952184603805,0.0012697702064743419,6.084254386133555e-05,6.317398082936685e-05
cmr_versius:01,cmr_versius,cmr-surgical-60hz/hysterectomy_phase_prompts_v1,cmr_surgical/hysterectomy,CMR_STATE_PROMPT,1.6,19.2,arm left: 1. left instrument: Tool #18 (Cyan). arm right: 2. right instrument: Tool #10 (Purple). do a hysterectomy,106297,current_public_raw_rows_not_exact_training_probability,0.19202611555171503,0.24952952184603805,0.0040302407774739655,0.0001931137618640903,0.00020051372470048393
cmr_versius:01,cmr_versius,cmr-surgical-60hz/hysterectomy_phase_prompts_v1,cmr_surgical/hysterectomy,CMR_STATE_PROMPT,1.6,19.2,arm left: -1. left instrument: Tool #3 (None). arm right: 2. right instrument: Tool #10 (Purple). do a hysterectomy,2825,current_public_raw_rows_not_exact_training_probability,0.19202611555171503,0.24952952184603805,0.00010710960983248778,5.132283858115047e-06,5.328948815854325e-06
cmr_versius:01,cmr_versius,cmr-surgical-60hz/hysterectomy_phase_prompts_v1,cmr_surgical/hysterectomy,CMR_STATE_PROMPT,1.6,19.2,arm left: -1. left instrument: Tool #3 (None). arm right: 2. right instrument: Tool #8 (Purple). do a hysterectomy,2749,current_public_raw_rows_not_exact_training_probability,0.19202611555171503,0.24952952184603805,0.00010422807696619784,4.994211796799385e-06,5.1855859450561194e-06
cmr_versius:01,cmr_versius,cmr-surgical-60hz/hysterectomy_phase_prompts_v1,cmr_surgical/hysterectomy,CMR_STATE_PROMPT,1.6,19.2,arm left: 1. left instrument: Tool #18 (Cyan). arm right: 2. right instrument: Tool #8 (Purple). do a hysterectomy,51230,current_public_raw_rows_not_exact_training_probability,0.19202611555171503,0.24952952184603805,0.0019423806413162296,9.307146975264915e-05,9.663789303936887e-05
cmr_versius:01,cmr_versius,cmr-surgical-60hz/hysterectomy_phase_prompts_v1,cmr_surgical/hysterectomy,CMR_STATE_PROMPT,1.6,19.2,arm left: -1. left instrument: Tool #3 (None). arm right: 2. right instrument: Tool #2 (Orange). do a hysterectomy,17078,current_public_raw_rows_not_exact_training_probability,0.19202611555171503,0.24952952184603805,0.0006475107669802571,3.102624556774824e-05,3.221514615120714e-05
cmr_versius:01,cmr_versius,cmr-surgical-60hz/hysterectomy_phase_prompts_v1,cmr_surgical/hysterectomy,CMR_STATE_PROMPT,1.6,19.2,arm left: 3. left instrument: Tool #12 (Cyan). arm right: 2. right instrument: Tool #2 (Orange). do a hysterectomy,51286,current_public_raw_rows_not_exact_training_probability,0.19202611555171503,0.24952952184603805,0.0019445038760598117,9.3173207060987e-05,9.674352883890438e-05
cmr_versius:01,cmr_versius,cmr-surgical-60hz/hysterectomy_phase_prompts_v1,cmr_surgical/hysterectomy,CMR_STATE_PROMPT,1.6,19.2,arm left: 3. left instrument: Tool #12 (Cyan). arm right: 1. right instrument: Tool #0 (Pink). do a hysterectomy,22169,current_public_raw_rows_not_exact_training_probability,0.19202611555171503,0.24952952184603805,0.0008405355541155474,4.027525693824866e-05,4.181857214112372e-05
cmr_versius:01,cmr_versius,cmr-surgical-60hz/hysterectomy_phase_prompts_v1,cmr_surgical/hysterectomy,CMR_STATE_PROMPT,1.6,19.2,arm left: -1. left instrument: Tool #3 (None). arm right: 1. right instrument: Tool #0 (Pink). do a hysterectomy,1543,current_public_raw_rows_not_exact_training_probability,0.19202611555171503,0.24952952184603805,5.8502700166912794e-05,2.8032261922377052e-06,2.910643547916185e-06
cmr_versius:01,cmr_versius,cmr-surgical-60hz/hysterectomy_phase_prompts_v1,cmr_surgical/hysterectomy,CMR_STATE_PROMPT,1.6,19.2,arm left: 3. left instrument: Tool #12 (Cyan). arm right: 2. right instrument: Tool #9 (Orange). do a hysterectomy,121750,current_public_raw_rows_not_exact_training_probability,0.19202611555171503,0.24952952184603805,0.004616139821984207,0.00022118780875239182,0.00022966354631159786
cmr_versius:01,cmr_versius,cmr-surgical-60hz/hysterectomy_phase_prompts_v1,cmr_surgical/hysterectomy,CMR_STATE_PROMPT,1.6,19.2,arm left: -1. left instrument: Tool #3 (None). arm right: 2. right instrument: Tool #9 (Orange). do a hysterectomy,101965,current_public_raw_rows_not_exact_training_probability,0.19202611555171503,0.24952952184603805,0.0038659934040954393,0.00018524365436909762,0.0001923420410649863
cmr_versius:01,cmr_versius,cmr-surgical-60hz/hysterectomy_phase_prompts_v1,cmr_surgical/hysterectomy,CMR_STATE_PROMPT,1.6,19.2,arm left: 2. left instrument: Tool #18 (Green). arm right: -1. right instrument: Tool #3 (None). do a hysterectomy,16699,current_public_raw_rows_not_exact_training_probability,0.19202611555171503,0.24952952184603805,0.0006331410175549428,3.033770199881882e-05,3.150021815077925e-05
cmr_versius:01,cmr_versius,cmr-surgical-60hz/hysterectomy_phase_prompts_v1,cmr_surgical/hysterectomy,CMR_STATE_PROMPT,1.6,19.2,arm left: 2. left instrument: Tool #18 (Green). arm right: 1. right instrument: Tool #9 (Purple). do a hysterectomy,224713,current_public_raw_rows_not_exact_training_probability,0.19202611555171503,0.24952952184603805,0.00851997230240277,0.00040824456729508194,0.00042388816823259217
cmr_versius:01,cmr_versius,cmr-surgical-60hz/hysterectomy_phase_prompts_v1,cmr_surgical/hysterectomy,CMR_STATE_PROMPT,1.6,19.2,arm left: -1. left instrument: Tool #3 (None). arm right: 1. right instrument: Tool #9 (Purple). do a hysterectomy,14790,current_public_raw_rows_not_exact_training_probability,0.19202611555171503,0.24952952184603805,0.0005607614617424759,2.6869549827087274e-05,2.789916919875592e-05
cmr_versius:01,cmr_versius,cmr-surgical-60hz/hysterectomy_phase_prompts_v1,cmr_surgical/hysterectomy,CMR_STATE_PROMPT,1.6,19.2,arm left: 2. left instrument: Tool #18 (Green). arm right: 1. right instrument: Tool #2 (Purple). do a hysterectomy,49712,current_public_raw_rows_not_exact_training_probability,0.19202611555171503,0.24952952184603805,0.0018848258138027016,9.03136620016337e-05,9.377440833053104e-05
cmr_versius:01,cmr_versius,cmr-surgical-60hz/hysterectomy_phase_prompts_v1,cmr_surgical/hysterectomy,CMR_STATE_PROMPT,1.6,19.2,arm left: 3. left instrument: Tool #18 (Pink). arm right: -1. right instrument: Tool #3 (None). do a hysterectomy,14245,current_public_raw_rows_not_exact_training_probability,0.19202611555171503,0.24952952184603805,0.0005400978378986861,2.5879427808442067e-05,2.6871106506847735e-05
cmr_versius:01,cmr_versius,cmr-surgical-60hz/hysterectomy_phase_prompts_v1,cmr_surgical/hysterectomy,CMR_STATE_PROMPT,1.6,19.2,arm left: 3. left instrument: Tool #18 (Pink). arm right: 1. right instrument: Tool #0 (Blue). do a hysterectomy,33147,current_public_raw_rows_not_exact_training_probability,0.19202611555171503,0.24952952184603805,0.0012567653936699018,6.021940284776619e-05,6.252696155721179e-05
cmr_versius:01,cmr_versius,cmr-surgical-60hz/hysterectomy_phase_prompts_v1,cmr_surgical/hysterectomy,CMR_STATE_PROMPT,1.6,19.2,arm left: 3. left instrument: Tool #18 (Pink). arm right: 2. right instrument: Tool #9 (Green). do a hysterectomy,106805,current_public_raw_rows_not_exact_training_probability,0.19202611555171503,0.24952952184603805,0.0040495015497907455,0.00019403666458972656,0.00020147199231055615
cmr_versius:01,cmr_versius,cmr-surgical-60hz/hysterectomy_phase_prompts_v1,cmr_surgical/hysterectomy,CMR_STATE_PROMPT,1.6,19.2,arm left: 1. left instrument: Tool #0 (Blue). arm right: -1. right instrument: Tool #3 (None). do a hysterectomy,656,current_public_raw_rows_not_exact_training_probability,0.19202611555171503,0.24952952184603805,2.48721784248184e-05,1.191779897672025e-06,1.2374479374160837e-06
cmr_versius:01,cmr_versius,cmr-surgical-60hz/hysterectomy_phase_prompts_v1,cmr_surgical/hysterectomy,CMR_STATE_PROMPT,1.6,19.2,arm left: 3. left instrument: Tool #2 (Pink). arm right: 2. right instrument: Tool #2 (Green). do a hysterectomy,32626,current_public_raw_rows_not_exact_training_probability,0.19202611555171503,0.24952952184603805,0.0012370117275733615,5.927288253269434e-05,6.154417135081883e-05
cmr_versius:01,cmr_versius,cmr-surgical-60hz/hysterectomy_phase_prompts_v1,cmr_surgical/hysterectomy,CMR_STATE_PROMPT,1.6,19.2,arm left: 3. left instrument: Tool #2 (Pink). arm right: 1. right instrument: Tool #0 (Blue). do a hysterectomy,19592,current_public_raw_rows_not_exact_training_probability,0.19202611555171503,0.24952952184603805,0.0007428288410046373,3.5593524017058406e-05,3.6957439008926704e-05
cmr_versius:01,cmr_versius,cmr-surgical-60hz/hysterectomy_phase_prompts_v1,cmr_surgical/hysterectomy,CMR_STATE_PROMPT,1.6,19.2,arm left: 1. left instrument: Tool #18 (Cyan). arm right: 3. right instrument: Tool #13 (Orange). do a hysterectomy,125808,current_public_raw_rows_not_exact_training_probability,0.19202611555171503,0.24952952184603805,0.004769998511081636,0.00022856013013158863,0.0002373183690707968
cmr_versius:01,cmr_versius,cmr-surgical-60hz/hysterectomy_phase_prompts_v1,cmr_surgical/hysterectomy,CMR_STATE_PROMPT,1.6,19.2,arm left: 1. left instrument: Tool #18 (Cyan). arm right: 2. right instrument: Tool #9 (Pink). do a hysterectomy,410503,current_public_raw_rows_not_exact_training_probability,0.19202611555171503,0.24952952184603805,0.015564182713297603,0.0007457762550824074,0.0007743537967273089
cmr_versius:01,cmr_versius,cmr-surgical-60hz/hysterectomy_phase_prompts_v1,cmr_surgical/hysterectomy,CMR_STATE_PROMPT,1.6,19.2,arm left: 1. left instrument: Tool #18 (Cyan). arm right: 2. right instrument: Tool #8 (Pink). do a hysterectomy,70275,current_public_raw_rows_not_exact_training_probability,0.19202611555171503,0.24952952184603805,0.0026644700286648066,0.0001276712382757646,0.00013256349664926114
cmr_versius:01,cmr_versius,cmr-surgical-60hz/hysterectomy_phase_prompts_v1,cmr_surgical/hysterectomy,CMR_STATE_PROMPT,1.6,19.2,arm left: 1. left instrument: Tool #18 (Cyan). arm right: 2. right instrument: Tool #2 (Pink). do a hysterectomy,6968,current_public_raw_rows_not_exact_training_probability,0.19202611555171503,0.24952952184603805,0.0002641910659514247,1.2659027937467485e-05,1.3144111627919622e-05
cmr_versius:01,cmr_versius,cmr-surgical-60hz/hysterectomy_phase_prompts_v1,cmr_surgical/hysterectomy,CMR_STATE_PROMPT,1.6,19.2,arm left: 1. left instrument: Tool #1 (Cyan). arm right: 2. right instrument: Tool #2 (Pink). do a hysterectomy,8137,current_public_raw_rows_not_exact_training_probability,0.19202611555171503,0.24952952184603805,0.00030851359122370016,1.4782794249020225e-05,1.5349258943223588e-05
cmr_versius:01,cmr_versius,cmr-surgical-60hz/hysterectomy_phase_prompts_v1,cmr_surgical/hysterectomy,CMR_STATE_PROMPT,1.6,19.2,arm left: 3. left instrument: Tool #18 (Blue). arm right: 2. right instrument: Tool #13 (Orange). do a hysterectomy,33836,current_public_raw_rows_not_exact_training_probability,0.19202611555171503,0.24952952184603805,0.001282888763997188,6.147113508785158e-05,6.38266591622113e-05
cmr_versius:01,cmr_versius,cmr-surgical-60hz/hysterectomy_phase_prompts_v1,cmr_surgical/hysterectomy,CMR_STATE_PROMPT,1.6,19.2,arm left: 3. left instrument: Tool #18 (Blue). arm right: -1. right instrument: Tool #3 (None). do a hysterectomy,15632,current_public_raw_rows_not_exact_training_probability,0.19202611555171503,0.24952952184603805,0.0005926858127084775,2.839924292745289e-05,2.9487478898914974e-05
cmr_versius:01,cmr_versius,cmr-surgical-60hz/hysterectomy_phase_prompts_v1,cmr_surgical/hysterectomy,CMR_STATE_PROMPT,1.6,19.2,arm left: 3. left instrument: Tool #18 (Blue). arm right: 1. right instrument: Tool #9 (Green). do a hysterectomy,157048,current_public_raw_rows_not_exact_training_probability,0.19202611555171503,0.24952952184603805,0.005954460178751342,0.00028531501428292105,0.00029624805438311155
cmr_versius:01,cmr_versius,cmr-surgical-60hz/hysterectomy_phase_prompts_v1,cmr_surgical/hysterectomy,CMR_STATE_PROMPT,1.6,19.2,arm left: 3. left instrument: Tool #18 (Blue). arm right: 0. right instrument: Tool #14 (White). do a hysterectomy,1916,current_public_raw_rows_not_exact_training_probability,0.19202611555171503,0.24952952184603805,7.264496015541472e-05,3.4808693352737808e-06,3.6142534269652695e-06
cmr_versius:01,cmr_versius,cmr-surgical-60hz/hysterectomy_phase_prompts_v1,cmr_surgical/hysterectomy,CMR_STATE_PROMPT,1.6,19.2,arm left: 3. left instrument: Tool #2 (Blue). arm right: -1. right instrument: Tool #3 (None). do a hysterectomy,4284,current_public_raw_rows_not_exact_training_probability,0.19202611555171503,0.24952952184603805,0.00016242745788402747,7.782904087845969e-06,8.081138664467232e-06
cmr_versius:01,cmr_versius,cmr-surgical-60hz/hysterectomy_phase_prompts_v1,cmr_surgical/hysterectomy,CMR_STATE_PROMPT,1.6,19.2,arm left: 3. left instrument: Tool #2 (Blue). arm right: 2. right instrument: Tool #13 (Orange). do a hysterectomy,13168,current_public_raw_rows_not_exact_training_probability,0.19202611555171503,0.24952952184603805,0.0004992634839908669,2.3922801360587235e-05,2.4839503719352122e-05
cmr_versius:01,cmr_versius,cmr-surgical-60hz/hysterectomy_phase_prompts_v1,cmr_surgical/hysterectomy,CMR_STATE_PROMPT,1.6,19.2,arm left: 3. left instrument: Tool #2 (Blue). arm right: 1. right instrument: Tool #2 (Green). do a hysterectomy,40895,current_public_raw_rows_not_exact_training_probability,0.19202611555171503,0.24952952184603805,0.0015505300864069337,7.42954861513681e-05,7.714242896437616e-05
cmr_versius:01,cmr_versius,cmr-surgical-60hz/hysterectomy_phase_prompts_v1,cmr_surgical/hysterectomy,CMR_STATE_PROMPT,1.6,19.2,arm left: 3. left instrument: Tool #2 (Blue). arm right: 0. right instrument: Tool #14 (White). do a hysterectomy,338,current_public_raw_rows_not_exact_training_probability,0.19202611555171503,0.24952952184603805,1.2815238273763139e-05,6.140573253249153e-07,6.375875043393846e-07
cmr_versius:01,cmr_versius,cmr-surgical-60hz/hysterectomy_phase_prompts_v1,cmr_surgical/hysterectomy,CMR_STATE_PROMPT,1.6,19.2,arm left: 2. left instrument: Tool #0 (Blue). arm right: 1. right instrument: Tool #9 (Green). do a hysterectomy,39019,current_public_raw_rows_not_exact_training_probability,0.19202611555171503,0.24952952184603805,0.0014794017224969347,7.088728632204992e-05,7.360362967993625e-05
cmr_versius:01,cmr_versius,cmr-surgical-60hz/hysterectomy_phase_prompts_v1,cmr_surgical/hysterectomy,CMR_STATE_PROMPT,1.6,19.2,arm left: 3. left instrument: Tool #12 (Pink). arm right: 1. right instrument: Tool #9 (Green). do a hysterectomy,245430,current_public_raw_rows_not_exact_training_probability,0.19202611555171503,0.24952952184603805,0.009305455412809726,0.000445881921167142,0.00046296775500004496
cmr_versius:01,cmr_versius,cmr-surgical-60hz/hysterectomy_phase_prompts_v1,cmr_surgical/hysterectomy,CMR_STATE_PROMPT,1.6,19.2,arm left: 2. left instrument: Tool #0 (Blue). arm right: -1. right instrument: Tool #3 (None). do a hysterectomy,10984,current_public_raw_rows_not_exact_training_probability,0.19202611555171503,0.24952952184603805,0.0004164573289911666,1.9955046335410858e-05,2.0719707537466867e-05
cmr_versius:01,cmr_versius,cmr-surgical-60hz/hysterectomy_phase_prompts_v1,cmr_surgical/hysterectomy,CMR_STATE_PROMPT,1.6,19.2,arm left: 3. left instrument: Tool #12 (Pink). arm right: 0. right instrument: Tool #17 (White). do a hysterectomy,1101,current_public_raw_rows_not_exact_training_probability,0.19202611555171503,0.24952952184603805,4.174431165506869e-05,2.0002281514282006e-06,2.076875273010836e-06
cmr_versius:01,cmr_versius,cmr-surgical-60hz/hysterectomy_phase_prompts_v1,cmr_surgical/hysterectomy,CMR_STATE_PROMPT,1.6,19.2,arm left: 3. left instrument: Tool #12 (Pink). arm right: 1. right instrument: Tool #2 (Green). do a hysterectomy,10147,current_public_raw_rows_not_exact_training_probability,0.19202611555171503,0.24952952184603805,0.00038472255255584195,1.8434436923289693e-05,1.9140829605123482e-05
cmr_versius:01,cmr_versius,cmr-surgical-60hz/hysterectomy_phase_prompts_v1,cmr_surgical/hysterectomy,CMR_STATE_PROMPT,1.6,19.2,arm left: 2. left instrument: Tool #0 (Blue). arm right: 1. right instrument: Tool #2 (Green). do a hysterectomy,3295,current_public_raw_rows_not_exact_training_probability,0.19202611555171503,0.24952952184603805,0.0001249296157161229,5.9861505530934795e-06,6.215534990527433e-06
cmr_versius:01,cmr_versius,cmr-surgical-60hz/hysterectomy_phase_prompts_v1,cmr_surgical/hysterectomy,CMR_STATE_PROMPT,1.6,19.2,arm left: 3. left instrument: Tool #2 (Pink). arm right: 1. right instrument: Tool #2 (Green). do a hysterectomy,27959,current_public_raw_rows_not_exact_training_probability,0.19202611555171503,0.24952952184603805,0.0010600628606394782,5.07941679253234e-05,5.274055927167118e-05
cmr_versius:01,cmr_versius,cmr-surgical-60hz/hysterectomy_phase_prompts_v1,cmr_surgical/hysterectomy,CMR_STATE_PROMPT,1.6,19.2,arm left: 0. left instrument: Tool #17 (White). arm right: 1. right instrument: Tool #2 (Green). do a hysterectomy,5554,current_public_raw_rows_not_exact_training_probability,0.19202611555171503,0.24952952184603805,0.00021057938867597773,1.0090160901936626e-05,1.0476807689647758e-05
cmr_versius:01,cmr_versius,cmr-surgical-60hz/hysterectomy_phase_prompts_v1,cmr_surgical/hysterectomy,CMR_STATE_PROMPT,1.6,19.2,arm left: 2. left instrument: Tool #9 (Green). arm right: 1. right instrument: Tool #18 (Purple). do a hysterectomy,181091,current_public_raw_rows_not_exact_training_probability,0.19202611555171503,0.24952952184603805,0.0068660482669646175,0.0003289948375751901,0.00034160165310154883
cmr_versius:01,cmr_versius,cmr-surgical-60hz/hysterectomy_phase_prompts_v1,cmr_surgical/hysterectomy,CMR_STATE_PROMPT,1.6,19.2,arm left: 2. left instrument: Tool #9 (Green). arm right: -1. right instrument: Tool #3 (None). do a hysterectomy,8754,current_public_raw_rows_not_exact_training_probability,0.19202611555171503,0.24952952184603805,0.0003319070883092382,1.590372137838553e-05,1.6513139091677438e-05
cmr_versius:01,cmr_versius,cmr-surgical-60hz/hysterectomy_phase_prompts_v1,cmr_surgical/hysterectomy,CMR_STATE_PROMPT,1.6,19.2,arm left: 2. left instrument: Tool #9 (Green). arm right: 0. right instrument: Tool #14 (White). do a hysterectomy,1623,current_public_raw_rows_not_exact_training_probability,0.19202611555171503,0.24952952184603805,6.15358926577443e-05,2.9485652041489275e-06,3.061551832966927e-06
cmr_versius:01,cmr_versius,cmr-surgical-60hz/hysterectomy_phase_prompts_v1,cmr_surgical/hysterectomy,CMR_STATE_PROMPT,1.6,19.2,arm left: 0. left instrument: Tool #14 (White). arm right: 1. right instrument: Tool #18 (Purple). do a hysterectomy,706,current_public_raw_rows_not_exact_training_probability,0.19202611555171503,0.24952952184603805,2.6767923731588094e-05,1.2826167801165391e-06,1.3317656155727976e-06
cmr_versius:01,cmr_versius,cmr-surgical-60hz/hysterectomy_phase_prompts_v1,cmr_surgical/hysterectomy,CMR_STATE_PROMPT,1.6,19.2,arm left: 2. left instrument: Tool #2 (Green). arm right: -1. right instrument: Tool #3 (None). do a hysterectomy,2704,current_public_raw_rows_not_exact_training_probability,0.19202611555171503,0.24952952184603805,0.00010252190619010511,4.912458602599323e-06,5.100700034715077e-06
cmr_versius:01,cmr_versius,cmr-surgical-60hz/hysterectomy_phase_prompts_v1,cmr_surgical/hysterectomy,CMR_STATE_PROMPT,1.6,19.2,arm left: 2. left instrument: Tool #2 (Green). arm right: 1. right instrument: Tool #2 (Purple). do a hysterectomy,29772,current_public_raw_rows_not_exact_training_probability,0.19202611555171503,0.24952952184603805,0.0011288025854629474,5.408791328276148e-05,5.616051828163362e-05
cmr_versius:01,cmr_versius,cmr-surgical-60hz/hysterectomy_phase_prompts_v1,cmr_surgical/hysterectomy,CMR_STATE_PROMPT,1.6,19.2,arm left: -1. left instrument: Tool #3 (None). arm right: 1. right instrument: Tool #2 (Orange). do a hysterectomy,88054,current_public_raw_rows_not_exact_training_probability,0.19202611555171503,0.24952952184603805,0.0033385591448459747,0.0001599710169353849,0.00016610097664822537
cmr_versius:01,cmr_versius,cmr-surgical-60hz/hysterectomy_phase_prompts_v1,cmr_surgical/hysterectomy,CMR_STATE_PROMPT,1.6,19.2,arm left: 2. left instrument: Tool #2 (Pink). arm right: 1. right instrument: Tool #2 (Orange). do a hysterectomy,204352,current_public_raw_rows_not_exact_training_probability,0.19202611555171503,0.24952952184603805,0.007747986898580014,0.0003712539720260269,0.00038548012333361513
cmr_versius:01,cmr_versius,cmr-surgical-60hz/hysterectomy_phase_prompts_v1,cmr_surgical/hysterectomy,CMR_STATE_PROMPT,1.6,19.2,arm left: -1. left instrument: Tool #3 (None). arm right: 1. right instrument: Tool #9 (Orange). do a hysterectomy,100034,current_public_raw_rows_not_exact_training_probability,0.19202611555171503,0.24952952184603805,0.0037927797203479935,0.00018173553396909047,0.00018869949233457398
cmr_versius:01,cmr_versius,cmr-surgical-60hz/hysterectomy_phase_prompts_v1,cmr_surgical/hysterectomy,CMR_STATE_PROMPT,1.6,19.2,arm left: 2. left instrument: Tool #18 (Pink). arm right: 1. right instrument: Tool #9 (Orange). do a hysterectomy,304422,current_public_raw_rows_not_exact_training_probability,0.19202611555171503,0.24952952184603805,0.011542131555548882,0.0005530549085504775,0.0005742475243964621
cmr_versius:01,cmr_versius,cmr-surgical-60hz/hysterectomy_phase_prompts_v1,cmr_surgical/hysterectomy,CMR_STATE_PROMPT,1.6,19.2,arm left: 2. left instrument: Tool #18 (Pink). arm right: -1. right instrument: Tool #3 (None). do a hysterectomy,1739,current_public_raw_rows_not_exact_training_probability,0.19202611555171503,0.24952952184603805,6.593402176945e-05,3.1593067714202004e-06,3.280368846290503e-06
cmr_versius:01,cmr_versius,cmr-surgical-60hz/hysterectomy_phase_prompts_v1,cmr_surgical/hysterectomy,CMR_STATE_PROMPT,1.6,19.2,arm left: 3. left instrument: Tool #12 (Pink). arm right: 2. right instrument: Tool #0 (Orange). do a hysterectomy,44665,current_public_raw_rows_not_exact_training_probability,0.19202611555171503,0.24952952184603805,0.0016934692825373687,8.114458708768445e-05,8.425398189739235e-05
cmr_versius:01,cmr_versius,cmr-surgical-60hz/hysterectomy_phase_prompts_v1,cmr_surgical/hysterectomy,CMR_STATE_PROMPT,1.6,19.2,arm left: -1. left instrument: Tool #3 (None). arm right: 2. right instrument: Tool #0 (Orange). do a hysterectomy,4905,current_public_raw_rows_not_exact_training_probability,0.19202611555171503,0.24952952184603805,0.0001859726145941071,8.911098167806834e-06,9.252564227173615e-06
cmr_versius:01,cmr_versius,cmr-surgical-60hz/hysterectomy_phase_prompts_v1,cmr_surgical/hysterectomy,CMR_STATE_PROMPT,1.6,19.2,arm left: -1. left instrument: Tool #3 (None). arm right: 1. right instrument: Tool #2 (Blue). do a hysterectomy,9250,current_public_raw_rows_not_exact_training_probability,0.19202611555171503,0.24952952184603805,0.0003507128817523936,1.6804823252235107e-05,1.7448770458992036e-05
cmr_versius:01,cmr_versius,cmr-surgical-60hz/hysterectomy_phase_prompts_v1,cmr_surgical/hysterectomy,CMR_STATE_PROMPT,1.6,19.2,arm left: 2. left instrument: Tool #2 (Green). arm right: 1. right instrument: Tool #2 (Blue). do a hysterectomy,16504,current_public_raw_rows_not_exact_training_probability,0.19202611555171503,0.24952952184603805,0.000625747610858541,2.9983438157285218e-05,3.1132379205968065e-05
cmr_versius:01,cmr_versius,cmr-surgical-60hz/hysterectomy_phase_prompts_v1,cmr_surgical/hysterectomy,CMR_STATE_PROMPT,1.6,19.2,arm left: 3. left instrument: Tool #0 (Purple). arm right: 1. right instrument: Tool #2 (Blue). do a hysterectomy,1359,current_public_raw_rows_not_exact_training_probability,0.19202611555171503,0.24952952184603805,5.1526357438000314e-05,2.4689464648418933e-06,2.5635544922994787e-06
cmr_versius:01,cmr_versius,cmr-surgical-60hz/hysterectomy_phase_prompts_v1,cmr_surgical/hysterectomy,CMR_STATE_PROMPT,1.6,19.2,arm left: 3. left instrument: Tool #0 (Purple). arm right: -1. right instrument: Tool #3 (None). do a hysterectomy,16992,current_public_raw_rows_not_exact_training_probability,0.19202611555171503,0.24952952184603805,0.0006442500850526131,3.087000612994367e-05,3.205291974477758e-05
cmr_versius:01,cmr_versius,cmr-surgical-60hz/hysterectomy_phase_prompts_v1,cmr_surgical/hysterectomy,CMR_STATE_PROMPT,1.6,19.2,arm left: 3. left instrument: Tool #0 (Purple). arm right: 1. right instrument: Tool #9 (Blue). do a hysterectomy,22045,current_public_raw_rows_not_exact_training_probability,0.19202611555171503,0.24952952184603805,0.0008358341057547586,4.004998146978627e-05,4.158466429929508e-05
cmr_versius:01,cmr_versius,cmr-surgical-60hz/hysterectomy_phase_prompts_v1,cmr_surgical/hysterectomy,CMR_STATE_PROMPT,1.6,19.2,arm left: -1. left instrument: Tool #3 (None). arm right: 1. right instrument: Tool #9 (Blue). do a hysterectomy,12496,current_public_raw_rows_not_exact_training_probability,0.19202611555171503,0.24952952184603805,0.0004737846670678822,2.2701953660532964e-05,2.357187412492589e-05
cmr_versius:01,cmr_versius,cmr-surgical-60hz/hysterectomy_phase_prompts_v1,cmr_surgical/hysterectomy,CMR_STATE_PROMPT,1.6,19.2,arm left: 2. left instrument: Tool #12 (Green). arm right: 1. right instrument: Tool #9 (Blue). do a hysterectomy,107891,current_public_raw_rows_not_exact_training_probability,0.19202611555171503,0.24952952184603805,0.004090677137853783,0.00019600964167642142,0.00020352057228011997
cmr_versius:01,cmr_versius,cmr-surgical-60hz/hysterectomy_phase_prompts_v1,cmr_surgical/hysterectomy,CMR_STATE_PROMPT,1.6,19.2,arm left: 2. left instrument: Tool #12 (Green). arm right: -1. right instrument: Tool #3 (None). do a hysterectomy,7116,current_public_raw_rows_not_exact_training_probability,0.19202611555171503,0.24952952184603805,0.000269802472059463,1.2927905109503246e-05,1.3423291955263495e-05
cmr_versius:01,cmr_versius,cmr-surgical-60hz/hysterectomy_phase_prompts_v1,cmr_surgical/hysterectomy,CMR_STATE_PROMPT,1.6,19.2,arm left: 2. left instrument: Tool #12 (Green). arm right: 1. right instrument: Tool #2 (Blue). do a hysterectomy,4640,current_public_raw_rows_not_exact_training_probability,0.19202611555171503,0.24952952184603805,0.0001759251644682277,8.429662690850908e-06,8.75268053294303e-06
cmr_versius:01,cmr_versius,cmr-surgical-60hz/hysterectomy_phase_prompts_v1,cmr_surgical/hysterectomy,CMR_STATE_PROMPT,1.6,19.2,arm left: -1. left instrument: Tool #3 (None). arm right: 2. right instrument: Tool #2 (Cyan). do a hysterectomy,5237,current_public_raw_rows_not_exact_training_probability,0.19202611555171503,0.24952952184603805,0.00019856036343105787,9.514255067238407e-06,9.878833610134195e-06
cmr_versius:01,cmr_versius,cmr-surgical-60hz/hysterectomy_phase_prompts_v1,cmr_surgical/hysterectomy,CMR_STATE_PROMPT,1.6,19.2,arm left: 1. left instrument: Tool #12 (Pink). arm right: 2. right instrument: Tool #2 (Cyan). do a hysterectomy,83362,current_public_raw_rows_not_exact_training_probability,0.19202611555171503,0.24952952184603805,0.0031606624052587066,0.0001514468838867917,0.0001572502057299994
cmr_versius:01,cmr_versius,cmr-surgical-60hz/hysterectomy_phase_prompts_v1,cmr_surgical/hysterectomy,CMR_STATE_PROMPT,1.6,19.2,arm left: 1. left instrument: Tool #12 (Pink). arm right: -1. right instrument: Tool #3 (None). do a hysterectomy,2780,current_public_raw_rows_not_exact_training_probability,0.19202611555171503,0.24952952184603805,0.00010540343905639505,5.050530663914984e-06,5.2440629055132815e-06
cmr_versius:01,cmr_versius,cmr-surgical-60hz/hysterectomy_phase_prompts_v1,cmr_surgical/hysterectomy,CMR_STATE_PROMPT,1.6,19.2,arm left: 1. left instrument: Tool #12 (Pink). arm right: 3. right instrument: Tool #0 (Orange). do a hysterectomy,25366,current_public_raw_rows_not_exact_training_probability,0.19202611555171503,0.24952952184603805,0.0009617495090304017,4.60833672017509e-05,4.7849244482464e-05
cmr_versius:01,cmr_versius,cmr-surgical-60hz/hysterectomy_phase_prompts_v1,cmr_surgical/hysterectomy,CMR_STATE_PROMPT,1.6,19.2,arm left: 1. left instrument: Tool #12 (Pink). arm right: 0. right instrument: Tool #17 (White). do a hysterectomy,143,current_public_raw_rows_not_exact_training_probability,0.19202611555171503,0.24952952184603805,5.421831577361328e-06,2.5979348379131036e-07,2.6974855952820123e-07
cmr_versius:01,cmr_versius,cmr-surgical-60hz/hysterectomy_phase_prompts_v1,cmr_surgical/hysterectomy,CMR_STATE_PROMPT,1.6,19.2,arm left: 2. left instrument: Tool #0 (Orange). arm right: -1. right instrument: Tool #3 (None). do a hysterectomy,13104,current_public_raw_rows_not_exact_training_probability,0.19202611555171503,0.24952952184603805,0.0004968369299982017,2.3806530151058255e-05,2.471877709131153e-05
cmr_versius:01,cmr_versius,cmr-surgical-60hz/hysterectomy_phase_prompts_v1,cmr_surgical/hysterectomy,CMR_STATE_PROMPT,1.6,19.2,arm left: 2. left instrument: Tool #0 (Orange). arm right: 3. right instrument: Tool #2 (Pink). do a hysterectomy,37983,current_public_raw_rows_not_exact_training_probability,0.19202611555171503,0.24952952184603805,0.0014401218797406665,6.900514611779958e-05,7.164936738852912e-05
cmr_versius:01,cmr_versius,cmr-surgical-60hz/hysterectomy_phase_prompts_v1,cmr_surgical/hysterectomy,CMR_STATE_PROMPT,1.6,19.2,arm left: 1. left instrument: Tool #12 (Cyan). arm right: 3. right instrument: Tool #2 (Pink). do a hysterectomy,8301,current_public_raw_rows_not_exact_training_probability,0.19202611555171503,0.24952952184603805,0.0003147316358299048,1.5080739223438231e-05,1.565862092757761e-05
cmr_versius:01,cmr_versius,cmr-surgical-60hz/hysterectomy_phase_prompts_v1,cmr_surgical/hysterectomy,CMR_STATE_PROMPT,1.6,19.2,arm left: 1. left instrument: Tool #12 (Cyan). arm right: -1. right instrument: Tool #3 (None). do a hysterectomy,30815,current_public_raw_rows_not_exact_training_probability,0.19202611555171503,0.24952952184603805,0.001168347832562163,5.598277065055404e-05,5.812798504798266e-05
cmr_versius:01,cmr_versius,cmr-surgical-60hz/hysterectomy_phase_prompts_v1,cmr_surgical/hysterectomy,CMR_STATE_PROMPT,1.6,19.2,arm left: 1. left instrument: Tool #12 (Cyan). arm right: 3. right instrument: Tool #9 (Pink). do a hysterectomy,176162,current_public_raw_rows_not_exact_training_probability,0.19202611555171503,0.24952952184603805,0.006679165694623261,0.0003200401377038099,0.00033230381638886004
cmr_versius:01,cmr_versius,cmr-surgical-60hz/hysterectomy_phase_prompts_v1,cmr_surgical/hysterectomy,CMR_STATE_PROMPT,1.6,19.2,arm left: 2. left instrument: Tool #0 (Orange). arm right: 3. right instrument: Tool #9 (Pink). do a hysterectomy,79117,current_public_raw_rows_not_exact_training_probability,0.19202611555171503,0.24952952184603805,0.0029997136287139596,0.00014373483256725246,0.0001492426348544944
cmr_versius:01,cmr_versius,cmr-surgical-60hz/hysterectomy_phase_prompts_v1,cmr_surgical/hysterectomy,CMR_STATE_PROMPT,1.6,19.2,arm left: 1. left instrument: Tool #12 (None). arm right: 3. right instrument: Tool #9 (None). do a hysterectomy,2,current_public_raw_rows_not_exact_training_probability,0.19202611555171503,0.24952952184603805,7.582981227078781e-08,3.6334752977805643e-09,3.772707126268548e-09
cmr_versius:01,cmr_versius,cmr-surgical-60hz/hysterectomy_phase_prompts_v1,cmr_surgical/hysterectomy,CMR_STATE_PROMPT,1.6,19.2,arm left: 1. left instrument: Tool #0 (Green). arm right: 2. right instrument: Tool #9 (Orange). do a hysterectomy,97489,current_public_raw_rows_not_exact_training_probability,0.19202611555171503,0.24952952184603805,0.0036962862842334163,0.00017711193665266472,0.00018389872251639726
cmr_versius:01,cmr_versius,cmr-surgical-60hz/hysterectomy_phase_prompts_v1,cmr_surgical/hysterectomy,CMR_STATE_PROMPT,1.6,19.2,arm left: 3. left instrument: Tool #12 (Pink). arm right: 2. right instrument: Tool #9 (Orange). do a hysterectomy,164595,current_public_raw_rows_not_exact_training_probability,0.19202611555171503,0.24952952184603805,0.0062406039753551594,0.00029902593331909596,0.00031048436472408587
cmr_versius:01,cmr_versius,cmr-surgical-60hz/hysterectomy_phase_prompts_v1,cmr_surgical/hysterectomy,CMR_STATE_PROMPT,1.6,19.2,arm left: 1. left instrument: Tool #0 (Green). arm right: -1. right instrument: Tool #3 (None). do a hysterectomy,17518,current_public_raw_rows_not_exact_training_probability,0.19202611555171503,0.24952952184603805,0.0006641933256798304,3.182561013325996e-05,3.3045141718986216e-05
cmr_versius:01,cmr_versius,cmr-surgical-60hz/hysterectomy_phase_prompts_v1,cmr_surgical/hysterectomy,CMR_STATE_PROMPT,1.6,19.2,arm left: 1. left instrument: Tool #18 (Blue). arm right: -1. right instrument: Tool #3 (None). do a hysterectomy,37269,current_public_raw_rows_not_exact_training_probability,0.19202611555171503,0.24952952184603805,0.0014130506367599953,6.770799543649192e-05,7.030251094445126e-05
cmr_versius:01,cmr_versius,cmr-surgical-60hz/hysterectomy_phase_prompts_v1,cmr_surgical/hysterectomy,CMR_STATE_PROMPT,1.6,19.2,arm left: 1. left instrument: Tool #18 (Blue). arm right: 2. right instrument: Tool #13 (Orange). do a hysterectomy,35553,current_public_raw_rows_not_exact_training_probability,0.19202611555171503,0.24952952184603805,0.0013479886578316594,6.45904736309962e-05,6.706552823011286e-05
cmr_versius:01,cmr_versius,cmr-surgical-60hz/hysterectomy_phase_prompts_v1,cmr_surgical/hysterectomy,CMR_STATE_PROMPT,1.6,19.2,arm left: -1. left instrument: Tool #3 (None). arm right: 3. right instrument: Tool #9 (Green). do a hysterectomy,73758,current_public_raw_rows_not_exact_training_probability,0.19202611555171503,0.24952952184603805,0.0027965276467343835,0.00013399893550684942,0.0001391336661096578
cmr_versius:01,cmr_versius,cmr-surgical-60hz/hysterectomy_phase_prompts_v1,cmr_surgical/hysterectomy,CMR_STATE_PROMPT,1.6,19.2,arm left: 1. left instrument: Tool #18 (Blue). arm right: 3. right instrument: Tool #9 (Green). do a hysterectomy,153329,current_public_raw_rows_not_exact_training_probability,0.19202611555171503,0.24952952184603805,0.005813454642833811,0.000278558566966698,0.0002892327054818151
cmr_versius:01,cmr_versius,cmr-surgical-60hz/hysterectomy_phase_prompts_v1,cmr_surgical/hysterectomy,CMR_STATE_PROMPT,1.6,19.2,arm left: 1. left instrument: Tool #18 (Blue). arm right: 0. right instrument: Tool #14 (White). do a hysterectomy,3504,current_public_raw_rows_not_exact_training_probability,0.19202611555171503,0.24952952184603805,0.00013285383109842022,6.365848721711548e-06,6.609782885222496e-06
cmr_versius:01,cmr_versius,cmr-surgical-60hz/hysterectomy_phase_prompts_v1,cmr_surgical/hysterectomy,CMR_STATE_PROMPT,1.6,19.2,arm left: 0. left instrument: Tool #14 (White). arm right: 3. right instrument: Tool #9 (Green). do a hysterectomy,186,current_public_raw_rows_not_exact_training_probability,0.19202611555171503,0.24952952184603805,7.052172541183266e-06,3.3791320269359246e-07,3.50861762742975e-07
cmr_versius:01,cmr_versius,cmr-surgical-60hz/hysterectomy_phase_prompts_v1,cmr_surgical/hysterectomy,CMR_STATE_PROMPT,1.6,19.2,arm left: 1. left instrument: Tool #2 (Blue). arm right: -1. right instrument: Tool #3 (None). do a hysterectomy,15922,current_public_raw_rows_not_exact_training_probability,0.19202611555171503,0.24952952184603805,0.0006036811354877417,2.892609684563107e-05,3.0034521432223914e-05
cmr_versius:01,cmr_versius,cmr-surgical-60hz/hysterectomy_phase_prompts_v1,cmr_surgical/hysterectomy,CMR_STATE_PROMPT,1.6,19.2,arm left: 1. left instrument: Tool #2 (Blue). arm right: 0. right instrument: Tool #14 (White). do a hysterectomy,446,current_public_raw_rows_not_exact_training_probability,0.19202611555171503,0.24952952184603805,1.691004813638568e-05,8.102649914050658e-07,8.413136891578863e-07
cmr_versius:01,cmr_versius,cmr-surgical-60hz/hysterectomy_phase_prompts_v1,cmr_surgical/hysterectomy,CMR_STATE_PROMPT,1.6,19.2,arm left: 1. left instrument: Tool #2 (Blue). arm right: 2. right instrument: Tool #13 (Orange). do a hysterectomy,10396,current_public_raw_rows_not_exact_training_probability,0.19202611555171503,0.24952952184603805,0.000394163364183555,1.8886804597863374e-05,1.9610531642343915e-05
cmr_versius:01,cmr_versius,cmr-surgical-60hz/hysterectomy_phase_prompts_v1,cmr_surgical/hysterectomy,CMR_STATE_PROMPT,1.6,19.2,arm left: 1. left instrument: Tool #2 (Blue). arm right: 3. right instrument: Tool #2 (Green). do a hysterectomy,63259,current_public_raw_rows_not_exact_training_probability,0.19202611555171503,0.24952952184603805,0.002398459047218883,0.00011492500693115036,0.00011932884005031106
cmr_versius:01,cmr_versius,cmr-surgical-60hz/hysterectomy_phase_prompts_v1,cmr_surgical/hysterectomy,CMR_STATE_PROMPT,1.6,19.2,arm left: -1. left instrument: Tool #3 (None). arm right: 3. right instrument: Tool #2 (Green). do a hysterectomy,11855,current_public_raw_rows_not_exact_training_probability,0.19202611555171503,0.24952952184603805,0.00044948121223509473,2.1537424827594294e-05,2.236272149095682e-05
cmr_versius:01,cmr_versius,cmr-surgical-60hz/hysterectomy_phase_prompts_v1,cmr_surgical/hysterectomy,CMR_STATE_PROMPT,1.6,19.2,arm left: 2. left instrument: Tool #12 (Pink). arm right: -1. right instrument: Tool #3 (None). do a hysterectomy,66476,current_public_raw_rows_not_exact_training_probability,0.19202611555171503,0.24952952184603805,0.002520431300256445,0.0001207694519476304,0.000125397239462914
cmr_versius:01,cmr_versius,cmr-surgical-60hz/hysterectomy_phase_prompts_v1,cmr_surgical/hysterectomy,CMR_STATE_PROMPT,1.6,19.2,arm left: 2. left instrument: Tool #12 (Pink). arm right: 1. right instrument: Tool #9 (Orange). do a hysterectomy,97818,current_public_raw_rows_not_exact_training_probability,0.19202611555171503,0.24952952184603805,0.0037087602883519605,0.0001777096433391496,0.00018451933283866842
cmr_versius:01,cmr_versius,cmr-surgical-60hz/hysterectomy_phase_prompts_v1,cmr_surgical/hysterectomy,CMR_STATE_PROMPT,1.6,19.2,arm left: 3. left instrument: Tool #0 (Blue). arm right: 1. right instrument: Tool #9 (Orange). do a hysterectomy,12359,current_public_raw_rows_not_exact_training_probability,0.19202611555171503,0.24952952184603805,0.00046859032492733326,2.2453060602634998e-05,2.3313443686776496e-05
cmr_versius:01,cmr_versius,cmr-surgical-60hz/hysterectomy_phase_prompts_v1,cmr_surgical/hysterectomy,CMR_STATE_PROMPT,1.6,19.2,arm left: 2. left instrument: Tool #12 (Pink). arm right: 3. right instrument: Tool #0 (Blue). do a hysterectomy,9602,current_public_raw_rows_not_exact_training_probability,0.19202611555171503,0.24952952184603805,0.00036405892871205225,1.744431490464449e-05,1.81127669132153e-05
cmr_versius:01,cmr_versius,cmr-surgical-60hz/hysterectomy_phase_prompts_v1,cmr_surgical/hysterectomy,CMR_STATE_PROMPT,1.6,19.2,arm left: 2. left instrument: Tool #12 (Pink). arm right: 1. right instrument: Tool #2 (Orange). do a hysterectomy,8680,current_public_raw_rows_not_exact_training_probability,0.19202611555171503,0.24952952184603805,0.00032910138525521905,1.576928279236765e-05,1.6373548928005502e-05
cmr_versius:01,cmr_versius,cmr-surgical-60hz/hysterectomy_phase_prompts_v1,cmr_surgical/hysterectomy,CMR_STATE_PROMPT,1.6,19.2,arm left: 3. left instrument: Tool #2 (Blue). arm right: 1. right instrument: Tool #2 (Orange). do a hysterectomy,66,current_public_raw_rows_not_exact_training_probability,0.19202611555171503,0.24952952184603805,2.5023838049359977e-06,1.1990468482675864e-07,1.244993351668621e-07
cmr_versius:01,cmr_versius,cmr-surgical-60hz/hysterectomy_phase_prompts_v1,cmr_surgical/hysterectomy,CMR_STATE_PROMPT,1.6,19.2,arm left: 2. left instrument: Tool #18 (Orange). arm right: 1. right instrument: Tool #9 (Cyan). do a hysterectomy,479401,current_public_raw_rows_not_exact_training_probability,0.19202611555171503,0.24952952184603805,0.018176443916213973,0.0008709458456156501,0.0009043197845201342
cmr_versius:01,cmr_versius,cmr-surgical-60hz/hysterectomy_phase_prompts_v1,cmr_surgical/hysterectomy,CMR_STATE_PROMPT,1.6,19.2,arm left: 2. left instrument: Tool #18 (Orange). arm right: -1. right instrument: Tool #3 (None). do a hysterectomy,26845,current_public_raw_rows_not_exact_training_probability,0.19202611555171503,0.24952952184603805,0.0010178256552046494,4.877032218445963e-05,5.06391614023396e-05
cmr_versius:01,cmr_versius,cmr-surgical-60hz/hysterectomy_phase_prompts_v1,cmr_surgical/hysterectomy,CMR_STATE_PROMPT,1.6,19.2,arm left: 2. left instrument: Tool #2 (Orange). arm right: 1. right instrument: Tool #2 (Cyan). do a hysterectomy,179979,current_public_raw_rows_not_exact_training_probability,0.19202611555171503,0.24952952184603805,0.0068238868913420596,0.00032697462530962407,0.0003395040279393435
cmr_versius:01,cmr_versius,cmr-surgical-60hz/hysterectomy_phase_prompts_v1,cmr_surgical/hysterectomy,CMR_STATE_PROMPT,1.6,19.2,arm left: 0. left instrument: Tool #17 (White). arm right: 1. right instrument: Tool #2 (Cyan). do a hysterectomy,18938,current_public_raw_rows_not_exact_training_probability,0.19202611555171503,0.24952952184603805,0.0007180324923920897,3.4405377594684165e-05,3.572376377863689e-05
cmr_versius:01,cmr_versius,cmr-surgical-60hz/hysterectomy_phase_prompts_v1,cmr_surgical/hysterectomy,CMR_STATE_PROMPT,1.6,19.2,arm left: 3. left instrument: Tool #12 (Orange). arm right: -1. right instrument: Tool #3 (None). do a hysterectomy,4841,current_public_raw_rows_not_exact_training_probability,0.19202611555171503,0.24952952184603805,0.00018354606060144187,8.794826958277855e-06,9.131837599133022e-06
cmr_versius:01,cmr_versius,cmr-surgical-60hz/hysterectomy_phase_prompts_v1,cmr_surgical/hysterectomy,CMR_STATE_PROMPT,1.6,19.2,arm left: 3. left instrument: Tool #12 (Orange). arm right: 1. right instrument: Tool #9 (Blue). do a hysterectomy,221174,current_public_raw_rows_not_exact_training_probability,0.19202611555171503,0.24952952184603805,0.00838579144958961,0.0004018151327556592,0.00041721236297265993
cmr_versius:01,cmr_versius,cmr-surgical-60hz/hysterectomy_phase_prompts_v1,cmr_surgical/hysterectomy,CMR_STATE_PROMPT,1.6,19.2,arm left: 2. left instrument: Tool #13 (Pink). arm right: 1. right instrument: Tool #9 (Blue). do a hysterectomy,47838,current_public_raw_rows_not_exact_training_probability,0.19202611555171503,0.24952952184603805,0.0018137732797049735,8.690909564761331e-05,9.02393817532174e-05
cmr_versius:01,cmr_versius,cmr-surgical-60hz/hysterectomy_phase_prompts_v1,cmr_surgical/hysterectomy,CMR_STATE_PROMPT,1.6,19.2,arm left: 2. left instrument: Tool #13 (Pink). arm right: -1. right instrument: Tool #3 (None). do a hysterectomy,1403,current_public_raw_rows_not_exact_training_probability,0.19202611555171503,0.24952952184603805,5.319461330795764e-05,2.5488829213930657e-06,2.6465540490773865e-06
cmr_versius:01,cmr_versius,cmr-surgical-60hz/hysterectomy_phase_prompts_v1,cmr_surgical/hysterectomy,CMR_STATE_PROMPT,1.6,19.2,arm left: 3. left instrument: Tool #12 (Orange). arm right: 1. right instrument: Tool #2 (Blue). do a hysterectomy,8745,current_public_raw_rows_not_exact_training_probability,0.19202611555171503,0.24952952184603805,0.0003315658541540197,1.5887370739545518e-05,1.649616190960923e-05
cmr_versius:01,cmr_versius,cmr-surgical-60hz/hysterectomy_phase_prompts_v1,cmr_surgical/hysterectomy,CMR_STATE_PROMPT,1.6,19.2,arm left: 3. left instrument: Tool #2 (Orange). arm right: 1. right instrument: Tool #2 (Blue). do a hysterectomy,49779,current_public_raw_rows_not_exact_training_probability,0.19202611555171503,0.24952952184603805,0.0018873661125137732,9.043538342410935e-05,9.390079401926105e-05
cmr_versius:01,cmr_versius,cmr-surgical-60hz/hysterectomy_phase_prompts_v1,cmr_surgical/hysterectomy,CMR_STATE_PROMPT,1.6,19.2,arm left: 3. left instrument: Tool #2 (Orange). arm right: -1. right instrument: Tool #3 (None). do a hysterectomy,3055,current_public_raw_rows_not_exact_training_probability,0.19202611555171503,0.24952952184603805,0.00011583003824362838,5.550133517359812e-06,5.762810135375208e-06
cmr_versius:01,cmr_versius,cmr-surgical-60hz/hysterectomy_phase_prompts_v1,cmr_surgical/hysterectomy,CMR_STATE_PROMPT,1.6,19.2,arm left: 3. left instrument: Tool #12 (Pink). arm right: 1. right instrument: Tool #9 (Orange). do a hysterectomy,575557,current_public_raw_rows_not_exact_training_probability,0.19202611555171503,0.24952952184603805,0.02182218963056891,0.001045636070982344,0.0010857039977368735
cmr_versius:01,cmr_versius,cmr-surgical-60hz/hysterectomy_phase_prompts_v1,cmr_surgical/hysterectomy,CMR_STATE_PROMPT,1.6,19.2,arm left: 3. left instrument: Tool #12 (Pink). arm right: 2. right instrument: Tool #0 (Cyan). do a hysterectomy,56086,current_public_raw_rows_not_exact_training_probability,0.19202611555171503,0.24952952184603805,0.0021264954255097025,0.00010189354777566037,0.00010579802594194891
cmr_versius:01,cmr_versius,cmr-surgical-60hz/hysterectomy_phase_prompts_v1,cmr_surgical/hysterectomy,CMR_STATE_PROMPT,1.6,19.2,arm left: 3. left instrument: Tool #12 (Pink). arm right: 1. right instrument: Tool #2 (Orange). do a hysterectomy,93214,current_public_raw_rows_not_exact_training_probability,0.19202611555171503,0.24952952184603805,0.0035342000605046073,0.00016934538320365877,0.00017583456103399827
cmr_versius:01,cmr_versius,cmr-surgical-60hz/hysterectomy_phase_prompts_v1,cmr_surgical/hysterectomy,CMR_STATE_PROMPT,1.6,19.2,arm left: 2. left instrument: Tool #0 (Cyan). arm right: 0. right instrument: Tool #14 (White). do a hysterectomy,1540,current_public_raw_rows_not_exact_training_probability,0.19202611555171503,0.24952952184603805,5.838895544850661e-05,2.7977759792910345e-06,2.9049844872267824e-06
cmr_versius:01,cmr_versius,cmr-surgical-60hz/hysterectomy_phase_prompts_v1,cmr_surgical/hysterectomy,CMR_STATE_PROMPT,1.6,19.2,arm left: 2. left instrument: Tool #0 (Cyan). arm right: -1. right instrument: Tool #3 (None). do a hysterectomy,37344,current_public_raw_rows_not_exact_training_probability,0.19202611555171503,0.24952952184603805,0.00141589425472015,6.78442507601587e-05,7.044398746168634e-05
cmr_versius:01,cmr_versius,cmr-surgical-60hz/hysterectomy_phase_prompts_v1,cmr_surgical/hysterectomy,CMR_STATE_PROMPT,1.6,19.2,arm left: 2. left instrument: Tool #0 (Cyan). arm right: 1. right instrument: Tool #2 (Orange). do a hysterectomy,5204,current_public_raw_rows_not_exact_training_probability,0.19202611555171503,0.24952952184603805,0.00019730917152858987,9.454302724825028e-06,9.816583942550763e-06
cmr_versius:01,cmr_versius,cmr-surgical-60hz/hysterectomy_phase_prompts_v1,cmr_surgical/hysterectomy,CMR_STATE_PROMPT,1.6,19.2,arm left: 3. left instrument: Tool #2 (Pink). arm right: 1. right instrument: Tool #2 (Orange). do a hysterectomy,89830,current_public_raw_rows_not_exact_training_probability,0.19202611555171503,0.24952952184603805,0.0034058960181424344,0.00016319754299981405,0.00016945114057635187
cmr_versius:01,cmr_versius,cmr-surgical-60hz/hysterectomy_phase_prompts_v1,cmr_surgical/hysterectomy,CMR_STATE_PROMPT,1.6,19.2,arm left: 2. left instrument: Tool #9 (Cyan). arm right: 1. right instrument: Tool #2 (Orange). do a hysterectomy,9141,current_public_raw_rows_not_exact_training_probability,0.19202611555171503,0.24952952184603805,0.00034658015698363565,1.660679884850607e-05,1.72431579206104e-05
cmr_versius:01,cmr_versius,cmr-surgical-60hz/hysterectomy_phase_prompts_v1,cmr_surgical/hysterectomy,CMR_STATE_PROMPT,1.6,19.2,arm left: 2. left instrument: Tool #0 (Cyan). arm right: 1. right instrument: Tool #9 (Orange). do a hysterectomy,60987,current_public_raw_rows_not_exact_training_probability,0.19202611555171503,0.24952952184603805,0.002312316380479268,0.00011079737899287163,0.00011504304475486998
cmr_versius:01,cmr_versius,cmr-surgical-60hz/hysterectomy_phase_prompts_v1,cmr_surgical/hysterectomy,CMR_STATE_PROMPT,1.6,19.2,arm left: 3. left instrument: Tool #12 (Pink). arm right: 0. right instrument: Tool #14 (White). do a hysterectomy,632,current_public_raw_rows_not_exact_training_probability,0.19202611555171503,0.24952952184603805,2.3962220677568946e-05,1.1481781940986583e-06,1.1921754519008615e-06
cmr_versius:01,cmr_versius,cmr-surgical-60hz/hysterectomy_phase_prompts_v1,cmr_surgical/hysterectomy,CMR_STATE_PROMPT,1.6,19.2,arm left: -1. left instrument: Tool #3 (None). arm right: 1. right instrument: Tool #0 (Orange). do a hysterectomy,5224,current_public_raw_rows_not_exact_training_probability,0.19202611555171503,0.24952952184603805,0.00019806746965129774,9.490637477802834e-06,9.854311013813449e-06
cmr_versius:01,cmr_versius,cmr-surgical-60hz/hysterectomy_phase_prompts_v1,cmr_surgical/hysterectomy,CMR_STATE_PROMPT,1.6,19.2,arm left: 3. left instrument: Tool #12 (Cyan). arm right: 1. right instrument: Tool #0 (Orange). do a hysterectomy,60606,current_public_raw_rows_not_exact_training_probability,0.19202611555171503,0.24952952184603805,0.002297870801241683,0.00011010520194864443,0.00011432434404731582
cmr_versius:01,cmr_versius,cmr-surgical-60hz/hysterectomy_phase_prompts_v1,cmr_surgical/hysterectomy,CMR_STATE_PROMPT,1.6,19.2,arm left: 3. left instrument: Tool #12 (Cyan). arm right: 2. right instrument: Tool #2 (Pink). do a hysterectomy,59009,current_public_raw_rows_not_exact_training_probability,0.19202611555171503,0.24952952184603805,0.002237320696143459,0.00010720387192336666,0.0001113118374069904
cmr_versius:01,cmr_versius,cmr-surgical-60hz/hysterectomy_phase_prompts_v1,cmr_surgical/hysterectomy,CMR_STATE_PROMPT,1.6,19.2,arm left: 3. left instrument: Tool #12 (Cyan). arm right: 2. right instrument: Tool #9 (Pink). do a hysterectomy,183907,current_public_raw_rows_not_exact_training_probability,0.19202611555171503,0.24952952184603805,0.0069728166426418865,0.00033411077079446513,0.000346913624735335
cmr_versius:01,cmr_versius,cmr-surgical-60hz/hysterectomy_phase_prompts_v1,cmr_surgical/hysterectomy,CMR_STATE_PROMPT,1.6,19.2,arm left: 0. left instrument: Tool #14 (White). arm right: 2. right instrument: Tool #9 (Pink). do a hysterectomy,958,current_public_raw_rows_not_exact_training_probability,0.19202611555171503,0.24952952184603805,3.632248007770736e-05,1.7404346676368904e-06,1.8071267134826348e-06
cmr_versius:01,cmr_versius,cmr-surgical-60hz/hysterectomy_phase_prompts_v1,cmr_surgical/hysterectomy,CMR_STATE_PROMPT,1.6,19.2,arm left: 0. left instrument: Tool #14 (White). arm right: 3. right instrument: Tool #13 (Orange). do a hysterectomy,166,current_public_raw_rows_not_exact_training_probability,0.19202611555171503,0.24952952184603805,6.293874418475388e-06,3.0157844971578685e-07,3.1313469148028957e-07
cmr_versius:01,cmr_versius,cmr-surgical-60hz/hysterectomy_phase_prompts_v1,cmr_surgical/hysterectomy,CMR_STATE_PROMPT,1.6,19.2,arm left: 1. left instrument: Tool #18 (Cyan). arm right: 3. right instrument: Tool #2 (Pink). do a hysterectomy,2891,current_public_raw_rows_not_exact_training_probability,0.19202611555171503,0.24952952184603805,0.00010961199363742377,5.252188542941805e-06,5.453448151021187e-06
cmr_versius:01,cmr_versius,cmr-surgical-60hz/hysterectomy_phase_prompts_v1,cmr_surgical/hysterectomy,CMR_STATE_PROMPT,1.6,19.2,arm left: 2. left instrument: Tool #12 (Pink). arm right: 1. right instrument: Tool #2 (Cyan). do a hysterectomy,48498,current_public_raw_rows_not_exact_training_probability,0.19202611555171503,0.24952952184603805,0.0018387971177543335,8.81081424958809e-05,9.148437510488603e-05
cmr_versius:01,cmr_versius,cmr-surgical-60hz/hysterectomy_phase_prompts_v1,cmr_surgical/hysterectomy,CMR_STATE_PROMPT,1.6,19.2,arm left: 2. left instrument: Tool #12 (Pink). arm right: 3. right instrument: Tool #0 (Green). do a hysterectomy,36920,current_public_raw_rows_not_exact_training_probability,0.19202611555171503,0.24952952184603805,0.001399818334518743,6.707395399702921e-05,6.96441735509174e-05
cmr_versius:01,cmr_versius,cmr-surgical-60hz/hysterectomy_phase_prompts_v1,cmr_surgical/hysterectomy,CMR_STATE_PROMPT,1.6,19.2,arm left: -1. left instrument: Tool #3 (None). arm right: 3. right instrument: Tool #0 (Green). do a hysterectomy,11181,current_public_raw_rows_not_exact_training_probability,0.19202611555171503,0.24952952184603805,0.0004239265654998392,2.0312943652242245e-05,2.109131918940432e-05
cmr_versius:01,cmr_versius,cmr-surgical-60hz/hysterectomy_phase_prompts_v1,cmr_surgical/hysterectomy,CMR_STATE_PROMPT,1.6,19.2,arm left: 0. left instrument: Tool #17 (White). arm right: 3. right instrument: Tool #0 (Green). do a hysterectomy,101,current_public_raw_rows_not_exact_training_probability,0.19202611555171503,0.24952952184603805,3.829405519674784e-06,1.834905025379185e-07,1.905217098765617e-07
cmr_versius:01,cmr_versius,cmr-surgical-60hz/hysterectomy_phase_prompts_v1,cmr_surgical/hysterectomy,CMR_STATE_PROMPT,1.6,19.2,arm left: 2. left instrument: Tool #12 (Pink). arm right: 0. right instrument: Tool #17 (White). do a hysterectomy,186,current_public_raw_rows_not_exact_training_probability,0.19202611555171503,0.24952952184603805,7.052172541183266e-06,3.3791320269359246e-07,3.50861762742975e-07
cmr_versius:01,cmr_versius,cmr-surgical-60hz/hysterectomy_phase_prompts_v1,cmr_surgical/hysterectomy,CMR_STATE_PROMPT,1.6,19.2,arm left: 2. left instrument: Tool #12 (Pink). arm right: 1. right instrument: Tool #9 (Cyan). do a hysterectomy,121748,current_public_raw_rows_not_exact_training_probability,0.19202611555171503,0.24952952184603805,0.004616063992171937,0.00022118417527709406,0.0002296597736044716
cmr_versius:01,cmr_versius,cmr-surgical-60hz/hysterectomy_phase_prompts_v1,cmr_surgical/hysterectomy,CMR_STATE_PROMPT,1.6,19.2,arm left: 3. left instrument: Tool #0 (Green). arm right: 1. right instrument: Tool #9 (Cyan). do a hysterectomy,14553,current_public_raw_rows_not_exact_training_probability,0.19202611555171503,0.24952952184603805,0.0005517756289883874,2.6438983004300273e-05,2.745210340429309e-05
cmr_versius:01,cmr_versius,cmr-surgical-60hz/hysterectomy_phase_prompts_v1,cmr_surgical/hysterectomy,CMR_STATE_PROMPT,1.6,19.2,arm left: 3. left instrument: Tool #0 (Green). arm right: 1. right instrument: Tool #2 (Cyan). do a hysterectomy,683,current_public_raw_rows_not_exact_training_probability,0.19202611555171503,0.24952952184603805,2.5895880890474034e-05,1.2408318141920626e-06,1.2883794836207094e-06
cmr_versius:01,cmr_versius,cmr-surgical-60hz/hysterectomy_phase_prompts_v1,cmr_surgical/hysterectomy,CMR_STATE_PROMPT,1.6,19.2,arm left: 2. left instrument: Tool #12 (Purple). arm right: -1. right instrument: Tool #3 (None). do a hysterectomy,1721,current_public_raw_rows_not_exact_training_probability,0.19202611555171503,0.24952952184603805,6.52515534590129e-05,3.1266054937401753e-06,3.2464144821540856e-06
cmr_versius:01,cmr_versius,cmr-surgical-60hz/hysterectomy_phase_prompts_v1,cmr_surgical/hysterectomy,CMR_STATE_PROMPT,1.6,19.2,arm left: 2. left instrument: Tool #12 (Purple). arm right: 1. right instrument: Tool #9 (Green). do a hysterectomy,108024,current_public_raw_rows_not_exact_training_probability,0.19202611555171503,0.24952952184603805,0.004095719820369791,0.0001962512677837238,0.0002037714573040168
cmr_versius:01,cmr_versius,cmr-surgical-60hz/hysterectomy_phase_prompts_v1,cmr_surgical/hysterectomy,CMR_STATE_PROMPT,1.6,19.2,arm left: 3. left instrument: Tool #0 (Blue). arm right: 1. right instrument: Tool #9 (Green). do a hysterectomy,13022,current_public_raw_rows_not_exact_training_probability,0.19202611555171503,0.24952952184603805,0.0004937279076950994,2.3657557663849256e-05,2.456409609913452e-05
cmr_versius:01,cmr_versius,cmr-surgical-60hz/hysterectomy_phase_prompts_v1,cmr_surgical/hysterectomy,CMR_STATE_PROMPT,1.6,19.2,arm left: 3. left instrument: Tool #0 (Blue). arm right: -1. right instrument: Tool #3 (None). do a hysterectomy,7086,current_public_raw_rows_not_exact_training_probability,0.19202611555171503,0.24952952184603805,0.0002686650248754012,1.2873402980036539e-05,1.3366701348369467e-05
cmr_versius:01,cmr_versius,cmr-surgical-60hz/hysterectomy_phase_prompts_v1,cmr_surgical/hysterectomy,CMR_STATE_PROMPT,1.6,19.2,arm left: 2. left instrument: Tool #12 (Purple). arm right: 1. right instrument: Tool #2 (Green). do a hysterectomy,18058,current_public_raw_rows_not_exact_training_probability,0.19202611555171503,0.24952952184603805,0.0006846673749929431,3.2806648463660716e-05,3.4063772643078724e-05
cmr_versius:01,cmr_versius,cmr-surgical-60hz/hysterectomy_phase_prompts_v1,cmr_surgical/hysterectomy,CMR_STATE_PROMPT,1.6,19.2,arm left: -1. left instrument: Tool #3 (None). arm right: 1. right instrument: Tool #18 (Blue). do a hysterectomy,2315,current_public_raw_rows_not_exact_training_probability,0.19202611555171503,0.24952952184603805,8.777300770343689e-05,4.205747657181003e-06,4.366908498655845e-06
cmr_versius:01,cmr_versius,cmr-surgical-60hz/hysterectomy_phase_prompts_v1,cmr_surgical/hysterectomy,CMR_STATE_PROMPT,1.6,19.2,arm left: 3. left instrument: Tool #0 (Purple). arm right: 1. right instrument: Tool #18 (Blue). do a hysterectomy,116762,current_public_raw_rows_not_exact_training_probability,0.19202611555171503,0.24952952184603805,0.004427020270180863,0.00021212592135972714,0.00022025441473868415
cmr_versius:01,cmr_versius,cmr-surgical-60hz/hysterectomy_phase_prompts_v1,cmr_surgical/hysterectomy,CMR_STATE_PROMPT,1.6,19.2,arm left: 3. left instrument: Tool #0 (Purple). arm right: 2. right instrument: Tool #9 (Pink). do a hysterectomy,60539,current_public_raw_rows_not_exact_training_probability,0.19202611555171503,0.24952952184603805,0.0022953305025306112,0.00010998348052616878,0.00011419795835858581
cmr_versius:01,cmr_versius,cmr-surgical-60hz/hysterectomy_phase_prompts_v1,cmr_surgical/hysterectomy,CMR_STATE_PROMPT,1.6,19.2,arm left: 3. left instrument: Tool #0 (Purple). arm right: 0. right instrument: Tool #14 (White). do a hysterectomy,448,current_public_raw_rows_not_exact_training_probability,0.19202611555171503,0.24952952184603805,1.6985877948656467e-05,8.138984667028463e-07,8.450863962841548e-07
cmr_versius:01,cmr_versius,cmr-surgical-60hz/hysterectomy_phase_prompts_v1,cmr_surgical/hysterectomy,CMR_STATE_PROMPT,1.6,19.2,arm left: 0. left instrument: Tool #14 (White). arm right: 1. right instrument: Tool #18 (Blue). do a hysterectomy,84,current_public_raw_rows_not_exact_training_probability,0.19202611555171503,0.24952952184603805,3.1848521153730878e-06,1.5260596250678368e-07,1.5845369930327903e-07
cmr_versius:01,cmr_versius,cmr-surgical-60hz/hysterectomy_phase_prompts_v1,cmr_surgical/hysterectomy,CMR_STATE_PROMPT,1.6,19.2,arm left: -1. left instrument: Tool #3 (None). arm right: 3. right instrument: Tool #9 (Orange). do a hysterectomy,15359,current_public_raw_rows_not_exact_training_probability,0.19202611555171503,0.24952952184603805,0.000582335043333515,2.7903273549305844e-05,2.897250437617932e-05
cmr_versius:01,cmr_versius,cmr-surgical-60hz/hysterectomy_phase_prompts_v1,cmr_surgical/hysterectomy,CMR_STATE_PROMPT,1.6,19.2,arm left: 1. left instrument: Tool #0 (Pink). arm right: 3. right instrument: Tool #9 (Orange). do a hysterectomy,10950,current_public_raw_rows_not_exact_training_probability,0.19202611555171503,0.24952952184603805,0.00041516822218256325,1.989327725534859e-05,2.0655571516320303e-05
cmr_versius:01,cmr_versius,cmr-surgical-60hz/hysterectomy_phase_prompts_v1,cmr_surgical/hysterectomy,CMR_STATE_PROMPT,1.6,19.2,arm left: 2. left instrument: Tool #12 (Green). arm right: 3. right instrument: Tool #9 (Orange). do a hysterectomy,203114,current_public_raw_rows_not_exact_training_probability,0.19202611555171503,0.24952952184603805,0.007701048244784397,0.00036900485081670076,0.00038314481762245496
cmr_versius:01,cmr_versius,cmr-surgical-60hz/hysterectomy_phase_prompts_v1,cmr_surgical/hysterectomy,CMR_STATE_PROMPT,1.6,19.2,arm left: 1. left instrument: Tool #0 (Pink). arm right: -1. right instrument: Tool #3 (None). do a hysterectomy,6054,current_public_raw_rows_not_exact_training_probability,0.19202611555171503,0.24952952184603805,0.00022953684174367467,1.0998529726381767e-05,1.1419984471214895e-05
cmr_versius:01,cmr_versius,cmr-surgical-60hz/hysterectomy_phase_prompts_v1,cmr_surgical/hysterectomy,CMR_STATE_PROMPT,1.6,19.2,arm left: 2. left instrument: Tool #12 (Green). arm right: 3. right instrument: Tool #2 (Orange). do a hysterectomy,45216,current_public_raw_rows_not_exact_training_probability,0.19202611555171503,0.24952952184603805,0.0017143603958179707,8.214560953222299e-05,8.529336271067933e-05
cmr_versius:01,cmr_versius,cmr-surgical-60hz/hysterectomy_phase_prompts_v1,cmr_surgical/hysterectomy,CMR_STATE_PROMPT,1.6,19.2,arm left: -1. left instrument: Tool #3 (None). arm right: 3. right instrument: Tool #2 (Orange). do a hysterectomy,2339,current_public_raw_rows_not_exact_training_probability,0.19202611555171503,0.24952952184603805,8.868296545068633e-05,4.24934936075437e-06,4.412180984171067e-06
cmr_versius:01,cmr_versius,cmr-surgical-60hz/hysterectomy_phase_prompts_v1,cmr_surgical/hysterectomy,CMR_STATE_PROMPT,1.6,19.2,arm left: 1. left instrument: Tool #0 (Pink). arm right: 3. right instrument: Tool #2 (Orange). do a hysterectomy,13329,current_public_raw_rows_not_exact_training_probability,0.19202611555171503,0.24952952184603805,0.0005053677838786654,2.4215296122058573e-05,2.5143206643016744e-05
cmr_versius:01,cmr_versius,cmr-surgical-60hz/hysterectomy_phase_prompts_v1,cmr_surgical/hysterectomy,CMR_STATE_PROMPT,1.6,19.2,arm left: 1. left instrument: Tool #18 (Orange). arm right: -1. right instrument: Tool #3 (None). do a hysterectomy,5310,current_public_raw_rows_not_exact_training_probability,0.19202611555171503,0.24952952184603805,0.0002013281515789416,9.646876915607398e-06,1.0016537420242997e-05
cmr_versius:01,cmr_versius,cmr-surgical-60hz/hysterectomy_phase_prompts_v1,cmr_surgical/hysterectomy,CMR_STATE_PROMPT,1.6,19.2,arm left: 1. left instrument: Tool #18 (Orange). arm right: 2. right instrument: Tool #0 (Green). do a hysterectomy,3587,current_public_raw_rows_not_exact_training_probability,0.19202611555171503,0.24952952184603805,0.00013600076830765792,6.516637946569441e-06,6.766350230962641e-06
cmr_versius:01,cmr_versius,cmr-surgical-60hz/hysterectomy_phase_prompts_v1,cmr_surgical/hysterectomy,CMR_STATE_PROMPT,1.6,19.2,arm left: 1. left instrument: Tool #18 (Orange). arm right: 3. right instrument: Tool #9 (Pink). do a hysterectomy,151049,current_public_raw_rows_not_exact_training_probability,0.19202611555171503,0.24952952184603805,0.0057270086568451135,0.0002744164051272282,0.000284931819357869
cmr_versius:01,cmr_versius,cmr-surgical-60hz/hysterectomy_phase_prompts_v1,cmr_surgical/hysterectomy,CMR_STATE_PROMPT,1.6,19.2,arm left: 1. left instrument: Tool #2 (Orange). arm right: 3. right instrument: Tool #2 (Pink). do a hysterectomy,66016,current_public_raw_rows_not_exact_training_probability,0.19202611555171503,0.24952952184603805,0.002502990443434164,0.00011993375262914087,0.00012452951682387226
cmr_versius:01,cmr_versius,cmr-surgical-60hz/hysterectomy_phase_prompts_v1,cmr_surgical/hysterectomy,CMR_STATE_PROMPT,1.6,19.2,arm left: 1. left instrument: Tool #2 (Orange). arm right: -1. right instrument: Tool #3 (None). do a hysterectomy,1930,current_public_raw_rows_not_exact_training_probability,0.19202611555171503,0.24952952184603805,7.317576884131023e-05,3.5063036623582443e-06,3.6406623768491493e-06
cmr_versius:01,cmr_versius,cmr-surgical-60hz/hysterectomy_phase_prompts_v1,cmr_surgical/hysterectomy,CMR_STATE_PROMPT,1.6,19.2,arm left: 1. left instrument: Tool #2 (Orange). arm right: 2. right instrument: Tool #0 (Green). do a hysterectomy,1095,current_public_raw_rows_not_exact_training_probability,0.19202611555171503,0.24952952184603805,4.1516822218256323e-05,1.989327725534859e-06,2.06555715163203e-06
cmr_versius:01,cmr_versius,cmr-surgical-60hz/hysterectomy_phase_prompts_v1,cmr_surgical/hysterectomy,CMR_STATE_PROMPT,1.6,19.2,arm left: -1. left instrument: Tool #3 (None). arm right: 2. right instrument: Tool #0 (Green). do a hysterectomy,90,current_public_raw_rows_not_exact_training_probability,0.19202611555171503,0.24952952184603805,3.4123415521854514e-06,1.635063884001254e-07,1.697718206820847e-07
cmr_versius:01,cmr_versius,cmr-surgical-60hz/hysterectomy_phase_prompts_v1,cmr_surgical/hysterectomy,CMR_STATE_PROMPT,1.6,19.2,arm left: 3. left instrument: Tool #12 (Blue). arm right: -1. right instrument: Tool #3 (None). do a hysterectomy,39122,current_public_raw_rows_not_exact_training_probability,0.19202611555171503,0.24952952184603805,0.0014833069578288802,7.107441029988561e-05,7.379792409693906e-05
cmr_versius:01,cmr_versius,cmr-surgical-60hz/hysterectomy_phase_prompts_v1,cmr_surgical/hysterectomy,CMR_STATE_PROMPT,1.6,19.2,arm left: 3. left instrument: Tool #12 (Blue). arm right: 1. right instrument: Tool #9 (Cyan). do a hysterectomy,168602,current_public_raw_rows_not_exact_training_probability,0.19202611555171503,0.24952952184603805,0.0063925290042396825,0.0003063056010781993,0.00031804298345156486
cmr_versius:01,cmr_versius,cmr-surgical-60hz/hysterectomy_phase_prompts_v1,cmr_surgical/hysterectomy,CMR_STATE_PROMPT,1.6,19.2,arm left: 3. left instrument: Tool #12 (Blue). arm right: 2. right instrument: Tool #0 (Pink). do a hysterectomy,23090,current_public_raw_rows_not_exact_training_probability,0.19202611555171503,0.24952952184603805,0.0008754551826662452,4.194847231287661e-05,4.355590377277039e-05
cmr_versius:01,cmr_versius,cmr-surgical-60hz/hysterectomy_phase_prompts_v1,cmr_surgical/hysterectomy,CMR_STATE_PROMPT,1.6,19.2,arm left: 3. left instrument: Tool #12 (Blue). arm right: 1. right instrument: Tool #2 (Cyan). do a hysterectomy,35280,current_public_raw_rows_not_exact_training_probability,0.19202611555171503,0.24952952184603805,0.001337637888456697,6.409450425284915e-05,6.65505537073772e-05
cmr_versius:01,cmr_versius,cmr-surgical-60hz/hysterectomy_phase_prompts_v1,cmr_surgical/hysterectomy,CMR_STATE_PROMPT,1.6,19.2,arm left: 3. left instrument: Tool #12 (Blue). arm right: 0. right instrument: Tool #17 (White). do a hysterectomy,2457,current_public_raw_rows_not_exact_training_probability,0.19202611555171503,0.24952952184603805,9.315692437466282e-05,4.463724403323423e-06,4.634770704620912e-06
cmr_versius:01,cmr_versius,cmr-surgical-60hz/hysterectomy_phase_prompts_v1,cmr_surgical/hysterectomy,CMR_STATE_PROMPT,1.6,19.2,arm left: -1. left instrument: Tool #3 (None). arm right: 2. right instrument: Tool #0 (Pink). do a hysterectomy,807,current_public_raw_rows_not_exact_training_probability,0.19202611555171503,0.24952952184603805,3.0597329251262876e-05,1.4661072826544574e-06,1.5222873254493591e-06
cmr_versius:01,cmr_versius,cmr-surgical-60hz/hysterectomy_phase_prompts_v1,cmr_surgical/hysterectomy,CMR_STATE_PROMPT,1.6,19.2,arm left: 1. left instrument: Tool #12 (Green). arm right: -1. right instrument: Tool #3 (None). do a hysterectomy,7900,current_public_raw_rows_not_exact_training_probability,0.19202611555171503,0.24952952184603805,0.00029952775846961183,1.4352227426233229e-05,1.4902193148760766e-05
cmr_versius:01,cmr_versius,cmr-surgical-60hz/hysterectomy_phase_prompts_v1,cmr_surgical/hysterectomy,CMR_STATE_PROMPT,1.6,19.2,arm left: 1. left instrument: Tool #12 (Green). arm right: 2. right instrument: Tool #9 (Pink). do a hysterectomy,181263,current_public_raw_rows_not_exact_training_probability,0.19202611555171503,0.24952952184603805,0.006872569630819905,0.0003293073164507992,0.00034192610591440793
cmr_versius:01,cmr_versius,cmr-surgical-60hz/hysterectomy_phase_prompts_v1,cmr_surgical/hysterectomy,CMR_STATE_PROMPT,1.6,19.2,arm left: 3. left instrument: Tool #0 (Cyan). arm right: 2. right instrument: Tool #9 (Pink). do a hysterectomy,60480,current_public_raw_rows_not_exact_training_probability,0.19202611555171503,0.24952952184603805,0.002293093523068623,0.00010987629300488426,0.0001140866634983609
cmr_versius:01,cmr_versius,cmr-surgical-60hz/hysterectomy_phase_prompts_v1,cmr_surgical/hysterectomy,CMR_STATE_PROMPT,1.6,19.2,arm left: 1. left instrument: Tool #12 (Green). arm right: 3. right instrument: Tool #0 (Cyan). do a hysterectomy,14468,current_public_raw_rows_not_exact_training_probability,0.19202611555171503,0.24952952184603805,0.000548552861966879,2.62845603041446e-05,2.729176335142668e-05
cmr_versius:01,cmr_versius,cmr-surgical-60hz/hysterectomy_phase_prompts_v1,cmr_surgical/hysterectomy,CMR_STATE_PROMPT,1.6,19.2,arm left: -1. left instrument: Tool #3 (None). arm right: 1. right instrument: Tool #12 (Green). do a hysterectomy,454,current_public_raw_rows_not_exact_training_probability,0.19202611555171503,0.24952952184603805,1.721336738546883e-05,8.24798892596188e-07,8.564045176629605e-07
cmr_versius:01,cmr_versius,cmr-surgical-60hz/hysterectomy_phase_prompts_v1,cmr_surgical/hysterectomy,CMR_STATE_PROMPT,1.6,19.2,arm left: 1. left instrument: Tool #12 (Green). arm right: 2. right instrument: Tool #2 (Pink). do a hysterectomy,50516,current_public_raw_rows_not_exact_training_probability,0.19202611555171503,0.24952952184603805,0.0019153093983355584,9.177431907134148e-05,9.529103659529099e-05
cmr_versius:01,cmr_versius,cmr-surgical-60hz/hysterectomy_phase_prompts_v1,cmr_surgical/hysterectomy,CMR_STATE_PROMPT,1.6,19.2,arm left: 3. left instrument: Tool #0 (Cyan). arm right: 1. right instrument: Tool #9 (Purple). do a hysterectomy,16824,current_public_raw_rows_not_exact_training_probability,0.19202611555171503,0.24952952184603805,0.000637880380821867,3.056479420493011e-05,3.173601234617103e-05
cmr_versius:01,cmr_versius,cmr-surgical-60hz/hysterectomy_phase_prompts_v1,cmr_surgical/hysterectomy,CMR_STATE_PROMPT,1.6,19.2,arm left: 2. left instrument: Tool #12 (Blue). arm right: 1. right instrument: Tool #9 (Purple). do a hysterectomy,175931,current_public_raw_rows_not_exact_training_probability,0.19202611555171503,0.24952952184603805,0.006670407351305985,0.00031962047130691624,0.00033186806871577604
cmr_versius:01,cmr_versius,cmr-surgical-60hz/hysterectomy_phase_prompts_v1,cmr_surgical/hysterectomy,CMR_STATE_PROMPT,1.6,19.2,arm left: 2. left instrument: Tool #12 (Blue). arm right: -1. right instrument: Tool #3 (None). do a hysterectomy,22088,current_public_raw_rows_not_exact_training_probability,0.19202611555171503,0.24952952184603805,0.0008374644467185805,4.012810118868855e-05,4.166577750250985e-05
cmr_versius:01,cmr_versius,cmr-surgical-60hz/hysterectomy_phase_prompts_v1,cmr_surgical/hysterectomy,CMR_STATE_PROMPT,1.6,19.2,arm left: 2. left instrument: Tool #12 (Blue). arm right: 1. right instrument: Tool #2 (Purple). do a hysterectomy,15557,current_public_raw_rows_not_exact_training_probability,0.19202611555171503,0.24952952184603805,0.000589842194748323,2.826298760378612e-05,2.9346002381679906e-05
cmr_versius:01,cmr_versius,cmr-surgical-60hz/hysterectomy_phase_prompts_v1,cmr_surgical/hysterectomy,CMR_STATE_PROMPT,1.6,19.2,arm left: 3. left instrument: Tool #0 (Cyan). arm right: 1. right instrument: Tool #2 (Purple). do a hysterectomy,1800,current_public_raw_rows_not_exact_training_probability,0.19202611555171503,0.24952952184603805,6.824683104370902e-05,3.270127768002508e-06,3.3954364136416935e-06
cmr_versius:01,cmr_versius,cmr-surgical-60hz/hysterectomy_phase_prompts_v1,cmr_surgical/hysterectomy,CMR_STATE_PROMPT,1.6,19.2,arm left: 2. left instrument: Tool #2 (Blue). arm right: 1. right instrument: Tool #2 (Purple). do a hysterectomy,71528,current_public_raw_rows_not_exact_training_probability,0.19202611555171503,0.24952952184603805,0.002711977406052455,0.0001299476105498241,0.00013492709766386836
cmr_versius:01,cmr_versius,cmr-surgical-60hz/hysterectomy_phase_prompts_v1,cmr_surgical/hysterectomy,CMR_STATE_PROMPT,1.6,19.2,arm left: 2. left instrument: Tool #2 (Blue). arm right: -1. right instrument: Tool #3 (None). do a hysterectomy,7496,current_public_raw_rows_not_exact_training_probability,0.19202611555171503,0.24952952184603805,0.0002842101363909127,1.3618265416081554e-05,1.414010630925452e-05
cmr_versius:01,cmr_versius,cmr-surgical-60hz/hysterectomy_phase_prompts_v1,cmr_surgical/hysterectomy,CMR_STATE_PROMPT,1.6,19.2,arm left: 0. left instrument: Tool #14 (White). arm right: 1. right instrument: Tool #2 (Purple). do a hysterectomy,412,current_public_raw_rows_not_exact_training_probability,0.19202611555171503,0.24952952184603805,1.5620941327782286e-05,7.484959113427961e-07,7.77177668011321e-07
cmr_versius:01,cmr_versius,cmr-surgical-60hz/hysterectomy_phase_prompts_v1,cmr_surgical/hysterectomy,CMR_STATE_PROMPT,1.6,19.2,arm left: -1. left instrument: Tool #3 (None). arm right: 2. right instrument: Tool #13 (Blue). do a hysterectomy,19501,current_public_raw_rows_not_exact_training_probability,0.19202611555171503,0.24952952184603805,0.0007393785845463165,3.542820089100939e-05,3.678578083468148e-05
cmr_versius:01,cmr_versius,cmr-surgical-60hz/hysterectomy_phase_prompts_v1,cmr_surgical/hysterectomy,CMR_STATE_PROMPT,1.6,19.2,arm left: 3. left instrument: Tool #18 (Cyan). arm right: 2. right instrument: Tool #13 (Blue). do a hysterectomy,17228,current_public_raw_rows_not_exact_training_probability,0.19202611555171503,0.24952952184603805,0.0006531980029005662,3.129875621508178e-05,3.2498099185677276e-05
cmr_versius:01,cmr_versius,cmr-surgical-60hz/hysterectomy_phase_prompts_v1,cmr_surgical/hysterectomy,CMR_STATE_PROMPT,1.6,19.2,arm left: 3. left instrument: Tool #18 (Cyan). arm right: 1. right instrument: Tool #9 (Pink). do a hysterectomy,129515,current_public_raw_rows_not_exact_training_probability,0.19202611555171503,0.24952952184603805,0.004910549068125541,0.00023529477659602486,0.0002443110817293355
cmr_versius:01,cmr_versius,cmr-surgical-60hz/hysterectomy_phase_prompts_v1,cmr_surgical/hysterectomy,CMR_STATE_PROMPT,1.6,19.2,arm left: 3. left instrument: Tool #18 (Cyan). arm right: 1. right instrument: Tool #8 (Pink). do a hysterectomy,39868,current_public_raw_rows_not_exact_training_probability,0.19202611555171503,0.24952952184603805,0.0015115914778058841,7.242969658595776e-05,7.520514385503724e-05
cmr_versius:01,cmr_versius,cmr-surgical-60hz/hysterectomy_phase_prompts_v1,cmr_surgical/hysterectomy,CMR_STATE_PROMPT,1.6,19.2,arm left: -1. left instrument: Tool #3 (None). arm right: 1. right instrument: Tool #8 (Pink). do a hysterectomy,3620,current_public_raw_rows_not_exact_training_probability,0.19202611555171503,0.24952952184603805,0.00013725196021012592,6.576590288982821e-06,6.828599898546072e-06
cmr_versius:01,cmr_versius,cmr-surgical-60hz/hysterectomy_phase_prompts_v1,cmr_surgical/hysterectomy,CMR_STATE_PROMPT,1.6,19.2,arm left: 3. left instrument: Tool #0 (Cyan). arm right: 1. right instrument: Tool #2 (Pink). do a hysterectomy,85376,current_public_raw_rows_not_exact_training_probability,0.19202611555171503,0.24952952184603805,0.00323702302621539,0.00015510579351165672,0.0001610493218061518
cmr_versius:01,cmr_versius,cmr-surgical-60hz/hysterectomy_phase_prompts_v1,cmr_surgical/hysterectomy,CMR_STATE_PROMPT,1.6,19.2,arm left: 3. left instrument: Tool #0 (Cyan). arm right: 2. right instrument: Tool #13 (Blue). do a hysterectomy,8919,current_public_raw_rows_not_exact_training_probability,0.19202611555171503,0.24952952184603805,0.00033816304782157823,1.6203483090452428e-05,1.6824387429594595e-05
cmr_versius:01,cmr_versius,cmr-surgical-60hz/hysterectomy_phase_prompts_v1,cmr_surgical/hysterectomy,CMR_STATE_PROMPT,1.6,19.2,arm left: 3. left instrument: Tool #18 (Cyan). arm right: 1. right instrument: Tool #2 (Pink). do a hysterectomy,2257,current_public_raw_rows_not_exact_training_probability,0.19202611555171503,0.24952952184603805,8.557394314758404e-05,4.100376873545366e-06,4.257499991994057e-06
cmr_versius:01,cmr_versius,cmr-surgical-60hz/hysterectomy_phase_prompts_v1,cmr_surgical/hysterectomy,CMR_STATE_PROMPT,1.6,19.2,arm left: 3. left instrument: Tool #12 (Green). arm right: -1. right instrument: Tool #3 (None). do a hysterectomy,17240,current_public_raw_rows_not_exact_training_probability,0.19202611555171503,0.24952952184603805,0.0006536529817741909,3.132055706686846e-05,3.2520735428434887e-05
cmr_versius:01,cmr_versius,cmr-surgical-60hz/hysterectomy_phase_prompts_v1,cmr_surgical/hysterectomy,CMR_STATE_PROMPT,1.6,19.2,arm left: 3. left instrument: Tool #12 (Green). arm right: 0. right instrument: Tool #14 (White). do a hysterectomy,1164,current_public_raw_rows_not_exact_training_probability,0.19202611555171503,0.24952952184603805,4.41329507415985e-05,2.1146826233082882e-06,2.195715547488295e-06
cmr_versius:01,cmr_versius,cmr-surgical-60hz/hysterectomy_phase_prompts_v1,cmr_surgical/hysterectomy,CMR_STATE_PROMPT,1.6,19.2,arm left: 3. left instrument: Tool #12 (Green). arm right: 2. right instrument: Tool #9 (Orange). do a hysterectomy,152038,current_public_raw_rows_not_exact_training_probability,0.19202611555171503,0.24952952184603805,0.005764506499013018,0.0002762131586619807,0.0002867974230318088
cmr_versius:01,cmr_versius,cmr-surgical-60hz/hysterectomy_phase_prompts_v1,cmr_surgical/hysterectomy,CMR_STATE_PROMPT,1.6,19.2,arm left: 1. left instrument: Tool #0 (Cyan). arm right: 2. right instrument: Tool #9 (Orange). do a hysterectomy,26141,current_public_raw_rows_not_exact_training_probability,0.19202611555171503,0.24952952184603805,0.000991133561285332,4.7491338879640864e-05,4.931116849389306e-05
cmr_versius:01,cmr_versius,cmr-surgical-60hz/hysterectomy_phase_prompts_v1,cmr_surgical/hysterectomy,CMR_STATE_PROMPT,1.6,19.2,arm left: 3. left instrument: Tool #12 (Green). arm right: 1. right instrument: Tool #0 (Cyan). do a hysterectomy,6575,current_public_raw_rows_not_exact_training_probability,0.19202611555171503,0.24952952184603805,0.0002492905078402149,1.1945050041453604e-05,1.2402774677607853e-05
cmr_versius:01,cmr_versius,cmr-surgical-60hz/hysterectomy_phase_prompts_v1,cmr_surgical/hysterectomy,CMR_STATE_PROMPT,1.6,19.2,arm left: 1. left instrument: Tool #0 (Cyan). arm right: 2. right instrument: Tool #2 (Orange). do a hysterectomy,4998,current_public_raw_rows_not_exact_training_probability,0.19202611555171503,0.24952952184603805,0.00018949870086469874,9.08005476915363e-06,9.427995108545102e-06
cmr_versius:01,cmr_versius,cmr-surgical-60hz/hysterectomy_phase_prompts_v1,cmr_surgical/hysterectomy,CMR_STATE_PROMPT,1.6,19.2,arm left: 3. left instrument: Tool #12 (Green). arm right: 2. right instrument: Tool #2 (Orange). do a hysterectomy,39475,current_public_raw_rows_not_exact_training_probability,0.19202611555171503,0.24952952184603805,0.0014966909196946743,7.171571868994389e-05,7.446380690472547e-05
cmr_versius:01,cmr_versius,cmr-surgical-60hz/hysterectomy_phase_prompts_v1,cmr_surgical/hysterectomy,CMR_STATE_PROMPT,1.6,19.2,arm left: 1. left instrument: Tool #9 (Cyan). arm right: 2. right instrument: Tool #2 (Orange). do a hysterectomy,631,current_public_raw_rows_not_exact_training_probability,0.19202611555171503,0.24952952184603805,2.3924305771433553e-05,1.146361456449768e-06,1.190289098337727e-06
cmr_versius:01,cmr_versius,cmr-surgical-60hz/hysterectomy_phase_prompts_v1,cmr_surgical/hysterectomy,CMR_STATE_PROMPT,1.6,19.2,arm left: 0. left instrument: Tool #14 (White). arm right: 2. right instrument: Tool #2 (Orange). do a hysterectomy,4471,current_public_raw_rows_not_exact_training_probability,0.19202611555171503,0.24952952184603805,0.00016951754533134613,8.12263402818845e-06,8.43388678077334e-06
cmr_versius:01,cmr_versius,cmr-surgical-60hz/hysterectomy_phase_prompts_v1,cmr_surgical/hysterectomy,CMR_STATE_PROMPT,1.6,19.2,arm left: -1. left instrument: Tool #3 (None). arm right: 2. right instrument: Tool #9 (Cyan). do a hysterectomy,16507,current_public_raw_rows_not_exact_training_probability,0.19202611555171503,0.24952952184603805,0.0006258613555769471,2.9988888370231885e-05,3.113803826665746e-05
cmr_versius:01,cmr_versius,cmr-surgical-60hz/hysterectomy_phase_prompts_v1,cmr_surgical/hysterectomy,CMR_STATE_PROMPT,1.6,19.2,arm left: 1. left instrument: Tool #12 (Orange). arm right: 2. right instrument: Tool #9 (Cyan). do a hysterectomy,366460,current_public_raw_rows_not_exact_training_probability,0.19202611555171503,0.24952952184603805,0.01389429650237645,0.0006657616788123328,0.0006912731267461862
cmr_versius:01,cmr_versius,cmr-surgical-60hz/hysterectomy_phase_prompts_v1,cmr_surgical/hysterectomy,CMR_STATE_PROMPT,1.6,19.2,arm left: 1. left instrument: Tool #12 (Orange). arm right: 3. right instrument: Tool #0 (Pink). do a hysterectomy,51229,current_public_raw_rows_not_exact_training_probability,0.19202611555171503,0.24952952184603805,0.0019423427264100943,9.306965301500027e-05,9.663600668580575e-05
cmr_versius:01,cmr_versius,cmr-surgical-60hz/hysterectomy_phase_prompts_v1,cmr_surgical/hysterectomy,CMR_STATE_PROMPT,1.6,19.2,arm left: -1. left instrument: Tool #3 (None). arm right: 3. right instrument: Tool #0 (Pink). do a hysterectomy,1597,current_public_raw_rows_not_exact_training_probability,0.19202611555171503,0.24952952184603805,6.0550105098224063e-05,2.9013300252777807e-06,3.0125066403254363e-06
cmr_versius:01,cmr_versius,cmr-surgical-60hz/hysterectomy_phase_prompts_v1,cmr_surgical/hysterectomy,CMR_STATE_PROMPT,1.6,19.2,arm left: 1. left instrument: Tool #12 (Orange). arm right: 2. right instrument: Tool #2 (Cyan). do a hysterectomy,45233,current_public_raw_rows_not_exact_training_probability,0.19202611555171503,0.24952952184603805,0.0017150049492222724,8.217649407225413e-05,8.532543072125262e-05
cmr_versius:01,cmr_versius,cmr-surgical-60hz/hysterectomy_phase_prompts_v1,cmr_surgical/hysterectomy,CMR_STATE_PROMPT,1.6,19.2,arm left: 1. left instrument: Tool #12 (Orange). arm right: 0. right instrument: Tool #17 (White). do a hysterectomy,129,current_public_raw_rows_not_exact_training_probability,0.19202611555171503,0.24952952184603805,4.8910228914658135e-06,2.343591567068464e-07,2.4333960964432136e-07
cmr_versius:01,cmr_versius,cmr-surgical-60hz/hysterectomy_phase_prompts_v1,cmr_surgical/hysterectomy,CMR_STATE_PROMPT,1.6,19.2,arm left: 3. left instrument: Tool #12 (Green). arm right: 1. right instrument: Tool #9 (Cyan). do a hysterectomy,91277,current_public_raw_rows_not_exact_training_probability,0.19202611555171503,0.24952952184603805,0.003460758887320349,0.00016582636237775827,0.00017218069418220715
cmr_versius:01,cmr_versius,cmr-surgical-60hz/hysterectomy_phase_prompts_v1,cmr_surgical/hysterectomy,CMR_STATE_PROMPT,1.6,19.2,arm left: 2. left instrument: Tool #0 (Pink). arm right: 1. right instrument: Tool #9 (Cyan). do a hysterectomy,35622,current_public_raw_rows_not_exact_training_probability,0.19202611555171503,0.24952952184603805,0.0013506047863550016,6.471582852876963e-05,6.719568662596912e-05
cmr_versius:01,cmr_versius,cmr-surgical-60hz/hysterectomy_phase_prompts_v1,cmr_surgical/hysterectomy,CMR_STATE_PROMPT,1.6,19.2,arm left: 2. left instrument: Tool #0 (Pink). arm right: 1. right instrument: Tool #2 (Cyan). do a hysterectomy,5571,current_public_raw_rows_not_exact_training_probability,0.19202611555171503,0.24952952184603805,0.00021122394208027942,1.0121045441967762e-05,1.0508875700221042e-05
cmr_versius:01,cmr_versius,cmr-surgical-60hz/hysterectomy_phase_prompts_v1,cmr_surgical/hysterectomy,CMR_STATE_PROMPT,1.6,19.2,arm left: 2. left instrument: Tool #0 (Pink). arm right: 0. right instrument: Tool #17 (White). do a hysterectomy,10760,current_public_raw_rows_not_exact_training_probability,0.19202611555171503,0.24952952184603805,0.0004079643900168384,1.9548097102059435e-05,2.029716433932479e-05
cmr_versius:01,cmr_versius,cmr-surgical-60hz/hysterectomy_phase_prompts_v1,cmr_surgical/hysterectomy,CMR_STATE_PROMPT,1.6,19.2,arm left: 1. left instrument: Tool #18 (Blue). arm right: 3. right instrument: Tool #0 (Green). do a hysterectomy,8148,current_public_raw_rows_not_exact_training_probability,0.19202611555171503,0.24952952184603805,0.0003089306551911895,1.4802778363158019e-05,1.5370008832418067e-05
cmr_versius:01,cmr_versius,cmr-surgical-60hz/hysterectomy_phase_prompts_v1,cmr_surgical/hysterectomy,CMR_STATE_PROMPT,1.6,19.2,arm left: 1. left instrument: Tool #18 (Blue). arm right: 2. right instrument: Tool #9 (Orange). do a hysterectomy,188345,current_public_raw_rows_not_exact_training_probability,0.19202611555171503,0.24952952184603805,0.007141082996070765,0.0003421734524802402,0.0003552852618485249
cmr_versius:01,cmr_versius,cmr-surgical-60hz/hysterectomy_phase_prompts_v1,cmr_surgical/hysterectomy,CMR_STATE_PROMPT,1.6,19.2,arm left: 1. left instrument: Tool #2 (Blue). arm right: 2. right instrument: Tool #2 (Orange). do a hysterectomy,81050,current_public_raw_rows_not_exact_training_probability,0.19202611555171503,0.24952952184603805,0.003073003142273676,0.00014724658644255738,0.00015288895629203295
cmr_versius:01,cmr_versius,cmr-surgical-60hz/hysterectomy_phase_prompts_v1,cmr_surgical/hysterectomy,CMR_STATE_PROMPT,1.6,19.2,arm left: 1. left instrument: Tool #2 (Blue). arm right: 3. right instrument: Tool #0 (Green). do a hysterectomy,1003,current_public_raw_rows_not_exact_training_probability,0.19202611555171503,0.24952952184603805,3.8028650853800084e-05,1.8221878618369528e-06,1.8920126238236769e-06
cmr_versius:01,cmr_versius,cmr-surgical-60hz/hysterectomy_phase_prompts_v1,cmr_surgical/hysterectomy,CMR_STATE_PROMPT,1.6,19.2,arm left: -1. left instrument: Tool #3 (None). arm right: 3. right instrument: Tool #18 (Green). do a hysterectomy,18860,current_public_raw_rows_not_exact_training_probability,0.19202611555171503,0.24952952184603805,0.000715075129713529,3.426367205807072e-05,3.557662820071241e-05
cmr_versius:01,cmr_versius,cmr-surgical-60hz/hysterectomy_phase_prompts_v1,cmr_surgical/hysterectomy,CMR_STATE_PROMPT,1.6,19.2,arm left: 2. left instrument: Tool #0 (Orange). arm right: 3. right instrument: Tool #18 (Green). do a hysterectomy,29051,current_public_raw_rows_not_exact_training_probability,0.19202611555171503,0.24952952184603805,0.0011014659381393282,5.277804543791158e-05,5.4800457362613796e-05
cmr_versius:01,cmr_versius,cmr-surgical-60hz/hysterectomy_phase_prompts_v1,cmr_surgical/hysterectomy,CMR_STATE_PROMPT,1.6,19.2,arm left: 1. left instrument: Tool #2 (Pink). arm right: 3. right instrument: Tool #18 (Green). do a hysterectomy,31023,current_public_raw_rows_not_exact_training_probability,0.19202611555171503,0.24952952184603805,0.001176234133038325,5.636065208152323e-05,5.8520346589114595e-05
cmr_versius:01,cmr_versius,cmr-surgical-60hz/hysterectomy_phase_prompts_v1,cmr_surgical/hysterectomy,CMR_STATE_PROMPT,1.6,19.2,arm left: 1. left instrument: Tool #9 (Pink). arm right: 3. right instrument: Tool #18 (Green). do a hysterectomy,145998,current_public_raw_rows_not_exact_training_probability,0.19202611555171503,0.24952952184603805,0.005535500465955239,0.0002652400632626834,0.0002754038475104778
cmr_versius:01,cmr_versius,cmr-surgical-60hz/hysterectomy_phase_prompts_v1,cmr_surgical/hysterectomy,CMR_STATE_PROMPT,1.6,19.2,arm left: 1. left instrument: Tool #9 (Pink). arm right: -1. right instrument: Tool #3 (None). do a hysterectomy,11245,current_public_raw_rows_not_exact_training_probability,0.19202611555171503,0.24952952184603805,0.0004263531194925044,2.042921486177122e-05,2.1212045817444913e-05
cmr_versius:01,cmr_versius,cmr-surgical-60hz/hysterectomy_phase_prompts_v1,cmr_surgical/hysterectomy,CMR_STATE_PROMPT,1.6,19.2,arm left: 1. left instrument: Tool #9 (Pink). arm right: 0. right instrument: Tool #17 (White). do a hysterectomy,366,current_public_raw_rows_not_exact_training_probability,0.19202611555171503,0.24952952184603805,1.3876855645554168e-05,6.649259794938433e-07,6.904054041071444e-07
cmr_versius:01,cmr_versius,cmr-surgical-60hz/hysterectomy_phase_prompts_v1,cmr_surgical/hysterectomy,CMR_STATE_PROMPT,1.6,19.2,arm left: 2. left instrument: Tool #0 (Orange). arm right: 0. right instrument: Tool #17 (White). do a hysterectomy,1072,current_public_raw_rows_not_exact_training_probability,0.19202611555171503,0.24952952184603805,4.0644779377142264e-05,1.9475427596103823e-06,2.022171019679942e-06
cmr_versius:01,cmr_versius,cmr-surgical-60hz/hysterectomy_phase_prompts_v1,cmr_surgical/hysterectomy,CMR_STATE_PROMPT,1.6,19.2,arm left: 2. left instrument: Tool #13 (Green). arm right: 3. right instrument: Tool #9 (Orange). do a hysterectomy,64569,current_public_raw_rows_not_exact_training_probability,0.19202611555171503,0.24952952184603805,0.002448127574256249,0.00011730493325119662,0.00012179996321801695
cmr_versius:01,cmr_versius,cmr-surgical-60hz/hysterectomy_phase_prompts_v1,cmr_surgical/hysterectomy,CMR_STATE_PROMPT,1.6,19.2,arm left: 1. left instrument: Tool #1 (Pink). arm right: 3. right instrument: Tool #9 (Orange). do a hysterectomy,142458,current_public_raw_rows_not_exact_training_probability,0.19202611555171503,0.24952952184603805,0.005401281698235945,0.0002588088119856118,0.00026872615589698245
cmr_versius:01,cmr_versius,cmr-surgical-60hz/hysterectomy_phase_prompts_v1,cmr_surgical/hysterectomy,CMR_STATE_PROMPT,1.6,19.2,arm left: 2. left instrument: Tool #13 (Green). arm right: -1. right instrument: Tool #3 (None). do a hysterectomy,20189,current_public_raw_rows_not_exact_training_probability,0.19202611555171503,0.24952952184603805,0.0007654640399674675,3.6678116393445904e-05,3.808359208611786e-05
cmr_versius:01,cmr_versius,cmr-surgical-60hz/hysterectomy_phase_prompts_v1,cmr_surgical/hysterectomy,CMR_STATE_PROMPT,1.6,19.2,arm left: 1. left instrument: Tool #1 (Pink). arm right: -1. right instrument: Tool #3 (None). do a hysterectomy,4249,current_public_raw_rows_not_exact_training_probability,0.19202611555171503,0.24952952184603805,0.0001611004361692887,7.719318270134809e-06,8.015116289757531e-06
cmr_versius:01,cmr_versius,cmr-surgical-60hz/hysterectomy_phase_prompts_v1,cmr_surgical/hysterectomy,CMR_STATE_PROMPT,1.6,19.2,arm left: 1. left instrument: Tool #1 (Pink). arm right: 0. right instrument: Tool #14 (White). do a hysterectomy,364,current_public_raw_rows_not_exact_training_probability,0.19202611555171503,0.24952952184603805,1.380102583328338e-05,6.612925041960627e-07,6.866326969808758e-07
cmr_versius:01,cmr_versius,cmr-surgical-60hz/hysterectomy_phase_prompts_v1,cmr_surgical/hysterectomy,CMR_STATE_PROMPT,1.6,19.2,arm left: 2. left instrument: Tool #13 (Green). arm right: 3. right instrument: Tool #2 (Orange). do a hysterectomy,73418,current_public_raw_rows_not_exact_training_probability,0.19202611555171503,0.24952952184603805,0.0027836365786483496,0.00013338124470622673,0.00013849230589819215
cmr_versius:01,cmr_versius,cmr-surgical-60hz/hysterectomy_phase_prompts_v1,cmr_surgical/hysterectomy,CMR_STATE_PROMPT,1.6,19.2,arm left: -1. left instrument: Tool #3 (None). arm right: 2. right instrument: Tool #0 (Cyan). do a hysterectomy,503,current_public_raw_rows_not_exact_training_probability,0.19202611555171503,0.24952952184603805,1.9071197786103133e-05,9.138190373918119e-07,9.488358422565399e-07
cmr_versius:01,cmr_versius,cmr-surgical-60hz/hysterectomy_phase_prompts_v1,cmr_surgical/hysterectomy,CMR_STATE_PROMPT,1.6,19.2,arm left: 1. left instrument: Tool #0 (Purple). arm right: -1. right instrument: Tool #3 (None). do a hysterectomy,15625,current_public_raw_rows_not_exact_training_probability,0.19202611555171503,0.24952952184603805,0.0005924204083655297,2.8386525763910658e-05,2.9474274423973037e-05
cmr_versius:01,cmr_versius,cmr-surgical-60hz/hysterectomy_phase_prompts_v1,cmr_surgical/hysterectomy,CMR_STATE_PROMPT,1.6,19.2,arm left: 1. left instrument: Tool #0 (Purple). arm right: 2. right instrument: Tool #10 (Blue). do a hysterectomy,45139,current_public_raw_rows_not_exact_training_probability,0.19202611555171503,0.24952952184603805,0.0017114409480455453,8.200572073325845e-05,8.5148113486318e-05
cmr_versius:01,cmr_versius,cmr-surgical-60hz/hysterectomy_phase_prompts_v1,cmr_surgical/hysterectomy,CMR_STATE_PROMPT,1.6,19.2,arm left: -1. left instrument: Tool #3 (None). arm right: 2. right instrument: Tool #10 (Blue). do a hysterectomy,194,current_public_raw_rows_not_exact_training_probability,0.19202611555171503,0.24952952184603805,7.355491790266417e-06,3.524471038847147e-07,3.659525912480492e-07
cmr_versius:01,cmr_versius,cmr-surgical-60hz/hysterectomy_phase_prompts_v1,cmr_surgical/hysterectomy,CMR_STATE_PROMPT,1.6,19.2,arm left: -1. left instrument: Tool #3 (None). arm right: 1. right instrument: Tool #12 (Purple). do a hysterectomy,24570,current_public_raw_rows_not_exact_training_probability,0.19202611555171503,0.24952952184603805,0.0009315692437466282,4.463724403323423e-05,4.634770704620912e-05
cmr_versius:01,cmr_versius,cmr-surgical-60hz/hysterectomy_phase_prompts_v1,cmr_surgical/hysterectomy,CMR_STATE_PROMPT,1.6,19.2,arm left: 3. left instrument: Tool #0 (Blue). arm right: 1. right instrument: Tool #12 (Purple). do a hysterectomy,177972,current_public_raw_rows_not_exact_training_probability,0.19202611555171503,0.24952952184603805,0.006747791674728324,0.0003233284328483013,0.00033571811633813307
cmr_versius:01,cmr_versius,cmr-surgical-60hz/hysterectomy_phase_prompts_v1,cmr_surgical/hysterectomy,CMR_STATE_PROMPT,1.6,19.2,arm left: 3. left instrument: Tool #0 (Blue). arm right: 2. right instrument: Tool #9 (Green). do a hysterectomy,56987,current_public_raw_rows_not_exact_training_probability,0.19202611555171503,0.24952952184603805,0.002160656755937692,0.0001035304283973105,0.00010749763050233288
cmr_versius:01,cmr_versius,cmr-surgical-60hz/hysterectomy_phase_prompts_v1,cmr_surgical/hysterectomy,CMR_STATE_PROMPT,1.6,19.2,arm left: 3. left instrument: Tool #0 (Blue). arm right: 0. right instrument: Tool #17 (White). do a hysterectomy,208,current_public_raw_rows_not_exact_training_probability,0.19202611555171503,0.24952952184603805,7.886300476161932e-06,3.778814309691787e-07,3.9236154113192907e-07
cmr_versius:01,cmr_versius,cmr-surgical-60hz/hysterectomy_phase_prompts_v1,cmr_surgical/hysterectomy,CMR_STATE_PROMPT,1.6,19.2,arm left: 2. left instrument: Tool #0 (Cyan). arm right: 1. right instrument: Tool #9 (Green). do a hysterectomy,55557,current_public_raw_rows_not_exact_training_probability,0.19202611555171503,0.24952952184603805,0.002106438440164079,0.00010093249355939741,0.00010480014490705089
cmr_versius:01,cmr_versius,cmr-surgical-60hz/hysterectomy_phase_prompts_v1,cmr_surgical/hysterectomy,CMR_STATE_PROMPT,1.6,19.2,arm left: 3. left instrument: Tool #18 (Pink). arm right: 1. right instrument: Tool #9 (Green). do a hysterectomy,243417,current_public_raw_rows_not_exact_training_probability,0.19202611555171503,0.24952952184603805,0.009229132706759178,0.00044222482827992583,0.00045917052527745566
cmr_versius:01,cmr_versius,cmr-surgical-60hz/hysterectomy_phase_prompts_v1,cmr_surgical/hysterectomy,CMR_STATE_PROMPT,1.6,19.2,arm left: 3. left instrument: Tool #18 (Pink). arm right: 0. right instrument: Tool #14 (White). do a hysterectomy,414,current_public_raw_rows_not_exact_training_probability,0.19202611555171503,0.24952952184603805,1.5696771140053075e-05,7.521293866405768e-07,7.809503751375895e-07
cmr_versius:01,cmr_versius,cmr-surgical-60hz/hysterectomy_phase_prompts_v1,cmr_surgical/hysterectomy,CMR_STATE_PROMPT,1.6,19.2,arm left: 2. left instrument: Tool #0 (Cyan). arm right: 1. right instrument: Tool #2 (Green). do a hysterectomy,95269,current_public_raw_rows_not_exact_training_probability,0.19202611555171503,0.24952952184603805,0.003612115192612842,0.0001730787790721283,0.00017971101760623918
cmr_versius:01,cmr_versius,cmr-surgical-60hz/hysterectomy_phase_prompts_v1,cmr_surgical/hysterectomy,CMR_STATE_PROMPT,1.6,19.2,arm left: 3. left instrument: Tool #18 (Pink). arm right: 1. right instrument: Tool #2 (Green). do a hysterectomy,35921,current_public_raw_rows_not_exact_training_probability,0.19202611555171503,0.24952952184603805,0.0013619413432894843,6.525903308578782e-05,6.775970634134627e-05
cmr_versius:01,cmr_versius,cmr-surgical-60hz/hysterectomy_phase_prompts_v1,cmr_surgical/hysterectomy,CMR_STATE_PROMPT,1.6,19.2,arm left: 2. left instrument: Tool #0 (Purple). arm right: -1. right instrument: Tool #3 (None). do a hysterectomy,17101,current_public_raw_rows_not_exact_training_probability,0.19202611555171503,0.24952952184603805,0.0006483828098213712,3.106803053367272e-05,3.225853228315923e-05
cmr_versius:01,cmr_versius,cmr-surgical-60hz/hysterectomy_phase_prompts_v1,cmr_surgical/hysterectomy,CMR_STATE_PROMPT,1.6,19.2,arm left: 2. left instrument: Tool #0 (Purple). arm right: 1. right instrument: Tool #2 (Blue). do a hysterectomy,43341,current_public_raw_rows_not_exact_training_probability,0.19202611555171503,0.24952952184603805,0.001643269946814107,7.873922644055372e-05,8.175644977980258e-05
cmr_versius:01,cmr_versius,cmr-surgical-60hz/hysterectomy_phase_prompts_v1,cmr_surgical/hysterectomy,CMR_STATE_PROMPT,1.6,19.2,arm left: 2. left instrument: Tool #0 (Purple). arm right: 0. right instrument: Tool #14 (White). do a hysterectomy,16061,current_public_raw_rows_not_exact_training_probability,0.19202611555171503,0.24952952184603805,0.0006089513074405614,2.917862337882682e-05,3.029672457749958e-05
cmr_versius:01,cmr_versius,cmr-surgical-60hz/hysterectomy_phase_prompts_v1,cmr_surgical/hysterectomy,CMR_STATE_PROMPT,1.6,19.2,arm left: 2. left instrument: Tool #0 (Purple). arm right: 1. right instrument: Tool #8 (Blue). do a hysterectomy,23642,current_public_raw_rows_not_exact_training_probability,0.19202611555171503,0.24952952184603805,0.0008963842108529826,4.2951311495064046e-05,4.4597170939620504e-05
cmr_versius:01,cmr_versius,cmr-surgical-60hz/hysterectomy_phase_prompts_v1,cmr_surgical/hysterectomy,CMR_STATE_PROMPT,1.6,19.2,arm left: 2. left instrument: Tool #0 (Purple). arm right: 1. right instrument: Tool #10 (Blue). do a hysterectomy,34267,current_public_raw_rows_not_exact_training_probability,0.19202611555171503,0.24952952184603805,0.0012992300885415428,6.225414901452329e-05,6.463967754792216e-05
cmr_versius:01,cmr_versius,cmr-surgical-60hz/hysterectomy_phase_prompts_v1,cmr_surgical/hysterectomy,CMR_STATE_PROMPT,1.6,19.2,arm left: -1. left instrument: Tool #3 (None). arm right: 1. right instrument: Tool #10 (Blue). do a hysterectomy,2536,current_public_raw_rows_not_exact_training_probability,0.19202611555171503,0.24952952184603805,9.615220195935894e-05,4.607246677585756e-06,4.78379263610852e-06
cmr_versius:01,cmr_versius,cmr-surgical-60hz/hysterectomy_phase_prompts_v1,cmr_surgical/hysterectomy,CMR_STATE_PROMPT,1.6,19.2,arm left: 2. left instrument: Tool #10 (Purple). arm right: -1. right instrument: Tool #3 (None). do a hysterectomy,4490,current_public_raw_rows_not_exact_training_probability,0.19202611555171503,0.24952952184603805,0.00017023792854791863,8.157152043517367e-06,8.469727498472893e-06
cmr_versius:01,cmr_versius,cmr-surgical-60hz/hysterectomy_phase_prompts_v1,cmr_surgical/hysterectomy,CMR_STATE_PROMPT,1.6,19.2,arm left: 2. left instrument: Tool #10 (Purple). arm right: 0. right instrument: Tool #14 (White). do a hysterectomy,1765,current_public_raw_rows_not_exact_training_probability,0.19202611555171503,0.24952952184603805,6.691980932897024e-05,3.206541950291348e-06,3.3294140389319943e-06
cmr_versius:01,cmr_versius,cmr-surgical-60hz/hysterectomy_phase_prompts_v1,cmr_surgical/hysterectomy,CMR_STATE_PROMPT,1.6,19.2,arm left: 2. left instrument: Tool #10 (Purple). arm right: 1. right instrument: Tool #0 (Blue). do a hysterectomy,29496,current_public_raw_rows_not_exact_training_probability,0.19202611555171503,0.24952952184603805,0.0011183380713695786,5.3586493691667765e-05,5.563988469820856e-05
cmr_versius:01,cmr_versius,cmr-surgical-60hz/hysterectomy_phase_prompts_v1,cmr_surgical/hysterectomy,CMR_STATE_PROMPT,1.6,19.2,arm left: -1. left instrument: Tool #3 (None). arm right: 1. right instrument: Tool #0 (Blue). do a hysterectomy,3710,current_public_raw_rows_not_exact_training_probability,0.19202611555171503,0.24952952184603805,0.00014066430176231138,6.740096677382947e-06,6.998371719228158e-06
cmr_versius:01,cmr_versius,cmr-surgical-60hz/hysterectomy_phase_prompts_v1,cmr_surgical/hysterectomy,CMR_STATE_PROMPT,1.6,19.2,arm left: -1. left instrument: Tool #3 (None). arm right: 1. right instrument: Tool #8 (Blue). do a hysterectomy,3019,current_public_raw_rows_not_exact_training_probability,0.19202611555171503,0.24952952184603805,0.0001144651016227542,5.484730961999762e-06,5.694901407102374e-06
cmr_versius:01,cmr_versius,cmr-surgical-60hz/hysterectomy_phase_prompts_v1,cmr_surgical/hysterectomy,CMR_STATE_PROMPT,1.6,19.2,arm left: 2. left instrument: Tool #18 (Cyan). arm right: 1. right instrument: Tool #9 (Pink). do a hysterectomy,110240,current_public_raw_rows_not_exact_training_probability,0.19202611555171503,0.24952952184603805,0.004179739252365824,0.00020027715841366468,0.00020795161679992236
cmr_versius:01,cmr_versius,cmr-surgical-60hz/hysterectomy_phase_prompts_v1,cmr_surgical/hysterectomy,CMR_STATE_PROMPT,1.6,19.2,arm left: 2. left instrument: Tool #18 (Cyan). arm right: -1. right instrument: Tool #3 (None). do a hysterectomy,23273,current_public_raw_rows_not_exact_training_probability,0.19202611555171503,0.24952952184603805,0.0008823936104890223,4.228093530262353e-05,4.3901106474823965e-05
cmr_versius:01,cmr_versius,cmr-surgical-60hz/hysterectomy_phase_prompts_v1,cmr_surgical/hysterectomy,CMR_STATE_PROMPT,1.6,19.2,arm left: 2. left instrument: Tool #18 (Cyan). arm right: 3. right instrument: Tool #13 (Orange). do a hysterectomy,19201,current_public_raw_rows_not_exact_training_probability,0.19202611555171503,0.24952952184603805,0.0007280041127056983,3.4883179596342306e-05,3.62198747657412e-05
cmr_versius:01,cmr_versius,cmr-surgical-60hz/hysterectomy_phase_prompts_v1,cmr_surgical/hysterectomy,CMR_STATE_PROMPT,1.6,19.2,arm left: 2. left instrument: Tool #18 (Cyan). arm right: 1. right instrument: Tool #2 (Pink). do a hysterectomy,5335,current_public_raw_rows_not_exact_training_probability,0.19202611555171503,0.24952952184603805,0.00020227602423232647,9.692295356829654e-06,1.0063696259321353e-05
cmr_versius:01,cmr_versius,cmr-surgical-60hz/hysterectomy_phase_prompts_v1,cmr_surgical/hysterectomy,CMR_STATE_PROMPT,1.6,19.2,arm left: 2. left instrument: Tool #0 (Cyan). arm right: 1. right instrument: Tool #2 (Pink). do a hysterectomy,47002,current_public_raw_rows_not_exact_training_probability,0.19202611555171503,0.24952952184603805,0.0017820764181757842,8.539030297314104e-05,8.866239017443715e-05
cmr_versius:01,cmr_versius,cmr-surgical-60hz/hysterectomy_phase_prompts_v1,cmr_surgical/hysterectomy,CMR_STATE_PROMPT,1.6,19.2,arm left: 2. left instrument: Tool #0 (Cyan). arm right: 3. right instrument: Tool #13 (Orange). do a hysterectomy,2405,current_public_raw_rows_not_exact_training_probability,0.19202611555171503,0.24952952184603805,9.118534925562234e-05,4.369254045581128e-06,4.536680319337929e-06
cmr_versius:01,cmr_versius,cmr-surgical-60hz/hysterectomy_phase_prompts_v1,cmr_surgical/hysterectomy,CMR_STATE_PROMPT,1.6,19.2,arm left: 3. left instrument: Tool #12 (Cyan). arm right: 2. right instrument: Tool #0 (Orange). do a hysterectomy,23153,current_public_raw_rows_not_exact_training_probability,0.19202611555171503,0.24952952184603805,0.000877843821752775,4.20629267847567e-05,4.367474404724785e-05
cmr_versius:01,cmr_versius,cmr-surgical-60hz/hysterectomy_phase_prompts_v1,cmr_surgical/hysterectomy,CMR_STATE_PROMPT,1.6,19.2,arm left: 1. left instrument: Tool #0 (Cyan). arm right: 3. right instrument: Tool #9 (Pink). do a hysterectomy,57130,current_public_raw_rows_not_exact_training_probability,0.19202611555171503,0.24952952184603805,0.0021660785875150536,0.00010379022188110181,0.00010776737906186108
cmr_versius:01,cmr_versius,cmr-surgical-60hz/hysterectomy_phase_prompts_v1,cmr_surgical/hysterectomy,CMR_STATE_PROMPT,1.6,19.2,arm left: 2. left instrument: Tool #18 (Green). arm right: 3. right instrument: Tool #9 (Pink). do a hysterectomy,218481,current_public_raw_rows_not_exact_training_probability,0.19202611555171503,0.24952952184603805,0.008283686607366995,0.0003969226582671977,0.00041213241282713934
cmr_versius:01,cmr_versius,cmr-surgical-60hz/hysterectomy_phase_prompts_v1,cmr_surgical/hysterectomy,CMR_STATE_PROMPT,1.6,19.2,arm left: 2. left instrument: Tool #18 (Green). arm right: 0. right instrument: Tool #14 (White). do a hysterectomy,404,current_public_raw_rows_not_exact_training_probability,0.19202611555171503,0.24952952184603805,1.5317622078699136e-05,7.33962010151674e-07,7.620868395062468e-07
cmr_versius:01,cmr_versius,cmr-surgical-60hz/hysterectomy_phase_prompts_v1,cmr_surgical/hysterectomy,CMR_STATE_PROMPT,1.6,19.2,arm left: 2. left instrument: Tool #0 (Pink). arm right: 1. right instrument: Tool #9 (Orange). do a hysterectomy,81124,current_public_raw_rows_not_exact_training_probability,0.19202611555171503,0.24952952184603805,0.0030758088453276947,0.00014738102502857524,0.00015302854645570486
cmr_versius:01,cmr_versius,cmr-surgical-60hz/hysterectomy_phase_prompts_v1,cmr_surgical/hysterectomy,CMR_STATE_PROMPT,1.6,19.2,arm left: 3. left instrument: Tool #1 (Cyan). arm right: 2. right instrument: Tool #9 (Pink). do a hysterectomy,109770,current_public_raw_rows_not_exact_training_probability,0.19202611555171503,0.24952952184603805,0.004161919246482189,0.00019942329171868627,0.00020706503062524928
cmr_versius:01,cmr_versius,cmr-surgical-60hz/hysterectomy_phase_prompts_v1,cmr_surgical/hysterectomy,CMR_STATE_PROMPT,1.6,19.2,arm left: 3. left instrument: Tool #1 (Cyan). arm right: -1. right instrument: Tool #3 (None). do a hysterectomy,36454,current_public_raw_rows_not_exact_training_probability,0.19202611555171503,0.24952952184603805,0.0013821499882596493,6.622735425264634e-05,6.876513279049683e-05
cmr_versius:01,cmr_versius,cmr-surgical-60hz/hysterectomy_phase_prompts_v1,cmr_surgical/hysterectomy,CMR_STATE_PROMPT,1.6,19.2,arm left: 3. left instrument: Tool #1 (Cyan). arm right: 1. right instrument: Tool #13 (Orange). do a hysterectomy,18893,current_public_raw_rows_not_exact_training_probability,0.19202611555171503,0.24952952184603805,0.000716326321615997,3.43236244004841e-05,3.5638877868295845e-05
cmr_versius:01,cmr_versius,cmr-surgical-60hz/hysterectomy_phase_prompts_v1,cmr_surgical/hysterectomy,CMR_STATE_PROMPT,1.6,19.2,arm left: 3. left instrument: Tool #1 (Cyan). arm right: 2. right instrument: Tool #8 (Pink). do a hysterectomy,31264,current_public_raw_rows_not_exact_training_probability,0.19202611555171503,0.24952952184603805,0.001185371625416955,5.679848585490578e-05,5.897495779782995e-05
cmr_versius:01,cmr_versius,cmr-surgical-60hz/hysterectomy_phase_prompts_v1,cmr_surgical/hysterectomy,CMR_STATE_PROMPT,1.6,19.2,arm left: 2. left instrument: Tool #12 (Orange). arm right: 3. right instrument: Tool #2 (Green). do a hysterectomy,35351,current_public_raw_rows_not_exact_training_probability,0.19202611555171503,0.24952952184603805,0.0013403298467923098,6.422349262592036e-05,6.668448481035973e-05
cmr_versius:01,cmr_versius,cmr-surgical-60hz/hysterectomy_phase_prompts_v1,cmr_surgical/hysterectomy,CMR_STATE_PROMPT,1.6,19.2,arm left: 1. left instrument: Tool #0 (Cyan). arm right: 3. right instrument: Tool #2 (Green). do a hysterectomy,32951,current_public_raw_rows_not_exact_training_probability,0.19202611555171503,0.24952952184603805,0.0012493340720673644,5.986332226858368e-05,6.215723625883747e-05
cmr_versius:01,cmr_versius,cmr-surgical-60hz/hysterectomy_phase_prompts_v1,cmr_surgical/hysterectomy,CMR_STATE_PROMPT,1.6,19.2,arm left: 2. left instrument: Tool #12 (Orange). arm right: -1. right instrument: Tool #3 (None). do a hysterectomy,14313,current_public_raw_rows_not_exact_training_probability,0.19202611555171503,0.24952952184603805,0.000542676051515893,2.600296596856661e-05,2.699937854914087e-05
cmr_versius:01,cmr_versius,cmr-surgical-60hz/hysterectomy_phase_prompts_v1,cmr_surgical/hysterectomy,CMR_STATE_PROMPT,1.6,19.2,arm left: 2. left instrument: Tool #12 (Orange). arm right: 3. right instrument: Tool #9 (Green). do a hysterectomy,192080,current_public_raw_rows_not_exact_training_probability,0.19202611555171503,0.24952952184603805,0.0072826951704864605,0.00034895896759884536,0.00036233079240683135
cmr_versius:01,cmr_versius,cmr-surgical-60hz/hysterectomy_phase_prompts_v1,cmr_surgical/hysterectomy,CMR_STATE_PROMPT,1.6,19.2,arm left: 1. left instrument: Tool #0 (Cyan). arm right: 3. right instrument: Tool #9 (Green). do a hysterectomy,32512,current_public_raw_rows_not_exact_training_probability,0.19202611555171503,0.24952952184603805,0.0012326894282739267,5.906577444072085e-05,6.132912704462152e-05
cmr_versius:01,cmr_versius,cmr-surgical-60hz/hysterectomy_phase_prompts_v1,cmr_surgical/hysterectomy,CMR_STATE_PROMPT,1.6,19.2,arm left: 2. left instrument: Tool #18 (Cyan). arm right: 3. right instrument: Tool #9 (Pink). do a hysterectomy,97929,current_public_raw_rows_not_exact_training_probability,0.19202611555171503,0.24952952184603805,0.0037129688429329896,0.00017791130121817643,0.00018472871808417635
cmr_versius:01,cmr_versius,cmr-surgical-60hz/hysterectomy_phase_prompts_v1,cmr_surgical/hysterectomy,CMR_STATE_PROMPT,1.6,19.2,arm left: 2. left instrument: Tool #18 (Cyan). arm right: 1. right instrument: Tool #13 (Orange). do a hysterectomy,27256,current_public_raw_rows_not_exact_training_probability,0.19202611555171503,0.24952952184603805,0.0010334086816262962,4.9517001358153526e-05,5.141445271678778e-05
cmr_versius:01,cmr_versius,cmr-surgical-60hz/hysterectomy_phase_prompts_v1,cmr_surgical/hysterectomy,CMR_STATE_PROMPT,1.6,19.2,arm left: 2. left instrument: Tool #18 (Cyan). arm right: 3. right instrument: Tool #8 (Pink). do a hysterectomy,50596,current_public_raw_rows_not_exact_training_probability,0.19202611555171503,0.24952952184603805,0.00191834259082639,9.191965808325271e-05,9.544194488034174e-05
cmr_versius:01,cmr_versius,cmr-surgical-60hz/hysterectomy_phase_prompts_v1,cmr_surgical/hysterectomy,CMR_STATE_PROMPT,1.6,19.2,arm left: 2. left instrument: Tool #18 (Cyan). arm right: 3. right instrument: Tool #2 (Pink). do a hysterectomy,6507,current_public_raw_rows_not_exact_training_probability,0.19202611555171503,0.24952952184603805,0.0002467122942230081,1.1821511881329064e-05,1.227450263531472e-05
cmr_versius:01,cmr_versius,cmr-surgical-60hz/hysterectomy_phase_prompts_v1,cmr_surgical/hysterectomy,CMR_STATE_PROMPT,1.6,19.2,arm left: 2. left instrument: Tool #0 (Cyan). arm right: 3. right instrument: Tool #2 (Pink). do a hysterectomy,61925,current_public_raw_rows_not_exact_training_probability,0.19202611555171503,0.24952952184603805,0.0023478805624342672,0.00011250147890753071,0.00011681244439708992
cmr_versius:01,cmr_versius,cmr-surgical-60hz/hysterectomy_phase_prompts_v1,cmr_surgical/hysterectomy,CMR_STATE_PROMPT,1.6,19.2,arm left: 2. left instrument: Tool #0 (Cyan). arm right: 1. right instrument: Tool #13 (Orange). do a hysterectomy,2749,current_public_raw_rows_not_exact_training_probability,0.19202611555171503,0.24952952184603805,0.00010422807696619784,4.994211796799385e-06,5.1855859450561194e-06
cmr_versius:01,cmr_versius,cmr-surgical-60hz/hysterectomy_phase_prompts_v1,cmr_surgical/hysterectomy,CMR_STATE_PROMPT,1.6,19.2,arm left: 1. left instrument: Tool #18 (Green). arm right: -1. right instrument: Tool #3 (None). do a hysterectomy,59795,current_public_raw_rows_not_exact_training_probability,0.19202611555171503,0.24952952184603805,0.0022671218123658785,0.00010863182771539442,0.00011279451130761393
cmr_versius:01,cmr_versius,cmr-surgical-60hz/hysterectomy_phase_prompts_v1,cmr_surgical/hysterectomy,CMR_STATE_PROMPT,1.6,19.2,arm left: 1. left instrument: Tool #18 (Green). arm right: 2. right instrument: Tool #9 (Orange). do a hysterectomy,219891,current_public_raw_rows_not_exact_training_probability,0.19202611555171503,0.24952952184603805,0.0083371466250179,0.000399484258352133,0.00041479217135115867
cmr_versius:01,cmr_versius,cmr-surgical-60hz/hysterectomy_phase_prompts_v1,cmr_surgical/hysterectomy,CMR_STATE_PROMPT,1.6,19.2,arm left: 1. left instrument: Tool #2 (Green). arm right: -1. right instrument: Tool #3 (None). do a hysterectomy,3850,current_public_raw_rows_not_exact_training_probability,0.19202611555171503,0.24952952184603805,0.00014597238862126653,6.994439948227587e-06,7.262461218066956e-06
cmr_versius:01,cmr_versius,cmr-surgical-60hz/hysterectomy_phase_prompts_v1,cmr_surgical/hysterectomy,CMR_STATE_PROMPT,1.6,19.2,arm left: 1. left instrument: Tool #2 (Green). arm right: 2. right instrument: Tool #2 (Orange). do a hysterectomy,40077,current_public_raw_rows_not_exact_training_probability,0.19202611555171503,0.24952952184603805,0.0015195156931881815,7.280939475457584e-05,7.559939174973232e-05
cmr_versius:01,cmr_versius,cmr-surgical-60hz/hysterectomy_phase_prompts_v1,cmr_surgical/hysterectomy,CMR_STATE_PROMPT,1.6,19.2,arm left: 3. left instrument: Tool #1 (Pink). arm right: 2. right instrument: Tool #9 (Orange). do a hysterectomy,271321,current_public_raw_rows_not_exact_training_probability,0.19202611555171503,0.24952952184603805,0.01028711024756121,0.0004929190756345602,0.0005118073351031544
cmr_versius:01,cmr_versius,cmr-surgical-60hz/hysterectomy_phase_prompts_v1,cmr_surgical/hysterectomy,CMR_STATE_PROMPT,1.6,19.2,arm left: 3. left instrument: Tool #1 (Pink). arm right: -1. right instrument: Tool #3 (None). do a hysterectomy,7374,current_public_raw_rows_not_exact_training_probability,0.19202611555171503,0.24952952184603805,0.00027958451784239466,1.3396623422916941e-05,1.390997117455214e-05
cmr_versius:01,cmr_versius,cmr-surgical-60hz/hysterectomy_phase_prompts_v1,cmr_surgical/hysterectomy,CMR_STATE_PROMPT,1.6,19.2,arm left: 2. left instrument: Tool #2 (Cyan). arm right: -1. right instrument: Tool #3 (None). do a hysterectomy,1544,current_public_raw_rows_not_exact_training_probability,0.19202611555171503,0.24952952184603805,5.854061507304818e-05,2.8050429298865953e-06,2.912529901479319e-06
cmr_versius:01,cmr_versius,cmr-surgical-60hz/hysterectomy_phase_prompts_v1,cmr_surgical/hysterectomy,CMR_STATE_PROMPT,1.6,19.2,arm left: 2. left instrument: Tool #2 (Cyan). arm right: 1. right instrument: Tool #2 (Orange). do a hysterectomy,43563,current_public_raw_rows_not_exact_training_probability,0.19202611555171503,0.24952952184603805,0.0016516870559761647,7.914254219860736e-05,8.21752202708184e-05
cmr_versius:01,cmr_versius,cmr-surgical-60hz/hysterectomy_phase_prompts_v1,cmr_surgical/hysterectomy,CMR_STATE_PROMPT,1.6,19.2,arm left: 3. left instrument: Tool #0 (Pink). arm right: -1. right instrument: Tool #3 (None). do a hysterectomy,3348,current_public_raw_rows_not_exact_training_probability,0.19202611555171503,0.24952952184603805,0.00012693910574129879,6.082437648484664e-06,6.3155117293735504e-06
cmr_versius:01,cmr_versius,cmr-surgical-60hz/hysterectomy_phase_prompts_v1,cmr_surgical/hysterectomy,CMR_STATE_PROMPT,1.6,19.2,arm left: 2. left instrument: Tool #12 (Cyan). arm right: 1. right instrument: Tool #9 (Orange). do a hysterectomy,140847,current_public_raw_rows_not_exact_training_probability,0.19202611555171503,0.24952952184603805,0.005340200784451825,0.0002558820476332496,0.00026568724030677314
cmr_versius:01,cmr_versius,cmr-surgical-60hz/hysterectomy_phase_prompts_v1,cmr_surgical/hysterectomy,CMR_STATE_PROMPT,1.6,19.2,arm left: 0. left instrument: Tool #17 (White). arm right: 1. right instrument: Tool #9 (Orange). do a hysterectomy,4709,current_public_raw_rows_not_exact_training_probability,0.19202611555171503,0.24952952184603805,0.00017854129299156989,8.555017588624339e-06,8.882838928799297e-06
cmr_versius:01,cmr_versius,cmr-surgical-60hz/hysterectomy_phase_prompts_v1,cmr_surgical/hysterectomy,CMR_STATE_PROMPT,1.6,19.2,arm left: 3. left instrument: Tool #0 (Pink). arm right: 1. right instrument: Tool #9 (Orange). do a hysterectomy,12487,current_public_raw_rows_not_exact_training_probability,0.19202611555171503,0.24952952184603805,0.00047344343291266366,2.268560302169295e-05,2.355489694285768e-05
cmr_versius:01,cmr_versius,cmr-surgical-60hz/hysterectomy_phase_prompts_v1,cmr_surgical/hysterectomy,CMR_STATE_PROMPT,1.6,19.2,arm left: 2. left instrument: Tool #12 (Cyan). arm right: 0. right instrument: Tool #17 (White). do a hysterectomy,6049,current_public_raw_rows_not_exact_training_probability,0.19202611555171503,0.24952952184603805,0.0002293472672129977,1.0989446038137316e-05,1.1410552703399223e-05
cmr_versius:01,cmr_versius,cmr-surgical-60hz/hysterectomy_phase_prompts_v1,cmr_surgical/hysterectomy,CMR_STATE_PROMPT,1.6,19.2,arm left: 3. left instrument: Tool #0 (Pink). arm right: 0. right instrument: Tool #17 (White). do a hysterectomy,685,current_public_raw_rows_not_exact_training_probability,0.19202611555171503,0.24952952184603805,2.5971710702744823e-05,1.2444652894898433e-06,1.292152190746978e-06
cmr_versius:01,cmr_versius,cmr-surgical-60hz/hysterectomy_phase_prompts_v1,cmr_surgical/hysterectomy,CMR_STATE_PROMPT,1.6,19.2,arm left: 2. left instrument: Tool #13 (Cyan). arm right: -1. right instrument: Tool #3 (None). do a hysterectomy,19539,current_public_raw_rows_not_exact_training_probability,0.19202611555171503,0.24952952184603805,0.0007408193509794614,3.549723692166722e-05,3.685746227008058e-05
cmr_versius:01,cmr_versius,cmr-surgical-60hz/hysterectomy_phase_prompts_v1,cmr_surgical/hysterectomy,CMR_STATE_PROMPT,1.6,19.2,arm left: 3. left instrument: Tool #18 (Green). arm right: -1. right instrument: Tool #3 (None). do a hysterectomy,384,current_public_raw_rows_not_exact_training_probability,0.19202611555171503,0.24952952184603805,1.4559323955991258e-05,6.976272571738683e-07,7.243597682435613e-07
cmr_versius:01,cmr_versius,cmr-surgical-60hz/hysterectomy_phase_prompts_v1,cmr_surgical/hysterectomy,CMR_STATE_PROMPT,1.6,19.2,arm left: 3. left instrument: Tool #18 (Green). arm right: 1. right instrument: Tool #9 (Orange). do a hysterectomy,116360,current_public_raw_rows_not_exact_training_probability,0.19202611555171503,0.24952952184603805,0.0044117784779144345,0.00021139559282487322,0.00021949610060630414
cmr_versius:01,cmr_versius,cmr-surgical-60hz/hysterectomy_phase_prompts_v1,cmr_surgical/hysterectomy,CMR_STATE_PROMPT,1.6,19.2,arm left: 2. left instrument: Tool #13 (Cyan). arm right: 1. right instrument: Tool #9 (Orange). do a hysterectomy,36757,current_public_raw_rows_not_exact_training_probability,0.19202611555171503,0.24952952184603805,0.0013936382048186737,6.67778257602601e-05,6.933669792012652e-05
cmr_versius:01,cmr_versius,cmr-surgical-60hz/hysterectomy_phase_prompts_v1,cmr_surgical/hysterectomy,CMR_STATE_PROMPT,1.6,19.2,arm left: 2. left instrument: Tool #13 (Cyan). arm right: 1. right instrument: Tool #2 (Orange). do a hysterectomy,96770,current_public_raw_rows_not_exact_training_probability,0.19202611555171503,0.24952952184603805,0.003669025466722068,0.0001758057022831126,0.0001825424343045037
cmr_versius:01,cmr_versius,cmr-surgical-60hz/hysterectomy_phase_prompts_v1,cmr_surgical/hysterectomy,CMR_STATE_PROMPT,1.6,19.2,arm left: 3. left instrument: Tool #18 (Green). arm right: 1. right instrument: Tool #2 (Orange). do a hysterectomy,34340,current_public_raw_rows_not_exact_training_probability,0.19202611555171503,0.24952952184603805,0.0013019978766894266,6.238677086289229e-05,6.477738135803098e-05
cmr_versius:01,cmr_versius,cmr-surgical-60hz/hysterectomy_phase_prompts_v1,cmr_surgical/hysterectomy,CMR_STATE_PROMPT,1.6,19.2,arm left: 2. left instrument: Tool #13 (Cyan). arm right: 0. right instrument: Tool #14 (White). do a hysterectomy,321,current_public_raw_rows_not_exact_training_probability,0.19202611555171503,0.24952952184603805,1.2170684869461443e-05,5.831727852937805e-07,6.05519493766102e-07
cmr_versius:01,cmr_versius,cmr-surgical-60hz/hysterectomy_phase_prompts_v1,cmr_surgical/hysterectomy,CMR_STATE_PROMPT,1.6,19.2,arm left: 1. left instrument: Tool #12 (Cyan). arm right: 2. right instrument: Tool #9 (Orange). do a hysterectomy,211941,current_public_raw_rows_not_exact_training_probability,0.19202611555171503,0.24952952184603805,0.008035723121241518,0.0003850411940434552,0.00039979566052424114
cmr_versius:01,cmr_versius,cmr-surgical-60hz/hysterectomy_phase_prompts_v1,cmr_surgical/hysterectomy,CMR_STATE_PROMPT,1.6,19.2,arm left: 1. left instrument: Tool #12 (Cyan). arm right: 2. right instrument: Tool #2 (Orange). do a hysterectomy,50538,current_public_raw_rows_not_exact_training_probability,0.19202611555171503,0.24952952184603805,0.001916143526270537,9.181428729961708e-05,9.533253637367996e-05
cmr_versius:01,cmr_versius,cmr-surgical-60hz/hysterectomy_phase_prompts_v1,cmr_surgical/hysterectomy,CMR_STATE_PROMPT,1.6,19.2,arm left: 3. left instrument: Tool #0 (Green). arm right: 2. right instrument: Tool #9 (Cyan). do a hysterectomy,63431,current_public_raw_rows_not_exact_training_probability,0.19202611555171503,0.24952952184603805,0.0024049804110741705,0.00011523748580675948,0.00011965329286317014
cmr_versius:01,cmr_versius,cmr-surgical-60hz/hysterectomy_phase_prompts_v1,cmr_surgical/hysterectomy,CMR_STATE_PROMPT,1.6,19.2,arm left: 1. left instrument: Tool #18 (Pink). arm right: 2. right instrument: Tool #9 (Cyan). do a hysterectomy,183924,current_public_raw_rows_not_exact_training_probability,0.19202611555171503,0.24952952184603805,0.006973461196046188,0.00033414165533449623,0.00034694569274590825
cmr_versius:01,cmr_versius,cmr-surgical-60hz/hysterectomy_phase_prompts_v1,cmr_surgical/hysterectomy,CMR_STATE_PROMPT,1.6,19.2,arm left: 1. left instrument: Tool #2 (Pink). arm right: 2. right instrument: Tool #2 (Cyan). do a hysterectomy,43849,current_public_raw_rows_not_exact_training_probability,0.19202611555171503,0.24952952184603805,0.0016625307191308872,7.966212916618998e-05,8.271471738987478e-05
cmr_versius:01,cmr_versius,cmr-surgical-60hz/hysterectomy_phase_prompts_v1,cmr_surgical/hysterectomy,CMR_STATE_PROMPT,1.6,19.2,arm left: 2. left instrument: Tool #2 (Blue). arm right: 1. right instrument: Tool #2 (Pink). do a hysterectomy,55774,current_public_raw_rows_not_exact_training_probability,0.19202611555171503,0.24952952184603805,0.0021146659747954596,0.0001013267256292066,0.00010520948363025102
cmr_versius:01,cmr_versius,cmr-surgical-60hz/hysterectomy_phase_prompts_v1,cmr_surgical/hysterectomy,CMR_STATE_PROMPT,1.6,19.2,arm left: 2. left instrument: Tool #12 (Blue). arm right: 1. right instrument: Tool #9 (Pink). do a hysterectomy,163014,current_public_raw_rows_not_exact_training_probability,0.19202611555171503,0.24952952184603805,0.0061806605087551016,0.00029615367109620043,0.00030750203974077054
cmr_versius:01,cmr_versius,cmr-surgical-60hz/hysterectomy_phase_prompts_v1,cmr_surgical/hysterectomy,CMR_STATE_PROMPT,1.6,19.2,arm left: 3. left instrument: Tool #0 (Orange). arm right: 1. right instrument: Tool #9 (Pink). do a hysterectomy,21199,current_public_raw_rows_not_exact_training_probability,0.19202611555171503,0.24952952184603805,0.0008037580951642154,3.851302141882509e-05,3.998880918488348e-05
cmr_versius:01,cmr_versius,cmr-surgical-60hz/hysterectomy_phase_prompts_v1,cmr_surgical/hysterectomy,CMR_STATE_PROMPT,1.6,19.2,arm left: 3. left instrument: Tool #0 (Orange). arm right: -1. right instrument: Tool #3 (None). do a hysterectomy,7326,current_public_raw_rows_not_exact_training_probability,0.19202611555171503,0.24952952184603805,0.00027776460234789574,1.3309420015770206e-05,1.3819426203521693e-05
cmr_versius:01,cmr_versius,cmr-surgical-60hz/hysterectomy_phase_prompts_v1,cmr_surgical/hysterectomy,CMR_STATE_PROMPT,1.6,19.2,arm left: 2. left instrument: Tool #12 (Blue). arm right: 0. right instrument: Tool #17 (White). do a hysterectomy,10436,current_public_raw_rows_not_exact_training_probability,0.19202611555171503,0.24952952184603805,0.00039567996042897075,1.8959474103818984e-05,1.9685985784869287e-05
cmr_versius:01,cmr_versius,cmr-surgical-60hz/hysterectomy_phase_prompts_v1,cmr_surgical/hysterectomy,CMR_STATE_PROMPT,1.6,19.2,arm left: 3. left instrument: Tool #0 (Orange). arm right: 0. right instrument: Tool #17 (White). do a hysterectomy,5388,current_public_raw_rows_not_exact_training_probability,0.19202611555171503,0.24952952184603805,0.00020428551425750235,9.78858245222084e-06,1.016367299816747e-05
cmr_versius:01,cmr_versius,cmr-surgical-60hz/hysterectomy_phase_prompts_v1,cmr_surgical/hysterectomy,CMR_STATE_PROMPT,1.6,19.2,arm left: 1. left instrument: Tool #18 (Blue). arm right: 2. right instrument: Tool #2 (Cyan). do a hysterectomy,78749,current_public_raw_rows_not_exact_training_probability,0.19202611555171503,0.24952952184603805,0.0029857609432561343,0.0001430662731124608,0.00014854845674326094
cmr_versius:01,cmr_versius,cmr-surgical-60hz/hysterectomy_phase_prompts_v1,cmr_surgical/hysterectomy,CMR_STATE_PROMPT,1.6,19.2,arm left: -1. left instrument: Tool #3 (None). arm right: 2. right instrument: Tool #10 (Cyan). do a hysterectomy,3987,current_public_raw_rows_not_exact_training_probability,0.19202611555171503,0.24952952184603805,0.00015116673076181548,7.243333006125554e-06,7.5208916562163505e-06
cmr_versius:01,cmr_versius,cmr-surgical-60hz/hysterectomy_phase_prompts_v1,cmr_surgical/hysterectomy,CMR_STATE_PROMPT,1.6,19.2,arm left: 1. left instrument: Tool #18 (Blue). arm right: 2. right instrument: Tool #10 (Cyan). do a hysterectomy,97766,current_public_raw_rows_not_exact_training_probability,0.19202611555171503,0.24952952184603805,0.00370678871323292,0.0001776151729814073,0.00018442124245338543
cmr_versius:01,cmr_versius,cmr-surgical-60hz/hysterectomy_phase_prompts_v1,cmr_surgical/hysterectomy,CMR_STATE_PROMPT,1.6,19.2,arm left: 1. left instrument: Tool #18 (Blue). arm right: 2. right instrument: Tool #8 (Cyan). do a hysterectomy,46207,current_public_raw_rows_not_exact_training_probability,0.19202611555171503,0.24952952184603805,0.0017519340677981461,8.394599654227327e-05,8.716273909174542e-05
cmr_versius:01,cmr_versius,cmr-surgical-60hz/hysterectomy_phase_prompts_v1,cmr_surgical/hysterectomy,CMR_STATE_PROMPT,1.6,19.2,arm left: -1. left instrument: Tool #3 (None). arm right: 2. right instrument: Tool #8 (Cyan). do a hysterectomy,2735,current_public_raw_rows_not_exact_training_probability,0.19202611555171503,0.24952952184603805,0.00010369726828030232,4.968777469714921e-06,5.15917699517224e-06
cmr_versius:01,cmr_versius,cmr-surgical-60hz/hysterectomy_phase_prompts_v1,cmr_surgical/hysterectomy,CMR_STATE_PROMPT,1.6,19.2,arm left: 0. left instrument: Tool #14 (White). arm right: 2. right instrument: Tool #8 (Cyan). do a hysterectomy,659,current_public_raw_rows_not_exact_training_probability,0.19202611555171503,0.24952952184603805,2.498592314322458e-05,1.1972301106186959e-06,1.2431069981054867e-06
cmr_versius:01,cmr_versius,cmr-surgical-60hz/hysterectomy_phase_prompts_v1,cmr_surgical/hysterectomy,CMR_STATE_PROMPT,1.6,19.2,arm left: 2. left instrument: Tool #1 (Pink). arm right: 1. right instrument: Tool #9 (Orange). do a hysterectomy,196787,current_public_raw_rows_not_exact_training_probability,0.19202611555171503,0.24952952184603805,0.00746116063366576,0.00035751035171217193,0.0003712098586285044
cmr_versius:01,cmr_versius,cmr-surgical-60hz/hysterectomy_phase_prompts_v1,cmr_surgical/hysterectomy,CMR_STATE_PROMPT,1.6,19.2,arm left: 2. left instrument: Tool #1 (Pink). arm right: -1. right instrument: Tool #3 (None). do a hysterectomy,17501,current_public_raw_rows_not_exact_training_probability,0.19202611555171503,0.24952952184603805,0.0006635487722755287,3.1794725593228826e-05,3.301307370841293e-05
cmr_versius:01,cmr_versius,cmr-surgical-60hz/hysterectomy_phase_prompts_v1,cmr_surgical/hysterectomy,CMR_STATE_PROMPT,1.6,19.2,arm left: 2. left instrument: Tool #1 (Pink). arm right: 0. right instrument: Tool #17 (White). do a hysterectomy,666,current_public_raw_rows_not_exact_training_probability,0.19202611555171503,0.24952952184603805,2.5251327486172338e-05,1.2099472741609278e-06,1.2563114730474266e-06
cmr_versius:01,cmr_versius,cmr-surgical-60hz/hysterectomy_phase_prompts_v1,cmr_surgical/hysterectomy,CMR_STATE_PROMPT,1.6,19.2,arm left: 0. left instrument: Tool #17 (White). arm right: 1. right instrument: Tool #2 (Orange). do a hysterectomy,2426,current_public_raw_rows_not_exact_training_probability,0.19202611555171503,0.24952952184603805,9.198156228446561e-05,4.407405536207825e-06,4.57629374416375e-06
cmr_versius:01,cmr_versius,cmr-surgical-60hz/hysterectomy_phase_prompts_v1,cmr_surgical/hysterectomy,CMR_STATE_PROMPT,1.6,19.2,arm left: 1. left instrument: Tool #0 (Cyan). arm right: 0. right instrument: Tool #14 (White). do a hysterectomy,278,current_public_raw_rows_not_exact_training_probability,0.19202611555171503,0.24952952184603805,1.0540343905639505e-05,5.050530663914985e-07,5.244062905513283e-07
cmr_versius:01,cmr_versius,cmr-surgical-60hz/hysterectomy_phase_prompts_v1,cmr_surgical/hysterectomy,CMR_STATE_PROMPT,1.6,19.2,arm left: 1. left instrument: Tool #0 (Green). arm right: 0. right instrument: Tool #17 (White). do a hysterectomy,606,current_public_raw_rows_not_exact_training_probability,0.19202611555171503,0.24952952184603805,2.2976433118048704e-05,1.100943015227511e-06,1.1431302592593703e-06
cmr_versius:01,cmr_versius,cmr-surgical-60hz/hysterectomy_phase_prompts_v1,cmr_surgical/hysterectomy,CMR_STATE_PROMPT,1.6,19.2,arm left: 2. left instrument: Tool #12 (Orange). arm right: 0. right instrument: Tool #17 (White). do a hysterectomy,834,current_public_raw_rows_not_exact_training_probability,0.19202611555171503,0.24952952184603805,3.1621031716918514e-05,1.5151591991744952e-06,1.5732188716539846e-06
cmr_versius:01,cmr_versius,cmr-surgical-60hz/hysterectomy_phase_prompts_v1,cmr_surgical/hysterectomy,CMR_STATE_PROMPT,1.6,19.2,arm left: 2. left instrument: Tool #12 (Orange). arm right: 3. right instrument: Tool #9 (Pink). do a hysterectomy,73610,current_public_raw_rows_not_exact_training_probability,0.19202611555171503,0.24952952184603805,0.0027909162406263453,0.00013373005833481366,0.00013885448578231392
cmr_versius:01,cmr_versius,cmr-surgical-60hz/hysterectomy_phase_prompts_v1,cmr_surgical/hysterectomy,CMR_STATE_PROMPT,1.6,19.2,arm left: 1. left instrument: Tool #0 (Green). arm right: 3. right instrument: Tool #9 (Pink). do a hysterectomy,18276,current_public_raw_rows_not_exact_training_probability,0.19202611555171503,0.24952952184603805,0.0006929328245304589,3.320269727111879e-05,3.4474997719841995e-05
cmr_versius:01,cmr_versius,cmr-surgical-60hz/hysterectomy_phase_prompts_v1,cmr_surgical/hysterectomy,CMR_STATE_PROMPT,1.6,19.2,arm left: 2. left instrument: Tool #9 (Pink). arm right: -1. right instrument: Tool #3 (None). do a hysterectomy,6234,current_public_raw_rows_not_exact_training_probability,0.19202611555171503,0.24952952184603805,0.0002363615248480456,1.1325542503182018e-05,1.1759528112579066e-05
cmr_versius:01,cmr_versius,cmr-surgical-60hz/hysterectomy_phase_prompts_v1,cmr_surgical/hysterectomy,CMR_STATE_PROMPT,1.6,19.2,arm left: 2. left instrument: Tool #2 (Pink). arm right: 0. right instrument: Tool #14 (White). do a hysterectomy,546,current_public_raw_rows_not_exact_training_probability,0.19202611555171503,0.24952952184603805,2.070153874992507e-05,9.91938756294094e-07,1.0299490454713137e-06
cmr_versius:01,cmr_versius,cmr-surgical-60hz/hysterectomy_phase_prompts_v1,cmr_surgical/hysterectomy,CMR_STATE_PROMPT,1.6,19.2,arm left: 2. left instrument: Tool #2 (Pink). arm right: 1. right instrument: Tool #18 (Purple). do a hysterectomy,11538,current_public_raw_rows_not_exact_training_probability,0.19202611555171503,0.24952952184603805,0.00043746218699017487,2.0961518992896075e-05,2.1764747411443256e-05
cmr_versius:01,cmr_versius,cmr-surgical-60hz/hysterectomy_phase_prompts_v1,cmr_surgical/hysterectomy,CMR_STATE_PROMPT,1.6,19.2,arm left: 2. left instrument: Tool #9 (Pink). arm right: 0. right instrument: Tool #14 (White). do a hysterectomy,273,current_public_raw_rows_not_exact_training_probability,0.19202611555171503,0.24952952184603805,1.0350769374962535e-05,4.95969378147047e-07,5.149745227356569e-07
cmr_versius:01,cmr_versius,cmr-surgical-60hz/hysterectomy_phase_prompts_v1,cmr_surgical/hysterectomy,CMR_STATE_PROMPT,1.6,19.2,arm left: 2. left instrument: Tool #2 (Orange). arm right: -1. right instrument: Tool #3 (None). do a hysterectomy,12286,current_public_raw_rows_not_exact_training_probability,0.19202611555171503,0.24952952184603805,0.00046582253677944946,2.2320438754266005e-05,2.317573987666769e-05
cmr_versius:01,cmr_versius,cmr-surgical-60hz/hysterectomy_phase_prompts_v1,cmr_surgical/hysterectomy,CMR_STATE_PROMPT,1.6,19.2,arm left: 3. left instrument: Tool #12 (Green). arm right: 1. right instrument: Tool #9 (Orange). do a hysterectomy,100024,current_public_raw_rows_not_exact_training_probability,0.19202611555171503,0.24952952184603805,0.0037924005712866395,0.00018171736659260157,0.00018868062879894265
cmr_versius:01,cmr_versius,cmr-surgical-60hz/hysterectomy_phase_prompts_v1,cmr_surgical/hysterectomy,CMR_STATE_PROMPT,1.6,19.2,arm left: 2. left instrument: Tool #0 (Blue). arm right: 1. right instrument: Tool #9 (Orange). do a hysterectomy,12886,current_public_raw_rows_not_exact_training_probability,0.19202611555171503,0.24952952184603805,0.0004885714804606858,2.3410481343600176e-05,2.4307552014548258e-05
cmr_versius:01,cmr_versius,cmr-surgical-60hz/hysterectomy_phase_prompts_v1,cmr_surgical/hysterectomy,CMR_STATE_PROMPT,1.6,19.2,arm left: 3. left instrument: Tool #12 (Green). arm right: 1. right instrument: Tool #2 (Orange). do a hysterectomy,17127,current_public_raw_rows_not_exact_training_probability,0.19202611555171503,0.24952952184603805,0.0006493685973808914,3.111526571254386e-05,3.230757747580071e-05
cmr_versius:01,cmr_versius,cmr-surgical-60hz/hysterectomy_phase_prompts_v1,cmr_surgical/hysterectomy,CMR_STATE_PROMPT,1.6,19.2,arm left: 2. left instrument: Tool #0 (Blue). arm right: 1. right instrument: Tool #2 (Orange). do a hysterectomy,197,current_public_raw_rows_not_exact_training_probability,0.19202611555171503,0.24952952184603805,7.469236508672599e-06,3.5789731683138555e-07,3.71611651937452e-07
cmr_versius:01,cmr_versius,cmr-surgical-60hz/hysterectomy_phase_prompts_v1,cmr_surgical/hysterectomy,CMR_STATE_PROMPT,1.6,19.2,arm left: 3. left instrument: Tool #2 (Green). arm right: 1. right instrument: Tool #2 (Orange). do a hysterectomy,36372,current_public_raw_rows_not_exact_training_probability,0.19202611555171503,0.24952952184603805,0.001379040965956547,6.607838176543734e-05,6.861045179831982e-05
cmr_versius:01,cmr_versius,cmr-surgical-60hz/hysterectomy_phase_prompts_v1,cmr_surgical/hysterectomy,CMR_STATE_PROMPT,1.6,19.2,arm left: 3. left instrument: Tool #2 (Green). arm right: -1. right instrument: Tool #3 (None). do a hysterectomy,482,current_public_raw_rows_not_exact_training_probability,0.19202611555171503,0.24952952184603805,1.8274984757259862e-05,8.75667546765116e-07,9.092224174307202e-07
cmr_versius:01,cmr_versius,cmr-surgical-60hz/hysterectomy_phase_prompts_v1,cmr_surgical/hysterectomy,CMR_STATE_PROMPT,1.6,19.2,arm left: 3. left instrument: Tool #12 (Blue). arm right: 2. right instrument: Tool #2 (Pink). do a hysterectomy,58088,current_public_raw_rows_not_exact_training_probability,0.19202611555171503,0.24952952184603805,0.002202401067592761,0.0001055306565487387,0.00010957450577534372
cmr_versius:01,cmr_versius,cmr-surgical-60hz/hysterectomy_phase_prompts_v1,cmr_surgical/hysterectomy,CMR_STATE_PROMPT,1.6,19.2,arm left: 3. left instrument: Tool #12 (Blue). arm right: 1. right instrument: Tool #0 (Cyan). do a hysterectomy,31202,current_public_raw_rows_not_exact_training_probability,0.19202611555171503,0.24952952184603805,0.0011830209012365605,5.668584812067458e-05,5.885800387691562e-05
cmr_versius:01,cmr_versius,cmr-surgical-60hz/hysterectomy_phase_prompts_v1,cmr_surgical/hysterectomy,CMR_STATE_PROMPT,1.6,19.2,arm left: 3. left instrument: Tool #12 (Blue). arm right: 2. right instrument: Tool #9 (Pink). do a hysterectomy,220125,current_public_raw_rows_not_exact_training_probability,0.19202611555171503,0.24952952184603805,0.008346018713053583,0.00039990937496197336,0.0004152335780849321
cmr_versius:01,cmr_versius,cmr-surgical-60hz/hysterectomy_phase_prompts_v1,cmr_surgical/hysterectomy,CMR_STATE_PROMPT,1.6,19.2,arm left: 2. left instrument: Tool #18 (Cyan). arm right: 1. right instrument: Tool #9 (Orange). do a hysterectomy,80418,current_public_raw_rows_not_exact_training_probability,0.19202611555171503,0.24952952184603805,0.003049040921596107,0.00014609840824845872,0.00015169678084013207
cmr_versius:01,cmr_versius,cmr-surgical-60hz/hysterectomy_phase_prompts_v1,cmr_surgical/hysterectomy,CMR_STATE_PROMPT,1.6,19.2,arm left: 3. left instrument: Tool #1 (Cyan). arm right: 1. right instrument: Tool #9 (Pink). do a hysterectomy,76830,current_public_raw_rows_not_exact_training_probability,0.19202611555171503,0.24952952184603805,0.0029130022383823135,0.00013957995356424037,0.0001449285442556063
cmr_versius:01,cmr_versius,cmr-surgical-60hz/hysterectomy_phase_prompts_v1,cmr_surgical/hysterectomy,CMR_STATE_PROMPT,1.6,19.2,arm left: 3. left instrument: Tool #1 (Cyan). arm right: 2. right instrument: Tool #13 (Orange). do a hysterectomy,24279,current_public_raw_rows_not_exact_training_probability,0.19202611555171503,0.24952952184603805,0.0009205360060612286,4.410857337740716e-05,4.579877815933704e-05
cmr_versius:01,cmr_versius,cmr-surgical-60hz/hysterectomy_phase_prompts_v1,cmr_surgical/hysterectomy,CMR_STATE_PROMPT,1.6,19.2,arm left: 3. left instrument: Tool #1 (Cyan). arm right: 1. right instrument: Tool #8 (Pink). do a hysterectomy,50916,current_public_raw_rows_not_exact_training_probability,0.19202611555171503,0.24952952184603805,0.0019304753607897159,9.25010141308976e-05,9.60455780205447e-05
cmr_versius:01,cmr_versius,cmr-surgical-60hz/hysterectomy_phase_prompts_v1,cmr_surgical/hysterectomy,CMR_STATE_PROMPT,1.6,19.2,arm left: 3. left instrument: Tool #1 (Cyan). arm right: 1. right instrument: Tool #2 (Pink). do a hysterectomy,20010,current_public_raw_rows_not_exact_training_probability,0.19202611555171503,0.24952952184603805,0.000758677271769232,3.6352920354294546e-05,3.774593479831683e-05
cmr_versius:01,cmr_versius,cmr-surgical-60hz/hysterectomy_phase_prompts_v1,cmr_surgical/hysterectomy,CMR_STATE_PROMPT,1.6,19.2,arm left: 3. left instrument: Tool #0 (Cyan). arm right: 2. right instrument: Tool #13 (Orange). do a hysterectomy,526,current_public_raw_rows_not_exact_training_probability,0.19202611555171503,0.24952952184603805,1.9943240627217193e-05,9.556040033162885e-07,9.922219742086283e-07
cmr_versius:01,cmr_versius,cmr-surgical-60hz/hysterectomy_phase_prompts_v1,cmr_surgical/hysterectomy,CMR_STATE_PROMPT,1.6,19.2,arm left: 1. left instrument: Tool #0 (Purple). arm right: 2. right instrument: Tool #2 (Blue). do a hysterectomy,27393,current_public_raw_rows_not_exact_training_probability,0.19202611555171503,0.24952952184603805,0.0010386030237668452,4.97658944160515e-05,5.167288315493718e-05
cmr_versius:01,cmr_versius,cmr-surgical-60hz/hysterectomy_phase_prompts_v1,cmr_surgical/hysterectomy,CMR_STATE_PROMPT,1.6,19.2,arm left: -1. left instrument: Tool #3 (None). arm right: 2. right instrument: Tool #2 (Blue). do a hysterectomy,905,current_public_raw_rows_not_exact_training_probability,0.19202611555171503,0.24952952184603805,3.431299005253148e-05,1.6441475722457052e-06,1.707149974636518e-06
cmr_versius:01,cmr_versius,cmr-surgical-60hz/hysterectomy_phase_prompts_v1,cmr_surgical/hysterectomy,CMR_STATE_PROMPT,1.6,19.2,arm left: 1. left instrument: Tool #0 (Purple). arm right: 0. right instrument: Tool #14 (White). do a hysterectomy,20730,current_public_raw_rows_not_exact_training_probability,0.19202611555171503,0.24952952184603805,0.0007859760041867156,3.7660971461495545e-05,3.91041093637735e-05
cmr_versius:01,cmr_versius,cmr-surgical-60hz/hysterectomy_phase_prompts_v1,cmr_surgical/hysterectomy,CMR_STATE_PROMPT,1.6,19.2,arm left: 1. left instrument: Tool #0 (Purple). arm right: 2. right instrument: Tool #18 (Blue). do a hysterectomy,20206,current_public_raw_rows_not_exact_training_probability,0.19202611555171503,0.24952952184603805,0.0007661085933717692,3.670900093347704e-05,3.8115660096691144e-05
cmr_versius:01,cmr_versius,cmr-surgical-60hz/hysterectomy_phase_prompts_v1,cmr_surgical/hysterectomy,CMR_STATE_PROMPT,1.6,19.2,arm left: -1. left instrument: Tool #3 (None). arm right: 2. right instrument: Tool #18 (Blue). do a hysterectomy,3435,current_public_raw_rows_not_exact_training_probability,0.19202611555171503,0.24952952184603805,0.00013023770257507806,6.2404938239381194e-06,6.4796244893662325e-06
cmr_versius:01,cmr_versius,cmr-surgical-60hz/hysterectomy_phase_prompts_v1,cmr_surgical/hysterectomy,CMR_STATE_PROMPT,1.6,19.2,arm left: 0. left instrument: Tool #14 (White). arm right: 2. right instrument: Tool #0 (Blue). do a hysterectomy,1191,current_public_raw_rows_not_exact_training_probability,0.19202611555171503,0.24952952184603805,4.5156653207254135e-05,2.163734539828326e-06,2.2466470936929207e-06
cmr_versius:01,cmr_versius,cmr-surgical-60hz/hysterectomy_phase_prompts_v1,cmr_surgical/hysterectomy,CMR_STATE_PROMPT,1.6,19.2,arm left: -1. left instrument: Tool #3 (None). arm right: 2. right instrument: Tool #0 (Blue). do a hysterectomy,147,current_public_raw_rows_not_exact_training_probability,0.19202611555171503,0.24952952184603805,5.573491201902904e-06,2.670604343868715e-07,2.7729397378073835e-07
cmr_versius:01,cmr_versius,cmr-surgical-60hz/hysterectomy_phase_prompts_v1,cmr_surgical/hysterectomy,CMR_STATE_PROMPT,1.6,19.2,arm left: 1. left instrument: Tool #10 (Purple). arm right: 2. right instrument: Tool #0 (Blue). do a hysterectomy,30472,current_public_raw_rows_not_exact_training_probability,0.19202611555171503,0.24952952184603805,0.0011553430197577229,5.535962963698467e-05,5.74809657758276e-05
cmr_versius:01,cmr_versius,cmr-surgical-60hz/hysterectomy_phase_prompts_v1,cmr_surgical/hysterectomy,CMR_STATE_PROMPT,1.6,19.2,arm left: 1. left instrument: Tool #10 (Purple). arm right: -1. right instrument: Tool #3 (None). do a hysterectomy,55,current_public_raw_rows_not_exact_training_probability,0.19202611555171503,0.24952952184603805,2.0853198374466646e-06,9.992057068896551e-08,1.0374944597238507e-07
cmr_versius:01,cmr_versius,cmr-surgical-60hz/hysterectomy_phase_prompts_v1,cmr_surgical/hysterectomy,CMR_STATE_PROMPT,1.6,19.2,arm left: 1. left instrument: Tool #0 (Purple). arm right: 2. right instrument: Tool #8 (Blue). do a hysterectomy,23385,current_public_raw_rows_not_exact_training_probability,0.19202611555171503,0.24952952184603805,0.0008866400799761864,4.248440991929925e-05,4.4112378073895006e-05
cmr_versius:01,cmr_versius,cmr-surgical-60hz/hysterectomy_phase_prompts_v1,cmr_surgical/hysterectomy,CMR_STATE_PROMPT,1.6,19.2,arm left: 1. left instrument: Tool #0 (Purple). arm right: 2. right instrument: Tool #13 (Blue). do a hysterectomy,2828,current_public_raw_rows_not_exact_training_probability,0.19202611555171503,0.24952952184603805,0.00010722335455089396,5.137734071061718e-06,5.334607876543727e-06
cmr_versius:01,cmr_versius,cmr-surgical-60hz/hysterectomy_phase_prompts_v1,cmr_surgical/hysterectomy,CMR_STATE_PROMPT,1.6,19.2,arm left: 3. left instrument: Tool #0 (Cyan). arm right: 1. right instrument: Tool #9 (Green). do a hysterectomy,55886,current_public_raw_rows_not_exact_training_probability,0.19202611555171503,0.24952952184603805,0.0021189124442826234,0.00010153020024588229,0.00010542075522932204
cmr_versius:01,cmr_versius,cmr-surgical-60hz/hysterectomy_phase_prompts_v1,cmr_surgical/hysterectomy,CMR_STATE_PROMPT,1.6,19.2,arm left: 2. left instrument: Tool #12 (Pink). arm right: 1. right instrument: Tool #9 (Green). do a hysterectomy,150494,current_public_raw_rows_not_exact_training_probability,0.19202611555171503,0.24952952184603805,0.00570596588393997,0.0002734081157320941,0.00028388489313032944
cmr_versius:01,cmr_versius,cmr-surgical-60hz/hysterectomy_phase_prompts_v1,cmr_surgical/hysterectomy,CMR_STATE_PROMPT,1.6,19.2,arm left: 2. left instrument: Tool #12 (Pink). arm right: 1. right instrument: Tool #2 (Green). do a hysterectomy,32230,current_public_raw_rows_not_exact_training_probability,0.19202611555171503,0.24952952184603805,0.0012219974247437454,5.855345442373379e-05,6.079717533981766e-05
cmr_versius:01,cmr_versius,cmr-surgical-60hz/hysterectomy_phase_prompts_v1,cmr_surgical/hysterectomy,CMR_STATE_PROMPT,1.6,19.2,arm left: 3. left instrument: Tool #0 (Cyan). arm right: 1. right instrument: Tool #2 (Green). do a hysterectomy,22566,current_public_raw_rows_not_exact_training_probability,0.19202611555171503,0.24952952184603805,0.0008555877718512988,4.09965017848581e-05,4.256745450568803e-05
cmr_versius:01,cmr_versius,cmr-surgical-60hz/hysterectomy_phase_prompts_v1,cmr_surgical/hysterectomy,CMR_STATE_PROMPT,1.6,19.2,arm left: 2. left instrument: Tool #18 (Orange). arm right: 0. right instrument: Tool #17 (White). do a hysterectomy,849,current_public_raw_rows_not_exact_training_probability,0.19202611555171503,0.24952952184603805,3.2189755308949425e-05,1.5424102639078496e-06,1.6015141751009988e-06
cmr_versius:01,cmr_versius,cmr-surgical-60hz/hysterectomy_phase_prompts_v1,cmr_surgical/hysterectomy,CMR_STATE_PROMPT,1.6,19.2,arm left: 1. left instrument: Tool #1 (Cyan). arm right: 3. right instrument: Tool #9 (Pink). do a hysterectomy,131265,current_public_raw_rows_not_exact_training_probability,0.19202611555171503,0.24952952184603805,0.00497690015386248,0.00023847406748158287,0.0002476122004648205
cmr_versius:01,cmr_versius,cmr-surgical-60hz/hysterectomy_phase_prompts_v1,cmr_surgical/hysterectomy,CMR_STATE_PROMPT,1.6,19.2,arm left: 1. left instrument: Tool #1 (Cyan). arm right: 2. right instrument: Tool #13 (Orange). do a hysterectomy,88982,current_public_raw_rows_not_exact_training_probability,0.19202611555171503,0.24952952184603805,0.00337374417773962,0.00016165694947355508,0.00016785151275481398
cmr_versius:01,cmr_versius,cmr-surgical-60hz/hysterectomy_phase_prompts_v1,cmr_surgical/hysterectomy,CMR_STATE_PROMPT,1.6,19.2,arm left: 1. left instrument: Tool #1 (Cyan). arm right: 3. right instrument: Tool #8 (Pink). do a hysterectomy,25978,current_public_raw_rows_not_exact_training_probability,0.19202611555171503,0.24952952184603805,0.0009849534315852628,4.719521064287175e-05,4.9003692863102177e-05
cmr_versius:01,cmr_versius,cmr-surgical-60hz/hysterectomy_phase_prompts_v1,cmr_surgical/hysterectomy,CMR_STATE_PROMPT,1.6,19.2,arm left: 2. left instrument: Tool #12 (Pink). arm right: 3. right instrument: Tool #9 (Green). do a hysterectomy,5626,current_public_raw_rows_not_exact_training_probability,0.19202611555171503,0.24952952184603805,0.0002133092619177261,1.0220966012656727e-05,1.0612625146193427e-05
cmr_versius:01,cmr_versius,cmr-surgical-60hz/hysterectomy_phase_prompts_v1,cmr_surgical/hysterectomy,CMR_STATE_PROMPT,1.6,19.2,arm left: 1. left instrument: Tool #0 (Orange). arm right: 3. right instrument: Tool #9 (Green). do a hysterectomy,1945,current_public_raw_rows_not_exact_training_probability,0.19202611555171503,0.24952952184603805,7.374449243334114e-05,3.5335547270915987e-06,3.6689576802961635e-06
cmr_versius:01,cmr_versius,cmr-surgical-60hz/hysterectomy_phase_prompts_v1,cmr_surgical/hysterectomy,CMR_STATE_PROMPT,1.6,19.2,arm left: -1. left instrument: Tool #3 (None). arm right: 3. right instrument: Tool #9 (None). do a hysterectomy,1392,current_public_raw_rows_not_exact_training_probability,0.19202611555171503,0.24952952184603805,5.277754934046831e-05,2.5288988072552725e-06,2.6258041598829097e-06
cmr_versius:01,cmr_versius,cmr-surgical-60hz/hysterectomy_phase_prompts_v1,cmr_surgical/hysterectomy,CMR_STATE_PROMPT,1.6,19.2,arm left: -1. left instrument: Tool #3 (None). arm right: 3. right instrument: Tool #9 (Cyan). do a hysterectomy,13295,current_public_raw_rows_not_exact_training_probability,0.19202611555171503,0.24952952184603805,0.0005040786770700619,2.4153527041996302e-05,2.5079070621870177e-05
cmr_versius:01,cmr_versius,cmr-surgical-60hz/hysterectomy_phase_prompts_v1,cmr_surgical/hysterectomy,CMR_STATE_PROMPT,1.6,19.2,arm left: 2. left instrument: Tool #12 (Pink). arm right: 0. right instrument: Tool #14 (White). do a hysterectomy,2190,current_public_raw_rows_not_exact_training_probability,0.19202611555171503,0.24952952184603805,8.303364443651265e-05,3.978655451069718e-06,4.13111430326406e-06
cmr_versius:01,cmr_versius,cmr-surgical-60hz/hysterectomy_phase_prompts_v1,cmr_surgical/hysterectomy,CMR_STATE_PROMPT,1.6,19.2,arm left: 2. left instrument: Tool #12 (Pink). arm right: 3. right instrument: Tool #9 (Cyan). do a hysterectomy,84776,current_public_raw_rows_not_exact_training_probability,0.19202611555171503,0.24952952184603805,0.0032142740825341536,0.00015401575092232256,0.00015991750966827124
cmr_versius:01,cmr_versius,cmr-surgical-60hz/hysterectomy_phase_prompts_v1,cmr_surgical/hysterectomy,CMR_STATE_PROMPT,1.6,19.2,arm left: 1. left instrument: Tool #0 (Orange). arm right: 3. right instrument: Tool #9 (Cyan). do a hysterectomy,9353,current_public_raw_rows_not_exact_training_probability,0.19202611555171503,0.24952952184603805,0.00035461811708433914,1.6991947230070806e-05,1.7643064875994863e-05
cmr_versius:01,cmr_versius,cmr-surgical-60hz/hysterectomy_phase_prompts_v1,cmr_surgical/hysterectomy,CMR_STATE_PROMPT,1.6,19.2,arm left: -1. left instrument: Tool #3 (None). arm right: 3. right instrument: Tool #2 (Cyan). do a hysterectomy,102,current_public_raw_rows_not_exact_training_probability,0.19202611555171503,0.24952952184603805,3.867320425810178e-06,1.8530724018680875e-07,1.9240806343969594e-07
cmr_versius:01,cmr_versius,cmr-surgical-60hz/hysterectomy_phase_prompts_v1,cmr_surgical/hysterectomy,CMR_STATE_PROMPT,1.6,19.2,arm left: 2. left instrument: Tool #2 (Pink). arm right: 3. right instrument: Tool #2 (Cyan). do a hysterectomy,39061,current_public_raw_rows_not_exact_training_probability,0.19202611555171503,0.24952952184603805,0.0014809941485546213,7.096358930330332e-05,7.36828565295879e-05
cmr_versius:01,cmr_versius,cmr-surgical-60hz/hysterectomy_phase_prompts_v1,cmr_surgical/hysterectomy,CMR_STATE_PROMPT,1.6,19.2,arm left: 3. left instrument: Tool #12 (Cyan). arm right: 2. right instrument: Tool #0 (Pink). do a hysterectomy,26670,current_public_raw_rows_not_exact_training_probability,0.19202611555171503,0.24952952184603805,0.0010111905466309555,4.8452393095903826e-05,5.03090495287911e-05
cmr_versius:01,cmr_versius,cmr-surgical-60hz/hysterectomy_phase_prompts_v1,cmr_surgical/hysterectomy,CMR_STATE_PROMPT,1.6,19.2,arm left: 3. left instrument: Tool #12 (Cyan). arm right: 1. right instrument: Tool #9 (Orange). do a hysterectomy,223871,current_public_raw_rows_not_exact_training_probability,0.19202611555171503,0.24952952184603805,0.008488047951436768,0.0004067148741947163,0.0004222998585324331
cmr_versius:01,cmr_versius,cmr-surgical-60hz/hysterectomy_phase_prompts_v1,cmr_surgical/hysterectomy,CMR_STATE_PROMPT,1.6,19.2,arm left: 3. left instrument: Tool #12 (None). arm right: 1. right instrument: Tool #9 (None). do a hysterectomy,1,current_public_raw_rows_not_exact_training_probability,0.19202611555171503,0.24952952184603805,3.7914906135393904e-08,1.8167376488902821e-09,1.886353563134274e-09
cmr_versius:01,cmr_versius,cmr-surgical-60hz/hysterectomy_phase_prompts_v1,cmr_surgical/hysterectomy,CMR_STATE_PROMPT,1.6,19.2,arm left: -1. left instrument: Tool #3 (None). arm right: 2. right instrument: Tool #9 (Blue). do a hysterectomy,5359,current_public_raw_rows_not_exact_training_probability,0.19202611555171503,0.24952952184603805,0.00020318598197957593,9.735897060403022e-06,1.0108968744836576e-05
cmr_versius:01,cmr_versius,cmr-surgical-60hz/hysterectomy_phase_prompts_v1,cmr_surgical/hysterectomy,CMR_STATE_PROMPT,1.6,19.2,arm left: 1. left instrument: Tool #18 (Green). arm right: 2. right instrument: Tool #9 (Blue). do a hysterectomy,103444,current_public_raw_rows_not_exact_training_probability,0.19202611555171503,0.24952952184603805,0.003922069550269687,0.00018793060935180634,0.00019513195798486187
cmr_versius:01,cmr_versius,cmr-surgical-60hz/hysterectomy_phase_prompts_v1,cmr_surgical/hysterectomy,CMR_STATE_PROMPT,1.6,19.2,arm left: 1. left instrument: Tool #18 (Green). arm right: 3. right instrument: Tool #0 (Orange). do a hysterectomy,19804,current_public_raw_rows_not_exact_training_probability,0.19202611555171503,0.24952952184603805,0.0007508668011053408,3.597867239862314e-05,3.735734596431116e-05
cmr_versius:01,cmr_versius,cmr-surgical-60hz/hysterectomy_phase_prompts_v1,cmr_surgical/hysterectomy,CMR_STATE_PROMPT,1.6,19.2,arm left: -1. left instrument: Tool #3 (None). arm right: 3. right instrument: Tool #0 (Orange). do a hysterectomy,3047,current_public_raw_rows_not_exact_training_probability,0.19202611555171503,0.24952952184603805,0.00011552671899454522,5.5355996161686894e-06,5.747719306870134e-06
cmr_versius:01,cmr_versius,cmr-surgical-60hz/hysterectomy_phase_prompts_v1,cmr_surgical/hysterectomy,CMR_STATE_PROMPT,1.6,19.2,arm left: 1. left instrument: Tool #18 (Green). arm right: 2. right instrument: Tool #2 (Blue). do a hysterectomy,30610,current_public_raw_rows_not_exact_training_probability,0.19202611555171503,0.24952952184603805,0.0011605752768044074,5.561033943253153e-05,5.774128256754013e-05
cmr_versius:02,cmr_versius,cmr-surgical-60hz/inguinal_hernia,cmr_surgical/inguinal_hernia,CMR_STATE_PROMPT,1.6,19.2,arm left: -1. left instrument: Tool #3 (None). arm right: -1. right instrument: Tool #3 (None). do an inguinal hernia repair,1194705,current_public_raw_rows_not_exact_training_probability,0.19202611555171503,0.24416156514277204,0.046292997294155216,0.0021704655528174644,0.0022536360336443332
cmr_versius:02,cmr_versius,cmr-surgical-60hz/inguinal_hernia,cmr_surgical/inguinal_hernia,CMR_STATE_PROMPT,1.6,19.2,arm left: -1. left instrument: Tool #3 (None). arm right: 1. right instrument: Tool #9 (Blue). do an inguinal hernia repair,44017,current_public_raw_rows_not_exact_training_probability,0.19202611555171503,0.24416156514277204,0.001705591641364881,7.996734109120354e-05,8.303162478848134e-05
cmr_versius:02,cmr_versius,cmr-surgical-60hz/inguinal_hernia,cmr_surgical/inguinal_hernia,CMR_STATE_PROMPT,1.6,19.2,arm left: 2. left instrument: Tool #0 (Cyan). arm right: 1. right instrument: Tool #9 (Blue). do an inguinal hernia repair,429359,current_public_raw_rows_not_exact_training_probability,0.19202611555171503,0.24416156514277204,0.016637006646177246,0.0007800326601898825,0.0008099228795137687
cmr_versius:02,cmr_versius,cmr-surgical-60hz/inguinal_hernia,cmr_surgical/inguinal_hernia,CMR_STATE_PROMPT,1.6,19.2,arm left: 2. left instrument: Tool #0 (Cyan). arm right: -1. right instrument: Tool #3 (None). do an inguinal hernia repair,176181,current_public_raw_rows_not_exact_training_probability,0.19202611555171503,0.24416156514277204,0.00682674514317891,0.00032007465571913876,0.00033233965710655956
cmr_versius:02,cmr_versius,cmr-surgical-60hz/inguinal_hernia,cmr_surgical/inguinal_hernia,CMR_STATE_PROMPT,1.6,19.2,arm left: 2. left instrument: Tool #0 (Cyan). arm right: 1. right instrument: Tool #2 (Blue). do an inguinal hernia repair,276020,current_public_raw_rows_not_exact_training_probability,0.19202611555171503,0.24416156514277204,0.010695354177920677,0.0005014559258466957,0.0005206713104963224
cmr_versius:02,cmr_versius,cmr-surgical-60hz/inguinal_hernia,cmr_surgical/inguinal_hernia,CMR_STATE_PROMPT,1.6,19.2,arm left: -1. left instrument: Tool #3 (None). arm right: 1. right instrument: Tool #2 (Blue). do an inguinal hernia repair,49914,current_public_raw_rows_not_exact_training_probability,0.19202611555171503,0.24416156514277204,0.0019340914007562229,9.068064300670953e-05,9.415545175028415e-05
cmr_versius:02,cmr_versius,cmr-surgical-60hz/inguinal_hernia,cmr_surgical/inguinal_hernia,CMR_STATE_PROMPT,1.6,19.2,arm left: -1. left instrument: Tool #3 (None). arm right: 0. right instrument: Tool #14 (White). do an inguinal hernia repair,140478,current_public_raw_rows_not_exact_training_probability,0.19202611555171503,0.24416156514277204,0.005443308326229769,0.000255211671440809,0.00026499117584197657
cmr_versius:02,cmr_versius,cmr-surgical-60hz/inguinal_hernia,cmr_surgical/inguinal_hernia,CMR_STATE_PROMPT,1.6,19.2,arm left: 0. left instrument: Tool #14 (White). arm right: 0. right instrument: Tool #14 (White). do an inguinal hernia repair,59079,current_public_raw_rows_not_exact_training_probability,0.19202611555171503,0.24416156514277204,0.0022892211777312357,0.00010733104355878897,0.00011144388215640978
cmr_versius:02,cmr_versius,cmr-surgical-60hz/inguinal_hernia,cmr_surgical/inguinal_hernia,CMR_STATE_PROMPT,1.6,19.2,arm left: 2. left instrument: Tool #0 (Cyan). arm right: 0. right instrument: Tool #14 (White). do an inguinal hernia repair,62943,current_public_raw_rows_not_exact_training_probability,0.19202611555171503,0.24416156514277204,0.0024389452866490154,0.00011435091783410103,0.00011873275232436062
cmr_versius:02,cmr_versius,cmr-surgical-60hz/inguinal_hernia,cmr_surgical/inguinal_hernia,CMR_STATE_PROMPT,1.6,19.2,arm left: 2. left instrument: Tool #0 (Cyan). arm right: 1. right instrument: Tool #9 (Orange). do an inguinal hernia repair,793574,current_public_raw_rows_not_exact_training_probability,0.19202611555171503,0.24416156514277204,0.030749782611365926,0.0014417157629804567,0.0014969611425107185
cmr_versius:02,cmr_versius,cmr-surgical-60hz/inguinal_hernia,cmr_surgical/inguinal_hernia,CMR_STATE_PROMPT,1.6,19.2,arm left: 2. left instrument: Tool #0 (Cyan). arm right: 0. right instrument: Tool #17 (White). do an inguinal hernia repair,950,current_public_raw_rows_not_exact_training_probability,0.19202611555171503,0.24416156514277204,3.681105162316007e-05,1.7259007664457677e-06,1.7920358849775602e-06
cmr_versius:02,cmr_versius,cmr-surgical-60hz/inguinal_hernia,cmr_surgical/inguinal_hernia,CMR_STATE_PROMPT,1.6,19.2,arm left: 2. left instrument: Tool #0 (Cyan). arm right: 1. right instrument: Tool #2 (Orange). do an inguinal hernia repair,461672,current_public_raw_rows_not_exact_training_probability,0.19202611555171503,0.24416156514277204,0.017889086131544798,0.0008387369038384743,0.0008708766221993266
cmr_versius:02,cmr_versius,cmr-surgical-60hz/inguinal_hernia,cmr_surgical/inguinal_hernia,CMR_STATE_PROMPT,1.6,19.2,arm left: -1. left instrument: Tool #3 (None). arm right: 1. right instrument: Tool #2 (Orange). do an inguinal hernia repair,45675,current_public_raw_rows_not_exact_training_probability,0.19202611555171503,0.24416156514277204,0.0017698366135661435,8.297949211306363e-05,8.615919899615797e-05
cmr_versius:02,cmr_versius,cmr-surgical-60hz/inguinal_hernia,cmr_surgical/inguinal_hernia,CMR_STATE_PROMPT,1.6,19.2,arm left: -1. left instrument: Tool #3 (None). arm right: 0. right instrument: Tool #17 (White). do an inguinal hernia repair,38217,current_public_raw_rows_not_exact_training_probability,0.19202611555171503,0.24416156514277204,0.0014808504840866405,6.943026272763991e-05,7.209077412230257e-05
cmr_versius:02,cmr_versius,cmr-surgical-60hz/inguinal_hernia,cmr_surgical/inguinal_hernia,CMR_STATE_PROMPT,1.6,19.2,arm left: 0. left instrument: Tool #17 (White). arm right: 0. right instrument: Tool #17 (White). do an inguinal hernia repair,59973,current_public_raw_rows_not_exact_training_probability,0.19202611555171503,0.24416156514277204,0.002323862314732399,0.00010895520701689689,0.00011313028224185182
cmr_versius:02,cmr_versius,cmr-surgical-60hz/inguinal_hernia,cmr_surgical/inguinal_hernia,CMR_STATE_PROMPT,1.6,19.2,arm left: -1. left instrument: Tool #3 (None). arm right: 1. right instrument: Tool #9 (Orange). do an inguinal hernia repair,37763,current_public_raw_rows_not_exact_training_probability,0.19202611555171503,0.24416156514277204,0.0014632586762583092,6.860546383504372e-05,7.12343696046396e-05
cmr_versius:02,cmr_versius,cmr-surgical-60hz/inguinal_hernia,cmr_surgical/inguinal_hernia,CMR_STATE_PROMPT,1.6,19.2,arm left: 0. left instrument: Tool #17 (White). arm right: -1. right instrument: Tool #3 (None). do an inguinal hernia repair,47682,current_public_raw_rows_not_exact_training_probability,0.19202611555171503,0.24416156514277204,0.0018476048036794933,8.662568457438643e-05,8.994511059736846e-05
cmr_versius:02,cmr_versius,cmr-surgical-60hz/inguinal_hernia,cmr_surgical/inguinal_hernia,CMR_STATE_PROMPT,1.6,19.2,arm left: 0. left instrument: Tool #17 (White). arm right: 1. right instrument: Tool #9 (Orange). do an inguinal hernia repair,156,current_public_raw_rows_not_exact_training_probability,0.19202611555171503,0.24416156514277204,6.044762161276812e-06,2.8341107322688396e-07,2.942711558489467e-07
cmr_versius:02,cmr_versius,cmr-surgical-60hz/inguinal_hernia,cmr_surgical/inguinal_hernia,CMR_STATE_PROMPT,1.6,19.2,arm left: 3. left instrument: Tool #18 (Pink). arm right: -1. right instrument: Tool #3 (None). do an inguinal hernia repair,45844,current_public_raw_rows_not_exact_training_probability,0.19202611555171503,0.24416156514277204,0.0017763851059075268,8.328652077572609e-05,8.647799274832767e-05
cmr_versius:02,cmr_versius,cmr-surgical-60hz/inguinal_hernia,cmr_surgical/inguinal_hernia,CMR_STATE_PROMPT,1.6,19.2,arm left: 3. left instrument: Tool #18 (Pink). arm right: 1. right instrument: Tool #0 (Cyan). do an inguinal hernia repair,74147,current_public_raw_rows_not_exact_training_probability,0.19202611555171503,0.24416156514277204,0.0028730832049499474,0.00013470564645226777,0.00013986745764571704
cmr_versius:02,cmr_versius,cmr-surgical-60hz/inguinal_hernia,cmr_surgical/inguinal_hernia,CMR_STATE_PROMPT,1.6,19.2,arm left: -1. left instrument: Tool #3 (None). arm right: 1. right instrument: Tool #2 (Cyan). do an inguinal hernia repair,161017,current_public_raw_rows_not_exact_training_probability,0.19202611555171503,0.24416156514277204,0.00623916326232249,0.00029252564601136655,0.00030373499167519146
cmr_versius:02,cmr_versius,cmr-surgical-60hz/inguinal_hernia,cmr_surgical/inguinal_hernia,CMR_STATE_PROMPT,1.6,19.2,arm left: 3. left instrument: Tool #18 (Pink). arm right: 1. right instrument: Tool #2 (Cyan). do an inguinal hernia repair,67856,current_public_raw_rows_not_exact_training_probability,0.19202611555171503,0.24416156514277204,0.002629316546253842,0.00012327654990309898,0.0001280004073800393
cmr_versius:02,cmr_versius,cmr-surgical-60hz/inguinal_hernia,cmr_surgical/inguinal_hernia,CMR_STATE_PROMPT,1.6,19.2,arm left: 1. left instrument: Tool #2 (Cyan). arm right: -1. right instrument: Tool #3 (None). do an inguinal hernia repair,14648,current_public_raw_rows_not_exact_training_probability,0.19202611555171503,0.24416156514277204,0.0005675876675537355,2.661157308094485e-05,2.763130699279085e-05
cmr_versius:02,cmr_versius,cmr-surgical-60hz/inguinal_hernia,cmr_surgical/inguinal_hernia,CMR_STATE_PROMPT,1.6,19.2,arm left: 3. left instrument: Tool #18 (Pink). arm right: 0. right instrument: Tool #14 (White). do an inguinal hernia repair,6861,current_public_raw_rows_not_exact_training_probability,0.19202611555171503,0.24416156514277204,0.00026585328967000134,1.2464637009036226e-05,1.2942271796664255e-05
cmr_versius:02,cmr_versius,cmr-surgical-60hz/inguinal_hernia,cmr_surgical/inguinal_hernia,CMR_STATE_PROMPT,1.6,19.2,arm left: 3. left instrument: Tool #18 (Pink). arm right: 1. right instrument: Tool #9 (Cyan). do an inguinal hernia repair,121742,current_public_raw_rows_not_exact_training_probability,0.19202611555171503,0.24416156514277204,0.004717316891270267,0.0002211732748512007,0.0002296484554830928
cmr_versius:02,cmr_versius,cmr-surgical-60hz/inguinal_hernia,cmr_surgical/inguinal_hernia,CMR_STATE_PROMPT,1.6,19.2,arm left: -1. left instrument: Tool #3 (None). arm right: 1. right instrument: Tool #9 (Cyan). do an inguinal hernia repair,21637,current_public_raw_rows_not_exact_training_probability,0.19202611555171503,0.24416156514277204,0.0008384007620740152,3.930875250903903e-05,4.081503204553629e-05
cmr_versius:02,cmr_versius,cmr-surgical-60hz/inguinal_hernia,cmr_surgical/inguinal_hernia,CMR_STATE_PROMPT,1.6,19.2,arm left: 0. left instrument: Tool #14 (White). arm right: -1. right instrument: Tool #3 (None). do an inguinal hernia repair,55454,current_public_raw_rows_not_exact_training_probability,0.19202611555171503,0.24416156514277204,0.0021487579544323355,0.00010074536958156171,0.00010460585049004805
cmr_versius:02,cmr_versius,cmr-surgical-60hz/inguinal_hernia,cmr_surgical/inguinal_hernia,CMR_STATE_PROMPT,1.6,19.2,arm left: 0. left instrument: Tool #14 (White). arm right: 1. right instrument: Tool #9 (Cyan). do an inguinal hernia repair,750,current_public_raw_rows_not_exact_training_probability,0.19202611555171503,0.24416156514277204,2.9061356544600056e-05,1.3625532366677115e-06,1.4147651723507056e-06
cmr_versius:02,cmr_versius,cmr-surgical-60hz/inguinal_hernia,cmr_surgical/inguinal_hernia,CMR_STATE_PROMPT,1.6,19.2,arm left: -1. left instrument: Tool #3 (None). arm right: 1. right instrument: Tool #0 (Cyan). do an inguinal hernia repair,42,current_public_raw_rows_not_exact_training_probability,0.19202611555171503,0.24416156514277204,1.6274359664976032e-06,7.630298125339184e-08,7.922684965163951e-08
cmr_versius:02,cmr_versius,cmr-surgical-60hz/inguinal_hernia,cmr_surgical/inguinal_hernia,CMR_STATE_PROMPT,1.6,19.2,arm left: -1. left instrument: Tool #3 (None). arm right: 2. right instrument: Tool #2 (Pink). do an inguinal hernia repair,29593,current_public_raw_rows_not_exact_training_probability,0.19202611555171503,0.24416156514277204,0.0011466836322991327,5.376271724361012e-05,5.5822860993832574e-05
cmr_versius:02,cmr_versius,cmr-surgical-60hz/inguinal_hernia,cmr_surgical/inguinal_hernia,CMR_STATE_PROMPT,1.6,19.2,arm left: 1. left instrument: Tool #0 (Green). arm right: 2. right instrument: Tool #2 (Pink). do an inguinal hernia repair,42843,current_public_raw_rows_not_exact_training_probability,0.19202611555171503,0.24416156514277204,0.0016601009312537337,7.783449109140635e-05,8.08170457053617e-05
cmr_versius:02,cmr_versius,cmr-surgical-60hz/inguinal_hernia,cmr_surgical/inguinal_hernia,CMR_STATE_PROMPT,1.6,19.2,arm left: 1. left instrument: Tool #0 (Green). arm right: -1. right instrument: Tool #3 (None). do an inguinal hernia repair,40496,current_public_raw_rows_not_exact_training_probability,0.19202611555171503,0.24416156514277204,0.0015691582595068318,7.357060782946085e-05,7.638977389268556e-05
cmr_versius:02,cmr_versius,cmr-surgical-60hz/inguinal_hernia,cmr_surgical/inguinal_hernia,CMR_STATE_PROMPT,1.6,19.2,arm left: 1. left instrument: Tool #0 (Green). arm right: 2. right instrument: Tool #9 (Pink). do an inguinal hernia repair,59798,current_public_raw_rows_not_exact_training_probability,0.19202611555171503,0.24416156514277204,0.002317081331538659,0.00010863727792834108,0.00011280017036830332
cmr_versius:02,cmr_versius,cmr-surgical-60hz/inguinal_hernia,cmr_surgical/inguinal_hernia,CMR_STATE_PROMPT,1.6,19.2,arm left: 1. left instrument: Tool #0 (Green). arm right: 0. right instrument: Tool #14 (White). do an inguinal hernia repair,12170,current_public_raw_rows_not_exact_training_probability,0.19202611555171503,0.24416156514277204,0.00047156894553037693,2.2109697186994732e-05,2.2956922863344116e-05
cmr_versius:02,cmr_versius,cmr-surgical-60hz/inguinal_hernia,cmr_surgical/inguinal_hernia,CMR_STATE_PROMPT,1.6,19.2,arm left: 2. left instrument: Tool #0 (Orange). arm right: 1. right instrument: Tool #9 (Green). do an inguinal hernia repair,245282,current_public_raw_rows_not_exact_training_probability,0.19202611555171503,0.24416156514277204,0.009504303541296789,0.0004456130439951062,0.0004626885746727011
cmr_versius:02,cmr_versius,cmr-surgical-60hz/inguinal_hernia,cmr_surgical/inguinal_hernia,CMR_STATE_PROMPT,1.6,19.2,arm left: 2. left instrument: Tool #0 (Orange). arm right: -1. right instrument: Tool #3 (None). do an inguinal hernia repair,50772,current_public_raw_rows_not_exact_training_probability,0.19202611555171503,0.24416156514277204,0.0019673375926432457,9.22394039094574e-05,9.577394310745337e-05
cmr_versius:02,cmr_versius,cmr-surgical-60hz/inguinal_hernia,cmr_surgical/inguinal_hernia,CMR_STATE_PROMPT,1.6,19.2,arm left: -1. left instrument: Tool #3 (None). arm right: 1. right instrument: Tool #2 (Green). do an inguinal hernia repair,29087,current_public_raw_rows_not_exact_training_probability,0.19202611555171503,0.24416156514277204,0.0011270769037503758,5.284344799327163e-05,5.4868366090886634e-05
cmr_versius:02,cmr_versius,cmr-surgical-60hz/inguinal_hernia,cmr_surgical/inguinal_hernia,CMR_STATE_PROMPT,1.6,19.2,arm left: 2. left instrument: Tool #0 (Orange). arm right: 1. right instrument: Tool #2 (Green). do an inguinal hernia repair,273684,current_public_raw_rows_not_exact_training_probability,0.19202611555171503,0.24416156514277204,0.010604837739403097,0.000497212026698888,0.0005162647885728408
cmr_versius:02,cmr_versius,cmr-surgical-60hz/inguinal_hernia,cmr_surgical/inguinal_hernia,CMR_STATE_PROMPT,1.6,19.2,arm left: 0. left instrument: Tool #14 (White). arm right: 1. right instrument: Tool #2 (Green). do an inguinal hernia repair,14648,current_public_raw_rows_not_exact_training_probability,0.19202611555171503,0.24416156514277204,0.0005675876675537355,2.661157308094485e-05,2.763130699279085e-05
cmr_versius:02,cmr_versius,cmr-surgical-60hz/inguinal_hernia,cmr_surgical/inguinal_hernia,CMR_STATE_PROMPT,1.6,19.2,arm left: 1. left instrument: Tool #0 (Pink). arm right: -1. right instrument: Tool #3 (None). do an inguinal hernia repair,23807,current_public_raw_rows_not_exact_training_probability,0.19202611555171503,0.24416156514277204,0.0009224849536763914,4.3251073207130946e-05,4.490841927753767e-05
cmr_versius:02,cmr_versius,cmr-surgical-60hz/inguinal_hernia,cmr_surgical/inguinal_hernia,CMR_STATE_PROMPT,1.6,19.2,arm left: 1. left instrument: Tool #0 (Pink). arm right: 2. right instrument: Tool #9 (Cyan). do an inguinal hernia repair,136709,current_public_raw_rows_not_exact_training_probability,0.19202611555171503,0.24416156514277204,0.005297265322474306,0.00024836438724214156,0.0002578815092625235
cmr_versius:02,cmr_versius,cmr-surgical-60hz/inguinal_hernia,cmr_surgical/inguinal_hernia,CMR_STATE_PROMPT,1.6,19.2,arm left: -1. left instrument: Tool #3 (None). arm right: 2. right instrument: Tool #9 (Cyan). do an inguinal hernia repair,35537,current_public_raw_rows_not_exact_training_probability,0.19202611555171503,0.24416156514277204,0.0013770045700339363,6.456140582861395e-05,6.70353465731027e-05
cmr_versius:02,cmr_versius,cmr-surgical-60hz/inguinal_hernia,cmr_surgical/inguinal_hernia,CMR_STATE_PROMPT,1.6,19.2,arm left: 1. left instrument: Tool #0 (Pink). arm right: 2. right instrument: Tool #2 (Cyan). do an inguinal hernia repair,153795,current_public_raw_rows_not_exact_training_probability,0.19202611555171503,0.24416156514277204,0.005959321773035688,0.0002794051667110809,0.00029011174624223566
cmr_versius:02,cmr_versius,cmr-surgical-60hz/inguinal_hernia,cmr_surgical/inguinal_hernia,CMR_STATE_PROMPT,1.6,19.2,arm left: -1. left instrument: Tool #3 (None). arm right: 2. right instrument: Tool #2 (Cyan). do an inguinal hernia repair,49928,current_public_raw_rows_not_exact_training_probability,0.19202611555171503,0.24416156514277204,0.001934633879411722,9.0706077333794e-05,9.418186070016804e-05
cmr_versius:02,cmr_versius,cmr-surgical-60hz/inguinal_hernia,cmr_surgical/inguinal_hernia,CMR_STATE_PROMPT,1.6,19.2,arm left: 1. left instrument: Tool #0 (Pink). arm right: 0. right instrument: Tool #14 (White). do an inguinal hernia repair,7495,current_public_raw_rows_not_exact_training_probability,0.19202611555171503,0.24416156514277204,0.0002904198230690366,1.3616448678432664e-05,1.4138219955691386e-05
cmr_versius:02,cmr_versius,cmr-surgical-60hz/inguinal_hernia,cmr_surgical/inguinal_hernia,CMR_STATE_PROMPT,1.6,19.2,arm left: 0. left instrument: Tool #14 (White). arm right: 2. right instrument: Tool #2 (Cyan). do an inguinal hernia repair,385,current_public_raw_rows_not_exact_training_probability,0.19202611555171503,0.24416156514277204,1.4918163026228029e-05,6.994439948227586e-07,7.262461218066956e-07
cmr_versius:02,cmr_versius,cmr-surgical-60hz/inguinal_hernia,cmr_surgical/inguinal_hernia,CMR_STATE_PROMPT,1.6,19.2,arm left: -1. left instrument: Tool #3 (None). arm right: 1. right instrument: Tool #9 (Pink). do an inguinal hernia repair,4647,current_public_raw_rows_not_exact_training_probability,0.19202611555171503,0.24416156514277204,0.00018006416515034196,8.442379854393142e-06,8.765885007884973e-06
cmr_versius:02,cmr_versius,cmr-surgical-60hz/inguinal_hernia,cmr_surgical/inguinal_hernia,CMR_STATE_PROMPT,1.6,19.2,arm left: 2. left instrument: Tool #1 (Blue). arm right: 1. right instrument: Tool #9 (Pink). do an inguinal hernia repair,335369,current_public_raw_rows_not_exact_training_probability,0.19202611555171503,0.24416156514277204,0.012995037444007968,0.000609277488570685,0.0006326245081147784
cmr_versius:02,cmr_versius,cmr-surgical-60hz/inguinal_hernia,cmr_surgical/inguinal_hernia,CMR_STATE_PROMPT,1.6,19.2,arm left: 2. left instrument: Tool #1 (Blue). arm right: -1. right instrument: Tool #3 (None). do an inguinal hernia repair,40419,current_public_raw_rows_not_exact_training_probability,0.19202611555171503,0.24416156514277204,0.0015661746269015862,7.343071903049631e-05,7.624452466832423e-05
cmr_versius:02,cmr_versius,cmr-surgical-60hz/inguinal_hernia,cmr_surgical/inguinal_hernia,CMR_STATE_PROMPT,1.6,19.2,arm left: -1. left instrument: Tool #3 (None). arm right: 1. right instrument: Tool #2 (Pink). do an inguinal hernia repair,44958,current_public_raw_rows_not_exact_training_probability,0.19202611555171503,0.24416156514277204,0.0017420539567095058,8.16768912188093e-05,8.48066834913907e-05
cmr_versius:02,cmr_versius,cmr-surgical-60hz/inguinal_hernia,cmr_surgical/inguinal_hernia,CMR_STATE_PROMPT,1.6,19.2,arm left: 2. left instrument: Tool #2 (Blue). arm right: 1. right instrument: Tool #2 (Pink). do an inguinal hernia repair,439723,current_public_raw_rows_not_exact_training_probability,0.19202611555171503,0.24416156514277204,0.01703859584514823,0.0007988613291829815,0.0008294730478420925
cmr_versius:02,cmr_versius,cmr-surgical-60hz/inguinal_hernia,cmr_surgical/inguinal_hernia,CMR_STATE_PROMPT,1.6,19.2,arm left: 2. left instrument: Tool #2 (Blue). arm right: -1. right instrument: Tool #3 (None). do an inguinal hernia repair,59816,current_public_raw_rows_not_exact_training_probability,0.19202611555171503,0.24416156514277204,0.002317778804095729,0.0001086699792060211,0.00011283412473243973
cmr_versius:02,cmr_versius,cmr-surgical-60hz/inguinal_hernia,cmr_surgical/inguinal_hernia,CMR_STATE_PROMPT,1.6,19.2,arm left: 2. left instrument: Tool #1 (Blue). arm right: 1. right instrument: Tool #2 (Pink). do an inguinal hernia repair,4147,current_public_raw_rows_not_exact_training_probability,0.19202611555171503,0.24416156514277204,0.00016068992745394193,7.534011029948e-06,7.822708226317836e-06
cmr_versius:02,cmr_versius,cmr-surgical-60hz/inguinal_hernia,cmr_surgical/inguinal_hernia,CMR_STATE_PROMPT,1.6,19.2,arm left: 1. left instrument: Tool #0 (Blue). arm right: -1. right instrument: Tool #3 (None). do an inguinal hernia repair,38985,current_public_raw_rows_not_exact_training_probability,0.19202611555171503,0.24416156514277204,0.001510609313188311,7.082551724198764e-05,7.353949365878968e-05
cmr_versius:02,cmr_versius,cmr-surgical-60hz/inguinal_hernia,cmr_surgical/inguinal_hernia,CMR_STATE_PROMPT,1.6,19.2,arm left: 1. left instrument: Tool #0 (Blue). arm right: 2. right instrument: Tool #2 (Cyan). do an inguinal hernia repair,80302,current_public_raw_rows_not_exact_training_probability,0.19202611555171503,0.24416156514277204,0.0031115800709926316,0.00014588766668118742,0.00015147796382680847
cmr_versius:02,cmr_versius,cmr-surgical-60hz/inguinal_hernia,cmr_surgical/inguinal_hernia,CMR_STATE_PROMPT,1.6,19.2,arm left: 1. left instrument: Tool #0 (Blue). arm right: 2. right instrument: Tool #9 (Cyan). do an inguinal hernia repair,72277,current_public_raw_rows_not_exact_training_probability,0.19202611555171503,0.24416156514277204,0.002800623555965411,0.0001313083470488429,0.00013633997648265593
cmr_versius:02,cmr_versius,cmr-surgical-60hz/inguinal_hernia,cmr_surgical/inguinal_hernia,CMR_STATE_PROMPT,1.6,19.2,arm left: 2. left instrument: Tool #2 (Blue). arm right: 0. right instrument: Tool #14 (White). do an inguinal hernia repair,25975,current_public_raw_rows_not_exact_training_probability,0.19202611555171503,0.24416156514277204,0.001006491648327982,4.7189760429925075e-05,4.899803380241277e-05
cmr_versius:02,cmr_versius,cmr-surgical-60hz/inguinal_hernia,cmr_surgical/inguinal_hernia,CMR_STATE_PROMPT,1.6,19.2,arm left: 2. left instrument: Tool #0 (Blue). arm right: 1. right instrument: Tool #2 (Pink). do an inguinal hernia repair,22176,current_public_raw_rows_not_exact_training_probability,0.19202611555171503,0.24416156514277204,0.0008592861903107345,4.02879741017909e-05,4.1831776616065666e-05
cmr_versius:02,cmr_versius,cmr-surgical-60hz/inguinal_hernia,cmr_surgical/inguinal_hernia,CMR_STATE_PROMPT,1.6,19.2,arm left: 2. left instrument: Tool #0 (Blue). arm right: 1. right instrument: Tool #9 (Pink). do an inguinal hernia repair,162718,current_public_raw_rows_not_exact_training_probability,0.19202611555171503,0.24416156514277204,0.0063050744189656425,0.0002956159167521289,0.00030694367908608284
cmr_versius:02,cmr_versius,cmr-surgical-60hz/inguinal_hernia,cmr_surgical/inguinal_hernia,CMR_STATE_PROMPT,1.6,19.2,arm left: 2. left instrument: Tool #0 (Blue). arm right: -1. right instrument: Tool #3 (None). do an inguinal hernia repair,24070,current_public_raw_rows_not_exact_training_probability,0.19202611555171503,0.24416156514277204,0.0009326758027046978,4.372887520878909e-05,4.540453026464198e-05
cmr_versius:02,cmr_versius,cmr-surgical-60hz/inguinal_hernia,cmr_surgical/inguinal_hernia,CMR_STATE_PROMPT,1.6,19.2,arm left: 1. left instrument: Tool #2 (Green). arm right: 2. right instrument: Tool #2 (Pink). do an inguinal hernia repair,463132,current_public_raw_rows_not_exact_training_probability,0.19202611555171503,0.24416156514277204,0.017945658905618285,0.0008413893408058541,0.0008736306984015027
cmr_versius:02,cmr_versius,cmr-surgical-60hz/inguinal_hernia,cmr_surgical/inguinal_hernia,CMR_STATE_PROMPT,1.6,19.2,arm left: 1. left instrument: Tool #2 (Green). arm right: -1. right instrument: Tool #3 (None). do an inguinal hernia repair,51973,current_public_raw_rows_not_exact_training_probability,0.19202611555171503,0.24416156514277204,0.0020138745115899984,9.442130582577463e-05,9.803945373677763e-05
cmr_versius:02,cmr_versius,cmr-surgical-60hz/inguinal_hernia,cmr_surgical/inguinal_hernia,CMR_STATE_PROMPT,1.6,19.2,arm left: 1. left instrument: Tool #2 (Purple). arm right: 2. right instrument: Tool #2 (Pink). do an inguinal hernia repair,122936,current_public_raw_rows_not_exact_training_probability,0.19202611555171503,0.24416156514277204,0.0047635825708892705,0.00022334245960397572,0.00023190076163747515
cmr_versius:02,cmr_versius,cmr-surgical-60hz/inguinal_hernia,cmr_surgical/inguinal_hernia,CMR_STATE_PROMPT,1.6,19.2,arm left: 1. left instrument: Tool #2 (Purple). arm right: -1. right instrument: Tool #3 (None). do an inguinal hernia repair,10403,current_public_raw_rows_not_exact_training_probability,0.19202611555171503,0.24416156514277204,0.0004031003895112992,1.8899521761405602e-05,1.9623736117285852e-05
cmr_versius:02,cmr_versius,cmr-surgical-60hz/inguinal_hernia,cmr_surgical/inguinal_hernia,CMR_STATE_PROMPT,1.6,19.2,arm left: 1. left instrument: Tool #1 (Purple). arm right: -1. right instrument: Tool #3 (None). do an inguinal hernia repair,2135,current_public_raw_rows_not_exact_training_probability,0.19202611555171503,0.24416156514277204,8.272799496362817e-05,3.8787348803807525e-06,4.0273648572916754e-06
cmr_versius:02,cmr_versius,cmr-surgical-60hz/inguinal_hernia,cmr_surgical/inguinal_hernia,CMR_STATE_PROMPT,1.6,19.2,arm left: 1. left instrument: Tool #1 (Purple). arm right: 2. right instrument: Tool #9 (Pink). do an inguinal hernia repair,82464,current_public_raw_rows_not_exact_training_probability,0.19202611555171503,0.24416156514277204,0.0031953542747918656,0.00014981545347808823,0.0001555562602303048
cmr_versius:02,cmr_versius,cmr-surgical-60hz/inguinal_hernia,cmr_surgical/inguinal_hernia,CMR_STATE_PROMPT,1.6,19.2,arm left: -1. left instrument: Tool #3 (None). arm right: 2. right instrument: Tool #9 (Pink). do an inguinal hernia repair,6977,current_public_raw_rows_not_exact_training_probability,0.19202611555171503,0.24416156514277204,0.00027034811281556614,1.2675378576307498e-05,1.3161088809987831e-05
cmr_versius:02,cmr_versius,cmr-surgical-60hz/inguinal_hernia,cmr_surgical/inguinal_hernia,CMR_STATE_PROMPT,1.6,19.2,arm left: 1. left instrument: Tool #1 (Purple). arm right: 0. right instrument: Tool #17 (White). do an inguinal hernia repair,1232,current_public_raw_rows_not_exact_training_probability,0.19202611555171503,0.24416156514277204,4.773812168392969e-05,2.2382207834328276e-06,2.323987589781426e-06
cmr_versius:02,cmr_versius,cmr-surgical-60hz/inguinal_hernia,cmr_surgical/inguinal_hernia,CMR_STATE_PROMPT,1.6,19.2,arm left: 2. left instrument: Tool #2 (Cyan). arm right: 1. right instrument: Tool #2 (Orange). do an inguinal hernia repair,23492,current_public_raw_rows_not_exact_training_probability,0.19202611555171503,0.24416156514277204,0.0009102791839276594,4.2678800847730505e-05,4.431421790515037e-05
cmr_versius:02,cmr_versius,cmr-surgical-60hz/inguinal_hernia,cmr_surgical/inguinal_hernia,CMR_STATE_PROMPT,1.6,19.2,arm left: 2. left instrument: Tool #2 (Cyan). arm right: -1. right instrument: Tool #3 (None). do an inguinal hernia repair,7775,current_public_raw_rows_not_exact_training_probability,0.19202611555171503,0.24416156514277204,0.0003012693961790206,1.4125135220121942e-05,1.4666398953368981e-05
cmr_versius:02,cmr_versius,cmr-surgical-60hz/inguinal_hernia,cmr_surgical/inguinal_hernia,CMR_STATE_PROMPT,1.6,19.2,arm left: 2. left instrument: Tool #1 (Cyan). arm right: 1. right instrument: Tool #9 (Orange). do an inguinal hernia repair,57987,current_public_raw_rows_not_exact_training_probability,0.19202611555171503,0.24416156514277204,0.002246907842602298,0.00010534716604620079,0.00010938398406546717
cmr_versius:02,cmr_versius,cmr-surgical-60hz/inguinal_hernia,cmr_surgical/inguinal_hernia,CMR_STATE_PROMPT,1.6,19.2,arm left: 2. left instrument: Tool #1 (Cyan). arm right: -1. right instrument: Tool #3 (None). do an inguinal hernia repair,199,current_public_raw_rows_not_exact_training_probability,0.19202611555171503,0.24416156514277204,7.710946603167215e-06,3.615307921291661e-07,3.7538435906372054e-07
cmr_versius:02,cmr_versius,cmr-surgical-60hz/inguinal_hernia,cmr_surgical/inguinal_hernia,CMR_STATE_PROMPT,1.6,19.2,arm left: -1. left instrument: Tool #3 (None). arm right: 1. right instrument: Tool #18 (Green). do an inguinal hernia repair,1713,current_public_raw_rows_not_exact_training_probability,0.19202611555171503,0.24416156514277204,6.637613834786653e-05,3.1120715925490532e-06,3.231323653649012e-06
cmr_versius:02,cmr_versius,cmr-surgical-60hz/inguinal_hernia,cmr_surgical/inguinal_hernia,CMR_STATE_PROMPT,1.6,19.2,arm left: 1. left instrument: Tool #18 (Green). arm right: -1. right instrument: Tool #3 (None). do an inguinal hernia repair,46080,current_public_raw_rows_not_exact_training_probability,0.19202611555171503,0.24416156514277204,0.0017855297461002275,8.37152708608642e-05,8.692317218922735e-05
cmr_versius:02,cmr_versius,cmr-surgical-60hz/inguinal_hernia,cmr_surgical/inguinal_hernia,CMR_STATE_PROMPT,1.6,19.2,arm left: 1. left instrument: Tool #18 (Green). arm right: 2. right instrument: Tool #9 (Pink). do an inguinal hernia repair,590828,current_public_raw_rows_not_exact_training_probability,0.19202611555171503,0.24416156514277204,0.022893684219377285,0.0010733794716185476,0.0011145105029994969
cmr_versius:02,cmr_versius,cmr-surgical-60hz/inguinal_hernia,cmr_surgical/inguinal_hernia,CMR_STATE_PROMPT,1.6,19.2,arm left: 1. left instrument: Tool #18 (Green). arm right: 2. right instrument: Tool #13 (Pink). do an inguinal hernia repair,45141,current_public_raw_rows_not_exact_training_probability,0.19202611555171503,0.24416156514277204,0.0017491449277063883,8.200935420855622e-05,8.515188619344427e-05
cmr_versius:02,cmr_versius,cmr-surgical-60hz/inguinal_hernia,cmr_surgical/inguinal_hernia,CMR_STATE_PROMPT,1.6,19.2,arm left: 0. left instrument: Tool #14 (White). arm right: 2. right instrument: Tool #2 (Pink). do an inguinal hernia repair,3956,current_public_raw_rows_not_exact_training_probability,0.19202611555171503,0.24416156514277204,0.0001532889686539171,7.187014139009956e-06,7.462414695759188e-06
cmr_versius:02,cmr_versius,cmr-surgical-60hz/inguinal_hernia,cmr_surgical/inguinal_hernia,CMR_STATE_PROMPT,1.6,19.2,arm left: 0. left instrument: Tool #14 (White). arm right: 1. right instrument: Tool #9 (Orange). do an inguinal hernia repair,12121,current_public_raw_rows_not_exact_training_probability,0.19202611555171503,0.24416156514277204,0.00046967027023612975,2.202067704219911e-05,2.286449153875054e-05
cmr_versius:02,cmr_versius,cmr-surgical-60hz/inguinal_hernia,cmr_surgical/inguinal_hernia,CMR_STATE_PROMPT,1.6,19.2,arm left: 0. left instrument: Tool #14 (White). arm right: 1. right instrument: Tool #2 (Orange). do an inguinal hernia repair,20319,current_public_raw_rows_not_exact_training_probability,0.19202611555171503,0.24416156514277204,0.0007873302715063048,3.691429228780164e-05,3.832881804932532e-05
cmr_versius:02,cmr_versius,cmr-surgical-60hz/inguinal_hernia,cmr_surgical/inguinal_hernia,CMR_STATE_PROMPT,1.6,19.2,arm left: 1. left instrument: Tool #18 (Blue). arm right: 2. right instrument: Tool #2 (Cyan). do an inguinal hernia repair,42758,current_public_raw_rows_not_exact_training_probability,0.19202611555171503,0.24416156514277204,0.0016568073108453457,7.768006839125069e-05,8.065670565249531e-05
cmr_versius:02,cmr_versius,cmr-surgical-60hz/inguinal_hernia,cmr_surgical/inguinal_hernia,CMR_STATE_PROMPT,1.6,19.2,arm left: 0. left instrument: Tool #17 (White). arm right: 2. right instrument: Tool #2 (Cyan). do an inguinal hernia repair,34899,current_public_raw_rows_not_exact_training_probability,0.19202611555171503,0.24416156514277204,0.0013522830427333298,6.340232720862195e-05,6.583185299982302e-05
cmr_versius:02,cmr_versius,cmr-surgical-60hz/inguinal_hernia,cmr_surgical/inguinal_hernia,CMR_STATE_PROMPT,1.6,19.2,arm left: 1. left instrument: Tool #2 (Blue). arm right: 2. right instrument: Tool #2 (Cyan). do an inguinal hernia repair,186786,current_public_raw_rows_not_exact_training_probability,0.19202611555171503,0.24416156514277204,0.007237672724719555,0.0003393411584856202,0.0003523444366435985
cmr_versius:02,cmr_versius,cmr-surgical-60hz/inguinal_hernia,cmr_surgical/inguinal_hernia,CMR_STATE_PROMPT,1.6,19.2,arm left: 1. left instrument: Tool #2 (Blue). arm right: -1. right instrument: Tool #3 (None). do an inguinal hernia repair,7269,current_public_raw_rows_not_exact_training_probability,0.19202611555171503,0.24416156514277204,0.00028166266763026375,1.320586596978346e-05,1.3711904050423039e-05
cmr_versius:02,cmr_versius,cmr-surgical-60hz/inguinal_hernia,cmr_surgical/inguinal_hernia,CMR_STATE_PROMPT,1.6,19.2,arm left: 1. left instrument: Tool #9 (Blue). arm right: -1. right instrument: Tool #3 (None). do an inguinal hernia repair,13202,current_public_raw_rows_not_exact_training_probability,0.19202611555171503,0.24416156514277204,0.0005115573721357466,2.3984570440649506e-05,2.490363974049869e-05
cmr_versius:02,cmr_versius,cmr-surgical-60hz/inguinal_hernia,cmr_surgical/inguinal_hernia,CMR_STATE_PROMPT,1.6,19.2,arm left: 1. left instrument: Tool #9 (Blue). arm right: 0. right instrument: Tool #17 (White). do an inguinal hernia repair,826,current_public_raw_rows_not_exact_training_probability,0.19202611555171503,0.24416156514277204,3.2006240674452866e-05,1.5006252979833731e-06,1.5581280431489107e-06
cmr_versius:02,cmr_versius,cmr-surgical-60hz/inguinal_hernia,cmr_surgical/inguinal_hernia,CMR_STATE_PROMPT,1.6,19.2,arm left: 1. left instrument: Tool #18 (Blue). arm right: 2. right instrument: Tool #9 (Cyan). do an inguinal hernia repair,483969,current_public_raw_rows_not_exact_training_probability,0.19202611555171503,0.24416156514277204,0.01875306088737806,0.0008792447031957808,0.0009129366475965315
cmr_versius:02,cmr_versius,cmr-surgical-60hz/inguinal_hernia,cmr_surgical/inguinal_hernia,CMR_STATE_PROMPT,1.6,19.2,arm left: 1. left instrument: Tool #18 (Blue). arm right: -1. right instrument: Tool #3 (None). do an inguinal hernia repair,17338,current_public_raw_rows_not_exact_training_probability,0.19202611555171503,0.24416156514277204,0.0006718210663603677,3.149859735645971e-05,3.270559807762205e-05
cmr_versius:02,cmr_versius,cmr-surgical-60hz/inguinal_hernia,cmr_surgical/inguinal_hernia,CMR_STATE_PROMPT,1.6,19.2,arm left: 1. left instrument: Tool #18 (Pink). arm right: -1. right instrument: Tool #3 (None). do an inguinal hernia repair,88382,current_public_raw_rows_not_exact_training_probability,0.19202611555171503,0.24416156514277204,0.0034246677521664565,0.0001605669068842209,0.00016671970061693343
cmr_versius:02,cmr_versius,cmr-surgical-60hz/inguinal_hernia,cmr_surgical/inguinal_hernia,CMR_STATE_PROMPT,1.6,19.2,arm left: 1. left instrument: Tool #18 (Pink). arm right: 2. right instrument: Tool #0 (Orange). do an inguinal hernia repair,244797,current_public_raw_rows_not_exact_training_probability,0.19202611555171503,0.24416156514277204,0.009485510530731281,0.0004447319262353944,0.00046177369319458096
cmr_versius:02,cmr_versius,cmr-surgical-60hz/inguinal_hernia,cmr_surgical/inguinal_hernia,CMR_STATE_PROMPT,1.6,19.2,arm left: 1. left instrument: Tool #18 (Pink). arm right: 0. right instrument: Tool #14 (White). do an inguinal hernia repair,46689,current_public_raw_rows_not_exact_training_probability,0.19202611555171503,0.24416156514277204,0.0018091275676144426,8.482166408903838e-05,8.807196150917613e-05
cmr_versius:02,cmr_versius,cmr-surgical-60hz/inguinal_hernia,cmr_surgical/inguinal_hernia,CMR_STATE_PROMPT,1.6,19.2,arm left: 1. left instrument: Tool #18 (Pink). arm right: 2. right instrument: Tool #2 (Orange). do an inguinal hernia repair,206163,current_public_raw_rows_not_exact_training_probability,0.19202611555171503,0.24416156514277204,0.007988501932405842,0.00037454408390816724,0.00038889630963645136
cmr_versius:02,cmr_versius,cmr-surgical-60hz/inguinal_hernia,cmr_surgical/inguinal_hernia,CMR_STATE_PROMPT,1.6,19.2,arm left: -1. left instrument: Tool #3 (None). arm right: 2. right instrument: Tool #2 (Orange). do an inguinal hernia repair,48243,current_public_raw_rows_not_exact_training_probability,0.19202611555171503,0.24416156514277204,0.001869342698374854,8.764487439541388e-05,9.10033549462868e-05
cmr_versius:02,cmr_versius,cmr-surgical-60hz/inguinal_hernia,cmr_surgical/inguinal_hernia,CMR_STATE_PROMPT,1.6,19.2,arm left: -1. left instrument: Tool #3 (None). arm right: 2. right instrument: Tool #9 (Orange). do an inguinal hernia repair,24813,current_public_raw_rows_not_exact_training_probability,0.19202611555171503,0.24416156514277204,0.0009614659199215483,4.507871128191457e-05,4.680609096205075e-05
cmr_versius:02,cmr_versius,cmr-surgical-60hz/inguinal_hernia,cmr_surgical/inguinal_hernia,CMR_STATE_PROMPT,1.6,19.2,arm left: 1. left instrument: Tool #18 (Pink). arm right: 2. right instrument: Tool #9 (Orange). do an inguinal hernia repair,253970,current_public_raw_rows_not_exact_training_probability,0.19202611555171503,0.24416156514277204,0.009840950295509436,0.00046139686068866496,0.00047907721442921164
cmr_versius:02,cmr_versius,cmr-surgical-60hz/inguinal_hernia,cmr_surgical/inguinal_hernia,CMR_STATE_PROMPT,1.6,19.2,arm left: 0. left instrument: Tool #14 (White). arm right: 2. right instrument: Tool #9 (Orange). do an inguinal hernia repair,5941,current_public_raw_rows_not_exact_training_probability,0.19202611555171503,0.24416156514277204,0.00023020469230862524,1.0793238372057165e-05,1.1206826518580721e-05
cmr_versius:02,cmr_versius,cmr-surgical-60hz/inguinal_hernia,cmr_surgical/inguinal_hernia,CMR_STATE_PROMPT,1.6,19.2,arm left: -1. left instrument: Tool #3 (None). arm right: 2. right instrument: Tool #0 (Orange). do an inguinal hernia repair,23041,current_public_raw_rows_not_exact_training_probability,0.19202611555171503,0.24416156514277204,0.0008928036215255066,4.185945216808099e-05,4.346347244817681e-05
cmr_versius:02,cmr_versius,cmr-surgical-60hz/inguinal_hernia,cmr_surgical/inguinal_hernia,CMR_STATE_PROMPT,1.6,19.2,arm left: 0. left instrument: Tool #14 (White). arm right: 2. right instrument: Tool #2 (Orange). do an inguinal hernia repair,9480,current_public_raw_rows_not_exact_training_probability,0.19202611555171503,0.24416156514277204,0.0003673355467237447,1.7222672911479873e-05,1.7882631778512917e-05
cmr_versius:02,cmr_versius,cmr-surgical-60hz/inguinal_hernia,cmr_surgical/inguinal_hernia,CMR_STATE_PROMPT,1.6,19.2,arm left: 0. left instrument: Tool #14 (White). arm right: 2. right instrument: Tool #0 (Orange). do an inguinal hernia repair,4449,current_public_raw_rows_not_exact_training_probability,0.19202611555171503,0.24416156514277204,0.00017239196702256753,8.082665799912864e-06,8.392387002384385e-06
cmr_versius:02,cmr_versius,cmr-surgical-60hz/inguinal_hernia,cmr_surgical/inguinal_hernia,CMR_STATE_PROMPT,1.6,19.2,arm left: 2. left instrument: Tool #0 (Blue). arm right: 1. right instrument: Tool #2 (Cyan). do an inguinal hernia repair,41712,current_public_raw_rows_not_exact_training_probability,0.19202611555171503,0.24416156514277204,0.0016162764055844769,7.577976081051145e-05,7.868357982545686e-05
cmr_versius:02,cmr_versius,cmr-surgical-60hz/inguinal_hernia,cmr_surgical/inguinal_hernia,CMR_STATE_PROMPT,1.6,19.2,arm left: 2. left instrument: Tool #0 (Blue). arm right: 0. right instrument: Tool #17 (White). do an inguinal hernia repair,17369,current_public_raw_rows_not_exact_training_probability,0.19202611555171503,0.24416156514277204,0.0006730222690975445,3.155491622357531e-05,3.276407503807921e-05
cmr_versius:02,cmr_versius,cmr-surgical-60hz/inguinal_hernia,cmr_surgical/inguinal_hernia,CMR_STATE_PROMPT,1.6,19.2,arm left: -1. left instrument: Tool #3 (None). arm right: 1. right instrument: Tool #8 (Cyan). do an inguinal hernia repair,2680,current_public_raw_rows_not_exact_training_probability,0.19202611555171503,0.24416156514277204,0.0001038459140527042,4.868856899025956e-06,5.0554275491998555e-06
cmr_versius:02,cmr_versius,cmr-surgical-60hz/inguinal_hernia,cmr_surgical/inguinal_hernia,CMR_STATE_PROMPT,1.6,19.2,arm left: 2. left instrument: Tool #0 (Blue). arm right: 1. right instrument: Tool #8 (Cyan). do an inguinal hernia repair,44240,current_public_raw_rows_not_exact_training_probability,0.19202611555171503,0.24416156514277204,0.0017142325513774754,8.037247358690608e-05,8.34522816330603e-05
cmr_versius:02,cmr_versius,cmr-surgical-60hz/inguinal_hernia,cmr_surgical/inguinal_hernia,CMR_STATE_PROMPT,1.6,19.2,arm left: 2. left instrument: Tool #0 (Blue). arm right: 1. right instrument: Tool #18 (Cyan). do an inguinal hernia repair,34921,current_public_raw_rows_not_exact_training_probability,0.19202611555171503,0.24416156514277204,0.0013531355091919715,6.344229543689754e-05,6.5873352778212e-05
cmr_versius:02,cmr_versius,cmr-surgical-60hz/inguinal_hernia,cmr_surgical/inguinal_hernia,CMR_STATE_PROMPT,1.6,19.2,arm left: -1. left instrument: Tool #3 (None). arm right: 1. right instrument: Tool #18 (Cyan). do an inguinal hernia repair,4484,current_public_raw_rows_not_exact_training_probability,0.19202611555171503,0.24416156514277204,0.00017374816366131553,8.146251617624024e-06,8.458409377094084e-06
cmr_versius:02,cmr_versius,cmr-surgical-60hz/inguinal_hernia,cmr_surgical/inguinal_hernia,CMR_STATE_PROMPT,1.6,19.2,arm left: 1. left instrument: Tool #1 (Blue). arm right: 2. right instrument: Tool #9 (Cyan). do an inguinal hernia repair,194484,current_public_raw_rows_not_exact_training_probability,0.19202611555171503,0.24416156514277204,0.00753595848829333,0.0003533264049067776,0.00036686558637260614
cmr_versius:02,cmr_versius,cmr-surgical-60hz/inguinal_hernia,cmr_surgical/inguinal_hernia,CMR_STATE_PROMPT,1.6,19.2,arm left: 1. left instrument: Tool #1 (Blue). arm right: -1. right instrument: Tool #3 (None). do an inguinal hernia repair,7134,current_public_raw_rows_not_exact_training_probability,0.19202611555171503,0.24416156514277204,0.00027643162345223574,1.2960606387183272e-05,1.3457246319399912e-05
cmr_versius:02,cmr_versius,cmr-surgical-60hz/inguinal_hernia,cmr_surgical/inguinal_hernia,CMR_STATE_PROMPT,1.6,19.2,arm left: 1. left instrument: Tool #0 (Green). arm right: 2. right instrument: Tool #2 (Orange). do an inguinal hernia repair,502290,current_public_raw_rows_not_exact_training_probability,0.19202611555171503,0.24416156514277204,0.01946297170504955,0.0009125291536610997,0.0009474965312267146
cmr_versius:02,cmr_versius,cmr-surgical-60hz/inguinal_hernia,cmr_surgical/inguinal_hernia,CMR_STATE_PROMPT,1.6,19.2,arm left: 1. left instrument: Tool #0 (Green). arm right: 2. right instrument: Tool #9 (Orange). do an inguinal hernia repair,725801,current_public_raw_rows_not_exact_training_probability,0.19202611555171503,0.24416156514277204,0.028123682188569688,0.0013185900023022156,0.0013691173024764193
cmr_versius:02,cmr_versius,cmr-surgical-60hz/inguinal_hernia,cmr_surgical/inguinal_hernia,CMR_STATE_PROMPT,1.6,19.2,arm left: 1. left instrument: Tool #0 (Pink). arm right: 2. right instrument: Tool #2 (Blue). do an inguinal hernia repair,65742,current_public_raw_rows_not_exact_training_probability,0.19202611555171503,0.24416156514277204,0.0025474022692734627,0.00011943596651334493,0.00012401265594757347
cmr_versius:02,cmr_versius,cmr-surgical-60hz/inguinal_hernia,cmr_surgical/inguinal_hernia,CMR_STATE_PROMPT,1.6,19.2,arm left: -1. left instrument: Tool #3 (None). arm right: 2. right instrument: Tool #2 (Blue). do an inguinal hernia repair,35940,current_public_raw_rows_not_exact_training_probability,0.19202611555171503,0.24416156514277204,0.0013926202056172348,6.529355110111674e-05,6.779554705904582e-05
cmr_versius:02,cmr_versius,cmr-surgical-60hz/inguinal_hernia,cmr_surgical/inguinal_hernia,CMR_STATE_PROMPT,1.6,19.2,arm left: 0. left instrument: Tool #14 (White). arm right: 2. right instrument: Tool #2 (Blue). do an inguinal hernia repair,7998,current_public_raw_rows_not_exact_training_probability,0.19202611555171503,0.24416156514277204,0.000309910306191615,1.4530267715824476e-05,1.5087055797947925e-05
cmr_versius:02,cmr_versius,cmr-surgical-60hz/inguinal_hernia,cmr_surgical/inguinal_hernia,CMR_STATE_PROMPT,1.6,19.2,arm left: -1. left instrument: Tool #3 (None). arm right: 2. right instrument: Tool #9 (Blue). do an inguinal hernia repair,9009,current_public_raw_rows_not_exact_training_probability,0.19202611555171503,0.24416156514277204,0.00034908501481373586,1.636698947885255e-05,1.6994159250276676e-05
cmr_versius:02,cmr_versius,cmr-surgical-60hz/inguinal_hernia,cmr_surgical/inguinal_hernia,CMR_STATE_PROMPT,1.6,19.2,arm left: 1. left instrument: Tool #0 (Pink). arm right: 2. right instrument: Tool #9 (Blue). do an inguinal hernia repair,356681,current_public_raw_rows_not_exact_training_probability,0.19202611555171503,0.24416156514277204,0.013820844951579325,0.0006479958013438348,0.0006728264752522961
cmr_versius:02,cmr_versius,cmr-surgical-60hz/inguinal_hernia,cmr_surgical/inguinal_hernia,CMR_STATE_PROMPT,1.6,19.2,arm left: 1. left instrument: Tool #2 (Pink). arm right: -1. right instrument: Tool #3 (None). do an inguinal hernia repair,20990,current_public_raw_rows_not_exact_training_probability,0.19202611555171503,0.24416156514277204,0.0008133304984948735,3.813332325020702e-05,3.9594561290188414e-05
cmr_versius:02,cmr_versius,cmr-surgical-60hz/inguinal_hernia,cmr_surgical/inguinal_hernia,CMR_STATE_PROMPT,1.6,19.2,arm left: 1. left instrument: Tool #2 (Pink). arm right: 2. right instrument: Tool #2 (Blue). do an inguinal hernia repair,153963,current_public_raw_rows_not_exact_training_probability,0.19202611555171503,0.24416156514277204,0.005965831516901678,0.0002797103786360945,0.00029042865364084226
cmr_versius:02,cmr_versius,cmr-surgical-60hz/inguinal_hernia,cmr_surgical/inguinal_hernia,CMR_STATE_PROMPT,1.6,19.2,arm left: 1. left instrument: Tool #2 (Pink). arm right: 0. right instrument: Tool #14 (White). do an inguinal hernia repair,6128,current_public_raw_rows_not_exact_training_probability,0.19202611555171503,0.24416156514277204,0.00023745065720707888,1.1132968312399648e-05,1.1559574634886831e-05
cmr_versius:02,cmr_versius,cmr-surgical-60hz/inguinal_hernia,cmr_surgical/inguinal_hernia,CMR_STATE_PROMPT,1.6,19.2,arm left: 1. left instrument: Tool #18 (Cyan). arm right: 2. right instrument: Tool #2 (Pink). do an inguinal hernia repair,157823,current_public_raw_rows_not_exact_training_probability,0.19202611555171503,0.24416156514277204,0.006115400631917886,0.000286722985960811,0.0002977099783945406
cmr_versius:02,cmr_versius,cmr-surgical-60hz/inguinal_hernia,cmr_surgical/inguinal_hernia,CMR_STATE_PROMPT,1.6,19.2,arm left: 1. left instrument: Tool #18 (Cyan). arm right: -1. right instrument: Tool #3 (None). do an inguinal hernia repair,59085,current_public_raw_rows_not_exact_training_probability,0.19202611555171503,0.24416156514277204,0.0022894536685835925,0.00010734194398468231,0.00011145520027778858
cmr_versius:02,cmr_versius,cmr-surgical-60hz/inguinal_hernia,cmr_surgical/inguinal_hernia,CMR_STATE_PROMPT,1.6,19.2,arm left: 1. left instrument: Tool #18 (Cyan). arm right: 0. right instrument: Tool #14 (White). do an inguinal hernia repair,4613,current_public_raw_rows_not_exact_training_probability,0.19202611555171503,0.24416156514277204,0.00017874671698698676,8.380610774330872e-06,8.701748986738407e-06
cmr_versius:02,cmr_versius,cmr-surgical-60hz/inguinal_hernia,cmr_surgical/inguinal_hernia,CMR_STATE_PROMPT,1.6,19.2,arm left: 1. left instrument: Tool #18 (Cyan). arm right: 2. right instrument: Tool #9 (Pink). do an inguinal hernia repair,95661,current_public_raw_rows_not_exact_training_probability,0.19202611555171503,0.24416156514277204,0.003706717904550648,0.00017379094023049326,0.0001804504682029878
cmr_versius:02,cmr_versius,cmr-surgical-60hz/inguinal_hernia,cmr_surgical/inguinal_hernia,CMR_STATE_PROMPT,1.6,19.2,arm left: 1. left instrument: Tool #18 (Cyan). arm right: 0. right instrument: Tool #17 (White). do an inguinal hernia repair,8836,current_public_raw_rows_not_exact_training_probability,0.19202611555171503,0.24416156514277204,0.0003423815285707815,1.6052693865594533e-05,1.6667820083854447e-05
cmr_versius:02,cmr_versius,cmr-surgical-60hz/inguinal_hernia,cmr_surgical/inguinal_hernia,CMR_STATE_PROMPT,1.6,19.2,arm left: 1. left instrument: Tool #18 (Cyan). arm right: 2. right instrument: Tool #9 (Green). do an inguinal hernia repair,307822,current_public_raw_rows_not_exact_training_probability,0.19202611555171503,0.24416156514277204,0.011927633192362504,0.0005592318165567044,0.0005806611265111185
cmr_versius:02,cmr_versius,cmr-surgical-60hz/inguinal_hernia,cmr_surgical/inguinal_hernia,CMR_STATE_PROMPT,1.6,19.2,arm left: -1. left instrument: Tool #3 (None). arm right: 2. right instrument: Tool #9 (Green). do an inguinal hernia repair,55722,current_public_raw_rows_not_exact_training_probability,0.19202611555171503,0.24416156514277204,0.0021591425458376058,0.0001012322552714643,0.00010511139324496802
cmr_versius:02,cmr_versius,cmr-surgical-60hz/inguinal_hernia,cmr_surgical/inguinal_hernia,CMR_STATE_PROMPT,1.6,19.2,arm left: 0. left instrument: Tool #17 (White). arm right: 2. right instrument: Tool #2 (Green). do an inguinal hernia repair,1878,current_public_raw_rows_not_exact_training_probability,0.19202611555171503,0.24416156514277204,7.276963678767854e-05,3.41183330461595e-06,3.542571991566167e-06
cmr_versius:02,cmr_versius,cmr-surgical-60hz/inguinal_hernia,cmr_surgical/inguinal_hernia,CMR_STATE_PROMPT,1.6,19.2,arm left: -1. left instrument: Tool #3 (None). arm right: 2. right instrument: Tool #2 (Green). do an inguinal hernia repair,38274,current_public_raw_rows_not_exact_training_probability,0.19202611555171503,0.24416156514277204,0.00148305914718403,6.953381677362665e-05,7.21982962754012e-05
cmr_versius:02,cmr_versius,cmr-surgical-60hz/inguinal_hernia,cmr_surgical/inguinal_hernia,CMR_STATE_PROMPT,1.6,19.2,arm left: 1. left instrument: Tool #2 (Cyan). arm right: 2. right instrument: Tool #2 (Green). do an inguinal hernia repair,60420,current_public_raw_rows_not_exact_training_probability,0.19202611555171503,0.24416156514277204,0.0023411828832329805,0.00010976728874595084,0.00011397348228457283
cmr_versius:02,cmr_versius,cmr-surgical-60hz/inguinal_hernia,cmr_surgical/inguinal_hernia,CMR_STATE_PROMPT,1.6,19.2,arm left: 1. left instrument: Tool #2 (Cyan). arm right: 0. right instrument: Tool #17 (White). do an inguinal hernia repair,1584,current_public_raw_rows_not_exact_training_probability,0.19202611555171503,0.24416156514277204,6.137758502219533e-05,2.877712435842207e-06,2.9879840440046906e-06
cmr_versius:02,cmr_versius,cmr-surgical-60hz/inguinal_hernia,cmr_surgical/inguinal_hernia,CMR_STATE_PROMPT,1.6,19.2,arm left: 1. left instrument: Tool #1 (Pink). arm right: 0. right instrument: Tool #17 (White). do an inguinal hernia repair,926,current_public_raw_rows_not_exact_training_probability,0.19202611555171503,0.24416156514277204,3.588108821373287e-05,1.6822990628724013e-06,1.746763399462338e-06
cmr_versius:02,cmr_versius,cmr-surgical-60hz/inguinal_hernia,cmr_surgical/inguinal_hernia,CMR_STATE_PROMPT,1.6,19.2,arm left: 1. left instrument: Tool #1 (Pink). arm right: -1. right instrument: Tool #3 (None). do an inguinal hernia repair,5828,current_public_raw_rows_not_exact_training_probability,0.19202611555171503,0.24416156514277204,0.00022582611458923883,1.0587947017732563e-05,1.099366856594655e-05
cmr_versius:02,cmr_versius,cmr-surgical-60hz/inguinal_hernia,cmr_surgical/inguinal_hernia,CMR_STATE_PROMPT,1.6,19.2,arm left: 1. left instrument: Tool #1 (Pink). arm right: 2. right instrument: Tool #9 (Blue). do an inguinal hernia repair,113901,current_public_raw_rows_not_exact_training_probability,0.19202611555171503,0.24416156514277204,0.004413490095715321,0.00020692823494625198,0.00021485755719455693
cmr_versius:02,cmr_versius,cmr-surgical-60hz/inguinal_hernia,cmr_surgical/inguinal_hernia,CMR_STATE_PROMPT,1.6,19.2,arm left: -1. left instrument: Tool #3 (None). arm right: 2. right instrument: Tool #18 (Orange). do an inguinal hernia repair,12379,current_public_raw_rows_not_exact_training_probability,0.19202611555171503,0.24416156514277204,0.00047966737688747216,2.24893953556128e-05,2.335117075803918e-05
cmr_versius:02,cmr_versius,cmr-surgical-60hz/inguinal_hernia,cmr_surgical/inguinal_hernia,CMR_STATE_PROMPT,1.6,19.2,arm left: 1. left instrument: Tool #0 (Green). arm right: 2. right instrument: Tool #18 (Orange). do an inguinal hernia repair,36129,current_public_raw_rows_not_exact_training_probability,0.19202611555171503,0.24416156514277204,0.0013999436674664739,6.563691451675699e-05,6.815206788247818e-05
cmr_versius:02,cmr_versius,cmr-surgical-60hz/inguinal_hernia,cmr_surgical/inguinal_hernia,CMR_STATE_PROMPT,1.6,19.2,arm left: 0. left instrument: Tool #17 (White). arm right: 2. right instrument: Tool #18 (Orange). do an inguinal hernia repair,22937,current_public_raw_rows_not_exact_training_probability,0.19202611555171503,0.24416156514277204,0.0008887737800846553,4.16705114525964e-05,4.326729167761085e-05
cmr_versius:02,cmr_versius,cmr-surgical-60hz/inguinal_hernia,cmr_surgical/inguinal_hernia,CMR_STATE_PROMPT,1.6,19.2,arm left: 1. left instrument: Tool #0 (Green). arm right: 0. right instrument: Tool #17 (White). do an inguinal hernia repair,6153,current_public_raw_rows_not_exact_training_probability,0.19202611555171503,0.24416156514277204,0.00023841936909189886,1.1178386753621904e-05,1.1606733473965187e-05
cmr_versius:02,cmr_versius,cmr-surgical-60hz/inguinal_hernia,cmr_surgical/inguinal_hernia,CMR_STATE_PROMPT,1.6,19.2,arm left: 3. left instrument: Tool #0 (Green). arm right: 2. right instrument: Tool #2 (Orange). do an inguinal hernia repair,80477,current_public_raw_rows_not_exact_training_probability,0.19202611555171503,0.24416156514277204,0.0031183610541863716,0.00014620559576974322,0.00015180807570035697
cmr_versius:02,cmr_versius,cmr-surgical-60hz/inguinal_hernia,cmr_surgical/inguinal_hernia,CMR_STATE_PROMPT,1.6,19.2,arm left: 3. left instrument: Tool #0 (Green). arm right: -1. right instrument: Tool #3 (None). do an inguinal hernia repair,4413,current_public_raw_rows_not_exact_training_probability,0.19202611555171503,0.24416156514277204,0.00017099702190842672,8.017263244552814e-06,8.324478274111552e-06
cmr_versius:02,cmr_versius,cmr-surgical-60hz/inguinal_hernia,cmr_surgical/inguinal_hernia,CMR_STATE_PROMPT,1.6,19.2,arm left: 3. left instrument: Tool #0 (Green). arm right: 0. right instrument: Tool #14 (White). do an inguinal hernia repair,2705,current_public_raw_rows_not_exact_training_probability,0.19202611555171503,0.24416156514277204,0.0001048146259375242,4.9142753402482124e-06,5.102586388278211e-06
cmr_versius:02,cmr_versius,cmr-surgical-60hz/inguinal_hernia,cmr_surgical/inguinal_hernia,CMR_STATE_PROMPT,1.6,19.2,arm left: 3. left instrument: Tool #0 (Green). arm right: 2. right instrument: Tool #9 (Orange). do an inguinal hernia repair,131197,current_public_raw_rows_not_exact_training_probability,0.19202611555171503,0.24416156514277204,0.005083683726109191,0.00023835052932145832,0.00024748392842252734
cmr_versius:02,cmr_versius,cmr-surgical-60hz/inguinal_hernia,cmr_surgical/inguinal_hernia,CMR_STATE_PROMPT,1.6,19.2,arm left: -1. left instrument: Tool #3 (None). arm right: 1. right instrument: Tool #2 (Purple). do an inguinal hernia repair,64251,current_public_raw_rows_not_exact_training_probability,0.19202611555171503,0.24416156514277204,0.0024896282924627977,0.00011672721067884951,0.00012120010278494025
cmr_versius:02,cmr_versius,cmr-surgical-60hz/inguinal_hernia,cmr_surgical/inguinal_hernia,CMR_STATE_PROMPT,1.6,19.2,arm left: 2. left instrument: Tool #12 (Blue). arm right: 1. right instrument: Tool #2 (Purple). do an inguinal hernia repair,49145,current_public_raw_rows_not_exact_training_probability,0.19202611555171503,0.24416156514277204,0.0019042938231791596,8.92835717547129e-05,9.270484586023389e-05
cmr_versius:02,cmr_versius,cmr-surgical-60hz/inguinal_hernia,cmr_surgical/inguinal_hernia,CMR_STATE_PROMPT,1.6,19.2,arm left: 2. left instrument: Tool #12 (Blue). arm right: -1. right instrument: Tool #3 (None). do an inguinal hernia repair,14005,current_public_raw_rows_not_exact_training_probability,0.19202611555171503,0.24416156514277204,0.0005426723978761651,2.54434107727084e-05,2.641838165169551e-05
cmr_versius:02,cmr_versius,cmr-surgical-60hz/inguinal_hernia,cmr_surgical/inguinal_hernia,CMR_STATE_PROMPT,1.6,19.2,arm left: 2. left instrument: Tool #12 (Blue). arm right: 0. right instrument: Tool #17 (White). do an inguinal hernia repair,11259,current_public_raw_rows_not_exact_training_probability,0.19202611555171503,0.24416156514277204,0.0004362690844475361,2.0454649188855685e-05,2.1238454767328794e-05
cmr_versius:02,cmr_versius,cmr-surgical-60hz/inguinal_hernia,cmr_surgical/inguinal_hernia,CMR_STATE_PROMPT,1.6,19.2,arm left: -1. left instrument: Tool #3 (None). arm right: 1. right instrument: Tool #9 (Purple). do an inguinal hernia repair,9447,current_public_raw_rows_not_exact_training_probability,0.19202611555171503,0.24416156514277204,0.0003660568470357823,1.7162720569066494e-05,1.782038211092949e-05
cmr_versius:02,cmr_versius,cmr-surgical-60hz/inguinal_hernia,cmr_surgical/inguinal_hernia,CMR_STATE_PROMPT,1.6,19.2,arm left: 2. left instrument: Tool #12 (Blue). arm right: 1. right instrument: Tool #9 (Purple). do an inguinal hernia repair,74591,current_public_raw_rows_not_exact_training_probability,0.19202611555171503,0.24416156514277204,0.0028902875280243504,0.00013551227796837503,0.00014070499862774865
cmr_versius:02,cmr_versius,cmr-surgical-60hz/inguinal_hernia,cmr_surgical/inguinal_hernia,CMR_STATE_PROMPT,1.6,19.2,arm left: 1. left instrument: Tool #0 (Cyan). arm right: 0. right instrument: Tool #14 (White). do an inguinal hernia repair,25388,current_public_raw_rows_not_exact_training_probability,0.19202611555171503,0.24416156514277204,0.0009837462932724083,4.612333543002648e-05,4.789074426085295e-05
cmr_versius:02,cmr_versius,cmr-surgical-60hz/inguinal_hernia,cmr_surgical/inguinal_hernia,CMR_STATE_PROMPT,1.6,19.2,arm left: 1. left instrument: Tool #0 (Cyan). arm right: -1. right instrument: Tool #3 (None). do an inguinal hernia repair,72498,current_public_raw_rows_not_exact_training_probability,0.19202611555171503,0.24416156514277204,0.00280918696902722,0.00013170984606924768,0.00013675686062010863
cmr_versius:02,cmr_versius,cmr-surgical-60hz/inguinal_hernia,cmr_surgical/inguinal_hernia,CMR_STATE_PROMPT,1.6,19.2,arm left: 1. left instrument: Tool #0 (Cyan). arm right: 2. right instrument: Tool #9 (Orange). do an inguinal hernia repair,625293,current_public_raw_rows_not_exact_training_probability,0.19202611555171503,0.24416156514277204,0.024229150423790136,0.001135993334687551,0.0011795236785529196
cmr_versius:02,cmr_versius,cmr-surgical-60hz/inguinal_hernia,cmr_surgical/inguinal_hernia,CMR_STATE_PROMPT,1.6,19.2,arm left: 2. left instrument: Tool #9 (Orange). arm right: -1. right instrument: Tool #3 (None). do an inguinal hernia repair,413,current_public_raw_rows_not_exact_training_probability,0.19202611555171503,0.24416156514277204,1.6003120337226433e-05,7.503126489916866e-07,7.790640215744553e-07
cmr_versius:02,cmr_versius,cmr-surgical-60hz/inguinal_hernia,cmr_surgical/inguinal_hernia,CMR_STATE_PROMPT,1.6,19.2,arm left: 1. left instrument: Tool #0 (Cyan). arm right: 2. right instrument: Tool #2 (Orange). do an inguinal hernia repair,322482,current_public_raw_rows_not_exact_training_probability,0.19202611555171503,0.24416156514277204,0.012495685841620955,0.0005858651904894359,0.000608315069746667
cmr_versius:02,cmr_versius,cmr-surgical-60hz/inguinal_hernia,cmr_surgical/inguinal_hernia,CMR_STATE_PROMPT,1.6,19.2,arm left: -1. left instrument: Tool #3 (None). arm right: 2. right instrument: Tool #18 (Purple). do an inguinal hernia repair,8015,current_public_raw_rows_not_exact_training_probability,0.19202611555171503,0.24416156514277204,0.0003105690302732926,1.4561152255855611e-05,1.5119123808521209e-05
cmr_versius:02,cmr_versius,cmr-surgical-60hz/inguinal_hernia,cmr_surgical/inguinal_hernia,CMR_STATE_PROMPT,1.6,19.2,arm left: 1. left instrument: Tool #13 (Blue). arm right: 2. right instrument: Tool #18 (Purple). do an inguinal hernia repair,50364,current_public_raw_rows_not_exact_training_probability,0.19202611555171503,0.24416156514277204,0.001951528214682983,9.149817494871017e-05,9.500431085369459e-05
cmr_versius:02,cmr_versius,cmr-surgical-60hz/inguinal_hernia,cmr_surgical/inguinal_hernia,CMR_STATE_PROMPT,1.6,19.2,arm left: 1. left instrument: Tool #13 (Blue). arm right: -1. right instrument: Tool #3 (None). do an inguinal hernia repair,7286,current_public_raw_rows_not_exact_training_probability,0.19202611555171503,0.24416156514277204,0.00028232139171194135,1.3236750509814594e-05,1.374397206099632e-05
cmr_versius:02,cmr_versius,cmr-surgical-60hz/inguinal_hernia,cmr_surgical/inguinal_hernia,CMR_STATE_PROMPT,1.6,19.2,arm left: 0. left instrument: Tool #17 (White). arm right: 2. right instrument: Tool #18 (Purple). do an inguinal hernia repair,20940,current_public_raw_rows_not_exact_training_probability,0.19202611555171503,0.24416156514277204,0.0008113930747252336,3.8042486367762504e-05,3.95002436120317e-05
cmr_versius:02,cmr_versius,cmr-surgical-60hz/inguinal_hernia,cmr_surgical/inguinal_hernia,CMR_STATE_PROMPT,1.6,19.2,arm left: 1. left instrument: Tool #2 (Blue). arm right: 2. right instrument: Tool #18 (Purple). do an inguinal hernia repair,15421,current_public_raw_rows_not_exact_training_probability,0.19202611555171503,0.24416156514277204,0.00059754023903237,2.801591128353704e-05,2.9089458297093643e-05
cmr_versius:02,cmr_versius,cmr-surgical-60hz/inguinal_hernia,cmr_surgical/inguinal_hernia,CMR_STATE_PROMPT,1.6,19.2,arm left: 1. left instrument: Tool #2 (Blue). arm right: 2. right instrument: Tool #2 (Purple). do an inguinal hernia repair,11367,current_public_raw_rows_not_exact_training_probability,0.19202611555171503,0.24416156514277204,0.00044045391978995844,2.0650856854935835e-05,2.1442180952147295e-05
cmr_versius:02,cmr_versius,cmr-surgical-60hz/inguinal_hernia,cmr_surgical/inguinal_hernia,CMR_STATE_PROMPT,1.6,19.2,arm left: 0. left instrument: Tool #14 (White). arm right: 1. right instrument: Tool #9 (Blue). do an inguinal hernia repair,17260,current_public_raw_rows_not_exact_training_probability,0.19202611555171503,0.24416156514277204,0.0006687986852797293,3.1356891819846266e-05,3.255846249969757e-05
cmr_versius:02,cmr_versius,cmr-surgical-60hz/inguinal_hernia,cmr_surgical/inguinal_hernia,CMR_STATE_PROMPT,1.6,19.2,arm left: 0. left instrument: Tool #14 (White). arm right: 1. right instrument: Tool #2 (Blue). do an inguinal hernia repair,25736,current_public_raw_rows_not_exact_training_probability,0.19202611555171503,0.24416156514277204,0.0009972307627091027,4.675556013184029e-05,4.854719530082367e-05
cmr_versius:02,cmr_versius,cmr-surgical-60hz/inguinal_hernia,cmr_surgical/inguinal_hernia,CMR_STATE_PROMPT,1.6,19.2,arm left: 2. left instrument: Tool #18 (Green). arm right: 1. right instrument: Tool #2 (Cyan). do an inguinal hernia repair,26514,current_public_raw_rows_not_exact_training_probability,0.19202611555171503,0.24416156514277204,0.0010273770765647013,4.8168982022676945e-05,5.0014778372942156e-05
cmr_versius:02,cmr_versius,cmr-surgical-60hz/inguinal_hernia,cmr_surgical/inguinal_hernia,CMR_STATE_PROMPT,1.6,19.2,arm left: 0. left instrument: Tool #14 (White). arm right: 1. right instrument: Tool #2 (Cyan). do an inguinal hernia repair,24107,current_public_raw_rows_not_exact_training_probability,0.19202611555171503,0.24416156514277204,0.0009341094962942314,4.379609450179803e-05,4.547432534647795e-05
cmr_versius:02,cmr_versius,cmr-surgical-60hz/inguinal_hernia,cmr_surgical/inguinal_hernia,CMR_STATE_PROMPT,1.6,19.2,arm left: 2. left instrument: Tool #2 (Green). arm right: 1. right instrument: Tool #2 (Cyan). do an inguinal hernia repair,32764,current_public_raw_rows_not_exact_training_probability,0.19202611555171503,0.24416156514277204,0.0012695550477697017,5.95235923282412e-05,6.180448814253137e-05
cmr_versius:02,cmr_versius,cmr-surgical-60hz/inguinal_hernia,cmr_surgical/inguinal_hernia,CMR_STATE_PROMPT,1.6,19.2,arm left: 2. left instrument: Tool #2 (Green). arm right: -1. right instrument: Tool #3 (None). do an inguinal hernia repair,8399,current_public_raw_rows_not_exact_training_probability,0.19202611555171503,0.24416156514277204,0.00032544844482412783,1.5258779513029478e-05,1.584348357676477e-05
cmr_versius:02,cmr_versius,cmr-surgical-60hz/inguinal_hernia,cmr_surgical/inguinal_hernia,CMR_STATE_PROMPT,1.6,19.2,arm left: 2. left instrument: Tool #18 (Green). arm right: 1. right instrument: Tool #9 (Cyan). do an inguinal hernia repair,182004,current_public_raw_rows_not_exact_training_probability,0.19202611555171503,0.24416156514277204,0.007052377515391185,0.00033065351904862687,0.00034332389390469043
cmr_versius:02,cmr_versius,cmr-surgical-60hz/inguinal_hernia,cmr_surgical/inguinal_hernia,CMR_STATE_PROMPT,1.6,19.2,arm left: 2. left instrument: Tool #18 (Green). arm right: -1. right instrument: Tool #3 (None). do an inguinal hernia repair,8157,current_public_raw_rows_not_exact_training_probability,0.19202611555171503,0.24416156514277204,0.00031607131377907023,1.4819129001998032e-05,1.5386986014486275e-05
cmr_versius:02,cmr_versius,cmr-surgical-60hz/inguinal_hernia,cmr_surgical/inguinal_hernia,CMR_STATE_PROMPT,1.6,19.2,arm left: 2. left instrument: Tool #0 (Cyan). arm right: 1. right instrument: Tool #9 (Purple). do an inguinal hernia repair,52091,current_public_raw_rows_not_exact_training_probability,0.19202611555171503,0.24416156514277204,0.002018446831686349,9.463568086834368e-05,9.826204345722748e-05
cmr_versius:02,cmr_versius,cmr-surgical-60hz/inguinal_hernia,cmr_surgical/inguinal_hernia,CMR_STATE_PROMPT,1.6,19.2,arm left: 2. left instrument: Tool #0 (Cyan). arm right: 1. right instrument: Tool #2 (Purple). do an inguinal hernia repair,32246,current_public_raw_rows_not_exact_training_probability,0.19202611555171503,0.24416156514277204,0.0012494833375162313,5.858252222611604e-05,6.082735699682781e-05
cmr_versius:02,cmr_versius,cmr-surgical-60hz/inguinal_hernia,cmr_surgical/inguinal_hernia,CMR_STATE_PROMPT,1.6,19.2,arm left: 2. left instrument: Tool #0 (Blue). arm right: 1. right instrument: Tool #9 (Orange). do an inguinal hernia repair,385208,current_public_raw_rows_not_exact_training_probability,0.19202611555171503,0.24416156514277204,0.014926222709109732,0.0006998218762537278,0.0007266384833478275
cmr_versius:02,cmr_versius,cmr-surgical-60hz/inguinal_hernia,cmr_surgical/inguinal_hernia,CMR_STATE_PROMPT,1.6,19.2,arm left: 2. left instrument: Tool #2 (Blue). arm right: 1. right instrument: Tool #2 (Orange). do an inguinal hernia repair,58798,current_public_raw_rows_not_exact_training_probability,0.19202611555171503,0.24416156514277204,0.0022783328561458587,0.0001068205402794508,0.00011091381680516905
cmr_versius:02,cmr_versius,cmr-surgical-60hz/inguinal_hernia,cmr_surgical/inguinal_hernia,CMR_STATE_PROMPT,1.6,19.2,arm left: 2. left instrument: Tool #0 (Blue). arm right: 0. right instrument: Tool #14 (White). do an inguinal hernia repair,1193,current_public_raw_rows_not_exact_training_probability,0.19202611555171503,0.24416156514277204,4.6226931143610493e-05,2.1673680151261066e-06,2.250419800819189e-06
cmr_versius:02,cmr_versius,cmr-surgical-60hz/inguinal_hernia,cmr_surgical/inguinal_hernia,CMR_STATE_PROMPT,1.6,19.2,arm left: 2. left instrument: Tool #13 (Blue). arm right: 1. right instrument: Tool #9 (Orange). do an inguinal hernia repair,243251,current_public_raw_rows_not_exact_training_probability,0.19202611555171503,0.24416156514277204,0.009425605387774011,0.00044192324983021,0.00045885739058597536
cmr_versius:02,cmr_versius,cmr-surgical-60hz/inguinal_hernia,cmr_surgical/inguinal_hernia,CMR_STATE_PROMPT,1.6,19.2,arm left: 2. left instrument: Tool #13 (Blue). arm right: -1. right instrument: Tool #3 (None). do an inguinal hernia repair,63068,current_public_raw_rows_not_exact_training_probability,0.19202611555171503,0.24416156514277204,0.0024437888460731153,0.00011457801004021231,0.0001189685465197524
cmr_versius:02,cmr_versius,cmr-surgical-60hz/inguinal_hernia,cmr_surgical/inguinal_hernia,CMR_STATE_PROMPT,1.6,19.2,arm left: 2. left instrument: Tool #13 (Blue). arm right: 0. right instrument: Tool #14 (White). do an inguinal hernia repair,17194,current_public_raw_rows_not_exact_training_probability,0.19202611555171503,0.24416156514277204,0.0006662412859038045,3.123698713501951e-05,3.243396316453071e-05
cmr_versius:02,cmr_versius,cmr-surgical-60hz/inguinal_hernia,cmr_surgical/inguinal_hernia,CMR_STATE_PROMPT,1.6,19.2,arm left: 2. left instrument: Tool #13 (Blue). arm right: 1. right instrument: Tool #2 (Orange). do an inguinal hernia repair,84381,current_public_raw_rows_not_exact_training_probability,0.19202611555171503,0.24416156514277204,0.0032696351021198632,0.0001532981395510109,0.0001591724000108332
cmr_versius:02,cmr_versius,cmr-surgical-60hz/inguinal_hernia,cmr_surgical/inguinal_hernia,CMR_STATE_PROMPT,1.6,19.2,arm left: 2. left instrument: Tool #0 (Green). arm right: -1. right instrument: Tool #3 (None). do an inguinal hernia repair,11941,current_public_raw_rows_not_exact_training_probability,0.19202611555171503,0.24416156514277204,0.0004626955446654257,2.1693664265398858e-05,2.252494789738637e-05
cmr_versius:02,cmr_versius,cmr-surgical-60hz/inguinal_hernia,cmr_surgical/inguinal_hernia,CMR_STATE_PROMPT,1.6,19.2,arm left: 2. left instrument: Tool #0 (Green). arm right: 1. right instrument: Tool #18 (Orange). do an inguinal hernia repair,6976,current_public_raw_rows_not_exact_training_probability,0.19202611555171503,0.24416156514277204,0.0002703093643401733,1.2673561838658607e-05,1.3159202456424696e-05
cmr_versius:02,cmr_versius,cmr-surgical-60hz/inguinal_hernia,cmr_surgical/inguinal_hernia,CMR_STATE_PROMPT,1.6,19.2,arm left: 2. left instrument: Tool #0 (Green). arm right: 0. right instrument: Tool #17 (White). do an inguinal hernia repair,16135,current_public_raw_rows_not_exact_training_probability,0.19202611555171503,0.24416156514277204,0.0006252066504628292,2.9313061964844702e-05,3.0436314741171515e-05
cmr_versius:02,cmr_versius,cmr-surgical-60hz/inguinal_hernia,cmr_surgical/inguinal_hernia,CMR_STATE_PROMPT,1.6,19.2,arm left: -1. left instrument: Tool #3 (None). arm right: 1. right instrument: Tool #18 (Orange). do an inguinal hernia repair,466,current_public_raw_rows_not_exact_training_probability,0.19202611555171503,0.24416156514277204,1.8056789533044837e-05,8.465997443828715e-07,8.790407604205718e-07
cmr_versius:02,cmr_versius,cmr-surgical-60hz/inguinal_hernia,cmr_surgical/inguinal_hernia,CMR_STATE_PROMPT,1.6,19.2,arm left: 2. left instrument: Tool #18 (Green). arm right: 1. right instrument: Tool #2 (Orange). do an inguinal hernia repair,57263,current_public_raw_rows_not_exact_training_probability,0.19202611555171503,0.24416156514277204,0.002218853946417911,0.00010403184798840422,0.00010801826408575795
cmr_versius:02,cmr_versius,cmr-surgical-60hz/inguinal_hernia,cmr_surgical/inguinal_hernia,CMR_STATE_PROMPT,1.6,19.2,arm left: 0. left instrument: Tool #17 (White). arm right: 1. right instrument: Tool #2 (Orange). do an inguinal hernia repair,6025,current_public_raw_rows_not_exact_training_probability,0.19202611555171503,0.24416156514277204,0.00023345956424162046,1.094584433456395e-05,1.1365280217884003e-05
cmr_versius:02,cmr_versius,cmr-surgical-60hz/inguinal_hernia,cmr_surgical/inguinal_hernia,CMR_STATE_PROMPT,1.6,19.2,arm left: 2. left instrument: Tool #18 (Green). arm right: 0. right instrument: Tool #17 (White). do an inguinal hernia repair,3170,current_public_raw_rows_not_exact_training_probability,0.19202611555171503,0.24416156514277204,0.00012283266699517623,5.759058346982194e-06,5.979740795135649e-06
cmr_versius:02,cmr_versius,cmr-surgical-60hz/inguinal_hernia,cmr_surgical/inguinal_hernia,CMR_STATE_PROMPT,1.6,19.2,arm left: 2. left instrument: Tool #18 (Cyan). arm right: 1. right instrument: Tool #9 (Blue). do an inguinal hernia repair,275012,current_public_raw_rows_not_exact_training_probability,0.19202611555171503,0.24416156514277204,0.010656295714724734,0.0004996246542966142,0.000518769866104683
cmr_versius:02,cmr_versius,cmr-surgical-60hz/inguinal_hernia,cmr_surgical/inguinal_hernia,CMR_STATE_PROMPT,1.6,19.2,arm left: 2. left instrument: Tool #18 (Cyan). arm right: -1. right instrument: Tool #3 (None). do an inguinal hernia repair,4258,current_public_raw_rows_not_exact_training_probability,0.19202611555171503,0.24416156514277204,0.00016499100822254273,7.735668908974822e-06,8.03209347182574e-06
cmr_versius:02,cmr_versius,cmr-surgical-60hz/inguinal_hernia,cmr_surgical/inguinal_hernia,CMR_STATE_PROMPT,1.6,19.2,arm left: 0. left instrument: Tool #17 (White). arm right: 1. right instrument: Tool #2 (Blue). do an inguinal hernia repair,38054,current_public_raw_rows_not_exact_training_probability,0.19202611555171503,0.24416156514277204,0.001474534482597614,6.913413449087078e-05,7.178329849151166e-05
cmr_versius:02,cmr_versius,cmr-surgical-60hz/inguinal_hernia,cmr_surgical/inguinal_hernia,CMR_STATE_PROMPT,1.6,19.2,arm left: 2. left instrument: Tool #18 (Cyan). arm right: 1. right instrument: Tool #2 (Blue). do an inguinal hernia repair,24993,current_public_raw_rows_not_exact_training_probability,0.19202611555171503,0.24416156514277204,0.0009684406454922523,4.5405724058714816e-05,4.714563460341491e-05
cmr_versius:02,cmr_versius,cmr-surgical-60hz/inguinal_hernia,cmr_surgical/inguinal_hernia,CMR_STATE_PROMPT,1.6,19.2,arm left: 2. left instrument: Tool #2 (Cyan). arm right: 1. right instrument: Tool #2 (Blue). do an inguinal hernia repair,75322,current_public_raw_rows_not_exact_training_probability,0.19202611555171503,0.24416156514277204,0.002918612663536487,0.00013684031318971383,0.0001420839230823998
cmr_versius:02,cmr_versius,cmr-surgical-60hz/inguinal_hernia,cmr_surgical/inguinal_hernia,CMR_STATE_PROMPT,1.6,19.2,arm left: 2. left instrument: Tool #2 (Cyan). arm right: 1. right instrument: Tool #9 (Blue). do an inguinal hernia repair,801,current_public_raw_rows_not_exact_training_probability,0.19202611555171503,0.24416156514277204,3.1037528789632864e-05,1.455206856761116e-06,1.5109692040705537e-06
cmr_versius:02,cmr_versius,cmr-surgical-60hz/inguinal_hernia,cmr_surgical/inguinal_hernia,CMR_STATE_PROMPT,1.6,19.2,arm left: 2. left instrument: Tool #2 (Cyan). arm right: 0. right instrument: Tool #17 (White). do an inguinal hernia repair,5517,current_public_raw_rows_not_exact_training_probability,0.19202611555171503,0.24416156514277204,0.000213775338742078,1.0022941608927685e-05,1.040701260781179e-05
cmr_versius:02,cmr_versius,cmr-surgical-60hz/inguinal_hernia,cmr_surgical/inguinal_hernia,CMR_STATE_PROMPT,1.6,19.2,arm left: 2. left instrument: Tool #0 (Orange). arm right: 0. right instrument: Tool #14 (White). do an inguinal hernia repair,30877,current_public_raw_rows_not_exact_training_probability,0.19202611555171503,0.24416156514277204,0.001196436674703488,5.6095408384785235e-05,5.824493896889698e-05
cmr_versius:02,cmr_versius,cmr-surgical-60hz/inguinal_hernia,cmr_surgical/inguinal_hernia,CMR_STATE_PROMPT,1.6,19.2,arm left: 2. left instrument: Tool #0 (Orange). arm right: 1. right instrument: Tool #9 (Blue). do an inguinal hernia repair,32651,current_public_raw_rows_not_exact_training_probability,0.19202611555171503,0.24416156514277204,0.0012651764700503153,5.93183009739166e-05,6.15913301898972e-05
cmr_versius:02,cmr_versius,cmr-surgical-60hz/inguinal_hernia,cmr_surgical/inguinal_hernia,CMR_STATE_PROMPT,1.6,19.2,arm left: 2. left instrument: Tool #0 (Orange). arm right: 1. right instrument: Tool #2 (Blue). do an inguinal hernia repair,26175,current_public_raw_rows_not_exact_training_probability,0.19202611555171503,0.24416156514277204,0.001014241343406542,4.755310795970314e-05,4.937530451503963e-05
cmr_versius:02,cmr_versius,cmr-surgical-60hz/inguinal_hernia,cmr_surgical/inguinal_hernia,CMR_STATE_PROMPT,1.6,19.2,arm left: -1. left instrument: Tool #3 (None). arm right: 2. right instrument: Tool #8 (Cyan). do an inguinal hernia repair,60,current_public_raw_rows_not_exact_training_probability,0.19202611555171503,0.24416156514277204,2.3249085235680047e-06,1.0900425893341692e-07,1.1318121378805646e-07
cmr_versius:02,cmr_versius,cmr-surgical-60hz/inguinal_hernia,cmr_surgical/inguinal_hernia,CMR_STATE_PROMPT,1.6,19.2,arm left: 1. left instrument: Tool #0 (Orange). arm right: 2. right instrument: Tool #8 (Cyan). do an inguinal hernia repair,37258,current_public_raw_rows_not_exact_training_probability,0.19202611555171503,0.24416156514277204,0.0014436906961849453,6.768801132235413e-05,7.028176105525678e-05
cmr_versius:02,cmr_versius,cmr-surgical-60hz/inguinal_hernia,cmr_surgical/inguinal_hernia,CMR_STATE_PROMPT,1.6,19.2,arm left: 1. left instrument: Tool #0 (Orange). arm right: -1. right instrument: Tool #3 (None). do an inguinal hernia repair,29742,current_public_raw_rows_not_exact_training_probability,0.19202611555171503,0.24416156514277204,0.00115245715513266,5.403341115329477e-05,5.6103927674739585e-05
cmr_versius:02,cmr_versius,cmr-surgical-60hz/inguinal_hernia,cmr_surgical/inguinal_hernia,CMR_STATE_PROMPT,1.6,19.2,arm left: 1. left instrument: Tool #0 (Orange). arm right: 2. right instrument: Tool #2 (Cyan). do an inguinal hernia repair,72356,current_public_raw_rows_not_exact_training_probability,0.19202611555171503,0.24416156514277204,0.0028036846855214424,0.00013145186932310527,0.00013648899841414355
cmr_versius:02,cmr_versius,cmr-surgical-60hz/inguinal_hernia,cmr_surgical/inguinal_hernia,CMR_STATE_PROMPT,1.6,19.2,arm left: 1. left instrument: Tool #0 (Orange). arm right: 0. right instrument: Tool #14 (White). do an inguinal hernia repair,3011,current_public_raw_rows_not_exact_training_probability,0.19202611555171503,0.24416156514277204,0.00011667165940772103,5.470197060808639e-06,5.679810578597299e-06
cmr_versius:02,cmr_versius,cmr-surgical-60hz/inguinal_hernia,cmr_surgical/inguinal_hernia,CMR_STATE_PROMPT,1.6,19.2,arm left: 1. left instrument: Tool #2 (Green). arm right: 2. right instrument: Tool #2 (Orange). do an inguinal hernia repair,155322,current_public_raw_rows_not_exact_training_probability,0.19202611555171503,0.24416156514277204,0.006018490694960493,0.0002821793251009364,0.00029299220813314175
cmr_versius:02,cmr_versius,cmr-surgical-60hz/inguinal_hernia,cmr_surgical/inguinal_hernia,CMR_STATE_PROMPT,1.6,19.2,arm left: 1. left instrument: Tool #18 (Green). arm right: 2. right instrument: Tool #8 (Orange). do an inguinal hernia repair,188882,current_public_raw_rows_not_exact_training_probability,0.19202611555171503,0.24416156514277204,0.007318889529142864,0.00034314904059769426,0.00035629823371192797
cmr_versius:02,cmr_versius,cmr-surgical-60hz/inguinal_hernia,cmr_surgical/inguinal_hernia,CMR_STATE_PROMPT,1.6,19.2,arm left: -1. left instrument: Tool #3 (None). arm right: 2. right instrument: Tool #8 (Orange). do an inguinal hernia repair,1557,current_public_raw_rows_not_exact_training_probability,0.19202611555171503,0.24416156514277204,6.033137618658972e-05,2.828660519322169e-06,2.9370524978000647e-06
cmr_versius:02,cmr_versius,cmr-surgical-60hz/inguinal_hernia,cmr_surgical/inguinal_hernia,CMR_STATE_PROMPT,1.6,19.2,arm left: 1. left instrument: Tool #13 (Blue). arm right: 2. right instrument: Tool #9 (Cyan). do an inguinal hernia repair,61147,current_public_raw_rows_not_exact_training_probability,0.19202611555171503,0.24416156514277204,0.0023693530248435463,0.00011108805701669408,0.00011534486132497147
cmr_versius:02,cmr_versius,cmr-surgical-60hz/inguinal_hernia,cmr_surgical/inguinal_hernia,CMR_STATE_PROMPT,1.6,19.2,arm left: 1. left instrument: Tool #13 (Blue). arm right: 0. right instrument: Tool #14 (White). do an inguinal hernia repair,1666,current_public_raw_rows_not_exact_training_probability,0.19202611555171503,0.24416156514277204,6.455496000440493e-05,3.02668492305121e-06,3.142665036181701e-06
cmr_versius:02,cmr_versius,cmr-surgical-60hz/inguinal_hernia,cmr_surgical/inguinal_hernia,CMR_STATE_PROMPT,1.6,19.2,arm left: 1. left instrument: Tool #13 (Blue). arm right: 2. right instrument: Tool #2 (Cyan). do an inguinal hernia repair,36726,current_public_raw_rows_not_exact_training_probability,0.19202611555171503,0.24416156514277204,0.0014230765072759757,6.67215068931445e-05,6.927822095966935e-05
cmr_versius:02,cmr_versius,cmr-surgical-60hz/inguinal_hernia,cmr_surgical/inguinal_hernia,CMR_STATE_PROMPT,1.6,19.2,arm left: 0. left instrument: Tool #17 (White). arm right: 1. right instrument: Tool #9 (Blue). do an inguinal hernia repair,7311,current_public_raw_rows_not_exact_training_probability,0.19202611555171503,0.24416156514277204,0.00028329010359676133,1.328216895103685e-05,1.3791130900074677e-05
cmr_versius:02,cmr_versius,cmr-surgical-60hz/inguinal_hernia,cmr_surgical/inguinal_hernia,CMR_STATE_PROMPT,1.6,19.2,arm left: 2. left instrument: Tool #2 (Blue). arm right: 1. right instrument: Tool #2 (Green). do an inguinal hernia repair,57745,current_public_raw_rows_not_exact_training_probability,0.19202611555171503,0.24416156514277204,0.0022375307115572404,0.00010490751553516934,0.00010892748650318867
cmr_versius:02,cmr_versius,cmr-surgical-60hz/inguinal_hernia,cmr_surgical/inguinal_hernia,CMR_STATE_PROMPT,1.6,19.2,arm left: 2. left instrument: Tool #13 (Blue). arm right: 1. right instrument: Tool #2 (Green). do an inguinal hernia repair,56533,current_public_raw_rows_not_exact_training_probability,0.19202611555171503,0.24416156514277204,0.002190567559381167,0.00010270562950471432,0.00010664122598466993
cmr_versius:02,cmr_versius,cmr-surgical-60hz/inguinal_hernia,cmr_surgical/inguinal_hernia,CMR_STATE_PROMPT,1.6,19.2,arm left: -1. left instrument: Tool #3 (None). arm right: 1. right instrument: Tool #9 (Green). do an inguinal hernia repair,16481,current_public_raw_rows_not_exact_training_probability,0.19202611555171503,0.24416156514277204,0.0006386136229487381,2.9941653191360738e-05,3.108899307401597e-05
cmr_versius:02,cmr_versius,cmr-surgical-60hz/inguinal_hernia,cmr_surgical/inguinal_hernia,CMR_STATE_PROMPT,1.6,19.2,arm left: 2. left instrument: Tool #13 (Blue). arm right: 1. right instrument: Tool #9 (Green). do an inguinal hernia repair,72987,current_public_raw_rows_not_exact_training_probability,0.19202611555171503,0.24416156514277204,0.002828134973494299,0.00013259823077955502,0.00013767928751248128
cmr_versius:02,cmr_versius,cmr-surgical-60hz/inguinal_hernia,cmr_surgical/inguinal_hernia,CMR_STATE_PROMPT,1.6,19.2,arm left: 1. left instrument: Tool #9 (Orange). arm right: -1. right instrument: Tool #3 (None). do an inguinal hernia repair,148,current_public_raw_rows_not_exact_training_probability,0.19202611555171503,0.24416156514277204,5.7347743581344115e-06,2.6887717203576175e-07,2.7918032734387257e-07
cmr_versius:02,cmr_versius,cmr-surgical-60hz/inguinal_hernia,cmr_surgical/inguinal_hernia,CMR_STATE_PROMPT,1.6,19.2,arm left: 2. left instrument: Tool #18 (Green). arm right: 1. right instrument: Tool #2 (Blue). do an inguinal hernia repair,14161,current_public_raw_rows_not_exact_training_probability,0.19202611555171503,0.24416156514277204,0.0005487171600374418,2.5726821845935284e-05,2.6712652807544455e-05
cmr_versius:02,cmr_versius,cmr-surgical-60hz/inguinal_hernia,cmr_surgical/inguinal_hernia,CMR_STATE_PROMPT,1.6,19.2,arm left: 2. left instrument: Tool #2 (Green). arm right: 1. right instrument: Tool #2 (Blue). do an inguinal hernia repair,105460,current_public_raw_rows_not_exact_training_probability,0.19202611555171503,0.24416156514277204,0.004086414214924696,0.00019159315245196915,0.00019893484676814055
cmr_versius:02,cmr_versius,cmr-surgical-60hz/inguinal_hernia,cmr_surgical/inguinal_hernia,CMR_STATE_PROMPT,1.6,19.2,arm left: 2. left instrument: Tool #2 (Green). arm right: 0. right instrument: Tool #14 (White). do an inguinal hernia repair,2794,current_public_raw_rows_not_exact_training_probability,0.19202611555171503,0.24416156514277204,0.00010826324024748341,5.075964990999448e-06,5.270471855397162e-06
cmr_versius:02,cmr_versius,cmr-surgical-60hz/inguinal_hernia,cmr_surgical/inguinal_hernia,CMR_STATE_PROMPT,1.6,19.2,arm left: 2. left instrument: Tool #2 (Green). arm right: 1. right instrument: Tool #9 (Blue). do an inguinal hernia repair,5496,current_public_raw_rows_not_exact_training_probability,0.19202611555171503,0.24416156514277204,0.00021296162075882922,9.984790118300991e-06,1.0367399182985972e-05
cmr_versius:02,cmr_versius,cmr-surgical-60hz/inguinal_hernia,cmr_surgical/inguinal_hernia,CMR_STATE_PROMPT,1.6,19.2,arm left: 2. left instrument: Tool #18 (Green). arm right: 1. right instrument: Tool #9 (Blue). do an inguinal hernia repair,99362,current_public_raw_rows_not_exact_training_probability,0.19202611555171503,0.24416156514277204,0.003850126011979401,0.0001805146862690362,0.00018743186274014774
cmr_versius:02,cmr_versius,cmr-surgical-60hz/inguinal_hernia,cmr_surgical/inguinal_hernia,CMR_STATE_PROMPT,1.6,19.2,arm left: 1. left instrument: Tool #13 (Purple). arm right: -1. right instrument: Tool #3 (None). do an inguinal hernia repair,22280,current_public_raw_rows_not_exact_training_probability,0.19202611555171503,0.24416156514277204,0.0008633160317515857,4.0476914817275484e-05,4.202795738663163e-05
cmr_versius:02,cmr_versius,cmr-surgical-60hz/inguinal_hernia,cmr_surgical/inguinal_hernia,CMR_STATE_PROMPT,1.6,19.2,arm left: 1. left instrument: Tool #13 (Purple). arm right: 2. right instrument: Tool #2 (Cyan). do an inguinal hernia repair,49987,current_public_raw_rows_not_exact_training_probability,0.19202611555171503,0.24416156514277204,0.0019369200394598973,9.081326485507853e-05,9.429315556039296e-05
cmr_versius:02,cmr_versius,cmr-surgical-60hz/inguinal_hernia,cmr_surgical/inguinal_hernia,CMR_STATE_PROMPT,1.6,19.2,arm left: 1. left instrument: Tool #13 (Purple). arm right: 0. right instrument: Tool #14 (White). do an inguinal hernia repair,2345,current_public_raw_rows_not_exact_training_probability,0.19202611555171503,0.24416156514277204,9.086517479611618e-05,4.260249786647712e-06,4.423499105549873e-06
cmr_versius:02,cmr_versius,cmr-surgical-60hz/inguinal_hernia,cmr_surgical/inguinal_hernia,CMR_STATE_PROMPT,1.6,19.2,arm left: 1. left instrument: Tool #13 (Purple). arm right: 2. right instrument: Tool #9 (Cyan). do an inguinal hernia repair,16431,current_public_raw_rows_not_exact_training_probability,0.19202611555171503,0.24416156514277204,0.0006366761991790981,2.9850816308916225e-05,3.099467539585926e-05
cmr_versius:02,cmr_versius,cmr-surgical-60hz/inguinal_hernia,cmr_surgical/inguinal_hernia,CMR_STATE_PROMPT,1.6,19.2,arm left: 1. left instrument: Tool #0 (Purple). arm right: 2. right instrument: Tool #9 (Cyan). do an inguinal hernia repair,37115,current_public_raw_rows_not_exact_training_probability,0.19202611555171503,0.24416156514277204,0.0014381496642037748,6.742821783856281e-05,7.001201249572858e-05
cmr_versius:02,cmr_versius,cmr-surgical-60hz/inguinal_hernia,cmr_surgical/inguinal_hernia,CMR_STATE_PROMPT,1.6,19.2,arm left: 1. left instrument: Tool #0 (Purple). arm right: -1. right instrument: Tool #3 (None). do an inguinal hernia repair,19708,current_public_raw_rows_not_exact_training_probability,0.19202611555171503,0.24416156514277204,0.0007636549530413039,3.580426558432968e-05,3.717625602225028e-05
cmr_versius:02,cmr_versius,cmr-surgical-60hz/inguinal_hernia,cmr_surgical/inguinal_hernia,CMR_STATE_PROMPT,1.6,19.2,arm left: -1. left instrument: Tool #3 (None). arm right: 2. right instrument: Tool #0 (Cyan). do an inguinal hernia repair,5394,current_public_raw_rows_not_exact_training_probability,0.19202611555171503,0.24416156514277204,0.0002090092762687636,9.799482878114182e-06,1.0174991119546275e-05
cmr_versius:02,cmr_versius,cmr-surgical-60hz/inguinal_hernia,cmr_surgical/inguinal_hernia,CMR_STATE_PROMPT,1.6,19.2,arm left: 1. left instrument: Tool #2 (Purple). arm right: 2. right instrument: Tool #0 (Cyan). do an inguinal hernia repair,17849,current_public_raw_rows_not_exact_training_probability,0.19202611555171503,0.24416156514277204,0.0006916215372860886,3.2426950295042646e-05,3.366952474838366e-05
cmr_versius:02,cmr_versius,cmr-surgical-60hz/inguinal_hernia,cmr_surgical/inguinal_hernia,CMR_STATE_PROMPT,1.6,19.2,arm left: 1. left instrument: Tool #2 (Purple). arm right: 2. right instrument: Tool #9 (Cyan). do an inguinal hernia repair,15851,current_public_raw_rows_not_exact_training_probability,0.19202611555171503,0.24416156514277204,0.000614202083451274,2.8797108472559862e-05,2.990059032924138e-05
cmr_versius:02,cmr_versius,cmr-surgical-60hz/inguinal_hernia,cmr_surgical/inguinal_hernia,CMR_STATE_PROMPT,1.6,19.2,arm left: 1. left instrument: Tool #18 (Pink). arm right: 2. right instrument: Tool #9 (Green). do an inguinal hernia repair,212742,current_public_raw_rows_not_exact_training_probability,0.19202611555171503,0.24416156514277204,0.008243428152015073,0.00038649640090021635,0.00040130662972831174
cmr_versius:02,cmr_versius,cmr-surgical-60hz/inguinal_hernia,cmr_surgical/inguinal_hernia,CMR_STATE_PROMPT,1.6,19.2,arm left: 1. left instrument: Tool #2 (Pink). arm right: 2. right instrument: Tool #2 (Green). do an inguinal hernia repair,156946,current_public_raw_rows_not_exact_training_probability,0.19202611555171503,0.24416156514277204,0.006081418218998401,0.0002851297070427342,0.0002960556463196718
cmr_versius:02,cmr_versius,cmr-surgical-60hz/inguinal_hernia,cmr_surgical/inguinal_hernia,CMR_STATE_PROMPT,1.6,19.2,arm left: 1. left instrument: Tool #18 (Pink). arm right: 2. right instrument: Tool #2 (Green). do an inguinal hernia repair,64532,current_public_raw_rows_not_exact_training_probability,0.19202611555171503,0.24416156514277204,0.0025005166140481747,0.00011723771395818768,0.00012173016813618099
cmr_versius:02,cmr_versius,cmr-surgical-60hz/inguinal_hernia,cmr_surgical/inguinal_hernia,CMR_STATE_PROMPT,1.6,19.2,arm left: 2. left instrument: Tool #0 (Blue). arm right: 1. right instrument: Tool #2 (Green). do an inguinal hernia repair,79870,current_public_raw_rows_not_exact_training_probability,0.19202611555171503,0.24416156514277204,0.003094840729622942,0.00014510283601686683,0.00015066305908753447
cmr_versius:02,cmr_versius,cmr-surgical-60hz/inguinal_hernia,cmr_surgical/inguinal_hernia,CMR_STATE_PROMPT,1.6,19.2,arm left: 2. left instrument: Tool #0 (Blue). arm right: 1. right instrument: Tool #9 (Green). do an inguinal hernia repair,66254,current_public_raw_rows_not_exact_training_probability,0.19202611555171503,0.24416156514277204,0.002567241488674576,0.00012036613618957674,0.0001249784689718982
cmr_versius:02,cmr_versius,cmr-surgical-60hz/inguinal_hernia,cmr_surgical/inguinal_hernia,CMR_STATE_PROMPT,1.6,19.2,arm left: 1. left instrument: Tool #18 (Green). arm right: 2. right instrument: Tool #9 (Orange). do an inguinal hernia repair,149654,current_public_raw_rows_not_exact_training_probability,0.19202611555171503,0.24416156514277204,0.005798864336434103,0.0002718820561070263,0.0002823003561372967
cmr_versius:02,cmr_versius,cmr-surgical-60hz/inguinal_hernia,cmr_surgical/inguinal_hernia,CMR_STATE_PROMPT,1.6,19.2,arm left: 2. left instrument: Tool #13 (Green). arm right: -1. right instrument: Tool #3 (None). do an inguinal hernia repair,1,current_public_raw_rows_not_exact_training_probability,0.19202611555171503,0.24416156514277204,3.8748475392800074e-08,1.816737648890282e-09,1.886353563134274e-09
cmr_versius:02,cmr_versius,cmr-surgical-60hz/inguinal_hernia,cmr_surgical/inguinal_hernia,CMR_STATE_PROMPT,1.6,19.2,arm left: 2. left instrument: Tool #13 (Green). arm right: 1. right instrument: Tool #8 (Orange). do an inguinal hernia repair,68203,current_public_raw_rows_not_exact_training_probability,0.19202611555171503,0.24416156514277204,0.0026427622672151436,0.0001239069578672639,0.00012865497206644689
cmr_versius:02,cmr_versius,cmr-surgical-60hz/inguinal_hernia,cmr_surgical/inguinal_hernia,CMR_STATE_PROMPT,1.6,19.2,arm left: 1. left instrument: Tool #0 (Orange). arm right: 2. right instrument: Tool #9 (Green). do an inguinal hernia repair,157167,current_public_raw_rows_not_exact_training_probability,0.19202611555171503,0.24416156514277204,0.006089981632060209,0.00028553120606313894,0.00029647253045712445
cmr_versius:02,cmr_versius,cmr-surgical-60hz/inguinal_hernia,cmr_surgical/inguinal_hernia,CMR_STATE_PROMPT,1.6,19.2,arm left: 1. left instrument: Tool #0 (Orange). arm right: 2. right instrument: Tool #2 (Green). do an inguinal hernia repair,58491,current_public_raw_rows_not_exact_training_probability,0.19202611555171503,0.24416156514277204,0.0022664370742002692,0.00010626280182124149,0.00011033470626128683
cmr_versius:02,cmr_versius,cmr-surgical-60hz/inguinal_hernia,cmr_surgical/inguinal_hernia,CMR_STATE_PROMPT,1.6,19.2,arm left: 0. left instrument: Tool #14 (White). arm right: 2. right instrument: Tool #2 (Green). do an inguinal hernia repair,8282,current_public_raw_rows_not_exact_training_probability,0.19202611555171503,0.24416156514277204,0.00032091487320317025,1.5046221208109316e-05,1.562278020987806e-05
cmr_versius:02,cmr_versius,cmr-surgical-60hz/inguinal_hernia,cmr_surgical/inguinal_hernia,CMR_STATE_PROMPT,1.6,19.2,arm left: 2. left instrument: Tool #0 (Orange). arm right: 1. right instrument: Tool #9 (Pink). do an inguinal hernia repair,274488,current_public_raw_rows_not_exact_training_probability,0.19202611555171503,0.24416156514277204,0.010635991513618907,0.0004986726837685957,0.0005177814168376006
cmr_versius:02,cmr_versius,cmr-surgical-60hz/inguinal_hernia,cmr_surgical/inguinal_hernia,CMR_STATE_PROMPT,1.6,19.2,arm left: 2. left instrument: Tool #0 (Orange). arm right: 1. right instrument: Tool #2 (Pink). do an inguinal hernia repair,240444,current_public_raw_rows_not_exact_training_probability,0.19202611555171503,0.24416156514277204,0.009316838417346422,0.000436823667249775,0.0004535623961342574
cmr_versius:02,cmr_versius,cmr-surgical-60hz/inguinal_hernia,cmr_surgical/inguinal_hernia,CMR_STATE_PROMPT,1.6,19.2,arm left: 2. left instrument: Tool #18 (Blue). arm right: 1. right instrument: Tool #2 (Cyan). do an inguinal hernia repair,78296,current_public_raw_rows_not_exact_training_probability,0.19202611555171503,0.24416156514277204,0.0030338506293546745,0.00014224329095751352,0.00014769393857916113
cmr_versius:02,cmr_versius,cmr-surgical-60hz/inguinal_hernia,cmr_surgical/inguinal_hernia,CMR_STATE_PROMPT,1.6,19.2,arm left: 2. left instrument: Tool #18 (Blue). arm right: -1. right instrument: Tool #3 (None). do an inguinal hernia repair,32980,current_public_raw_rows_not_exact_training_probability,0.19202611555171503,0.24416156514277204,0.0012779247184545465,5.99160076604015e-05,6.221194051216837e-05
cmr_versius:02,cmr_versius,cmr-surgical-60hz/inguinal_hernia,cmr_surgical/inguinal_hernia,CMR_STATE_PROMPT,1.6,19.2,arm left: 2. left instrument: Tool #18 (Blue). arm right: 1. right instrument: Tool #9 (Cyan). do an inguinal hernia repair,250294,current_public_raw_rows_not_exact_training_probability,0.19202611555171503,0.24416156514277204,0.009698510899965502,0.00045471853309134424,0.00047214297873113
cmr_versius:02,cmr_versius,cmr-surgical-60hz/inguinal_hernia,cmr_surgical/inguinal_hernia,CMR_STATE_PROMPT,1.6,19.2,arm left: 1. left instrument: Tool #9 (Blue). arm right: 2. right instrument: Tool #0 (Cyan). do an inguinal hernia repair,97,current_public_raw_rows_not_exact_training_probability,0.19202611555171503,0.24416156514277204,3.7586021131016074e-06,1.7622355194235736e-07,1.829762956240246e-07
cmr_versius:02,cmr_versius,cmr-surgical-60hz/inguinal_hernia,cmr_surgical/inguinal_hernia,CMR_STATE_PROMPT,1.6,19.2,arm left: 2. left instrument: Tool #9 (Blue). arm right: -1. right instrument: Tool #3 (None). do an inguinal hernia repair,4886,current_public_raw_rows_not_exact_training_probability,0.19202611555171503,0.24416156514277204,0.00018932505076922116,8.876580152477917e-06,9.216723509474062e-06
cmr_versius:02,cmr_versius,cmr-surgical-60hz/inguinal_hernia,cmr_surgical/inguinal_hernia,CMR_STATE_PROMPT,1.6,19.2,arm left: 2. left instrument: Tool #9 (Blue). arm right: 1. right instrument: Tool #2 (Purple). do an inguinal hernia repair,114972,current_public_raw_rows_not_exact_training_probability,0.19202611555171503,0.24416156514277204,0.00445498971286101,0.0002088739609682135,0.00021687784186067376
cmr_versius:02,cmr_versius,cmr-surgical-60hz/inguinal_hernia,cmr_surgical/inguinal_hernia,CMR_STATE_PROMPT,1.6,19.2,arm left: 2. left instrument: Tool #13 (Blue). arm right: 1. right instrument: Tool #2 (Purple). do an inguinal hernia repair,92779,current_public_raw_rows_not_exact_training_probability,0.19202611555171503,0.24416156514277204,0.0035950447984685985,0.00016855510232639148,0.0001750139972340348
cmr_versius:02,cmr_versius,cmr-surgical-60hz/inguinal_hernia,cmr_surgical/inguinal_hernia,CMR_STATE_PROMPT,1.6,19.2,arm left: 2. left instrument: Tool #2 (Blue). arm right: 1. right instrument: Tool #9 (Purple). do an inguinal hernia repair,44377,current_public_raw_rows_not_exact_training_probability,0.19202611555171503,0.24416156514277204,0.001719541092506289,8.062136664480405e-05,8.371071207120969e-05
cmr_versius:02,cmr_versius,cmr-surgical-60hz/inguinal_hernia,cmr_surgical/inguinal_hernia,CMR_STATE_PROMPT,1.6,19.2,arm left: 1. left instrument: Tool #9 (Purple). arm right: 2. right instrument: Tool #2 (Blue). do an inguinal hernia repair,17472,current_public_raw_rows_not_exact_training_probability,0.19202611555171503,0.24416156514277204,0.0006770133620630029,3.174204020141101e-05,3.295836945508204e-05
cmr_versius:02,cmr_versius,cmr-surgical-60hz/inguinal_hernia,cmr_surgical/inguinal_hernia,CMR_STATE_PROMPT,1.6,19.2,arm left: 1. left instrument: Tool #13 (Purple). arm right: 2. right instrument: Tool #2 (Blue). do an inguinal hernia repair,5995,current_public_raw_rows_not_exact_training_probability,0.19202611555171503,0.24416156514277204,0.00023229710997983645,1.0891342205097241e-05,1.1308689610989973e-05
cmr_versius:02,cmr_versius,cmr-surgical-60hz/inguinal_hernia,cmr_surgical/inguinal_hernia,CMR_STATE_PROMPT,1.6,19.2,arm left: 1. left instrument: Tool #2 (Purple). arm right: 2. right instrument: Tool #13 (Blue). do an inguinal hernia repair,246,current_public_raw_rows_not_exact_training_probability,0.19202611555171503,0.24416156514277204,9.532124946628818e-06,4.4691746162700935e-07,4.640429765310314e-07
cmr_versius:02,cmr_versius,cmr-surgical-60hz/inguinal_hernia,cmr_surgical/inguinal_hernia,CMR_STATE_PROMPT,1.6,19.2,arm left: -1. left instrument: Tool #3 (None). arm right: 2. right instrument: Tool #13 (Blue). do an inguinal hernia repair,680,current_public_raw_rows_not_exact_training_probability,0.19202611555171503,0.24416156514277204,2.634896326710405e-05,1.2353816012453917e-06,1.2827204229313064e-06
cmr_versius:02,cmr_versius,cmr-surgical-60hz/inguinal_hernia,cmr_surgical/inguinal_hernia,CMR_STATE_PROMPT,1.6,19.2,arm left: 0. left instrument: Tool #14 (White). arm right: 1. right instrument: Tool #2 (Purple). do an inguinal hernia repair,20070,current_public_raw_rows_not_exact_training_probability,0.19202611555171503,0.24416156514277204,0.0007776819011334975,3.646192461322796e-05,3.785911601210488e-05
cmr_versius:02,cmr_versius,cmr-surgical-60hz/inguinal_hernia,cmr_surgical/inguinal_hernia,CMR_STATE_PROMPT,1.6,19.2,arm left: -1. left instrument: Tool #3 (None). arm right: 1. right instrument: Tool #8 (Blue). do an inguinal hernia repair,4079,current_public_raw_rows_not_exact_training_probability,0.19202611555171503,0.24416156514277204,0.0001580550311272315,7.41047286982346e-06,7.694436184024705e-06
cmr_versius:02,cmr_versius,cmr-surgical-60hz/inguinal_hernia,cmr_surgical/inguinal_hernia,CMR_STATE_PROMPT,1.6,19.2,arm left: 2. left instrument: Tool #18 (Green). arm right: 1. right instrument: Tool #8 (Blue). do an inguinal hernia repair,180656,current_public_raw_rows_not_exact_training_probability,0.19202611555171503,0.24416156514277204,0.007000144570561691,0.0003282045566979228,0.00034078108930158546
cmr_versius:02,cmr_versius,cmr-surgical-60hz/inguinal_hernia,cmr_surgical/inguinal_hernia,CMR_STATE_PROMPT,1.6,19.2,arm left: 2. left instrument: Tool #0 (Green). arm right: 1. right instrument: Tool #2 (Blue). do an inguinal hernia repair,245905,current_public_raw_rows_not_exact_training_probability,0.19202611555171503,0.24416156514277204,0.009528443841466503,0.0004467448715503648,0.0004638637729425337
cmr_versius:02,cmr_versius,cmr-surgical-60hz/inguinal_hernia,cmr_surgical/inguinal_hernia,CMR_STATE_PROMPT,1.6,19.2,arm left: 2. left instrument: Tool #0 (Green). arm right: 1. right instrument: Tool #9 (Blue). do an inguinal hernia repair,344498,current_public_raw_rows_not_exact_training_probability,0.19202611555171503,0.24416156514277204,0.01334877227586884,0.0006258624865674043,0.0006498450297926312
cmr_versius:02,cmr_versius,cmr-surgical-60hz/inguinal_hernia,cmr_surgical/inguinal_hernia,CMR_STATE_PROMPT,1.6,19.2,arm left: 0. left instrument: Tool #17 (White). arm right: 1. right instrument: Tool #9 (Cyan). do an inguinal hernia repair,4366,current_public_raw_rows_not_exact_training_probability,0.19202611555171503,0.24416156514277204,0.00016917584356496512,7.931876575054971e-06,8.23581965664424e-06
cmr_versius:02,cmr_versius,cmr-surgical-60hz/inguinal_hernia,cmr_surgical/inguinal_hernia,CMR_STATE_PROMPT,1.6,19.2,arm left: 1. left instrument: Tool #13 (Blue). arm right: 2. right instrument: Tool #2 (Orange). do an inguinal hernia repair,71302,current_public_raw_rows_not_exact_training_probability,0.19202611555171503,0.24416156514277204,0.002762843792457431,0.00012953702784117488,0.0001345007817586
cmr_versius:02,cmr_versius,cmr-surgical-60hz/inguinal_hernia,cmr_surgical/inguinal_hernia,CMR_STATE_PROMPT,1.6,19.2,arm left: 1. left instrument: Tool #0 (Green). arm right: 2. right instrument: Tool #9 (Blue). do an inguinal hernia repair,55054,current_public_raw_rows_not_exact_training_probability,0.19202611555171503,0.24416156514277204,0.0021332585642752154,0.00010001867452200558,0.00010385130906479432
cmr_versius:02,cmr_versius,cmr-surgical-60hz/inguinal_hernia,cmr_surgical/inguinal_hernia,CMR_STATE_PROMPT,1.6,19.2,arm left: 1. left instrument: Tool #0 (Green). arm right: 2. right instrument: Tool #2 (Blue). do an inguinal hernia repair,39916,current_public_raw_rows_not_exact_training_probability,0.19202611555171503,0.24416156514277204,0.0015466841437790078,7.251689999310449e-05,7.529568882606768e-05
cmr_versius:02,cmr_versius,cmr-surgical-60hz/inguinal_hernia,cmr_surgical/inguinal_hernia,CMR_STATE_PROMPT,1.6,19.2,arm left: -1. left instrument: Tool #3 (None). arm right: 1. right instrument: Tool #8 (Orange). do an inguinal hernia repair,2438,current_public_raw_rows_not_exact_training_probability,0.19202611555171503,0.24416156514277204,9.446878300764659e-05,4.429206387994508e-06,4.59892998692136e-06
cmr_versius:02,cmr_versius,cmr-surgical-60hz/inguinal_hernia,cmr_surgical/inguinal_hernia,CMR_STATE_PROMPT,1.6,19.2,arm left: 2. left instrument: Tool #18 (Blue). arm right: 1. right instrument: Tool #8 (Orange). do an inguinal hernia repair,39461,current_public_raw_rows_not_exact_training_probability,0.19202611555171503,0.24416156514277204,0.0015290535874752838,7.169028436285942e-05,7.443739795484158e-05
cmr_versius:02,cmr_versius,cmr-surgical-60hz/inguinal_hernia,cmr_surgical/inguinal_hernia,CMR_STATE_PROMPT,1.6,19.2,arm left: 2. left instrument: Tool #18 (Blue). arm right: 0. right instrument: Tool #17 (White). do an inguinal hernia repair,4012,current_public_raw_rows_not_exact_training_probability,0.19202611555171503,0.24416156514277204,0.00015545888327591392,7.288751447347812e-06,7.568050495294708e-06
cmr_versius:02,cmr_versius,cmr-surgical-60hz/inguinal_hernia,cmr_surgical/inguinal_hernia,CMR_STATE_PROMPT,1.6,19.2,arm left: 2. left instrument: Tool #18 (Blue). arm right: 1. right instrument: Tool #0 (Orange). do an inguinal hernia repair,26096,current_public_raw_rows_not_exact_training_probability,0.19202611555171503,0.24416156514277204,0.0010111802138505108,4.7409585685440806e-05,4.922628258355202e-05
cmr_versius:02,cmr_versius,cmr-surgical-60hz/inguinal_hernia,cmr_surgical/inguinal_hernia,CMR_STATE_PROMPT,1.6,19.2,arm left: -1. left instrument: Tool #3 (None). arm right: 1. right instrument: Tool #0 (Orange). do an inguinal hernia repair,13662,current_public_raw_rows_not_exact_training_probability,0.19202611555171503,0.24416156514277204,0.0005293816708164346,2.4820269759139034e-05,2.5771362379540456e-05
cmr_versius:02,cmr_versius,cmr-surgical-60hz/inguinal_hernia,cmr_surgical/inguinal_hernia,CMR_STATE_PROMPT,1.6,19.2,arm left: 2. left instrument: Tool #0 (Blue). arm right: 1. right instrument: Tool #2 (Orange). do an inguinal hernia repair,145015,current_public_raw_rows_not_exact_training_probability,0.19202611555171503,0.24416156514277204,0.0056191101590869034,0.0002634542101538243,0.0002735495619579168
cmr_versius:02,cmr_versius,cmr-surgical-60hz/inguinal_hernia,cmr_surgical/inguinal_hernia,CMR_STATE_PROMPT,1.6,19.2,arm left: 2. left instrument: Tool #9 (Cyan). arm right: -1. right instrument: Tool #3 (None). do an inguinal hernia repair,777,current_public_raw_rows_not_exact_training_probability,0.19202611555171503,0.24416156514277204,3.010756538020566e-05,1.4116051531877492e-06,1.465696718555331e-06
cmr_versius:02,cmr_versius,cmr-surgical-60hz/inguinal_hernia,cmr_surgical/inguinal_hernia,CMR_STATE_PROMPT,1.6,19.2,arm left: 2. left instrument: Tool #9 (Cyan). arm right: 1. right instrument: Tool #13 (Purple). do an inguinal hernia repair,32805,current_public_raw_rows_not_exact_training_probability,0.19202611555171503,0.24416156514277204,0.0012711437352608064,5.95980785718457e-05,6.188182863861986e-05
cmr_versius:02,cmr_versius,cmr-surgical-60hz/inguinal_hernia,cmr_surgical/inguinal_hernia,CMR_STATE_PROMPT,1.6,19.2,arm left: -1. left instrument: Tool #3 (None). arm right: 1. right instrument: Tool #13 (Purple). do an inguinal hernia repair,3548,current_public_raw_rows_not_exact_training_probability,0.19202611555171503,0.24416156514277204,0.00013747959069365466,6.44578517826272e-06,6.692782442000404e-06
cmr_versius:02,cmr_versius,cmr-surgical-60hz/inguinal_hernia,cmr_surgical/inguinal_hernia,CMR_STATE_PROMPT,1.6,19.2,arm left: 2. left instrument: Tool #9 (Cyan). arm right: 0. right instrument: Tool #14 (White). do an inguinal hernia repair,343,current_public_raw_rows_not_exact_training_probability,0.19202611555171503,0.24416156514277204,1.3290727059730426e-05,6.231410135693667e-07,6.47019272155056e-07
cmr_versius:02,cmr_versius,cmr-surgical-60hz/inguinal_hernia,cmr_surgical/inguinal_hernia,CMR_STATE_PROMPT,1.6,19.2,arm left: 2. left instrument: Tool #2 (Cyan). arm right: 1. right instrument: Tool #13 (Purple). do an inguinal hernia repair,12364,current_public_raw_rows_not_exact_training_probability,0.19202611555171503,0.24416156514277204,0.0004790861497565801,2.2462144290879445e-05,2.3322875454592166e-05
cmr_versius:02,cmr_versius,cmr-surgical-60hz/inguinal_hernia,cmr_surgical/inguinal_hernia,CMR_STATE_PROMPT,1.6,19.2,arm left: 2. left instrument: Tool #13 (Cyan). arm right: -1. right instrument: Tool #3 (None). do an inguinal hernia repair,3996,current_public_raw_rows_not_exact_training_probability,0.19202611555171503,0.24416156514277204,0.0001548389076696291,7.259683644965566e-06,7.537868838284559e-06
cmr_versius:02,cmr_versius,cmr-surgical-60hz/inguinal_hernia,cmr_surgical/inguinal_hernia,CMR_STATE_PROMPT,1.6,19.2,arm left: 2. left instrument: Tool #13 (Cyan). arm right: 1. right instrument: Tool #2 (Purple). do an inguinal hernia repair,47315,current_public_raw_rows_not_exact_training_probability,0.19202611555171503,0.24416156514277204,0.0018333841132103356,8.595894185724369e-05,8.925281883969817e-05
cmr_versius:02,cmr_versius,cmr-surgical-60hz/inguinal_hernia,cmr_surgical/inguinal_hernia,CMR_STATE_PROMPT,1.6,19.2,arm left: 1. left instrument: Tool #1 (Cyan). arm right: 2. right instrument: Tool #9 (Blue). do an inguinal hernia repair,97725,current_public_raw_rows_not_exact_training_probability,0.19202611555171503,0.24416156514277204,0.0037866947577613872,0.0001775406867378028,0.00018434390195729694
cmr_versius:02,cmr_versius,cmr-surgical-60hz/inguinal_hernia,cmr_surgical/inguinal_hernia,CMR_STATE_PROMPT,1.6,19.2,arm left: 1. left instrument: Tool #1 (Cyan). arm right: -1. right instrument: Tool #3 (None). do an inguinal hernia repair,1608,current_public_raw_rows_not_exact_training_probability,0.19202611555171503,0.24416156514277204,6.230754843162253e-05,2.921314139415574e-06,3.033256529519913e-06
cmr_versius:02,cmr_versius,cmr-surgical-60hz/inguinal_hernia,cmr_surgical/inguinal_hernia,CMR_STATE_PROMPT,1.6,19.2,arm left: 1. left instrument: Tool #2 (Cyan). arm right: 2. right instrument: Tool #2 (Blue). do an inguinal hernia repair,33529,current_public_raw_rows_not_exact_training_probability,0.19202611555171503,0.24416156514277204,0.0012991976314451939,6.0913396629642274e-05,6.324754861832908e-05
cmr_versius:02,cmr_versius,cmr-surgical-60hz/inguinal_hernia,cmr_surgical/inguinal_hernia,CMR_STATE_PROMPT,1.6,19.2,arm left: 1. left instrument: Tool #2 (Orange). arm right: 2. right instrument: Tool #2 (Green). do an inguinal hernia repair,48990,current_public_raw_rows_not_exact_training_probability,0.19202611555171503,0.24416156514277204,0.0018982878094932758,8.900197741913492e-05,9.24124610579481e-05
cmr_versius:02,cmr_versius,cmr-surgical-60hz/inguinal_hernia,cmr_surgical/inguinal_hernia,CMR_STATE_PROMPT,1.6,19.2,arm left: 1. left instrument: Tool #2 (Orange). arm right: -1. right instrument: Tool #3 (None). do an inguinal hernia repair,25138,current_public_raw_rows_not_exact_training_probability,0.19202611555171503,0.24416156514277204,0.0009740591744242084,4.566915101780391e-05,4.741915587006939e-05
cmr_versius:02,cmr_versius,cmr-surgical-60hz/inguinal_hernia,cmr_surgical/inguinal_hernia,CMR_STATE_PROMPT,1.6,19.2,arm left: 1. left instrument: Tool #12 (Orange). arm right: -1. right instrument: Tool #3 (None). do an inguinal hernia repair,3886,current_public_raw_rows_not_exact_training_probability,0.19202611555171503,0.24416156514277204,0.0001505765753764211,7.059842503587636e-06,7.33036994633979e-06
cmr_versius:02,cmr_versius,cmr-surgical-60hz/inguinal_hernia,cmr_surgical/inguinal_hernia,CMR_STATE_PROMPT,1.6,19.2,arm left: 1. left instrument: Tool #12 (Orange). arm right: 2. right instrument: Tool #9 (Blue). do an inguinal hernia repair,139277,current_public_raw_rows_not_exact_training_probability,0.19202611555171503,0.24416156514277204,0.005396771407283016,0.0002530297695244918,0.0002627256652126523
cmr_versius:02,cmr_versius,cmr-surgical-60hz/inguinal_hernia,cmr_surgical/inguinal_hernia,CMR_STATE_PROMPT,1.6,19.2,arm left: 1. left instrument: Tool #12 (Orange). arm right: 0. right instrument: Tool #17 (White). do an inguinal hernia repair,162,current_public_raw_rows_not_exact_training_probability,0.19202611555171503,0.24416156514277204,6.2772530136336126e-06,2.943114991202257e-07,3.0558927722775244e-07
cmr_versius:02,cmr_versius,cmr-surgical-60hz/inguinal_hernia,cmr_surgical/inguinal_hernia,CMR_STATE_PROMPT,1.6,19.2,arm left: 1. left instrument: Tool #18 (Cyan). arm right: 2. right instrument: Tool #2 (Purple). do an inguinal hernia repair,97589,current_public_raw_rows_not_exact_training_probability,0.19202611555171503,0.24416156514277204,0.0037814249651079664,0.00017729361041755371,0.00018408735787271067
cmr_versius:02,cmr_versius,cmr-surgical-60hz/inguinal_hernia,cmr_surgical/inguinal_hernia,CMR_STATE_PROMPT,1.6,19.2,arm left: -1. left instrument: Tool #3 (None). arm right: 2. right instrument: Tool #2 (Purple). do an inguinal hernia repair,14770,current_public_raw_rows_not_exact_training_probability,0.19202611555171503,0.24416156514277204,0.0005723149815516571,2.6833215074109464e-05,2.7861442127493226e-05
cmr_versius:02,cmr_versius,cmr-surgical-60hz/inguinal_hernia,cmr_surgical/inguinal_hernia,CMR_STATE_PROMPT,1.6,19.2,arm left: -1. left instrument: Tool #3 (None). arm right: 2. right instrument: Tool #9 (Purple). do an inguinal hernia repair,4542,current_public_raw_rows_not_exact_training_probability,0.19202611555171503,0.24416156514277204,0.00017599557523409796,8.251622401259662e-06,8.567817883755875e-06
cmr_versius:02,cmr_versius,cmr-surgical-60hz/inguinal_hernia,cmr_surgical/inguinal_hernia,CMR_STATE_PROMPT,1.6,19.2,arm left: 1. left instrument: Tool #18 (Cyan). arm right: 2. right instrument: Tool #9 (Purple). do an inguinal hernia repair,2043,current_public_raw_rows_not_exact_training_probability,0.19202611555171503,0.24416156514277204,7.916313522749056e-05,3.711595016682846e-06,3.853820329483322e-06
cmr_versius:02,cmr_versius,cmr-surgical-60hz/inguinal_hernia,cmr_surgical/inguinal_hernia,CMR_STATE_PROMPT,1.6,19.2,arm left: 2. left instrument: Tool #0 (Cyan). arm right: 1. right instrument: Tool #2 (Pink). do an inguinal hernia repair,332276,current_public_raw_rows_not_exact_training_probability,0.19202611555171503,0.24416156514277204,0.012875188409618038,0.0006036583190226674,0.0006267900165440041
cmr_versius:02,cmr_versius,cmr-surgical-60hz/inguinal_hernia,cmr_surgical/inguinal_hernia,CMR_STATE_PROMPT,1.6,19.2,arm left: 2. left instrument: Tool #0 (Cyan). arm right: 1. right instrument: Tool #9 (Pink). do an inguinal hernia repair,161101,current_public_raw_rows_not_exact_training_probability,0.19202611555171503,0.24416156514277204,0.006242418134255485,0.0002926782519738733,0.0003038934453744947
cmr_versius:02,cmr_versius,cmr-surgical-60hz/inguinal_hernia,cmr_surgical/inguinal_hernia,CMR_STATE_PROMPT,1.6,19.2,arm left: 0. left instrument: Tool #14 (White). arm right: 1. right instrument: Tool #2 (Pink). do an inguinal hernia repair,2826,current_public_raw_rows_not_exact_training_probability,0.19202611555171503,0.24416156514277204,0.00010950319146005301,5.134100595763937e-06,5.330835169417458e-06
cmr_versius:02,cmr_versius,cmr-surgical-60hz/inguinal_hernia,cmr_surgical/inguinal_hernia,CMR_STATE_PROMPT,1.6,19.2,arm left: 2. left instrument: Tool #18 (Blue). arm right: 1. right instrument: Tool #9 (Green). do an inguinal hernia repair,30604,current_public_raw_rows_not_exact_training_probability,0.19202611555171503,0.24416156514277204,0.0011858583409212536,5.55994390066382e-05,5.7729964446161336e-05
cmr_versius:02,cmr_versius,cmr-surgical-60hz/inguinal_hernia,cmr_surgical/inguinal_hernia,CMR_STATE_PROMPT,1.6,19.2,arm left: 2. left instrument: Tool #18 (Blue). arm right: 0. right instrument: Tool #14 (White). do an inguinal hernia repair,8465,current_public_raw_rows_not_exact_training_probability,0.19202611555171503,0.24416156514277204,0.00032800584420005266,1.537868419785624e-05,1.5967982911931634e-05
cmr_versius:02,cmr_versius,cmr-surgical-60hz/inguinal_hernia,cmr_surgical/inguinal_hernia,CMR_STATE_PROMPT,1.6,19.2,arm left: 2. left instrument: Tool #2 (Blue). arm right: 1. right instrument: Tool #2 (Cyan). do an inguinal hernia repair,352978,current_public_raw_rows_not_exact_training_probability,0.19202611555171503,0.24416156514277204,0.013677359347199785,0.000641268421829994,0.0006658413080080099
cmr_versius:02,cmr_versius,cmr-surgical-60hz/inguinal_hernia,cmr_surgical/inguinal_hernia,CMR_STATE_PROMPT,1.6,19.2,arm left: 2. left instrument: Tool #13 (Blue). arm right: 1. right instrument: Tool #8 (Cyan). do an inguinal hernia repair,56191,current_public_raw_rows_not_exact_training_probability,0.19202611555171503,0.24416156514277204,0.002177315580796829,0.00010208430522879384,0.000105996093066078
cmr_versius:02,cmr_versius,cmr-surgical-60hz/inguinal_hernia,cmr_surgical/inguinal_hernia,CMR_STATE_PROMPT,1.6,19.2,arm left: 2. left instrument: Tool #13 (Blue). arm right: 1. right instrument: Tool #2 (Cyan). do an inguinal hernia repair,14344,current_public_raw_rows_not_exact_training_probability,0.19202611555171503,0.24416156514277204,0.0005558081310343243,2.6059284835682207e-05,2.705785550959803e-05
cmr_versius:02,cmr_versius,cmr-surgical-60hz/inguinal_hernia,cmr_surgical/inguinal_hernia,CMR_STATE_PROMPT,1.6,19.2,arm left: 2. left instrument: Tool #13 (Blue). arm right: 1. right instrument: Tool #18 (Cyan). do an inguinal hernia repair,45036,current_public_raw_rows_not_exact_training_probability,0.19202611555171503,0.24416156514277204,0.0017450763377901443,8.181859675542274e-05,8.495381906931518e-05
cmr_versius:02,cmr_versius,cmr-surgical-60hz/inguinal_hernia,cmr_surgical/inguinal_hernia,CMR_STATE_PROMPT,1.6,19.2,arm left: 1. left instrument: Tool #13 (Orange). arm right: -1. right instrument: Tool #3 (None). do an inguinal hernia repair,67863,current_public_raw_rows_not_exact_training_probability,0.19202611555171503,0.24416156514277204,0.0026295877855815916,0.0001232892670666412,0.00012801361185498124
cmr_versius:02,cmr_versius,cmr-surgical-60hz/inguinal_hernia,cmr_surgical/inguinal_hernia,CMR_STATE_PROMPT,1.6,19.2,arm left: 1. left instrument: Tool #13 (Orange). arm right: 2. right instrument: Tool #8 (Blue). do an inguinal hernia repair,90039,current_public_raw_rows_not_exact_training_probability,0.19202611555171503,0.24416156514277204,0.003488873975892326,0.0001635772411684321,0.0001698453884710469
cmr_versius:02,cmr_versius,cmr-surgical-60hz/inguinal_hernia,cmr_surgical/inguinal_hernia,CMR_STATE_PROMPT,1.6,19.2,arm left: 1. left instrument: Tool #13 (Orange). arm right: 0. right instrument: Tool #17 (White). do an inguinal hernia repair,7801,current_public_raw_rows_not_exact_training_probability,0.19202611555171503,0.24416156514277204,0.0003022768565392334,1.417237039899309e-05,1.4715444146010474e-05
cmr_versius:02,cmr_versius,cmr-surgical-60hz/inguinal_hernia,cmr_surgical/inguinal_hernia,CMR_STATE_PROMPT,1.6,19.2,arm left: -1. left instrument: Tool #3 (None). arm right: 2. right instrument: Tool #18 (Blue). do an inguinal hernia repair,732,current_public_raw_rows_not_exact_training_probability,0.19202611555171503,0.24416156514277204,2.8363883987529657e-05,1.3298519589876865e-06,1.3808108082142888e-06
cmr_versius:02,cmr_versius,cmr-surgical-60hz/inguinal_hernia,cmr_surgical/inguinal_hernia,CMR_STATE_PROMPT,1.6,19.2,arm left: 1. left instrument: Tool #13 (Orange). arm right: 2. right instrument: Tool #18 (Blue). do an inguinal hernia repair,81106,current_public_raw_rows_not_exact_training_probability,0.19202611555171503,0.24416156514277204,0.003142733845208443,0.00014734832375089523,0.00015299459209156845
cmr_versius:02,cmr_versius,cmr-surgical-60hz/inguinal_hernia,cmr_surgical/inguinal_hernia,CMR_STATE_PROMPT,1.6,19.2,arm left: -1. left instrument: Tool #3 (None). arm right: 2. right instrument: Tool #8 (Blue). do an inguinal hernia repair,139,current_public_raw_rows_not_exact_training_probability,0.19202611555171503,0.24416156514277204,5.386038079599211e-06,2.5252653319574923e-07,2.6220314527566415e-07
cmr_versius:02,cmr_versius,cmr-surgical-60hz/inguinal_hernia,cmr_surgical/inguinal_hernia,CMR_STATE_PROMPT,1.6,19.2,arm left: 1. left instrument: Tool #13 (Orange). arm right: 2. right instrument: Tool #2 (Blue). do an inguinal hernia repair,33403,current_public_raw_rows_not_exact_training_probability,0.19202611555171503,0.24416156514277204,0.001294315323545701,6.068448768588209e-05,6.300986806937416e-05
cmr_versius:02,cmr_versius,cmr-surgical-60hz/inguinal_hernia,cmr_surgical/inguinal_hernia,CMR_STATE_PROMPT,1.6,19.2,arm left: -1. left instrument: Tool #3 (None). arm right: 2. right instrument: Tool #0 (Purple). do an inguinal hernia repair,14879,current_public_raw_rows_not_exact_training_probability,0.19202611555171503,0.24416156514277204,0.0005765385653694723,2.7031239477838505e-05,2.8067054665874865e-05
cmr_versius:02,cmr_versius,cmr-surgical-60hz/inguinal_hernia,cmr_surgical/inguinal_hernia,CMR_STATE_PROMPT,1.6,19.2,arm left: 1. left instrument: Tool #9 (Pink). arm right: 2. right instrument: Tool #0 (Purple). do an inguinal hernia repair,86911,current_public_raw_rows_not_exact_training_probability,0.19202611555171503,0.24416156514277204,0.003367668744863647,0.0001578944858027033,0.0001639448745255629
cmr_versius:02,cmr_versius,cmr-surgical-60hz/inguinal_hernia,cmr_surgical/inguinal_hernia,CMR_STATE_PROMPT,1.6,19.2,arm left: 1. left instrument: Tool #12 (Pink). arm right: -1. right instrument: Tool #3 (None). do an inguinal hernia repair,1982,current_public_raw_rows_not_exact_training_probability,0.19202611555171503,0.24416156514277204,7.679947822852976e-05,3.600774020100539e-06,3.7387527621321317e-06
cmr_versius:02,cmr_versius,cmr-surgical-60hz/inguinal_hernia,cmr_surgical/inguinal_hernia,CMR_STATE_PROMPT,1.6,19.2,arm left: 1. left instrument: Tool #12 (Pink). arm right: 2. right instrument: Tool #2 (Purple). do an inguinal hernia repair,49443,current_public_raw_rows_not_exact_training_probability,0.19202611555171503,0.24416156514277204,0.0019158408688462142,8.982495957408222e-05,9.326697922204793e-05
cmr_versius:02,cmr_versius,cmr-surgical-60hz/inguinal_hernia,cmr_surgical/inguinal_hernia,CMR_STATE_PROMPT,1.6,19.2,arm left: 1. left instrument: Tool #9 (Pink). arm right: -1. right instrument: Tool #3 (None). do an inguinal hernia repair,42,current_public_raw_rows_not_exact_training_probability,0.19202611555171503,0.24416156514277204,1.6274359664976032e-06,7.630298125339184e-08,7.922684965163951e-08
cmr_versius:02,cmr_versius,cmr-surgical-60hz/inguinal_hernia,cmr_surgical/inguinal_hernia,CMR_STATE_PROMPT,1.6,19.2,arm left: 1. left instrument: Tool #12 (Pink). arm right: 2. right instrument: Tool #0 (Purple). do an inguinal hernia repair,111252,current_public_raw_rows_not_exact_training_probability,0.19202611555171503,0.24416156514277204,0.004310845384399794,0.00020211569691434166,0.00020986060660581427
cmr_versius:02,cmr_versius,cmr-surgical-60hz/inguinal_hernia,cmr_surgical/inguinal_hernia,CMR_STATE_PROMPT,1.6,19.2,arm left: 0. left instrument: Tool #17 (White). arm right: 2. right instrument: Tool #0 (Purple). do an inguinal hernia repair,27424,current_public_raw_rows_not_exact_training_probability,0.19202611555171503,0.24416156514277204,0.0010626381891721494,4.98222132831671e-05,5.173136011539434e-05
cmr_versius:02,cmr_versius,cmr-surgical-60hz/inguinal_hernia,cmr_surgical/inguinal_hernia,CMR_STATE_PROMPT,1.6,19.2,arm left: 0. left instrument: Tool #17 (White). arm right: 2. right instrument: Tool #2 (Purple). do an inguinal hernia repair,415,current_public_raw_rows_not_exact_training_probability,0.19202611555171503,0.24416156514277204,1.6080617288012032e-05,7.539461242894671e-07,7.828367287007238e-07
cmr_versius:02,cmr_versius,cmr-surgical-60hz/inguinal_hernia,cmr_surgical/inguinal_hernia,CMR_STATE_PROMPT,1.6,19.2,arm left: 1. left instrument: Tool #0 (Purple). arm right: 2. right instrument: Tool #9 (Green). do an inguinal hernia repair,108185,current_public_raw_rows_not_exact_training_probability,0.19202611555171503,0.24416156514277204,0.004192003810370076,0.00019654376254519518,0.00020407516022768148
cmr_versius:02,cmr_versius,cmr-surgical-60hz/inguinal_hernia,cmr_surgical/inguinal_hernia,CMR_STATE_PROMPT,1.6,19.2,arm left: 0. left instrument: Tool #14 (White). arm right: 2. right instrument: Tool #9 (Green). do an inguinal hernia repair,3380,current_public_raw_rows_not_exact_training_probability,0.19202611555171503,0.24416156514277204,0.00013096984682766427,6.1405732532491535e-06,6.375875043393847e-06
cmr_versius:02,cmr_versius,cmr-surgical-60hz/inguinal_hernia,cmr_surgical/inguinal_hernia,CMR_STATE_PROMPT,1.6,19.2,arm left: 1. left instrument: Tool #0 (Purple). arm right: 0. right instrument: Tool #14 (White). do an inguinal hernia repair,623,current_public_raw_rows_not_exact_training_probability,0.19202611555171503,0.24416156514277204,2.414030016971445e-05,1.1318275552586458e-06,1.1751982698326528e-06
cmr_versius:02,cmr_versius,cmr-surgical-60hz/inguinal_hernia,cmr_surgical/inguinal_hernia,CMR_STATE_PROMPT,1.6,19.2,arm left: 1. left instrument: Tool #0 (Purple). arm right: 2. right instrument: Tool #2 (Green). do an inguinal hernia repair,153292,current_public_raw_rows_not_exact_training_probability,0.19202611555171503,0.24416156514277204,0.00593983128991311,0.0002784913476736891,0.0002891629103999792
cmr_versius:02,cmr_versius,cmr-surgical-60hz/inguinal_hernia,cmr_surgical/inguinal_hernia,CMR_STATE_PROMPT,1.6,19.2,arm left: 2. left instrument: Tool #1 (Blue). arm right: 1. right instrument: Tool #9 (Cyan). do an inguinal hernia repair,88952,current_public_raw_rows_not_exact_training_probability,0.19202611555171503,0.24416156514277204,0.0034467543831403526,0.00016160244734408837,0.00016779492214791995
cmr_versius:02,cmr_versius,cmr-surgical-60hz/inguinal_hernia,cmr_surgical/inguinal_hernia,CMR_STATE_PROMPT,1.6,19.2,arm left: 2. left instrument: Tool #1 (Blue). arm right: 1. right instrument: Tool #2 (Cyan). do an inguinal hernia repair,24311,current_public_raw_rows_not_exact_training_probability,0.19202611555171503,0.24416156514277204,0.0009420141852743626,4.416670898217165e-05,4.585914147335734e-05
cmr_versius:02,cmr_versius,cmr-surgical-60hz/inguinal_hernia,cmr_surgical/inguinal_hernia,CMR_STATE_PROMPT,1.6,19.2,arm left: 1. left instrument: Tool #1 (Orange). arm right: 2. right instrument: Tool #9 (Blue). do an inguinal hernia repair,3363,current_public_raw_rows_not_exact_training_probability,0.19202611555171503,0.24416156514277204,0.00013031112274598667,6.109688713218019e-06,6.343807032820564e-06
cmr_versius:02,cmr_versius,cmr-surgical-60hz/inguinal_hernia,cmr_surgical/inguinal_hernia,CMR_STATE_PROMPT,1.6,19.2,arm left: 1. left instrument: Tool #1 (Orange). arm right: -1. right instrument: Tool #3 (None). do an inguinal hernia repair,18501,current_public_raw_rows_not_exact_training_probability,0.19202611555171503,0.24416156514277204,0.0007168855432421942,3.361146324211911e-05,3.489942727154721e-05
cmr_versius:02,cmr_versius,cmr-surgical-60hz/inguinal_hernia,cmr_surgical/inguinal_hernia,CMR_STATE_PROMPT,1.6,19.2,arm left: 1. left instrument: Tool #2 (Orange). arm right: 2. right instrument: Tool #2 (Blue). do an inguinal hernia repair,35650,current_public_raw_rows_not_exact_training_probability,0.19202611555171503,0.24416156514277204,0.0013813831477533227,6.476669718293856e-05,6.724850452573688e-05
cmr_versius:02,cmr_versius,cmr-surgical-60hz/inguinal_hernia,cmr_surgical/inguinal_hernia,CMR_STATE_PROMPT,1.6,19.2,arm left: 1. left instrument: Tool #1 (Orange). arm right: 2. right instrument: Tool #9 (Cyan). do an inguinal hernia repair,11605,current_public_raw_rows_not_exact_training_probability,0.19202611555171503,0.24416156514277204,0.00044967605693344487,2.108324041537172e-05,2.189113310017325e-05
cmr_versius:02,cmr_versius,cmr-surgical-60hz/inguinal_hernia,cmr_surgical/inguinal_hernia,CMR_STATE_PROMPT,1.6,19.2,arm left: -1. left instrument: Tool #3 (None). arm right: 2. right instrument: Tool #8 (Pink). do an inguinal hernia repair,26811,current_public_raw_rows_not_exact_training_probability,0.19202611555171503,0.24416156514277204,0.001038885373756363,4.8708553104397354e-05,5.057502538119303e-05
cmr_versius:02,cmr_versius,cmr-surgical-60hz/inguinal_hernia,cmr_surgical/inguinal_hernia,CMR_STATE_PROMPT,1.6,19.2,arm left: 1. left instrument: Tool #13 (Orange). arm right: 2. right instrument: Tool #8 (Pink). do an inguinal hernia repair,122192,current_public_raw_rows_not_exact_training_probability,0.19202611555171503,0.24416156514277204,0.004734753705197027,0.00022199080679320135,0.00023049731458650322
cmr_versius:02,cmr_versius,cmr-surgical-60hz/inguinal_hernia,cmr_surgical/inguinal_hernia,CMR_STATE_PROMPT,1.6,19.2,arm left: -1. left instrument: Tool #3 (None). arm right: 2. right instrument: Tool #13 (Pink). do an inguinal hernia repair,10946,current_public_raw_rows_not_exact_training_probability,0.19202611555171503,0.24416156514277204,0.00042414081164958965,1.988601030475303e-05,2.0648026102067766e-05
cmr_versius:02,cmr_versius,cmr-surgical-60hz/inguinal_hernia,cmr_surgical/inguinal_hernia,CMR_STATE_PROMPT,1.6,19.2,arm left: 1. left instrument: Tool #8 (Orange). arm right: 2. right instrument: Tool #13 (Pink). do an inguinal hernia repair,37627,current_public_raw_rows_not_exact_training_probability,0.19202611555171503,0.24416156514277204,0.0014579888836048884,6.835838751479464e-05,7.097782552005333e-05
cmr_versius:02,cmr_versius,cmr-surgical-60hz/inguinal_hernia,cmr_surgical/inguinal_hernia,CMR_STATE_PROMPT,1.6,19.2,arm left: 1. left instrument: Tool #8 (Orange). arm right: -1. right instrument: Tool #3 (None). do an inguinal hernia repair,3764,current_public_raw_rows_not_exact_training_probability,0.19202611555171503,0.24416156514277204,0.0001458492613784995,6.838200510423022e-06,7.100234811637409e-06
cmr_versius:02,cmr_versius,cmr-surgical-60hz/inguinal_hernia,cmr_surgical/inguinal_hernia,CMR_STATE_PROMPT,1.6,19.2,arm left: 1. left instrument: Tool #13 (Orange). arm right: 2. right instrument: Tool #2 (Pink). do an inguinal hernia repair,49589,current_public_raw_rows_not_exact_training_probability,0.19202611555171503,0.24416156514277204,0.001921498146253563,9.00902032708202e-05,9.354238684226553e-05
cmr_versius:02,cmr_versius,cmr-surgical-60hz/inguinal_hernia,cmr_surgical/inguinal_hernia,CMR_STATE_PROMPT,1.6,19.2,arm left: 2. left instrument: Tool #0 (Cyan). arm right: 1. right instrument: Tool #2 (Green). do an inguinal hernia repair,86024,current_public_raw_rows_not_exact_training_probability,0.19202611555171503,0.24416156514277204,0.003333298847190234,0.00015628303950813763,0.0001622716789150628
cmr_versius:02,cmr_versius,cmr-surgical-60hz/inguinal_hernia,cmr_surgical/inguinal_hernia,CMR_STATE_PROMPT,1.6,19.2,arm left: 2. left instrument: Tool #0 (Cyan). arm right: 1. right instrument: Tool #9 (Green). do an inguinal hernia repair,144843,current_public_raw_rows_not_exact_training_probability,0.19202611555171503,0.24416156514277204,0.005612445421319341,0.0002631417312782151,0.00027322510914505767
cmr_versius:02,cmr_versius,cmr-surgical-60hz/inguinal_hernia,cmr_surgical/inguinal_hernia,CMR_STATE_PROMPT,1.6,19.2,arm left: 1. left instrument: Tool #2 (Orange). arm right: 2. right instrument: Tool #2 (Purple). do an inguinal hernia repair,104807,current_public_raw_rows_not_exact_training_probability,0.19202611555171503,0.24416156514277204,0.0040611114604931975,0.00019040682276724377,0.00019770305789141386
cmr_versius:02,cmr_versius,cmr-surgical-60hz/inguinal_hernia,cmr_surgical/inguinal_hernia,CMR_STATE_PROMPT,1.6,19.2,arm left: 0. left instrument: Tool #17 (White). arm right: 1. right instrument: Tool #2 (Cyan). do an inguinal hernia repair,7615,current_public_raw_rows_not_exact_training_probability,0.19202611555171503,0.24416156514277204,0.0002950696401161726,1.38344571962995e-05,1.43645823832675e-05
cmr_versius:02,cmr_versius,cmr-surgical-60hz/inguinal_hernia,cmr_surgical/inguinal_hernia,CMR_STATE_PROMPT,1.6,19.2,arm left: 2. left instrument: Tool #2 (Blue). arm right: 1. right instrument: Tool #9 (Cyan). do an inguinal hernia repair,34479,current_public_raw_rows_not_exact_training_probability,0.19202611555171503,0.24416156514277204,0.001336008683068354,6.263929739608804e-05,6.503958450330665e-05
cmr_versius:02,cmr_versius,cmr-surgical-60hz/inguinal_hernia,cmr_surgical/inguinal_hernia,CMR_STATE_PROMPT,1.6,19.2,arm left: 2. left instrument: Tool #9 (Blue). arm right: 1. right instrument: Tool #2 (Cyan). do an inguinal hernia repair,2730,current_public_raw_rows_not_exact_training_probability,0.19202611555171503,0.24416156514277204,0.00010578333782234421,4.95969378147047e-06,5.1497452273565685e-06
cmr_versius:02,cmr_versius,cmr-surgical-60hz/inguinal_hernia,cmr_surgical/inguinal_hernia,CMR_STATE_PROMPT,1.6,19.2,arm left: 0. left instrument: Tool #14 (White). arm right: 2. right instrument: Tool #9 (Cyan). do an inguinal hernia repair,1224,current_public_raw_rows_not_exact_training_probability,0.19202611555171503,0.24416156514277204,4.7428133880787296e-05,2.2236868822417056e-06,2.3088967612763517e-06
cmr_versius:02,cmr_versius,cmr-surgical-60hz/inguinal_hernia,cmr_surgical/inguinal_hernia,CMR_STATE_PROMPT,1.6,19.2,arm left: 0. left instrument: Tool #17 (White). arm right: 2. right instrument: Tool #9 (Cyan). do an inguinal hernia repair,198,current_public_raw_rows_not_exact_training_probability,0.19202611555171503,0.24416156514277204,7.672198127774416e-06,3.5971405448027586e-07,3.734980055005863e-07
cmr_versius:02,cmr_versius,cmr-surgical-60hz/inguinal_hernia,cmr_surgical/inguinal_hernia,CMR_STATE_PROMPT,1.6,19.2,arm left: 1. left instrument: Tool #18 (Blue). arm right: 0. right instrument: Tool #17 (White). do an inguinal hernia repair,1144,current_public_raw_rows_not_exact_training_probability,0.19202611555171503,0.24416156514277204,4.432825584936329e-05,2.078347870330483e-06,2.15798847622561e-06
cmr_versius:02,cmr_versius,cmr-surgical-60hz/inguinal_hernia,cmr_surgical/inguinal_hernia,CMR_STATE_PROMPT,1.6,19.2,arm left: 1. left instrument: Tool #9 (Purple). arm right: -1. right instrument: Tool #3 (None). do an inguinal hernia repair,678,current_public_raw_rows_not_exact_training_probability,0.19202611555171503,0.24416156514277204,2.627146631631845e-05,1.2317481259476113e-06,1.278947715805038e-06
cmr_versius:02,cmr_versius,cmr-surgical-60hz/inguinal_hernia,cmr_surgical/inguinal_hernia,CMR_STATE_PROMPT,1.6,19.2,arm left: 2. left instrument: Tool #1 (Pink). arm right: 1. right instrument: Tool #9 (Purple). do an inguinal hernia repair,293888,current_public_raw_rows_not_exact_training_probability,0.19202611555171503,0.24416156514277204,0.011387711936239229,0.0005339173941570672,0.0005543766759624056
cmr_versius:02,cmr_versius,cmr-surgical-60hz/inguinal_hernia,cmr_surgical/inguinal_hernia,CMR_STATE_PROMPT,1.6,19.2,arm left: 2. left instrument: Tool #1 (Pink). arm right: -1. right instrument: Tool #3 (None). do an inguinal hernia repair,23581,current_public_raw_rows_not_exact_training_probability,0.19202611555171503,0.24416156514277204,0.0009137277982376186,4.284049049848174e-05,4.448210337226932e-05
cmr_versius:02,cmr_versius,cmr-surgical-60hz/inguinal_hernia,cmr_surgical/inguinal_hernia,CMR_STATE_PROMPT,1.6,19.2,arm left: 2. left instrument: Tool #1 (Pink). arm right: 1. right instrument: Tool #2 (Purple). do an inguinal hernia repair,226902,current_public_raw_rows_not_exact_training_probability,0.19202611555171503,0.24416156514277204,0.008792106563577123,0.0004122214060085028,0.0004280173961822931
cmr_versius:02,cmr_versius,cmr-surgical-60hz/inguinal_hernia,cmr_surgical/inguinal_hernia,CMR_STATE_PROMPT,1.6,19.2,arm left: -1. left instrument: Tool #3 (None). arm right: 1. right instrument: Tool #0 (Blue). do an inguinal hernia repair,32,current_public_raw_rows_not_exact_training_probability,0.19202611555171503,0.24416156514277204,1.2399512125696024e-06,5.813560476448902e-08,6.036331402029677e-08
cmr_versius:02,cmr_versius,cmr-surgical-60hz/inguinal_hernia,cmr_surgical/inguinal_hernia,CMR_STATE_PROMPT,1.6,19.2,arm left: 1. left instrument: Tool #0 (Blue). arm right: 2. right instrument: Tool #9 (Green). do an inguinal hernia repair,133804,current_public_raw_rows_not_exact_training_probability,0.19202611555171503,0.24416156514277204,0.0051847010014582215,0.0002430867643721153,0.0002524016521616184
cmr_versius:02,cmr_versius,cmr-surgical-60hz/inguinal_hernia,cmr_surgical/inguinal_hernia,CMR_STATE_PROMPT,1.6,19.2,arm left: 1. left instrument: Tool #0 (Blue). arm right: 2. right instrument: Tool #2 (Green). do an inguinal hernia repair,76042,current_public_raw_rows_not_exact_training_probability,0.19202611555171503,0.24416156514277204,0.0029465115658193035,0.00013814836429691484,0.0001434420976478565
cmr_versius:02,cmr_versius,cmr-surgical-60hz/inguinal_hernia,cmr_surgical/inguinal_hernia,CMR_STATE_PROMPT,1.6,19.2,arm left: 1. left instrument: Tool #0 (Blue). arm right: 0. right instrument: Tool #14 (White). do an inguinal hernia repair,3973,current_public_raw_rows_not_exact_training_probability,0.19202611555171503,0.24416156514277204,0.0001539476927355947,7.21789867904109e-06,7.494482706332471e-06
cmr_versius:02,cmr_versius,cmr-surgical-60hz/inguinal_hernia,cmr_surgical/inguinal_hernia,CMR_STATE_PROMPT,1.6,19.2,arm left: 2. left instrument: Tool #18 (Orange). arm right: 1. right instrument: Tool #9 (Pink). do an inguinal hernia repair,49567,current_public_raw_rows_not_exact_training_probability,0.19202611555171503,0.24416156514277204,0.0019206456797949214,9.005023504254461e-05,9.350088706387657e-05
cmr_versius:02,cmr_versius,cmr-surgical-60hz/inguinal_hernia,cmr_surgical/inguinal_hernia,CMR_STATE_PROMPT,1.6,19.2,arm left: 2. left instrument: Tool #18 (Orange). arm right: -1. right instrument: Tool #3 (None). do an inguinal hernia repair,1035,current_public_raw_rows_not_exact_training_probability,0.19202611555171503,0.24416156514277204,4.010467203154808e-05,1.880323466601442e-06,1.952375937843974e-06
cmr_versius:02,cmr_versius,cmr-surgical-60hz/inguinal_hernia,cmr_surgical/inguinal_hernia,CMR_STATE_PROMPT,1.6,19.2,arm left: 2. left instrument: Tool #2 (Orange). arm right: -1. right instrument: Tool #3 (None). do an inguinal hernia repair,251,current_public_raw_rows_not_exact_training_probability,0.19202611555171503,0.24416156514277204,9.72586732359282e-06,4.560011498714608e-07,4.7347474434670283e-07
cmr_versius:02,cmr_versius,cmr-surgical-60hz/inguinal_hernia,cmr_surgical/inguinal_hernia,CMR_STATE_PROMPT,1.6,19.2,arm left: 2. left instrument: Tool #12 (Orange). arm right: 1. right instrument: Tool #2 (Cyan). do an inguinal hernia repair,59523,current_public_raw_rows_not_exact_training_probability,0.19202611555171503,0.24416156514277204,0.002306425500805639,0.00010813767507489626,0.0001122814231384414
cmr_versius:02,cmr_versius,cmr-surgical-60hz/inguinal_hernia,cmr_surgical/inguinal_hernia,CMR_STATE_PROMPT,1.6,19.2,arm left: 2. left instrument: Tool #12 (Orange). arm right: -1. right instrument: Tool #3 (None). do an inguinal hernia repair,5610,current_public_raw_rows_not_exact_training_probability,0.19202611555171503,0.24416156514277204,0.00021737894695360841,1.0191898210274482e-05,1.0582443489183277e-05
cmr_versius:02,cmr_versius,cmr-surgical-60hz/inguinal_hernia,cmr_surgical/inguinal_hernia,CMR_STATE_PROMPT,1.6,19.2,arm left: 2. left instrument: Tool #12 (Orange). arm right: 0. right instrument: Tool #17 (White). do an inguinal hernia repair,17329,current_public_raw_rows_not_exact_training_probability,0.19202611555171503,0.24416156514277204,0.0006714723300818325,3.14822467176197e-05,3.268862089555384e-05
cmr_versius:02,cmr_versius,cmr-surgical-60hz/inguinal_hernia,cmr_surgical/inguinal_hernia,CMR_STATE_PROMPT,1.6,19.2,arm left: 2. left instrument: Tool #12 (Orange). arm right: 1. right instrument: Tool #9 (Cyan). do an inguinal hernia repair,51549,current_public_raw_rows_not_exact_training_probability,0.19202611555171503,0.24416156514277204,0.001997445158023451,9.365100906264515e-05,9.72396398260087e-05
cmr_versius:03,cmr_versius,cmr-surgical-60hz/prostatectomy,cmr_surgical/prostatectomy,CMR_STATE_PROMPT,1.6,19.2,arm left: -1. left instrument: Tool #3 (None). arm right: -1. right instrument: Tool #3 (None). do a prostatectomy,884107,current_public_raw_rows_not_exact_training_probability,0.19202611555171503,0.3454759200096645,0.024211347810770358,0.0016061904725474406,0.0016677383896419537
cmr_versius:03,cmr_versius,cmr-surgical-60hz/prostatectomy,cmr_surgical/prostatectomy,CMR_STATE_PROMPT,1.6,19.2,arm left: -1. left instrument: Tool #3 (None). arm right: 3. right instrument: Tool #9 (Blue). do a prostatectomy,91959,current_public_raw_rows_not_exact_training_probability,0.19202611555171503,0.3454759200096645,0.0025183052880823602,0.00016706537745430144,0.00017346718731226472
cmr_versius:03,cmr_versius,cmr-surgical-60hz/prostatectomy,cmr_surgical/prostatectomy,CMR_STATE_PROMPT,1.6,19.2,arm left: 1. left instrument: Tool #18 (Pink). arm right: 3. right instrument: Tool #9 (Blue). do a prostatectomy,543788,current_public_raw_rows_not_exact_training_probability,0.19202611555171503,0.3454759200096645,0.01489168211915887,0.0009879201326147486,0.0010257764313896605
cmr_versius:03,cmr_versius,cmr-surgical-60hz/prostatectomy,cmr_surgical/prostatectomy,CMR_STATE_PROMPT,1.6,19.2,arm left: 1. left instrument: Tool #18 (Pink). arm right: -1. right instrument: Tool #3 (None). do a prostatectomy,25842,current_public_raw_rows_not_exact_training_probability,0.19202611555171503,0.3454759200096645,0.0007076854386696719,4.694813432262267e-05,4.8747148778515914e-05
cmr_versius:03,cmr_versius,cmr-surgical-60hz/prostatectomy,cmr_surgical/prostatectomy,CMR_STATE_PROMPT,1.6,19.2,arm left: 1. left instrument: Tool #18 (Pink). arm right: 2. right instrument: Tool #0 (Orange). do a prostatectomy,13585,current_public_raw_rows_not_exact_training_probability,0.19202611555171503,0.3454759200096645,0.0003720264176274086,2.4680380960174482e-05,2.5626113155179117e-05
cmr_versius:03,cmr_versius,cmr-surgical-60hz/prostatectomy,cmr_surgical/prostatectomy,CMR_STATE_PROMPT,1.6,19.2,arm left: -1. left instrument: Tool #3 (None). arm right: 3. right instrument: Tool #2 (Blue). do a prostatectomy,58566,current_public_raw_rows_not_exact_training_probability,0.19202611555171503,0.3454759200096645,0.0016038350515102547,0.00010639905714490825,0.0001104761827785219
cmr_versius:03,cmr_versius,cmr-surgical-60hz/prostatectomy,cmr_surgical/prostatectomy,CMR_STATE_PROMPT,1.6,19.2,arm left: 1. left instrument: Tool #2 (Pink). arm right: 3. right instrument: Tool #2 (Blue). do a prostatectomy,269854,current_public_raw_rows_not_exact_training_probability,0.19202611555171503,0.3454759200096645,0.007389975480487796,0.0004902539215036382,0.0005090400544260365
cmr_versius:03,cmr_versius,cmr-surgical-60hz/prostatectomy,cmr_surgical/prostatectomy,CMR_STATE_PROMPT,1.6,19.2,arm left: 1. left instrument: Tool #2 (Pink). arm right: -1. right instrument: Tool #3 (None). do a prostatectomy,10904,current_public_raw_rows_not_exact_training_probability,0.19202611555171503,0.3454759200096645,0.00029860699726236756,1.9809707323499637e-05,2.0568799252416126e-05
cmr_versius:03,cmr_versius,cmr-surgical-60hz/prostatectomy,cmr_surgical/prostatectomy,CMR_STATE_PROMPT,1.6,19.2,arm left: 1. left instrument: Tool #2 (Pink). arm right: 2. right instrument: Tool #0 (Orange). do a prostatectomy,4045,current_public_raw_rows_not_exact_training_probability,0.19202611555171503,0.3454759200096645,0.00011077268011062698,7.348703789761191e-06,7.63030016287814e-06
cmr_versius:03,cmr_versius,cmr-surgical-60hz/prostatectomy,cmr_surgical/prostatectomy,CMR_STATE_PROMPT,1.6,19.2,arm left: -1. left instrument: Tool #3 (None). arm right: 2. right instrument: Tool #0 (Orange). do a prostatectomy,8837,current_public_raw_rows_not_exact_training_probability,0.19202611555171503,0.3454759200096645,0.0002420020208003982,1.6054510603243422e-05,1.666970643741758e-05
cmr_versius:03,cmr_versius,cmr-surgical-60hz/prostatectomy,cmr_surgical/prostatectomy,CMR_STATE_PROMPT,1.6,19.2,arm left: 1. left instrument: Tool #2 (Orange). arm right: 3. right instrument: Tool #2 (Blue). do a prostatectomy,575173,current_public_raw_rows_not_exact_training_probability,0.19202611555171503,0.3454759200096645,0.015751163099448618,0.0010449384437251701,0.0010849796379686298
cmr_versius:03,cmr_versius,cmr-surgical-60hz/prostatectomy,cmr_surgical/prostatectomy,CMR_STATE_PROMPT,1.6,19.2,arm left: 1. left instrument: Tool #2 (Orange). arm right: -1. right instrument: Tool #3 (None). do a prostatectomy,41577,current_public_raw_rows_not_exact_training_probability,0.19202611555171503,0.3454759200096645,0.0011385897950456213,7.553450122791125e-05,7.842892209443372e-05
cmr_versius:03,cmr_versius,cmr-surgical-60hz/prostatectomy,cmr_surgical/prostatectomy,CMR_STATE_PROMPT,1.6,19.2,arm left: 1. left instrument: Tool #18 (Orange). arm right: 3. right instrument: Tool #2 (Blue). do a prostatectomy,31487,current_public_raw_rows_not_exact_training_probability,0.19202611555171503,0.3454759200096645,0.0008622742592443294,5.7203618350608314e-05,5.939561464240889e-05
cmr_versius:03,cmr_versius,cmr-surgical-60hz/prostatectomy,cmr_surgical/prostatectomy,CMR_STATE_PROMPT,1.6,19.2,arm left: 2. left instrument: Tool #0 (Green). arm right: 3. right instrument: Tool #9 (Blue). do a prostatectomy,63753,current_public_raw_rows_not_exact_training_probability,0.19202611555171503,0.3454759200096645,0.0017458815018770834,0.00011582247532970216,0.00012026069871049939
cmr_versius:03,cmr_versius,cmr-surgical-60hz/prostatectomy,cmr_surgical/prostatectomy,CMR_STATE_PROMPT,1.6,19.2,arm left: 1. left instrument: Tool #18 (Orange). arm right: 3. right instrument: Tool #9 (Blue). do a prostatectomy,1375812,current_public_raw_rows_not_exact_training_probability,0.19202611555171503,0.3454759200096645,0.03767673240256167,0.0024994894581950367,0.002595267868402892
cmr_versius:03,cmr_versius,cmr-surgical-60hz/prostatectomy,cmr_surgical/prostatectomy,CMR_STATE_PROMPT,1.6,19.2,arm left: 1. left instrument: Tool #18 (Orange). arm right: -1. right instrument: Tool #3 (None). do a prostatectomy,117568,current_public_raw_rows_not_exact_training_probability,0.19202611555171503,0.3454759200096645,0.0032196100012969577,0.00021359021190473269,0.00022177481571057035
cmr_versius:03,cmr_versius,cmr-surgical-60hz/prostatectomy,cmr_surgical/prostatectomy,CMR_STATE_PROMPT,1.6,19.2,arm left: 2. left instrument: Tool #0 (Green). arm right: -1. right instrument: Tool #3 (None). do a prostatectomy,10579,current_public_raw_rows_not_exact_training_probability,0.19202611555171503,0.3454759200096645,0.00028970684373061135,1.9219267587610293e-05,1.9955734344397487e-05
cmr_versius:03,cmr_versius,cmr-surgical-60hz/prostatectomy,cmr_surgical/prostatectomy,CMR_STATE_PROMPT,1.6,19.2,arm left: 2. left instrument: Tool #0 (Green). arm right: 3. right instrument: Tool #2 (Blue). do a prostatectomy,10822,current_public_raw_rows_not_exact_training_probability,0.19202611555171503,0.3454759200096645,0.000296361420063586,1.9660734836290634e-05,2.0414118260239117e-05
cmr_versius:03,cmr_versius,cmr-surgical-60hz/prostatectomy,cmr_surgical/prostatectomy,CMR_STATE_PROMPT,1.6,19.2,arm left: 1. left instrument: Tool #18 (Orange). arm right: 0. right instrument: Tool #14 (White). do a prostatectomy,1836,current_public_raw_rows_not_exact_training_probability,0.19202611555171503,0.3454759200096645,5.027902118247495e-05,3.335530323362558e-06,3.4633451419145276e-06
cmr_versius:03,cmr_versius,cmr-surgical-60hz/prostatectomy,cmr_surgical/prostatectomy,CMR_STATE_PROMPT,1.6,19.2,arm left: 3. left instrument: Tool #18 (Pink). arm right: -1. right instrument: Tool #3 (None). do a prostatectomy,24329,current_public_raw_rows_not_exact_training_probability,0.19202611555171503,0.3454759200096645,0.000666251800843373,4.419941025985167e-05,4.589309583749376e-05
cmr_versius:03,cmr_versius,cmr-surgical-60hz/prostatectomy,cmr_surgical/prostatectomy,CMR_STATE_PROMPT,1.6,19.2,arm left: 3. left instrument: Tool #18 (Pink). arm right: 2. right instrument: Tool #9 (Green). do a prostatectomy,184789,current_public_raw_rows_not_exact_training_probability,0.19202611555171503,0.3454759200096645,0.005060462987629827,0.0003357131334007863,0.00034857738857801935
cmr_versius:03,cmr_versius,cmr-surgical-60hz/prostatectomy,cmr_surgical/prostatectomy,CMR_STATE_PROMPT,1.6,19.2,arm left: 3. left instrument: Tool #18 (Pink). arm right: 1. right instrument: Tool #0 (Blue). do a prostatectomy,28449,current_public_raw_rows_not_exact_training_probability,0.19202611555171503,0.3454759200096645,0.0007790783625382515,5.168436937327963e-05,5.3664872517606965e-05
cmr_versius:03,cmr_versius,cmr-surgical-60hz/prostatectomy,cmr_surgical/prostatectomy,CMR_STATE_PROMPT,1.6,19.2,arm left: -1. left instrument: Tool #3 (None). arm right: 1. right instrument: Tool #0 (Blue). do a prostatectomy,8759,current_public_raw_rows_not_exact_training_probability,0.19202611555171503,0.3454759200096645,0.00023986598395277673,1.591280506662998e-05,1.6522570859493108e-05
cmr_versius:03,cmr_versius,cmr-surgical-60hz/prostatectomy,cmr_surgical/prostatectomy,CMR_STATE_PROMPT,1.6,19.2,arm left: -1. left instrument: Tool #3 (None). arm right: 2. right instrument: Tool #9 (Green). do a prostatectomy,34968,current_public_raw_rows_not_exact_training_probability,0.19202611555171503,0.3454759200096645,0.0009576017498413856,6.352768210639539e-05,6.596201139567931e-05
cmr_versius:03,cmr_versius,cmr-surgical-60hz/prostatectomy,cmr_surgical/prostatectomy,CMR_STATE_PROMPT,1.6,19.2,arm left: 3. left instrument: Tool #2 (Pink). arm right: -1. right instrument: Tool #3 (None). do a prostatectomy,6300,current_public_raw_rows_not_exact_training_probability,0.19202611555171503,0.3454759200096645,0.00017252605307711992,1.1445447188008777e-05,1.1884027447745928e-05
cmr_versius:03,cmr_versius,cmr-surgical-60hz/prostatectomy,cmr_surgical/prostatectomy,CMR_STATE_PROMPT,1.6,19.2,arm left: 3. left instrument: Tool #2 (Pink). arm right: 2. right instrument: Tool #2 (Green). do a prostatectomy,15639,current_public_raw_rows_not_exact_training_probability,0.19202611555171503,0.3454759200096645,0.00042827538794810765,2.8411960090995122e-05,2.9500683373856914e-05
cmr_versius:03,cmr_versius,cmr-surgical-60hz/prostatectomy,cmr_surgical/prostatectomy,CMR_STATE_PROMPT,1.6,19.2,arm left: 3. left instrument: Tool #2 (Pink). arm right: 1. right instrument: Tool #0 (Blue). do a prostatectomy,1378,current_public_raw_rows_not_exact_training_probability,0.19202611555171503,0.3454759200096645,3.773665097464623e-05,2.503464480170809e-06,2.5993952099990304e-06
cmr_versius:03,cmr_versius,cmr-surgical-60hz/prostatectomy,cmr_surgical/prostatectomy,CMR_STATE_PROMPT,1.6,19.2,arm left: -1. left instrument: Tool #3 (None). arm right: 2. right instrument: Tool #2 (Green). do a prostatectomy,31124,current_public_raw_rows_not_exact_training_probability,0.19202611555171503,0.3454759200096645,0.0008523334723765524,5.654414258406114e-05,5.871086829899115e-05
cmr_versius:03,cmr_versius,cmr-surgical-60hz/prostatectomy,cmr_surgical/prostatectomy,CMR_STATE_PROMPT,1.6,19.2,arm left: -1. left instrument: Tool #3 (None). arm right: 1. right instrument: Tool #9 (Pink). do a prostatectomy,19080,current_public_raw_rows_not_exact_training_probability,0.19202611555171503,0.3454759200096645,0.0005225074750335631,3.466335434082658e-05,3.599162598460195e-05
cmr_versius:03,cmr_versius,cmr-surgical-60hz/prostatectomy,cmr_surgical/prostatectomy,CMR_STATE_PROMPT,1.6,19.2,arm left: 3. left instrument: Tool #18 (Blue). arm right: 1. right instrument: Tool #9 (Pink). do a prostatectomy,215256,current_public_raw_rows_not_exact_training_probability,0.19202611555171503,0.3454759200096645,0.0058948044573283375,0.0003910636793495266,0.0004060489225860314
cmr_versius:03,cmr_versius,cmr-surgical-60hz/prostatectomy,cmr_surgical/prostatectomy,CMR_STATE_PROMPT,1.6,19.2,arm left: 2. left instrument: Tool #0 (Orange). arm right: 1. right instrument: Tool #9 (Pink). do a prostatectomy,17137,current_public_raw_rows_not_exact_training_probability,0.19202611555171503,0.3454759200096645,0.00046929824945755617,3.1133433089032764e-05,3.232644101143206e-05
cmr_versius:03,cmr_versius,cmr-surgical-60hz/prostatectomy,cmr_surgical/prostatectomy,CMR_STATE_PROMPT,1.6,19.2,arm left: 3. left instrument: Tool #18 (Blue). arm right: -1. right instrument: Tool #3 (None). do a prostatectomy,31904,current_public_raw_rows_not_exact_training_probability,0.19202611555171503,0.3454759200096645,0.0008736938408527672,5.796119795019556e-05,6.018222407823589e-05
cmr_versius:03,cmr_versius,cmr-surgical-60hz/prostatectomy,cmr_surgical/prostatectomy,CMR_STATE_PROMPT,1.6,19.2,arm left: 2. left instrument: Tool #0 (Orange). arm right: -1. right instrument: Tool #3 (None). do a prostatectomy,9685,current_public_raw_rows_not_exact_training_probability,0.19202611555171503,0.3454759200096645,0.00026522457524633434,1.759510412950238e-05,1.8269334258955446e-05
cmr_versius:03,cmr_versius,cmr-surgical-60hz/prostatectomy,cmr_surgical/prostatectomy,CMR_STATE_PROMPT,1.6,19.2,arm left: 2. left instrument: Tool #0 (Orange). arm right: 0. right instrument: Tool #14 (White). do a prostatectomy,2311,current_public_raw_rows_not_exact_training_probability,0.19202611555171503,0.3454759200096645,6.328693788273399e-05,4.198480706585442e-06,4.359363084403308e-06
cmr_versius:03,cmr_versius,cmr-surgical-60hz/prostatectomy,cmr_surgical/prostatectomy,CMR_STATE_PROMPT,1.6,19.2,arm left: -1. left instrument: Tool #3 (None). arm right: 0. right instrument: Tool #14 (White). do a prostatectomy,35846,current_public_raw_rows_not_exact_training_probability,0.19202611555171503,0.3454759200096645,0.0009816458569210224,6.512277776212106e-05,6.76182298241112e-05
cmr_versius:03,cmr_versius,cmr-surgical-60hz/prostatectomy,cmr_surgical/prostatectomy,CMR_STATE_PROMPT,1.6,19.2,arm left: -1. left instrument: Tool #3 (None). arm right: 1. right instrument: Tool #2 (Pink). do a prostatectomy,12602,current_public_raw_rows_not_exact_training_probability,0.19202611555171503,0.3454759200096645,0.0003451068763298199,2.2894527851315335e-05,2.3771827602618123e-05
cmr_versius:03,cmr_versius,cmr-surgical-60hz/prostatectomy,cmr_surgical/prostatectomy,CMR_STATE_PROMPT,1.6,19.2,arm left: 3. left instrument: Tool #18 (Blue). arm right: 1. right instrument: Tool #2 (Pink). do a prostatectomy,19199,current_public_raw_rows_not_exact_training_probability,0.19202611555171503,0.3454759200096645,0.0005257663004805754,3.487954612104453e-05,3.621610205861493e-05
cmr_versius:03,cmr_versius,cmr-surgical-60hz/prostatectomy,cmr_surgical/prostatectomy,CMR_STATE_PROMPT,1.6,19.2,arm left: 2. left instrument: Tool #0 (Orange). arm right: 1. right instrument: Tool #2 (Pink). do a prostatectomy,12749,current_public_raw_rows_not_exact_training_probability,0.19202611555171503,0.3454759200096645,0.00034913248423495264,2.3161588285702203e-05,2.404912157639886e-05
cmr_versius:03,cmr_versius,cmr-surgical-60hz/prostatectomy,cmr_surgical/prostatectomy,CMR_STATE_PROMPT,1.6,19.2,arm left: 3. left instrument: Tool #18 (Blue). arm right: 0. right instrument: Tool #14 (White). do a prostatectomy,4249,current_public_raw_rows_not_exact_training_probability,0.19202611555171503,0.3454759200096645,0.00011635923801979088,7.719318270134809e-06,8.015116289757531e-06
cmr_versius:03,cmr_versius,cmr-surgical-60hz/prostatectomy,cmr_surgical/prostatectomy,CMR_STATE_PROMPT,1.6,19.2,arm left: 3. left instrument: Tool #2 (Blue). arm right: 1. right instrument: Tool #2 (Pink). do a prostatectomy,123110,current_public_raw_rows_not_exact_training_probability,0.19202611555171503,0.3454759200096645,0.003371378157829243,0.00022365857195488263,0.0002322289871574605
cmr_versius:03,cmr_versius,cmr-surgical-60hz/prostatectomy,cmr_surgical/prostatectomy,CMR_STATE_PROMPT,1.6,19.2,arm left: 3. left instrument: Tool #2 (Blue). arm right: -1. right instrument: Tool #3 (None). do a prostatectomy,6499,current_public_raw_rows_not_exact_training_probability,0.19202611555171503,0.3454759200096645,0.0001779756855473337,1.1806977980137943e-05,1.2259411806809648e-05
cmr_versius:03,cmr_versius,cmr-surgical-60hz/prostatectomy,cmr_surgical/prostatectomy,CMR_STATE_PROMPT,1.6,19.2,arm left: -1. left instrument: Tool #3 (None). arm right: 3. right instrument: Tool #9 (Orange). do a prostatectomy,51867,current_public_raw_rows_not_exact_training_probability,0.19202611555171503,0.3454759200096645,0.0014203823484049173,9.422873163499226e-05,9.78395002590854e-05
cmr_versius:03,cmr_versius,cmr-surgical-60hz/prostatectomy,cmr_surgical/prostatectomy,CMR_STATE_PROMPT,1.6,19.2,arm left: 2. left instrument: Tool #1 (Green). arm right: 3. right instrument: Tool #9 (Orange). do a prostatectomy,205991,current_public_raw_rows_not_exact_training_probability,0.19202611555171503,0.3454759200096645,0.005641081618953811,0.0003742316050325581,0.0003885718568235923
cmr_versius:03,cmr_versius,cmr-surgical-60hz/prostatectomy,cmr_surgical/prostatectomy,CMR_STATE_PROMPT,1.6,19.2,arm left: 2. left instrument: Tool #1 (Green). arm right: -1. right instrument: Tool #3 (None). do a prostatectomy,10271,current_public_raw_rows_not_exact_training_probability,0.19202611555171503,0.3454759200096645,0.0002812722366912855,1.8659712391752087e-05,1.937473744695213e-05
cmr_versius:03,cmr_versius,cmr-surgical-60hz/prostatectomy,cmr_surgical/prostatectomy,CMR_STATE_PROMPT,1.6,19.2,arm left: 2. left instrument: Tool #1 (Green). arm right: 1. right instrument: Tool #0 (Blue). do a prostatectomy,49662,current_public_raw_rows_not_exact_training_probability,0.19202611555171503,0.3454759200096645,0.0013599982298279252,9.022282511918919e-05,9.368009065237433e-05
cmr_versius:03,cmr_versius,cmr-surgical-60hz/prostatectomy,cmr_surgical/prostatectomy,CMR_STATE_PROMPT,1.6,19.2,arm left: -1. left instrument: Tool #3 (None). arm right: 3. right instrument: Tool #2 (Orange). do a prostatectomy,32701,current_public_raw_rows_not_exact_training_probability,0.19202611555171503,0.3454759200096645,0.0008955197558214124,5.940913785636111e-05,6.16856478680539e-05
cmr_versius:03,cmr_versius,cmr-surgical-60hz/prostatectomy,cmr_surgical/prostatectomy,CMR_STATE_PROMPT,1.6,19.2,arm left: 2. left instrument: Tool #2 (Green). arm right: 3. right instrument: Tool #2 (Orange). do a prostatectomy,254394,current_public_raw_rows_not_exact_training_probability,0.19202611555171503,0.3454759200096645,0.006966602023254102,0.0004621671574517944,0.00047987702833998056
cmr_versius:03,cmr_versius,cmr-surgical-60hz/prostatectomy,cmr_surgical/prostatectomy,CMR_STATE_PROMPT,1.6,19.2,arm left: 2. left instrument: Tool #2 (Green). arm right: -1. right instrument: Tool #3 (None). do a prostatectomy,22369,current_public_raw_rows_not_exact_training_probability,0.19202611555171503,0.3454759200096645,0.0006125770287749358,4.063860446802672e-05,4.219584285375058e-05
cmr_versius:03,cmr_versius,cmr-surgical-60hz/prostatectomy,cmr_surgical/prostatectomy,CMR_STATE_PROMPT,1.6,19.2,arm left: 2. left instrument: Tool #2 (Green). arm right: 1. right instrument: Tool #0 (Blue). do a prostatectomy,483,current_public_raw_rows_not_exact_training_probability,0.19202611555171503,0.3454759200096645,1.3226997402579194e-05,8.774842844140063e-07,9.111087709938546e-07
cmr_versius:03,cmr_versius,cmr-surgical-60hz/prostatectomy,cmr_surgical/prostatectomy,CMR_STATE_PROMPT,1.6,19.2,arm left: -1. left instrument: Tool #3 (None). arm right: 3. right instrument: Tool #9 (Green). do a prostatectomy,93758,current_public_raw_rows_not_exact_training_probability,0.19202611555171503,0.3454759200096645,0.0025675710610166044,0.00017033368848465505,0.00017686073737234326
cmr_versius:03,cmr_versius,cmr-surgical-60hz/prostatectomy,cmr_surgical/prostatectomy,CMR_STATE_PROMPT,1.6,19.2,arm left: 1. left instrument: Tool #18 (Orange). arm right: 3. right instrument: Tool #9 (Green). do a prostatectomy,1014390,current_public_raw_rows_not_exact_training_probability,0.19202611555171503,0.3454759200096645,0.02777915920331741,0.0018428805036578135,0.0019134981909077766
cmr_versius:03,cmr_versius,cmr-surgical-60hz/prostatectomy,cmr_surgical/prostatectomy,CMR_STATE_PROMPT,1.6,19.2,arm left: 2. left instrument: Tool #0 (Blue). arm right: 3. right instrument: Tool #9 (Green). do a prostatectomy,39869,current_public_raw_rows_not_exact_training_probability,0.19202611555171503,0.3454759200096645,0.001091816065100269,7.243151332360666e-05,7.520703020860038e-05
cmr_versius:03,cmr_versius,cmr-surgical-60hz/prostatectomy,cmr_surgical/prostatectomy,CMR_STATE_PROMPT,1.6,19.2,arm left: 2. left instrument: Tool #0 (Blue). arm right: -1. right instrument: Tool #3 (None). do a prostatectomy,5379,current_public_raw_rows_not_exact_training_probability,0.19202611555171503,0.3454759200096645,0.0001473043872225124,9.772231813380829e-06,1.0146695816099262e-05
cmr_versius:03,cmr_versius,cmr-surgical-60hz/prostatectomy,cmr_surgical/prostatectomy,CMR_STATE_PROMPT,1.6,19.2,arm left: -1. left instrument: Tool #3 (None). arm right: 3. right instrument: Tool #2 (Green). do a prostatectomy,115091,current_public_raw_rows_not_exact_training_probability,0.19202611555171503,0.3454759200096645,0.0031517771388410807,0.00020909015274843146,0.00021710231793468677
cmr_versius:03,cmr_versius,cmr-surgical-60hz/prostatectomy,cmr_surgical/prostatectomy,CMR_STATE_PROMPT,1.6,19.2,arm left: 1. left instrument: Tool #2 (Orange). arm right: 3. right instrument: Tool #2 (Green). do a prostatectomy,349345,current_public_raw_rows_not_exact_training_probability,0.19202611555171503,0.3454759200096645,0.009566843494004199,0.0006346682139515755,0.0006589881855131429
cmr_versius:03,cmr_versius,cmr-surgical-60hz/prostatectomy,cmr_surgical/prostatectomy,CMR_STATE_PROMPT,1.6,19.2,arm left: 2. left instrument: Tool #0 (Blue). arm right: 3. right instrument: Tool #2 (Green). do a prostatectomy,105156,current_public_raw_rows_not_exact_training_probability,0.19202611555171503,0.3454759200096645,0.0028797062916472416,0.0001910408642067065,0.00019836139528494774
cmr_versius:03,cmr_versius,cmr-surgical-60hz/prostatectomy,cmr_surgical/prostatectomy,CMR_STATE_PROMPT,1.6,19.2,arm left: 2. left instrument: Tool #18 (Blue). arm right: -1. right instrument: Tool #3 (None). do a prostatectomy,56928,current_public_raw_rows_not_exact_training_probability,0.19202611555171503,0.3454759200096645,0.0015589782777102035,0.00010342324087602597,0.00010738633564210796
cmr_versius:03,cmr_versius,cmr-surgical-60hz/prostatectomy,cmr_surgical/prostatectomy,CMR_STATE_PROMPT,1.6,19.2,arm left: 2. left instrument: Tool #18 (Blue). arm right: 3. right instrument: Tool #2 (Green). do a prostatectomy,4578,current_public_raw_rows_not_exact_training_probability,0.19202611555171503,0.3454759200096645,0.00012536893190270713,8.317024956619711e-06,8.635726612028707e-06
cmr_versius:03,cmr_versius,cmr-surgical-60hz/prostatectomy,cmr_surgical/prostatectomy,CMR_STATE_PROMPT,1.6,19.2,arm left: 2. left instrument: Tool #18 (Pink). arm right: 3. right instrument: Tool #9 (Orange). do a prostatectomy,207879,current_public_raw_rows_not_exact_training_probability,0.19202611555171503,0.3454759200096645,0.005692784664701367,0.000377661605713663,0.0003921332923507898
cmr_versius:03,cmr_versius,cmr-surgical-60hz/prostatectomy,cmr_surgical/prostatectomy,CMR_STATE_PROMPT,1.6,19.2,arm left: 2. left instrument: Tool #18 (Pink). arm right: -1. right instrument: Tool #3 (None). do a prostatectomy,17030,current_public_raw_rows_not_exact_training_probability,0.19202611555171503,0.3454759200096645,0.0004663680450640241,3.0939042160601504e-05,3.212460118017669e-05
cmr_versius:03,cmr_versius,cmr-surgical-60hz/prostatectomy,cmr_surgical/prostatectomy,CMR_STATE_PROMPT,1.6,19.2,arm left: 2. left instrument: Tool #18 (Pink). arm right: 1. right instrument: Tool #0 (Blue). do a prostatectomy,23988,current_public_raw_rows_not_exact_training_probability,0.19202611555171503,0.3454759200096645,0.0006569134859069766,4.357990272158009e-05,4.524984927246497e-05
cmr_versius:03,cmr_versius,cmr-surgical-60hz/prostatectomy,cmr_surgical/prostatectomy,CMR_STATE_PROMPT,1.6,19.2,arm left: 2. left instrument: Tool #2 (Pink). arm right: -1. right instrument: Tool #3 (None). do a prostatectomy,6160,current_public_raw_rows_not_exact_training_probability,0.19202611555171503,0.3454759200096645,0.00016869214078651725,1.1191103917164138e-05,1.161993794890713e-05
cmr_versius:03,cmr_versius,cmr-surgical-60hz/prostatectomy,cmr_surgical/prostatectomy,CMR_STATE_PROMPT,1.6,19.2,arm left: 2. left instrument: Tool #2 (Pink). arm right: 3. right instrument: Tool #2 (Orange). do a prostatectomy,81032,current_public_raw_rows_not_exact_training_probability,0.19202611555171503,0.3454759200096645,0.0022190684338008223,0.00014721388516487734,0.0001528550019278965
cmr_versius:03,cmr_versius,cmr-surgical-60hz/prostatectomy,cmr_surgical/prostatectomy,CMR_STATE_PROMPT,1.6,19.2,arm left: 1. left instrument: Tool #18 (Orange). arm right: 3. right instrument: Tool #2 (Green). do a prostatectomy,12770,current_public_raw_rows_not_exact_training_probability,0.19202611555171503,0.3454759200096645,0.00034970757107854306,2.3199739776328902e-05,2.4088735001224682e-05
cmr_versius:03,cmr_versius,cmr-surgical-60hz/prostatectomy,cmr_surgical/prostatectomy,CMR_STATE_PROMPT,1.6,19.2,arm left: 1. left instrument: Tool #18 (Orange). arm right: 2. right instrument: Tool #0 (Green). do a prostatectomy,88682,current_public_raw_rows_not_exact_training_probability,0.19202611555171503,0.3454759200096645,0.002428564355394468,0.000161111928178888,0.0001672856066858737
cmr_versius:03,cmr_versius,cmr-surgical-60hz/prostatectomy,cmr_surgical/prostatectomy,CMR_STATE_PROMPT,1.6,19.2,arm left: -1. left instrument: Tool #3 (None). arm right: 2. right instrument: Tool #0 (Green). do a prostatectomy,22889,current_public_raw_rows_not_exact_training_probability,0.19202611555171503,0.3454759200096645,0.0006268172744257457,4.158330804544967e-05,4.3176746706580406e-05
cmr_versius:03,cmr_versius,cmr-surgical-60hz/prostatectomy,cmr_surgical/prostatectomy,CMR_STATE_PROMPT,1.6,19.2,arm left: 1. left instrument: Tool #2 (Orange). arm right: 2. right instrument: Tool #0 (Green). do a prostatectomy,5418,current_public_raw_rows_not_exact_training_probability,0.19202611555171503,0.3454759200096645,0.0001483724056463231,9.843084581687547e-06,1.0220263605061497e-05
cmr_versius:03,cmr_versius,cmr-surgical-60hz/prostatectomy,cmr_surgical/prostatectomy,CMR_STATE_PROMPT,1.6,19.2,arm left: 1. left instrument: Tool #18 (Blue). arm right: 3. right instrument: Tool #9 (Orange). do a prostatectomy,77139,current_public_raw_rows_not_exact_training_probability,0.19202611555171503,0.3454759200096645,0.002112458287034278,0.00014014132549774745,0.00014551142750661477
cmr_versius:03,cmr_versius,cmr-surgical-60hz/prostatectomy,cmr_surgical/prostatectomy,CMR_STATE_PROMPT,1.6,19.2,arm left: 1. left instrument: Tool #18 (Blue). arm right: -1. right instrument: Tool #3 (None). do a prostatectomy,46885,current_public_raw_rows_not_exact_training_probability,0.19202611555171503,0.3454759200096645,0.0012839498410350423,8.517774466822087e-05,8.844168680755045e-05
cmr_versius:03,cmr_versius,cmr-surgical-60hz/prostatectomy,cmr_surgical/prostatectomy,CMR_STATE_PROMPT,1.6,19.2,arm left: 1. left instrument: Tool #18 (Blue). arm right: 2. right instrument: Tool #0 (Green). do a prostatectomy,12434,current_public_raw_rows_not_exact_training_probability,0.19202611555171503,0.3454759200096645,0.00034050618158109664,2.2589315926301765e-05,2.3454920204011564e-05
cmr_versius:03,cmr_versius,cmr-surgical-60hz/prostatectomy,cmr_surgical/prostatectomy,CMR_STATE_PROMPT,1.6,19.2,arm left: -1. left instrument: Tool #3 (None). arm right: 2. right instrument: Tool #9 (Blue). do a prostatectomy,42296,current_public_raw_rows_not_exact_training_probability,0.19202611555171503,0.3454759200096645,0.001158279673166645,7.684073559746337e-05,7.978521030632727e-05
cmr_versius:03,cmr_versius,cmr-surgical-60hz/prostatectomy,cmr_surgical/prostatectomy,CMR_STATE_PROMPT,1.6,19.2,arm left: 1. left instrument: Tool #18 (Green). arm right: 2. right instrument: Tool #9 (Blue). do a prostatectomy,335020,current_public_raw_rows_not_exact_training_probability,0.19202611555171503,0.3454759200096645,0.009174552111412177,0.0006086434471312223,0.0006319661707212445
cmr_versius:03,cmr_versius,cmr-surgical-60hz/prostatectomy,cmr_surgical/prostatectomy,CMR_STATE_PROMPT,1.6,19.2,arm left: 3. left instrument: Tool #0 (Orange). arm right: 2. right instrument: Tool #9 (Blue). do a prostatectomy,37480,current_public_raw_rows_not_exact_training_probability,0.19202611555171503,0.3454759200096645,0.0010263930903699134,6.809132708040777e-05,7.07005315462726e-05
cmr_versius:03,cmr_versius,cmr-surgical-60hz/prostatectomy,cmr_surgical/prostatectomy,CMR_STATE_PROMPT,1.6,19.2,arm left: 1. left instrument: Tool #18 (Green). arm right: -1. right instrument: Tool #3 (None). do a prostatectomy,49107,current_public_raw_rows_not_exact_training_probability,0.19202611555171503,0.3454759200096645,0.0013447995061044646,8.921453572405507e-05,9.26331644248348e-05
cmr_versius:03,cmr_versius,cmr-surgical-60hz/prostatectomy,cmr_surgical/prostatectomy,CMR_STATE_PROMPT,1.6,19.2,arm left: -1. left instrument: Tool #3 (None). arm right: 2. right instrument: Tool #2 (Blue). do a prostatectomy,27842,current_public_raw_rows_not_exact_training_probability,0.19202611555171503,0.3454759200096645,0.0007624556142497099,5.058160962040323e-05,5.251985590478446e-05
cmr_versius:03,cmr_versius,cmr-surgical-60hz/prostatectomy,cmr_surgical/prostatectomy,CMR_STATE_PROMPT,1.6,19.2,arm left: 1. left instrument: Tool #2 (Green). arm right: 2. right instrument: Tool #2 (Blue). do a prostatectomy,211740,current_public_raw_rows_not_exact_training_probability,0.19202611555171503,0.3454759200096645,0.00579851848865863,0.0003846760297760283,0.00039941650345805117
cmr_versius:03,cmr_versius,cmr-surgical-60hz/prostatectomy,cmr_surgical/prostatectomy,CMR_STATE_PROMPT,1.6,19.2,arm left: 1. left instrument: Tool #2 (Green). arm right: -1. right instrument: Tool #3 (None). do a prostatectomy,25678,current_public_raw_rows_not_exact_training_probability,0.19202611555171503,0.3454759200096645,0.0007031942842721088,4.6650189348204666e-05,4.84377867941619e-05
cmr_versius:03,cmr_versius,cmr-surgical-60hz/prostatectomy,cmr_surgical/prostatectomy,CMR_STATE_PROMPT,1.6,19.2,arm left: 3. left instrument: Tool #0 (Orange). arm right: 2. right instrument: Tool #2 (Blue). do a prostatectomy,1568,current_public_raw_rows_not_exact_training_probability,0.19202611555171503,0.3454759200096645,4.2939817654749846e-05,2.8486446334599623e-06,2.957802386994542e-06
cmr_versius:03,cmr_versius,cmr-surgical-60hz/prostatectomy,cmr_surgical/prostatectomy,CMR_STATE_PROMPT,1.6,19.2,arm left: 3. left instrument: Tool #0 (Orange). arm right: -1. right instrument: Tool #3 (None). do a prostatectomy,5220,current_public_raw_rows_not_exact_training_probability,0.19202611555171503,0.3454759200096645,0.00014295015826389936,9.483370527207273e-06,9.846765599560913e-06
cmr_versius:03,cmr_versius,cmr-surgical-60hz/prostatectomy,cmr_surgical/prostatectomy,CMR_STATE_PROMPT,1.6,19.2,arm left: -1. left instrument: Tool #3 (None). arm right: 1. right instrument: Tool #9 (Blue). do a prostatectomy,49734,current_public_raw_rows_not_exact_training_probability,0.19202611555171503,0.3454759200096645,0.0013619699561488066,9.035363022990928e-05,9.381590810891999e-05
cmr_versius:03,cmr_versius,cmr-surgical-60hz/prostatectomy,cmr_surgical/prostatectomy,CMR_STATE_PROMPT,1.6,19.2,arm left: 2. left instrument: Tool #18 (Green). arm right: 1. right instrument: Tool #9 (Blue). do a prostatectomy,912744,current_public_raw_rows_not_exact_training_probability,0.19202611555171503,0.3454759200096645,0.024995574569813134,0.0016582163885987117,0.00172175789662943
cmr_versius:03,cmr_versius,cmr-surgical-60hz/prostatectomy,cmr_surgical/prostatectomy,CMR_STATE_PROMPT,1.6,19.2,arm left: 3. left instrument: Tool #0 (Pink). arm right: 1. right instrument: Tool #9 (Blue). do a prostatectomy,17771,current_public_raw_rows_not_exact_training_probability,0.19202611555171503,0.3454759200096645,0.00048666039511642827,3.22852447584292e-05,3.3522389170459186e-05
cmr_versius:03,cmr_versius,cmr-surgical-60hz/prostatectomy,cmr_surgical/prostatectomy,CMR_STATE_PROMPT,1.6,19.2,arm left: 2. left instrument: Tool #18 (Green). arm right: -1. right instrument: Tool #3 (None). do a prostatectomy,48448,current_public_raw_rows_not_exact_training_probability,0.19202611555171503,0.3454759200096645,0.001326752733250842,8.801730561343638e-05,9.139005742672931e-05
cmr_versius:03,cmr_versius,cmr-surgical-60hz/prostatectomy,cmr_surgical/prostatectomy,CMR_STATE_PROMPT,1.6,19.2,arm left: -1. left instrument: Tool #3 (None). arm right: 1. right instrument: Tool #2 (Blue). do a prostatectomy,37562,current_public_raw_rows_not_exact_training_probability,0.19202611555171503,0.3454759200096645,0.0010286386675686949,6.824029956761678e-05,7.085521253844961e-05
cmr_versius:03,cmr_versius,cmr-surgical-60hz/prostatectomy,cmr_surgical/prostatectomy,CMR_STATE_PROMPT,1.6,19.2,arm left: 2. left instrument: Tool #2 (Green). arm right: 1. right instrument: Tool #2 (Blue). do a prostatectomy,246642,current_public_raw_rows_not_exact_training_probability,0.19202611555171503,0.3454759200096645,0.006754312822705875,0.00044808380719759696,0.00046525401551856366
cmr_versius:03,cmr_versius,cmr-surgical-60hz/prostatectomy,cmr_surgical/prostatectomy,CMR_STATE_PROMPT,1.6,19.2,arm left: 3. left instrument: Tool #0 (Pink). arm right: 1. right instrument: Tool #2 (Blue). do a prostatectomy,6031,current_public_raw_rows_not_exact_training_probability,0.19202611555171503,0.3454759200096645,0.0001651594644616048,1.0956744760457291e-05,1.1376598339262808e-05
cmr_versius:03,cmr_versius,cmr-surgical-60hz/prostatectomy,cmr_surgical/prostatectomy,CMR_STATE_PROMPT,1.6,19.2,arm left: 0. left instrument: Tool #14 (White). arm right: 1. right instrument: Tool #2 (Blue). do a prostatectomy,1210,current_public_raw_rows_not_exact_training_probability,0.19202611555171503,0.3454759200096645,3.313595622592303e-05,2.1982525551572412e-06,2.2824878113924716e-06
cmr_versius:03,cmr_versius,cmr-surgical-60hz/prostatectomy,cmr_surgical/prostatectomy,CMR_STATE_PROMPT,1.6,19.2,arm left: 0. left instrument: Tool #14 (White). arm right: -1. right instrument: Tool #3 (None). do a prostatectomy,8342,current_public_raw_rows_not_exact_training_probability,0.19202611555171503,0.3454759200096645,0.00022844640234433877,1.5155225467042732e-05,1.5735961423666114e-05
cmr_versius:03,cmr_versius,cmr-surgical-60hz/prostatectomy,cmr_surgical/prostatectomy,CMR_STATE_PROMPT,1.6,19.2,arm left: 1. left instrument: Tool #18 (Green). arm right: 0. right instrument: Tool #14 (White). do a prostatectomy,3911,current_public_raw_rows_not_exact_training_probability,0.19202611555171503,0.3454759200096645,0.00010710307834676444,7.105260944809893e-06,7.377528785418147e-06
cmr_versius:03,cmr_versius,cmr-surgical-60hz/prostatectomy,cmr_surgical/prostatectomy,CMR_STATE_PROMPT,1.6,19.2,arm left: 1. left instrument: Tool #18 (Green). arm right: 3. right instrument: Tool #9 (Pink). do a prostatectomy,403858,current_public_raw_rows_not_exact_training_probability,0.19202611555171503,0.3454759200096645,0.011059686784701508,0.0007337040334055315,0.0007618189773002818
cmr_versius:03,cmr_versius,cmr-surgical-60hz/prostatectomy,cmr_surgical/prostatectomy,CMR_STATE_PROMPT,1.6,19.2,arm left: 1. left instrument: Tool #18 (Green). arm right: 2. right instrument: Tool #0 (Orange). do a prostatectomy,40898,current_public_raw_rows_not_exact_training_probability,0.19202611555171503,0.3454759200096645,0.0011199953204361983,7.430093636431476e-05,7.714808802506555e-05
cmr_versius:03,cmr_versius,cmr-surgical-60hz/prostatectomy,cmr_surgical/prostatectomy,CMR_STATE_PROMPT,1.6,19.2,arm left: -1. left instrument: Tool #3 (None). arm right: 3. right instrument: Tool #9 (Pink). do a prostatectomy,35890,current_public_raw_rows_not_exact_training_probability,0.19202611555171503,0.3454759200096645,0.0009828508007837832,6.520271421867223e-05,6.770122938088911e-05
cmr_versius:03,cmr_versius,cmr-surgical-60hz/prostatectomy,cmr_surgical/prostatectomy,CMR_STATE_PROMPT,1.6,19.2,arm left: -1. left instrument: Tool #3 (None). arm right: 3. right instrument: Tool #2 (Pink). do a prostatectomy,32148,current_public_raw_rows_not_exact_training_probability,0.19202611555171503,0.3454759200096645,0.0008803758022735319,5.8404481936524784e-05,6.064249434764064e-05
cmr_versius:03,cmr_versius,cmr-surgical-60hz/prostatectomy,cmr_surgical/prostatectomy,CMR_STATE_PROMPT,1.6,19.2,arm left: 1. left instrument: Tool #2 (Green). arm right: 3. right instrument: Tool #2 (Pink). do a prostatectomy,297441,current_public_raw_rows_not_exact_training_probability,0.19202611555171503,0.3454759200096645,0.008145447897351051,0.0005403722630235744,0.0005610788901722216
cmr_versius:03,cmr_versius,cmr-surgical-60hz/prostatectomy,cmr_surgical/prostatectomy,CMR_STATE_PROMPT,1.6,19.2,arm left: 1. left instrument: Tool #2 (Green). arm right: 2. right instrument: Tool #0 (Orange). do a prostatectomy,5865,current_public_raw_rows_not_exact_training_probability,0.19202611555171503,0.3454759200096645,0.00016061353988846164,1.0655166310741505e-05,1.106346364778252e-05
cmr_versius:03,cmr_versius,cmr-surgical-60hz/prostatectomy,cmr_surgical/prostatectomy,CMR_STATE_PROMPT,1.6,19.2,arm left: 2. left instrument: Tool #18 (Blue). arm right: 3. right instrument: Tool #9 (Pink). do a prostatectomy,140591,current_public_raw_rows_not_exact_training_probability,0.19202611555171503,0.3454759200096645,0.003850096877486566,0.00025541696279513367,0.00026520433379461077
cmr_versius:03,cmr_versius,cmr-surgical-60hz/prostatectomy,cmr_surgical/prostatectomy,CMR_STATE_PROMPT,1.6,19.2,arm left: 2. left instrument: Tool #18 (Blue). arm right: 1. right instrument: Tool #0 (Green). do a prostatectomy,10347,current_public_raw_rows_not_exact_training_probability,0.19202611555171503,0.3454759200096645,0.00028335350336332695,1.879778445306775e-05,1.9518100317750338e-05
cmr_versius:03,cmr_versius,cmr-surgical-60hz/prostatectomy,cmr_surgical/prostatectomy,CMR_STATE_PROMPT,1.6,19.2,arm left: -1. left instrument: Tool #3 (None). arm right: 1. right instrument: Tool #0 (Green). do a prostatectomy,4889,current_public_raw_rows_not_exact_training_probability,0.19202611555171503,0.3454759200096645,0.00013388569420540305,8.882030365424589e-06,9.222382570163466e-06
cmr_versius:03,cmr_versius,cmr-surgical-60hz/prostatectomy,cmr_surgical/prostatectomy,CMR_STATE_PROMPT,1.6,19.2,arm left: 2. left instrument: Tool #2 (Blue). arm right: 3. right instrument: Tool #2 (Pink). do a prostatectomy,103543,current_public_raw_rows_not_exact_training_probability,0.19202611555171503,0.3454759200096645,0.002835534145041941,0.00018811046637904648,0.00019531870698761216
cmr_versius:03,cmr_versius,cmr-surgical-60hz/prostatectomy,cmr_surgical/prostatectomy,CMR_STATE_PROMPT,1.6,19.2,arm left: 2. left instrument: Tool #2 (Blue). arm right: -1. right instrument: Tool #3 (None). do a prostatectomy,27230,current_public_raw_rows_not_exact_training_probability,0.19202611555171503,0.3454759200096645,0.0007456959405222183,4.946976617928238e-05,5.1365407524146285e-05
cmr_versius:03,cmr_versius,cmr-surgical-60hz/prostatectomy,cmr_surgical/prostatectomy,CMR_STATE_PROMPT,1.6,19.2,arm left: 2. left instrument: Tool #2 (Blue). arm right: 1. right instrument: Tool #0 (Green). do a prostatectomy,3970,current_public_raw_rows_not_exact_training_probability,0.19202611555171503,0.3454759200096645,0.00010871879852637557,7.2124484660944205e-06,7.488823645643069e-06
cmr_versius:03,cmr_versius,cmr-surgical-60hz/prostatectomy,cmr_surgical/prostatectomy,CMR_STATE_PROMPT,1.6,19.2,arm left: -1. left instrument: Tool #3 (None). arm right: 2. right instrument: Tool #9 (Orange). do a prostatectomy,28915,current_public_raw_rows_not_exact_training_probability,0.19202611555171503,0.3454759200096645,0.0007918398134484003,5.25309691176625e-05,5.4543913278027533e-05
cmr_versius:03,cmr_versius,cmr-surgical-60hz/prostatectomy,cmr_surgical/prostatectomy,CMR_STATE_PROMPT,1.6,19.2,arm left: 3. left instrument: Tool #0 (Blue). arm right: 2. right instrument: Tool #9 (Orange). do a prostatectomy,66264,current_public_raw_rows_not_exact_training_probability,0.19202611555171503,0.3454759200096645,0.0018146454573178213,0.00012038430356606565,0.00012499733250752955
cmr_versius:03,cmr_versius,cmr-surgical-60hz/prostatectomy,cmr_surgical/prostatectomy,CMR_STATE_PROMPT,1.6,19.2,arm left: 1. left instrument: Tool #18 (Green). arm right: 2. right instrument: Tool #9 (Orange). do a prostatectomy,349515,current_public_raw_rows_not_exact_training_probability,0.19202611555171503,0.3454759200096645,0.009571498958928502,0.0006349770593518869,0.0006593088656188758
cmr_versius:03,cmr_versius,cmr-surgical-60hz/prostatectomy,cmr_surgical/prostatectomy,CMR_STATE_PROMPT,1.6,19.2,arm left: 1. left instrument: Tool #18 (Green). arm right: 3. right instrument: Tool #0 (Blue). do a prostatectomy,1297,current_public_raw_rows_not_exact_training_probability,0.19202611555171503,0.3454759200096645,3.551845886365469e-05,2.356308730610696e-06,2.4466005713851536e-06
cmr_versius:03,cmr_versius,cmr-surgical-60hz/prostatectomy,cmr_surgical/prostatectomy,CMR_STATE_PROMPT,1.6,19.2,arm left: -1. left instrument: Tool #3 (None). arm right: 2. right instrument: Tool #2 (Orange). do a prostatectomy,23180,current_public_raw_rows_not_exact_training_probability,0.19202611555171503,0.3454759200096645,0.0006347863349726412,4.211197870127674e-05,4.3725675593452485e-05
cmr_versius:03,cmr_versius,cmr-surgical-60hz/prostatectomy,cmr_surgical/prostatectomy,CMR_STATE_PROMPT,1.6,19.2,arm left: 1. left instrument: Tool #2 (Green). arm right: 2. right instrument: Tool #2 (Orange). do a prostatectomy,57134,current_public_raw_rows_not_exact_training_probability,0.19202611555171503,0.3454759200096645,0.0015646196057949476,0.00010379748883169738,0.00010777492447611362
cmr_versius:03,cmr_versius,cmr-surgical-60hz/prostatectomy,cmr_surgical/prostatectomy,CMR_STATE_PROMPT,1.6,19.2,arm left: 3. left instrument: Tool #0 (Blue). arm right: 2. right instrument: Tool #2 (Orange). do a prostatectomy,594,current_public_raw_rows_not_exact_training_probability,0.19202611555171503,0.3454759200096645,1.6266742147271307e-05,1.0791421634408276e-06,1.120494016501759e-06
cmr_versius:03,cmr_versius,cmr-surgical-60hz/prostatectomy,cmr_surgical/prostatectomy,CMR_STATE_PROMPT,1.6,19.2,arm left: 3. left instrument: Tool #0 (Blue). arm right: -1. right instrument: Tool #3 (None). do a prostatectomy,2543,current_public_raw_rows_not_exact_training_probability,0.19202611555171503,0.3454759200096645,6.964027825001841e-05,4.619963841127988e-06,4.79699711105046e-06
cmr_versius:03,cmr_versius,cmr-surgical-60hz/prostatectomy,cmr_surgical/prostatectomy,CMR_STATE_PROMPT,1.6,19.2,arm left: 3. left instrument: Tool #0 (Pink). arm right: 2. right instrument: Tool #9 (Blue). do a prostatectomy,32812,current_public_raw_rows_not_exact_training_probability,0.19202611555171503,0.3454759200096645,0.0008985595005661046,5.9610795735387935e-05,6.189503311356181e-05
cmr_versius:03,cmr_versius,cmr-surgical-60hz/prostatectomy,cmr_surgical/prostatectomy,CMR_STATE_PROMPT,1.6,19.2,arm left: 3. left instrument: Tool #0 (Pink). arm right: -1. right instrument: Tool #3 (None). do a prostatectomy,12796,current_public_raw_rows_not_exact_training_probability,0.19202611555171503,0.3454759200096645,0.00035041958336108354,2.324697495520005e-05,2.4137780193866173e-05
cmr_versius:03,cmr_versius,cmr-surgical-60hz/prostatectomy,cmr_surgical/prostatectomy,CMR_STATE_PROMPT,1.6,19.2,arm left: 3. left instrument: Tool #0 (Pink). arm right: 0. right instrument: Tool #14 (White). do a prostatectomy,625,current_public_raw_rows_not_exact_training_probability,0.19202611555171503,0.3454759200096645,1.7115679868761896e-05,1.1354610305564264e-06,1.1789709769589216e-06
cmr_versius:03,cmr_versius,cmr-surgical-60hz/prostatectomy,cmr_surgical/prostatectomy,CMR_STATE_PROMPT,1.6,19.2,arm left: 3. left instrument: Tool #0 (Pink). arm right: 2. right instrument: Tool #2 (Blue). do a prostatectomy,553,current_public_raw_rows_not_exact_training_probability,0.19202611555171503,0.3454759200096645,1.5143953547880525e-05,1.004655919836326e-06,1.0431535204132536e-06
cmr_versius:03,cmr_versius,cmr-surgical-60hz/prostatectomy,cmr_surgical/prostatectomy,CMR_STATE_PROMPT,1.6,19.2,arm left: 1. left instrument: Tool #2 (Orange). arm right: 3. right instrument: Tool #2 (Pink). do a prostatectomy,332222,current_public_raw_rows_not_exact_training_probability,0.19202611555171503,0.3454759200096645,0.009097928635775703,0.0006035602151896272,0.0006266881534515948
cmr_versius:03,cmr_versius,cmr-surgical-60hz/prostatectomy,cmr_surgical/prostatectomy,CMR_STATE_PROMPT,1.6,19.2,arm left: 2. left instrument: Tool #0 (Blue). arm right: 3. right instrument: Tool #2 (Pink). do a prostatectomy,2507,current_public_raw_rows_not_exact_training_probability,0.19202611555171503,0.3454759200096645,6.865441508957772e-05,4.5545612857679375e-06,4.729088382777626e-06
cmr_versius:03,cmr_versius,cmr-surgical-60hz/prostatectomy,cmr_surgical/prostatectomy,CMR_STATE_PROMPT,1.6,19.2,arm left: 2. left instrument: Tool #0 (Blue). arm right: 3. right instrument: Tool #9 (Pink). do a prostatectomy,47527,current_public_raw_rows_not_exact_training_probability,0.19202611555171503,0.3454759200096645,0.0013015310673962345,8.634409023880844e-05,8.965272579508265e-05
cmr_versius:03,cmr_versius,cmr-surgical-60hz/prostatectomy,cmr_surgical/prostatectomy,CMR_STATE_PROMPT,1.6,19.2,arm left: 1. left instrument: Tool #18 (Orange). arm right: 3. right instrument: Tool #9 (Pink). do a prostatectomy,444819,current_public_raw_rows_not_exact_training_probability,0.19202611555171503,0.3454759200096645,0.012181407365668476,0.0008081194242417263,0.0008390859055998247
cmr_versius:03,cmr_versius,cmr-surgical-60hz/prostatectomy,cmr_surgical/prostatectomy,CMR_STATE_PROMPT,1.6,19.2,arm left: 1. left instrument: Tool #18 (Blue). arm right: 2. right instrument: Tool #9 (Orange). do a prostatectomy,223099,current_public_raw_rows_not_exact_training_probability,0.19202611555171503,0.3454759200096645,0.006109585700865457,0.0004053123527297731,0.00042084359358169346
cmr_versius:03,cmr_versius,cmr-surgical-60hz/prostatectomy,cmr_surgical/prostatectomy,CMR_STATE_PROMPT,1.6,19.2,arm left: 3. left instrument: Tool #0 (Green). arm right: 2. right instrument: Tool #9 (Orange). do a prostatectomy,25750,current_public_raw_rows_not_exact_training_probability,0.19202611555171503,0.3454759200096645,0.0007051660105929902,4.678099445892476e-05,4.857360425070756e-05
cmr_versius:03,cmr_versius,cmr-surgical-60hz/prostatectomy,cmr_surgical/prostatectomy,CMR_STATE_PROMPT,1.6,19.2,arm left: 3. left instrument: Tool #0 (Green). arm right: -1. right instrument: Tool #3 (None). do a prostatectomy,17574,current_public_raw_rows_not_exact_training_probability,0.19202611555171503,0.3454759200096645,0.0004812655328217945,3.192734744159782e-05,3.3150777518521734e-05
cmr_versius:03,cmr_versius,cmr-surgical-60hz/prostatectomy,cmr_surgical/prostatectomy,CMR_STATE_PROMPT,1.6,19.2,arm left: 1. left instrument: Tool #2 (Blue). arm right: -1. right instrument: Tool #3 (None). do a prostatectomy,19251,current_public_raw_rows_not_exact_training_probability,0.19202611555171503,0.3454759200096645,0.0005271903250456564,3.4974016478786815e-05,3.6314192443897906e-05
cmr_versius:03,cmr_versius,cmr-surgical-60hz/prostatectomy,cmr_surgical/prostatectomy,CMR_STATE_PROMPT,1.6,19.2,arm left: 1. left instrument: Tool #2 (Blue). arm right: 2. right instrument: Tool #2 (Orange). do a prostatectomy,48747,current_public_raw_rows_not_exact_training_probability,0.19202611555171503,0.3454759200096645,0.0013349408745000578,8.856051017045458e-05,9.195407714210646e-05
cmr_versius:03,cmr_versius,cmr-surgical-60hz/prostatectomy,cmr_surgical/prostatectomy,CMR_STATE_PROMPT,1.6,19.2,arm left: 3. left instrument: Tool #0 (Green). arm right: 2. right instrument: Tool #2 (Orange). do a prostatectomy,863,current_public_raw_rows_not_exact_training_probability,0.19202611555171503,0.3454759200096645,2.3633330762786425e-05,1.5678445909923133e-06,1.6279231249848786e-06
cmr_versius:03,cmr_versius,cmr-surgical-60hz/prostatectomy,cmr_surgical/prostatectomy,CMR_STATE_PROMPT,1.6,19.2,arm left: 1. left instrument: Tool #18 (Green). arm right: 3. right instrument: Tool #9 (Orange). do a prostatectomy,963420,current_public_raw_rows_not_exact_training_probability,0.19202611555171503,0.3454759200096645,0.026383341278660138,0.0017502813856938755,0.0018173507497948225
cmr_versius:03,cmr_versius,cmr-surgical-60hz/prostatectomy,cmr_surgical/prostatectomy,CMR_STATE_PROMPT,1.6,19.2,arm left: 2. left instrument: Tool #0 (Blue). arm right: 3. right instrument: Tool #9 (Orange). do a prostatectomy,121250,current_public_raw_rows_not_exact_training_probability,0.19202611555171503,0.3454759200096645,0.003320441894539808,0.00022027943992794673,0.00022872036953003078
cmr_versius:03,cmr_versius,cmr-surgical-60hz/prostatectomy,cmr_surgical/prostatectomy,CMR_STATE_PROMPT,1.6,19.2,arm left: 0. left instrument: Tool #14 (White). arm right: 0. right instrument: Tool #14 (White). do a prostatectomy,14350,current_public_raw_rows_not_exact_training_probability,0.19202611555171503,0.3454759200096645,0.00039297600978677313,2.6070185261575547e-05,2.7069173630976832e-05
cmr_versius:03,cmr_versius,cmr-surgical-60hz/prostatectomy,cmr_surgical/prostatectomy,CMR_STATE_PROMPT,1.6,19.2,arm left: 1. left instrument: Tool #2 (Green). arm right: 3. right instrument: Tool #2 (Orange). do a prostatectomy,261902,current_public_raw_rows_not_exact_training_probability,0.19202611555171503,0.3454759200096645,0.007172209262381565,0.00047580722371966266,0.0004940397708919926
cmr_versius:03,cmr_versius,cmr-surgical-60hz/prostatectomy,cmr_surgical/prostatectomy,CMR_STATE_PROMPT,1.6,19.2,arm left: 2. left instrument: Tool #0 (Blue). arm right: 3. right instrument: Tool #2 (Orange). do a prostatectomy,21636,current_public_raw_rows_not_exact_training_probability,0.19202611555171503,0.3454759200096645,0.0005925037594248519,3.9306935771390144e-05,4.081314569197316e-05
cmr_versius:03,cmr_versius,cmr-surgical-60hz/prostatectomy,cmr_surgical/prostatectomy,CMR_STATE_PROMPT,1.6,19.2,arm left: 2. left instrument: Tool #18 (Pink). arm right: 1. right instrument: Tool #9 (Green). do a prostatectomy,257753,current_public_raw_rows_not_exact_training_probability,0.19202611555171503,0.3454759200096645,0.007058588533140776,0.0004682695792144169,0.0004862132899585486
cmr_versius:03,cmr_versius,cmr-surgical-60hz/prostatectomy,cmr_surgical/prostatectomy,CMR_STATE_PROMPT,1.6,19.2,arm left: -1. left instrument: Tool #3 (None). arm right: 1. right instrument: Tool #9 (Green). do a prostatectomy,57176,current_public_raw_rows_not_exact_training_probability,0.19202611555171503,0.3454759200096645,0.0015657697794821282,0.00010387379181295076,0.00010785415132576526
cmr_versius:03,cmr_versius,cmr-surgical-60hz/prostatectomy,cmr_surgical/prostatectomy,CMR_STATE_PROMPT,1.6,19.2,arm left: 3. left instrument: Tool #0 (Orange). arm right: 1. right instrument: Tool #9 (Green). do a prostatectomy,132954,current_public_raw_rows_not_exact_training_probability,0.19202611555171503,0.3454759200096645,0.0036409569620341905,0.00024154253737055856,0.00025079825163295427
cmr_versius:03,cmr_versius,cmr-surgical-60hz/prostatectomy,cmr_surgical/prostatectomy,CMR_STATE_PROMPT,1.6,19.2,arm left: -1. left instrument: Tool #3 (None). arm right: 1. right instrument: Tool #2 (Green). do a prostatectomy,22405,current_public_raw_rows_not_exact_training_probability,0.19202611555171503,0.3454759200096645,0.0006135628919353765,4.070400702338677e-05,4.2263751582023415e-05
cmr_versius:03,cmr_versius,cmr-surgical-60hz/prostatectomy,cmr_surgical/prostatectomy,CMR_STATE_PROMPT,1.6,19.2,arm left: 2. left instrument: Tool #2 (Pink). arm right: 1. right instrument: Tool #2 (Green). do a prostatectomy,117608,current_public_raw_rows_not_exact_training_probability,0.19202611555171503,0.3454759200096645,0.0032207054048085586,0.0002136628814106883,0.00022185026985309573
cmr_versius:03,cmr_versius,cmr-surgical-60hz/prostatectomy,cmr_surgical/prostatectomy,CMR_STATE_PROMPT,1.6,19.2,arm left: 3. left instrument: Tool #0 (Orange). arm right: 1. right instrument: Tool #2 (Green). do a prostatectomy,1675,current_public_raw_rows_not_exact_training_probability,0.19202611555171503,0.3454759200096645,4.587002204828188e-05,3.0430355618912223e-06,3.1596422182499093e-06
cmr_versius:03,cmr_versius,cmr-surgical-60hz/prostatectomy,cmr_surgical/prostatectomy,CMR_STATE_PROMPT,1.6,19.2,arm left: 3. left instrument: Tool #18 (Orange). arm right: 1. right instrument: Tool #9 (Green). do a prostatectomy,95417,current_public_raw_rows_not_exact_training_probability,0.19202611555171503,0.3454759200096645,0.002613002921660246,0.00017334765624416404,0.00017999019793358303
cmr_versius:03,cmr_versius,cmr-surgical-60hz/prostatectomy,cmr_surgical/prostatectomy,CMR_STATE_PROMPT,1.6,19.2,arm left: 2. left instrument: Tool #0 (Pink). arm right: 1. right instrument: Tool #9 (Green). do a prostatectomy,17185,current_public_raw_rows_not_exact_training_probability,0.19202611555171503,0.3454759200096645,0.0004706127336714771,3.1220636496179496e-05,3.24169859824625e-05
cmr_versius:03,cmr_versius,cmr-surgical-60hz/prostatectomy,cmr_surgical/prostatectomy,CMR_STATE_PROMPT,1.6,19.2,arm left: 3. left instrument: Tool #18 (Orange). arm right: -1. right instrument: Tool #3 (None). do a prostatectomy,25483,current_public_raw_rows_not_exact_training_probability,0.19202611555171503,0.3454759200096645,0.000697854192153055,4.6295925506671053e-05,4.806994784935071e-05
cmr_versius:03,cmr_versius,cmr-surgical-60hz/prostatectomy,cmr_surgical/prostatectomy,CMR_STATE_PROMPT,1.6,19.2,arm left: 3. left instrument: Tool #2 (Orange). arm right: 1. right instrument: Tool #2 (Green). do a prostatectomy,72902,current_public_raw_rows_not_exact_training_probability,0.19202611555171503,0.3454759200096645,0.0019964276700679675,0.00013244380807939934,0.00013751894745961485
cmr_versius:03,cmr_versius,cmr-surgical-60hz/prostatectomy,cmr_surgical/prostatectomy,CMR_STATE_PROMPT,1.6,19.2,arm left: 3. left instrument: Tool #2 (Orange). arm right: -1. right instrument: Tool #3 (None). do a prostatectomy,8438,current_public_raw_rows_not_exact_training_probability,0.19202611555171503,0.3454759200096645,0.0002310753707721806,1.53296322813362e-05,1.5917051365727007e-05
cmr_versius:03,cmr_versius,cmr-surgical-60hz/prostatectomy,cmr_surgical/prostatectomy,CMR_STATE_PROMPT,1.6,19.2,arm left: 2. left instrument: Tool #0 (Pink). arm right: 1. right instrument: Tool #2 (Green). do a prostatectomy,65,current_public_raw_rows_not_exact_training_probability,0.19202611555171503,0.3454759200096645,1.7800307063512371e-06,1.1808794717786833e-07,1.2261298160372781e-07
cmr_versius:03,cmr_versius,cmr-surgical-60hz/prostatectomy,cmr_surgical/prostatectomy,CMR_STATE_PROMPT,1.6,19.2,arm left: 2. left instrument: Tool #1 (Orange). arm right: 1. right instrument: Tool #9 (Blue). do a prostatectomy,124282,current_public_raw_rows_not_exact_training_probability,0.19202611555171503,0.3454759200096645,0.0034034734807191457,0.00022578778847938204,0.00023443979353345387
cmr_versius:03,cmr_versius,cmr-surgical-60hz/prostatectomy,cmr_surgical/prostatectomy,CMR_STATE_PROMPT,1.6,19.2,arm left: 3. left instrument: Tool #13 (Green). arm right: 1. right instrument: Tool #9 (Blue). do a prostatectomy,21450,current_public_raw_rows_not_exact_training_probability,0.19202611555171503,0.3454759200096645,0.0005874101330959082,3.8969022568696544e-05,4.046228392923018e-05
cmr_versius:03,cmr_versius,cmr-surgical-60hz/prostatectomy,cmr_surgical/prostatectomy,CMR_STATE_PROMPT,1.6,19.2,arm left: 2. left instrument: Tool #1 (Orange). arm right: -1. right instrument: Tool #3 (None). do a prostatectomy,28606,current_public_raw_rows_not_exact_training_probability,0.19202611555171503,0.3454759200096645,0.0007833778213212845,5.196959718415541e-05,5.3961030027019046e-05
cmr_versius:03,cmr_versius,cmr-surgical-60hz/prostatectomy,cmr_surgical/prostatectomy,CMR_STATE_PROMPT,1.6,19.2,arm left: 3. left instrument: Tool #13 (Green). arm right: -1. right instrument: Tool #3 (None). do a prostatectomy,8771,current_public_raw_rows_not_exact_training_probability,0.19202611555171503,0.3454759200096645,0.00024019460500625695,1.5934605918416664e-05,1.654520710225072e-05
cmr_versius:03,cmr_versius,cmr-surgical-60hz/prostatectomy,cmr_surgical/prostatectomy,CMR_STATE_PROMPT,1.6,19.2,arm left: 3. left instrument: Tool #13 (Green). arm right: 0. right instrument: Tool #14 (White). do a prostatectomy,1277,current_public_raw_rows_not_exact_training_probability,0.19202611555171503,0.3454759200096645,3.497075710785431e-05,2.3199739776328905e-06,2.4088735001224686e-06
cmr_versius:03,cmr_versius,cmr-surgical-60hz/prostatectomy,cmr_surgical/prostatectomy,CMR_STATE_PROMPT,1.6,19.2,arm left: 2. left instrument: Tool #1 (Orange). arm right: 0. right instrument: Tool #14 (White). do a prostatectomy,479,current_public_raw_rows_not_exact_training_probability,0.19202611555171503,0.3454759200096645,1.3117457051419116e-05,8.702173338184451e-07,9.035633567413173e-07
cmr_versius:03,cmr_versius,cmr-surgical-60hz/prostatectomy,cmr_surgical/prostatectomy,CMR_STATE_PROMPT,1.6,19.2,arm left: 3. left instrument: Tool #13 (Green). arm right: 1. right instrument: Tool #2 (Blue). do a prostatectomy,11714,current_public_raw_rows_not_exact_training_probability,0.19202611555171503,0.3454759200096645,0.00032078891837228297,2.1281264819100766e-05,2.209674563855489e-05
cmr_versius:03,cmr_versius,cmr-surgical-60hz/prostatectomy,cmr_surgical/prostatectomy,CMR_STATE_PROMPT,1.6,19.2,arm left: 2. left instrument: Tool #1 (Orange). arm right: 1. right instrument: Tool #2 (Blue). do a prostatectomy,1174,current_public_raw_rows_not_exact_training_probability,0.19202611555171503,0.3454759200096645,3.2150093065482345e-05,2.132849999797191e-06,2.214579083119638e-06
cmr_versius:03,cmr_versius,cmr-surgical-60hz/prostatectomy,cmr_surgical/prostatectomy,CMR_STATE_PROMPT,1.6,19.2,arm left: 2. left instrument: Tool #2 (Orange). arm right: -1. right instrument: Tool #3 (None). do a prostatectomy,32367,current_public_raw_rows_not_exact_training_probability,0.19202611555171503,0.3454759200096645,0.000886373136499546,5.8802347481631756e-05,6.105560577796705e-05
cmr_versius:03,cmr_versius,cmr-surgical-60hz/prostatectomy,cmr_surgical/prostatectomy,CMR_STATE_PROMPT,1.6,19.2,arm left: 2. left instrument: Tool #2 (Orange). arm right: 1. right instrument: Tool #2 (Blue). do a prostatectomy,175329,current_public_raw_rows_not_exact_training_probability,0.19202611555171503,0.3454759200096645,0.004801400057136247,0.00031852679524228426,0.00033073248387076917
cmr_versius:03,cmr_versius,cmr-surgical-60hz/prostatectomy,cmr_surgical/prostatectomy,CMR_STATE_PROMPT,1.6,19.2,arm left: 2. left instrument: Tool #2 (Orange). arm right: 0. right instrument: Tool #14 (White). do a prostatectomy,313,current_public_raw_rows_not_exact_training_probability,0.19202611555171503,0.3454759200096645,8.571532478275958e-06,5.686388841026583e-07,5.904286652610279e-07
cmr_versius:03,cmr_versius,cmr-surgical-60hz/prostatectomy,cmr_surgical/prostatectomy,CMR_STATE_PROMPT,1.6,19.2,arm left: -1. left instrument: Tool #3 (None). arm right: 1. right instrument: Tool #9 (Orange). do a prostatectomy,86609,current_public_raw_rows_not_exact_training_probability,0.19202611555171503,0.3454759200096645,0.0023717950684057584,0.00015734583103273843,0.00016337519574949634
cmr_versius:03,cmr_versius,cmr-surgical-60hz/prostatectomy,cmr_surgical/prostatectomy,CMR_STATE_PROMPT,1.6,19.2,arm left: 2. left instrument: Tool #0 (Green). arm right: 1. right instrument: Tool #9 (Orange). do a prostatectomy,152915,current_public_raw_rows_not_exact_training_probability,0.19202611555171503,0.3454759200096645,0.004187590699410761,0.0002778064375800575,0.00028845175510667755
cmr_versius:03,cmr_versius,cmr-surgical-60hz/prostatectomy,cmr_surgical/prostatectomy,CMR_STATE_PROMPT,1.6,19.2,arm left: 3. left instrument: Tool #18 (Blue). arm right: 1. right instrument: Tool #9 (Orange). do a prostatectomy,1186849,current_public_raw_rows_not_exact_training_probability,0.19202611555171503,0.3454759200096645,0.0325019640584963,0.0021561932618477824,0.0022388168400523504
cmr_versius:03,cmr_versius,cmr-surgical-60hz/prostatectomy,cmr_surgical/prostatectomy,CMR_STATE_PROMPT,1.6,19.2,arm left: -1. left instrument: Tool #3 (None). arm right: 1. right instrument: Tool #2 (Orange). do a prostatectomy,36598,current_public_raw_rows_not_exact_training_probability,0.19202611555171503,0.3454759200096645,0.0010022394429391166,6.648896447408655e-05,6.903676770358818e-05
cmr_versius:03,cmr_versius,cmr-surgical-60hz/prostatectomy,cmr_surgical/prostatectomy,CMR_STATE_PROMPT,1.6,19.2,arm left: 3. left instrument: Tool #2 (Blue). arm right: 1. right instrument: Tool #2 (Orange). do a prostatectomy,247104,current_public_raw_rows_not_exact_training_probability,0.19202611555171503,0.3454759200096645,0.006766964733264863,0.00044892313999138426,0.0004661255108647317
cmr_versius:03,cmr_versius,cmr-surgical-60hz/prostatectomy,cmr_surgical/prostatectomy,CMR_STATE_PROMPT,1.6,19.2,arm left: 2. left instrument: Tool #0 (Green). arm right: 1. right instrument: Tool #2 (Orange). do a prostatectomy,1902,current_public_raw_rows_not_exact_training_probability,0.19202611555171503,0.3454759200096645,5.20864369766162e-05,3.4554350081893164e-06,3.5878444770813893e-06
cmr_versius:03,cmr_versius,cmr-surgical-60hz/prostatectomy,cmr_surgical/prostatectomy,CMR_STATE_PROMPT,1.6,19.2,arm left: 1. left instrument: Tool #1 (Orange). arm right: -1. right instrument: Tool #3 (None). do a prostatectomy,17214,current_public_raw_rows_not_exact_training_probability,0.19202611555171503,0.3454759200096645,0.00047140690121738767,3.127332188799732e-05,3.24716902357934e-05
cmr_versius:03,cmr_versius,cmr-surgical-60hz/prostatectomy,cmr_surgical/prostatectomy,CMR_STATE_PROMPT,1.6,19.2,arm left: 1. left instrument: Tool #1 (Orange). arm right: 3. right instrument: Tool #9 (Green). do a prostatectomy,109967,current_public_raw_rows_not_exact_training_probability,0.19202611555171503,0.3454759200096645,0.003011455949005023,0.00019978118903551766,0.00020743664227718673
cmr_versius:03,cmr_versius,cmr-surgical-60hz/prostatectomy,cmr_surgical/prostatectomy,CMR_STATE_PROMPT,1.6,19.2,arm left: 2. left instrument: Tool #13 (Blue). arm right: 3. right instrument: Tool #9 (Green). do a prostatectomy,15567,current_public_raw_rows_not_exact_training_probability,0.19202611555171503,0.3454759200096645,0.0004263036616272263,2.828115498027502e-05,2.936486591731125e-05
cmr_versius:03,cmr_versius,cmr-surgical-60hz/prostatectomy,cmr_surgical/prostatectomy,CMR_STATE_PROMPT,1.6,19.2,arm left: 2. left instrument: Tool #13 (Blue). arm right: 3. right instrument: Tool #2 (Green). do a prostatectomy,1325,current_public_raw_rows_not_exact_training_probability,0.19202611555171503,0.3454759200096645,3.628524132177522e-05,2.4071773847796237e-06,2.499418471152913e-06
cmr_versius:03,cmr_versius,cmr-surgical-60hz/prostatectomy,cmr_surgical/prostatectomy,CMR_STATE_PROMPT,1.6,19.2,arm left: 0. left instrument: Tool #14 (White). arm right: 3. right instrument: Tool #2 (Green). do a prostatectomy,5137,current_public_raw_rows_not_exact_training_probability,0.19202611555171503,0.3454759200096645,0.00014067719597732779,9.33258130234938e-06,9.690198253820768e-06
cmr_versius:03,cmr_versius,cmr-surgical-60hz/prostatectomy,cmr_surgical/prostatectomy,CMR_STATE_PROMPT,1.6,19.2,arm left: 2. left instrument: Tool #2 (Blue). arm right: 3. right instrument: Tool #2 (Green). do a prostatectomy,298058,current_public_raw_rows_not_exact_training_probability,0.19202611555171503,0.3454759200096645,0.008162344496517494,0.0005414931901529397,0.0005622427703206755
cmr_versius:03,cmr_versius,cmr-surgical-60hz/prostatectomy,cmr_surgical/prostatectomy,CMR_STATE_PROMPT,1.6,19.2,arm left: 2. left instrument: Tool #18 (Blue). arm right: 1. right instrument: Tool #9 (Green). do a prostatectomy,333341,current_public_raw_rows_not_exact_training_probability,0.19202611555171503,0.3454759200096645,0.009128572549012734,0.0006055931446187355,0.0006287989830887421
cmr_versius:03,cmr_versius,cmr-surgical-60hz/prostatectomy,cmr_surgical/prostatectomy,CMR_STATE_PROMPT,1.6,19.2,arm left: 2. left instrument: Tool #2 (Blue). arm right: 1. right instrument: Tool #2 (Green). do a prostatectomy,47604,current_public_raw_rows_not_exact_training_probability,0.19202611555171503,0.3454759200096645,0.0013036397191560662,8.648397903777299e-05,8.979797501944399e-05
cmr_versius:03,cmr_versius,cmr-surgical-60hz/prostatectomy,cmr_surgical/prostatectomy,CMR_STATE_PROMPT,1.6,19.2,arm left: 2. left instrument: Tool #18 (Green). arm right: 3. right instrument: Tool #9 (Orange). do a prostatectomy,529037,current_public_raw_rows_not_exact_training_probability,0.19202611555171503,0.3454759200096645,0.0144877246891683,0.0009611214355559681,0.000997950829979867
cmr_versius:03,cmr_versius,cmr-surgical-60hz/prostatectomy,cmr_surgical/prostatectomy,CMR_STATE_PROMPT,1.6,19.2,arm left: 1. left instrument: Tool #0 (Blue). arm right: 3. right instrument: Tool #9 (Orange). do a prostatectomy,41819,current_public_raw_rows_not_exact_training_probability,0.19202611555171503,0.3454759200096645,0.0011452169862908059,7.59741517389427e-05,7.888541965671221e-05
cmr_versius:03,cmr_versius,cmr-surgical-60hz/prostatectomy,cmr_surgical/prostatectomy,CMR_STATE_PROMPT,1.6,19.2,arm left: 1. left instrument: Tool #0 (Blue). arm right: -1. right instrument: Tool #3 (None). do a prostatectomy,7629,current_public_raw_rows_not_exact_training_probability,0.19202611555171503,0.3454759200096645,0.0002089208347500552,1.3859891523383962e-05,1.4390991333151377e-05
cmr_versius:03,cmr_versius,cmr-surgical-60hz/prostatectomy,cmr_surgical/prostatectomy,CMR_STATE_PROMPT,1.6,19.2,arm left: 1. left instrument: Tool #0 (Blue). arm right: 2. right instrument: Tool #18 (Green). do a prostatectomy,862,current_public_raw_rows_not_exact_training_probability,0.19202611555171503,0.3454759200096645,2.3605945674996405e-05,1.566027853343423e-06,1.6260367714217441e-06
cmr_versius:03,cmr_versius,cmr-surgical-60hz/prostatectomy,cmr_surgical/prostatectomy,CMR_STATE_PROMPT,1.6,19.2,arm left: 1. left instrument: Tool #0 (Blue). arm right: 3. right instrument: Tool #2 (Orange). do a prostatectomy,22166,current_public_raw_rows_not_exact_training_probability,0.19202611555171503,0.3454759200096645,0.0006070178559535619,4.026980672530199e-05,4.181291308043432e-05
cmr_versius:03,cmr_versius,cmr-surgical-60hz/prostatectomy,cmr_surgical/prostatectomy,CMR_STATE_PROMPT,1.6,19.2,arm left: 1. left instrument: Tool #0 (Blue). arm right: 0. right instrument: Tool #14 (White). do a prostatectomy,2458,current_public_raw_rows_not_exact_training_probability,0.19202611555171503,0.3454759200096645,6.731254578786679e-05,4.465541140972314e-06,4.636657058184047e-06
cmr_versius:03,cmr_versius,cmr-surgical-60hz/prostatectomy,cmr_surgical/prostatectomy,CMR_STATE_PROMPT,1.6,19.2,arm left: 2. left instrument: Tool #18 (Green). arm right: 0. right instrument: Tool #14 (White). do a prostatectomy,1564,current_public_raw_rows_not_exact_training_probability,0.19202611555171503,0.3454759200096645,4.283027730358977e-05,2.841377682864401e-06,2.950256972742005e-06
cmr_versius:03,cmr_versius,cmr-surgical-60hz/prostatectomy,cmr_surgical/prostatectomy,CMR_STATE_PROMPT,1.6,19.2,arm left: 1. left instrument: Tool #18 (Blue). arm right: 3. right instrument: Tool #2 (Green). do a prostatectomy,23914,current_public_raw_rows_not_exact_training_probability,0.19202611555171503,0.3454759200096645,0.0006548869894105151,4.3445464135562206e-05,4.5110259108793036e-05
cmr_versius:03,cmr_versius,cmr-surgical-60hz/prostatectomy,cmr_surgical/prostatectomy,CMR_STATE_PROMPT,1.6,19.2,arm left: 2. left instrument: Tool #0 (Orange). arm right: 3. right instrument: Tool #2 (Green). do a prostatectomy,18274,current_public_raw_rows_not_exact_training_probability,0.19202611555171503,0.3454759200096645,0.0005004350942748078,3.3199063795821014e-05,3.4471225012715724e-05
cmr_versius:03,cmr_versius,cmr-surgical-60hz/prostatectomy,cmr_surgical/prostatectomy,CMR_STATE_PROMPT,1.6,19.2,arm left: 1. left instrument: Tool #2 (Blue). arm right: 3. right instrument: Tool #2 (Green). do a prostatectomy,409814,current_public_raw_rows_not_exact_training_probability,0.19202611555171503,0.3454759200096645,0.01122279236757886,0.000744524522842322,0.0007730540991223094
cmr_versius:03,cmr_versius,cmr-surgical-60hz/prostatectomy,cmr_surgical/prostatectomy,CMR_STATE_PROMPT,1.6,19.2,arm left: 2. left instrument: Tool #0 (Orange). arm right: 3. right instrument: Tool #9 (Green). do a prostatectomy,58819,current_public_raw_rows_not_exact_training_probability,0.19202611555171503,0.3454759200096645,0.0016107634787211294,0.0001068586917700775,0.00011095343022999488
cmr_versius:03,cmr_versius,cmr-surgical-60hz/prostatectomy,cmr_surgical/prostatectomy,CMR_STATE_PROMPT,1.6,19.2,arm left: 1. left instrument: Tool #18 (Blue). arm right: 3. right instrument: Tool #9 (Green). do a prostatectomy,673648,current_public_raw_rows_not_exact_training_probability,0.19202611555171503,0.3454759200096645,0.01844790961957074,0.0012238416836996406,0.0012707383050982774
cmr_versius:03,cmr_versius,cmr-surgical-60hz/prostatectomy,cmr_surgical/prostatectomy,CMR_STATE_PROMPT,1.6,19.2,arm left: 3. left instrument: Tool #18 (Green). arm right: 1. right instrument: Tool #0 (Blue). do a prostatectomy,31154,current_public_raw_rows_not_exact_training_probability,0.19202611555171503,0.3454759200096645,0.000853155025010253,5.659864471352785e-05,5.876745890588518e-05
cmr_versius:03,cmr_versius,cmr-surgical-60hz/prostatectomy,cmr_surgical/prostatectomy,CMR_STATE_PROMPT,1.6,19.2,arm left: 3. left instrument: Tool #18 (Green). arm right: -1. right instrument: Tool #3 (None). do a prostatectomy,24378,current_public_raw_rows_not_exact_training_probability,0.19202611555171503,0.3454759200096645,0.000667593670145084,4.42884304046473e-05,4.598552716208734e-05
cmr_versius:03,cmr_versius,cmr-surgical-60hz/prostatectomy,cmr_surgical/prostatectomy,CMR_STATE_PROMPT,1.6,19.2,arm left: 3. left instrument: Tool #18 (Green). arm right: 2. right instrument: Tool #9 (Orange). do a prostatectomy,274328,current_public_raw_rows_not_exact_training_probability,0.19202611555171503,0.3454759200096645,0.0075124963632603415,0.0004983820057447733,0.0005174796002674992
cmr_versius:03,cmr_versius,cmr-surgical-60hz/prostatectomy,cmr_surgical/prostatectomy,CMR_STATE_PROMPT,1.6,19.2,arm left: 3. left instrument: Tool #2 (Green). arm right: 2. right instrument: Tool #2 (Orange). do a prostatectomy,235814,current_public_raw_rows_not_exact_training_probability,0.19202611555171503,0.3454759200096645,0.006457787092115548,0.000428412171935413,0.00044482857913694573
cmr_versius:03,cmr_versius,cmr-surgical-60hz/prostatectomy,cmr_surgical/prostatectomy,CMR_STATE_PROMPT,1.6,19.2,arm left: 3. left instrument: Tool #2 (Green). arm right: -1. right instrument: Tool #3 (None). do a prostatectomy,16172,current_public_raw_rows_not_exact_training_probability,0.19202611555171503,0.3454759200096645,0.0004428716397401878,2.9380281257853643e-05,3.0506109823007485e-05
cmr_versius:03,cmr_versius,cmr-surgical-60hz/prostatectomy,cmr_surgical/prostatectomy,CMR_STATE_PROMPT,1.6,19.2,arm left: 3. left instrument: Tool #2 (Green). arm right: 1. right instrument: Tool #0 (Blue). do a prostatectomy,8679,current_public_raw_rows_not_exact_training_probability,0.19202611555171503,0.3454759200096645,0.0002376751769295752,1.576746605471876e-05,1.6371662574442367e-05
cmr_versius:03,cmr_versius,cmr-surgical-60hz/prostatectomy,cmr_surgical/prostatectomy,CMR_STATE_PROMPT,1.6,19.2,arm left: 3. left instrument: Tool #0 (Green). arm right: 2. right instrument: Tool #9 (Blue). do a prostatectomy,64945,current_public_raw_rows_not_exact_training_probability,0.19202611555171503,0.3454759200096645,0.0017785245265227862,0.00011798802660717937,0.00012250923215775545
cmr_versius:03,cmr_versius,cmr-surgical-60hz/prostatectomy,cmr_surgical/prostatectomy,CMR_STATE_PROMPT,1.6,19.2,arm left: 1. left instrument: Tool #18 (Orange). arm right: 2. right instrument: Tool #9 (Blue). do a prostatectomy,381775,current_public_raw_rows_not_exact_training_probability,0.19202611555171503,0.3454759200096645,0.010454941891034516,0.0006935850159050874,0.0007201626315655875
cmr_versius:03,cmr_versius,cmr-surgical-60hz/prostatectomy,cmr_surgical/prostatectomy,CMR_STATE_PROMPT,1.6,19.2,arm left: 1. left instrument: Tool #2 (Orange). arm right: 2. right instrument: Tool #2 (Blue). do a prostatectomy,133505,current_public_raw_rows_not_exact_training_probability,0.19202611555171503,0.3454759200096645,0.003656046145406491,0.00024254355981509712,0.0002518376324462413
cmr_versius:03,cmr_versius,cmr-surgical-60hz/prostatectomy,cmr_surgical/prostatectomy,CMR_STATE_PROMPT,1.6,19.2,arm left: 3. left instrument: Tool #0 (Green). arm right: 2. right instrument: Tool #2 (Blue). do a prostatectomy,5070,current_public_raw_rows_not_exact_training_probability,0.19202611555171503,0.3454759200096645,0.0001388423950953965,9.21085987987373e-06,9.563812565090771e-06
cmr_versius:03,cmr_versius,cmr-surgical-60hz/prostatectomy,cmr_surgical/prostatectomy,CMR_STATE_PROMPT,1.6,19.2,arm left: 3. left instrument: Tool #13 (Green). arm right: 1. right instrument: Tool #9 (Orange). do a prostatectomy,41493,current_public_raw_rows_not_exact_training_probability,0.19202611555171503,0.3454759200096645,0.0011362894476712598,7.538189526540448e-05,7.827046839513044e-05
cmr_versius:03,cmr_versius,cmr-surgical-60hz/prostatectomy,cmr_surgical/prostatectomy,CMR_STATE_PROMPT,1.6,19.2,arm left: 2. left instrument: Tool #18 (Blue). arm right: 1. right instrument: Tool #9 (Orange). do a prostatectomy,756585,current_public_raw_rows_not_exact_training_probability,0.19202611555171503,0.3454759200096645,0.02071914664561155,0.0013745164540856542,0.001427186810563945
cmr_versius:03,cmr_versius,cmr-surgical-60hz/prostatectomy,cmr_surgical/prostatectomy,CMR_STATE_PROMPT,1.6,19.2,arm left: 0. left instrument: Tool #14 (White). arm right: 1. right instrument: Tool #9 (Orange). do a prostatectomy,528,current_public_raw_rows_not_exact_training_probability,0.19202611555171503,0.3454759200096645,1.445932635313005e-05,9.592374786140689e-07,9.959946813348967e-07
cmr_versius:03,cmr_versius,cmr-surgical-60hz/prostatectomy,cmr_surgical/prostatectomy,CMR_STATE_PROMPT,1.6,19.2,arm left: 3. left instrument: Tool #13 (Green). arm right: 1. right instrument: Tool #2 (Orange). do a prostatectomy,864,current_public_raw_rows_not_exact_training_probability,0.19202611555171503,0.3454759200096645,2.3660715850576445e-05,1.5696613286412036e-06,1.6298094785480129e-06
cmr_versius:03,cmr_versius,cmr-surgical-60hz/prostatectomy,cmr_surgical/prostatectomy,CMR_STATE_PROMPT,1.6,19.2,arm left: 2. left instrument: Tool #2 (Blue). arm right: 1. right instrument: Tool #2 (Orange). do a prostatectomy,174503,current_public_raw_rows_not_exact_training_probability,0.19202611555171503,0.3454759200096645,0.004778779974621692,0.0003170261699443009,0.00032917435582762025
cmr_versius:03,cmr_versius,cmr-surgical-60hz/prostatectomy,cmr_surgical/prostatectomy,CMR_STATE_PROMPT,1.6,19.2,arm left: 3. left instrument: Tool #0 (Green). arm right: 1. right instrument: Tool #9 (Cyan). do a prostatectomy,23274,current_public_raw_rows_not_exact_training_probability,0.19202611555171503,0.3454759200096645,0.000637360533224903,4.228275204027243e-05,4.3902992828387104e-05
cmr_versius:03,cmr_versius,cmr-surgical-60hz/prostatectomy,cmr_surgical/prostatectomy,CMR_STATE_PROMPT,1.6,19.2,arm left: -1. left instrument: Tool #3 (None). arm right: 1. right instrument: Tool #9 (Cyan). do a prostatectomy,7783,current_public_raw_rows_not_exact_training_probability,0.19202611555171503,0.3454759200096645,0.00021313813826971814,1.4139669121313065e-05,1.4681489781874055e-05
cmr_versius:03,cmr_versius,cmr-surgical-60hz/prostatectomy,cmr_surgical/prostatectomy,CMR_STATE_PROMPT,1.6,19.2,arm left: 2. left instrument: Tool #18 (Blue). arm right: 1. right instrument: Tool #9 (Cyan). do a prostatectomy,304799,current_public_raw_rows_not_exact_training_probability,0.19202611555171503,0.3454759200096645,0.008346947373310012,0.0005537398186441091,0.0005749586796897637
cmr_versius:03,cmr_versius,cmr-surgical-60hz/prostatectomy,cmr_surgical/prostatectomy,CMR_STATE_PROMPT,1.6,19.2,arm left: 3. left instrument: Tool #0 (Green). arm right: 1. right instrument: Tool #2 (Cyan). do a prostatectomy,1763,current_public_raw_rows_not_exact_training_probability,0.19202611555171503,0.3454759200096645,4.827990977380356e-05,3.2029084749935674e-06,3.3256413318057258e-06
cmr_versius:03,cmr_versius,cmr-surgical-60hz/prostatectomy,cmr_surgical/prostatectomy,CMR_STATE_PROMPT,1.6,19.2,arm left: -1. left instrument: Tool #3 (None). arm right: 1. right instrument: Tool #2 (Cyan). do a prostatectomy,651,current_public_raw_rows_not_exact_training_probability,0.19202611555171503,0.3454759200096645,1.7827692151302392e-05,1.1826962094275738e-06,1.2280161696004128e-06
cmr_versius:03,cmr_versius,cmr-surgical-60hz/prostatectomy,cmr_surgical/prostatectomy,CMR_STATE_PROMPT,1.6,19.2,arm left: 2. left instrument: Tool #2 (Blue). arm right: 1. right instrument: Tool #2 (Cyan). do a prostatectomy,62132,current_public_raw_rows_not_exact_training_probability,0.19202611555171503,0.3454759200096645,0.0017014902745694626,0.000112877543600851,0.00011720291958465873
cmr_versius:03,cmr_versius,cmr-surgical-60hz/prostatectomy,cmr_surgical/prostatectomy,CMR_STATE_PROMPT,1.6,19.2,arm left: 1. left instrument: Tool #1 (Blue). arm right: 3. right instrument: Tool #9 (Green). do a prostatectomy,345865,current_public_raw_rows_not_exact_training_probability,0.19202611555171503,0.3454759200096645,0.009471543388494933,0.0006283459669334374,0.0006524236751134357
cmr_versius:03,cmr_versius,cmr-surgical-60hz/prostatectomy,cmr_surgical/prostatectomy,CMR_STATE_PROMPT,1.6,19.2,arm left: 1. left instrument: Tool #1 (Blue). arm right: -1. right instrument: Tool #3 (None). do a prostatectomy,2672,current_public_raw_rows_not_exact_training_probability,0.19202611555171503,0.3454759200096645,7.317295457493086e-05,4.854322997834834e-06,5.0403367206947805e-06
cmr_versius:03,cmr_versius,cmr-surgical-60hz/prostatectomy,cmr_surgical/prostatectomy,CMR_STATE_PROMPT,1.6,19.2,arm left: 0. left instrument: Tool #14 (White). arm right: 3. right instrument: Tool #9 (Green). do a prostatectomy,1209,current_public_raw_rows_not_exact_training_probability,0.19202611555171503,0.3454759200096645,3.310857113813301e-05,2.196435817508351e-06,2.2806014578293375e-06
cmr_versius:03,cmr_versius,cmr-surgical-60hz/prostatectomy,cmr_surgical/prostatectomy,CMR_STATE_PROMPT,1.6,19.2,arm left: 3. left instrument: Tool #0 (Green). arm right: 1. right instrument: Tool #9 (Orange). do a prostatectomy,73681,current_public_raw_rows_not_exact_training_probability,0.19202611555171503,0.3454759200096645,0.0020177606534563922,0.00013385904670788485,0.00013898841688529643
cmr_versius:03,cmr_versius,cmr-surgical-60hz/prostatectomy,cmr_surgical/prostatectomy,CMR_STATE_PROMPT,1.6,19.2,arm left: 2. left instrument: Tool #2 (Blue). arm right: 1. right instrument: Tool #9 (Orange). do a prostatectomy,27,current_public_raw_rows_not_exact_training_probability,0.19202611555171503,0.3454759200096645,7.393973703305139e-07,4.905191652003761e-08,5.09315462046254e-08
cmr_versius:03,cmr_versius,cmr-surgical-60hz/prostatectomy,cmr_surgical/prostatectomy,CMR_STATE_PROMPT,1.6,19.2,arm left: 3. left instrument: Tool #0 (Green). arm right: 1. right instrument: Tool #2 (Orange). do a prostatectomy,1274,current_public_raw_rows_not_exact_training_probability,0.19202611555171503,0.3454759200096645,3.488860184448425e-05,2.3145237646862193e-06,2.403214439433065e-06
cmr_versius:03,cmr_versius,cmr-surgical-60hz/prostatectomy,cmr_surgical/prostatectomy,CMR_STATE_PROMPT,1.6,19.2,arm left: -1. left instrument: Tool #3 (None). arm right: 3. right instrument: Tool #9 (Cyan). do a prostatectomy,15769,current_public_raw_rows_not_exact_training_probability,0.19202611555171503,0.3454759200096645,0.00043183544936081016,2.864813598535086e-05,2.974590933706437e-05
cmr_versius:03,cmr_versius,cmr-surgical-60hz/prostatectomy,cmr_surgical/prostatectomy,CMR_STATE_PROMPT,1.6,19.2,arm left: 1. left instrument: Tool #18 (Orange). arm right: 3. right instrument: Tool #9 (Cyan). do a prostatectomy,241076,current_public_raw_rows_not_exact_training_probability,0.19202611555171503,0.3454759200096645,0.006601887424066629,0.00043797184544387365,0.0004547545715861583
cmr_versius:03,cmr_versius,cmr-surgical-60hz/prostatectomy,cmr_surgical/prostatectomy,CMR_STATE_PROMPT,1.6,19.2,arm left: 2. left instrument: Tool #0 (Green). arm right: 3. right instrument: Tool #9 (Cyan). do a prostatectomy,19871,current_public_raw_rows_not_exact_training_probability,0.19202611555171503,0.3454759200096645,0.0005441690794754683,3.6100393821098796e-05,3.7483731653041165e-05
cmr_versius:03,cmr_versius,cmr-surgical-60hz/prostatectomy,cmr_surgical/prostatectomy,CMR_STATE_PROMPT,1.6,19.2,arm left: 3. left instrument: Tool #18 (Cyan). arm right: 1. right instrument: Tool #9 (Blue). do a prostatectomy,361651,current_public_raw_rows_not_exact_training_probability,0.19202611555171503,0.3454759200096645,0.009903844384348173,0.0006570249874588193,0.0006822016524610734
cmr_versius:03,cmr_versius,cmr-surgical-60hz/prostatectomy,cmr_surgical/prostatectomy,CMR_STATE_PROMPT,1.6,19.2,arm left: 3. left instrument: Tool #18 (Cyan). arm right: -1. right instrument: Tool #3 (None). do a prostatectomy,2330,current_public_raw_rows_not_exact_training_probability,0.19202611555171503,0.3454759200096645,6.380725455074436e-05,4.2329987219143575e-06,4.395203802102859e-06
cmr_versius:03,cmr_versius,cmr-surgical-60hz/prostatectomy,cmr_surgical/prostatectomy,CMR_STATE_PROMPT,1.6,19.2,arm left: 2. left instrument: Tool #0 (Green). arm right: 1. right instrument: Tool #9 (Blue). do a prostatectomy,69826,current_public_raw_rows_not_exact_training_probability,0.19202611555171503,0.3454759200096645,0.001912191140025869,0.00012685552307141283,0.00013171652389941383
cmr_versius:03,cmr_versius,cmr-surgical-60hz/prostatectomy,cmr_surgical/prostatectomy,CMR_STATE_PROMPT,1.6,19.2,arm left: 3. left instrument: Tool #18 (Cyan). arm right: 0. right instrument: Tool #17 (White). do a prostatectomy,1882,current_public_raw_rows_not_exact_training_probability,0.19202611555171503,0.3454759200096645,5.153873522081582e-05,3.419100255211511e-06,3.5501174058187044e-06
cmr_versius:03,cmr_versius,cmr-surgical-60hz/prostatectomy,cmr_surgical/prostatectomy,CMR_STATE_PROMPT,1.6,19.2,arm left: 3. left instrument: Tool #2 (Cyan). arm right: -1. right instrument: Tool #3 (None). do a prostatectomy,3124,current_public_raw_rows_not_exact_training_probability,0.19202611555171503,0.3454759200096645,8.555101425601946e-05,5.675488415133241e-06,5.8929685312314725e-06
cmr_versius:03,cmr_versius,cmr-surgical-60hz/prostatectomy,cmr_surgical/prostatectomy,CMR_STATE_PROMPT,1.6,19.2,arm left: 3. left instrument: Tool #2 (Cyan). arm right: 1. right instrument: Tool #2 (Blue). do a prostatectomy,53943,current_public_raw_rows_not_exact_training_probability,0.19202611555171503,0.3454759200096645,0.0014772337906569968,9.800027899408849e-05,0.00010175557025615216
cmr_versius:03,cmr_versius,cmr-surgical-60hz/prostatectomy,cmr_surgical/prostatectomy,CMR_STATE_PROMPT,1.6,19.2,arm left: 2. left instrument: Tool #0 (Green). arm right: 1. right instrument: Tool #2 (Blue). do a prostatectomy,6068,current_public_raw_rows_not_exact_training_probability,0.19202611555171503,0.3454759200096645,0.0001661727127098355,1.1023964053466232e-05,1.1446393421098776e-05
cmr_versius:03,cmr_versius,cmr-surgical-60hz/prostatectomy,cmr_surgical/prostatectomy,CMR_STATE_PROMPT,1.6,19.2,arm left: 2. left instrument: Tool #0 (Orange). arm right: 3. right instrument: Tool #9 (Blue). do a prostatectomy,22055,current_public_raw_rows_not_exact_training_probability,0.19202611555171503,0.3454759200096645,0.0006039781112088698,4.006814884627517e-05,4.160352783492642e-05
cmr_versius:03,cmr_versius,cmr-surgical-60hz/prostatectomy,cmr_surgical/prostatectomy,CMR_STATE_PROMPT,1.6,19.2,arm left: 2. left instrument: Tool #0 (Orange). arm right: 3. right instrument: Tool #2 (Blue). do a prostatectomy,1470,current_public_raw_rows_not_exact_training_probability,0.19202611555171503,0.3454759200096645,4.025607905132798e-05,2.6706043438687145e-06,2.772939737807383e-06
cmr_versius:03,cmr_versius,cmr-surgical-60hz/prostatectomy,cmr_surgical/prostatectomy,CMR_STATE_PROMPT,1.6,19.2,arm left: 1. left instrument: Tool #2 (Green). arm right: 3. right instrument: Tool #2 (Blue). do a prostatectomy,177935,current_public_raw_rows_not_exact_training_probability,0.19202611555171503,0.3454759200096645,0.0048727655959170365,0.0003232612135552923,0.00033564832125629703
cmr_versius:03,cmr_versius,cmr-surgical-60hz/prostatectomy,cmr_surgical/prostatectomy,CMR_STATE_PROMPT,1.6,19.2,arm left: 2. left instrument: Tool #0 (Cyan). arm right: 3. right instrument: Tool #2 (Blue). do a prostatectomy,722,current_public_raw_rows_not_exact_training_probability,0.19202611555171503,0.3454759200096645,1.9772033384393743e-05,1.3116845824987837e-06,1.361947272582946e-06
cmr_versius:03,cmr_versius,cmr-surgical-60hz/prostatectomy,cmr_surgical/prostatectomy,CMR_STATE_PROMPT,1.6,19.2,arm left: 2. left instrument: Tool #0 (Cyan). arm right: -1. right instrument: Tool #3 (None). do a prostatectomy,13734,current_public_raw_rows_not_exact_training_probability,0.19202611555171503,0.3454759200096645,0.00037610679570812143,2.4951074869859135e-05,2.590717983608612e-05
cmr_versius:03,cmr_versius,cmr-surgical-60hz/prostatectomy,cmr_surgical/prostatectomy,CMR_STATE_PROMPT,1.6,19.2,arm left: 1. left instrument: Tool #18 (Green). arm right: 3. right instrument: Tool #9 (Blue). do a prostatectomy,817410,current_public_raw_rows_not_exact_training_probability,0.19202611555171503,0.3454759200096645,0.022384844610439457,0.0014850195215794053,0.0015419242660415868
cmr_versius:03,cmr_versius,cmr-surgical-60hz/prostatectomy,cmr_surgical/prostatectomy,CMR_STATE_PROMPT,1.6,19.2,arm left: 2. left instrument: Tool #0 (Cyan). arm right: 3. right instrument: Tool #9 (Blue). do a prostatectomy,72476,current_public_raw_rows_not_exact_training_probability,0.19202611555171503,0.3454759200096645,0.0019847616226694193,0.00013166987784097206,0.00013671536084171963
cmr_versius:03,cmr_versius,cmr-surgical-60hz/prostatectomy,cmr_surgical/prostatectomy,CMR_STATE_PROMPT,1.6,19.2,arm left: -1. left instrument: Tool #3 (None). arm right: 2. right instrument: Tool #0 (Blue). do a prostatectomy,5745,current_public_raw_rows_not_exact_training_probability,0.19202611555171503,0.3454759200096645,0.00015732732935365936,1.0437157792874672e-05,1.0837101220206407e-05
cmr_versius:03,cmr_versius,cmr-surgical-60hz/prostatectomy,cmr_surgical/prostatectomy,CMR_STATE_PROMPT,1.6,19.2,arm left: 1. left instrument: Tool #18 (Orange). arm right: 2. right instrument: Tool #0 (Blue). do a prostatectomy,20222,current_public_raw_rows_not_exact_training_probability,0.19202611555171503,0.3454759200096645,0.0005537812452897649,3.673806873585928e-05,3.814584175370129e-05
cmr_versius:03,cmr_versius,cmr-surgical-60hz/prostatectomy,cmr_surgical/prostatectomy,CMR_STATE_PROMPT,1.6,19.2,arm left: 2. left instrument: Tool #18 (Green). arm right: 3. right instrument: Tool #9 (Blue). do a prostatectomy,621268,current_public_raw_rows_not_exact_training_probability,0.19202611555171503,0.3454759200096645,0.017013478721129544,0.0011286809656507676,0.0011719311054613042
cmr_versius:03,cmr_versius,cmr-surgical-60hz/prostatectomy,cmr_surgical/prostatectomy,CMR_STATE_PROMPT,1.6,19.2,arm left: 2. left instrument: Tool #18 (Green). arm right: 1. right instrument: Tool #0 (Orange). do a prostatectomy,32207,current_public_raw_rows_not_exact_training_probability,0.19202611555171503,0.3454759200096645,0.000881991522453143,5.8511669457809313e-05,6.075378920786557e-05
cmr_versius:03,cmr_versius,cmr-surgical-60hz/prostatectomy,cmr_surgical/prostatectomy,CMR_STATE_PROMPT,1.6,19.2,arm left: 2. left instrument: Tool #2 (Green). arm right: 3. right instrument: Tool #2 (Blue). do a prostatectomy,193397,current_public_raw_rows_not_exact_training_probability,0.19202611555171503,0.3454759200096645,0.005296193823326311,0.00035135161108243386,0.0003648151200494792
cmr_versius:03,cmr_versius,cmr-surgical-60hz/prostatectomy,cmr_surgical/prostatectomy,CMR_STATE_PROMPT,1.6,19.2,arm left: -1. left instrument: Tool #3 (None). arm right: 1. right instrument: Tool #0 (Orange). do a prostatectomy,11121,current_public_raw_rows_not_exact_training_probability,0.19202611555171503,0.3454759200096645,0.0003045495613128017,2.0203939393308827e-05,2.0978137975616265e-05
cmr_versius:03,cmr_versius,cmr-surgical-60hz/prostatectomy,cmr_surgical/prostatectomy,CMR_STATE_PROMPT,1.6,19.2,arm left: 2. left instrument: Tool #2 (Green). arm right: 1. right instrument: Tool #0 (Orange). do a prostatectomy,3861,current_public_raw_rows_not_exact_training_probability,0.19202611555171503,0.3454759200096645,0.00010573382395726349,7.014424062365379e-06,7.283211107261433e-06
cmr_versius:03,cmr_versius,cmr-surgical-60hz/prostatectomy,cmr_surgical/prostatectomy,CMR_STATE_PROMPT,1.6,19.2,arm left: 2. left instrument: Tool #18 (Orange). arm right: 3. right instrument: Tool #9 (Blue). do a prostatectomy,158515,current_public_raw_rows_not_exact_training_probability,0.19202611555171503,0.3454759200096645,0.004340947191034867,0.00028798016841384306,0.0002990153350602295
cmr_versius:03,cmr_versius,cmr-surgical-60hz/prostatectomy,cmr_surgical/prostatectomy,CMR_STATE_PROMPT,1.6,19.2,arm left: 1. left instrument: Tool #0 (Pink). arm right: 3. right instrument: Tool #9 (Blue). do a prostatectomy,12885,current_public_raw_rows_not_exact_training_probability,0.19202611555171503,0.3454759200096645,0.00035285685617439524,2.3408664605951283e-05,2.4305665660985123e-05
cmr_versius:03,cmr_versius,cmr-surgical-60hz/prostatectomy,cmr_surgical/prostatectomy,CMR_STATE_PROMPT,1.6,19.2,arm left: 2. left instrument: Tool #18 (Orange). arm right: -1. right instrument: Tool #3 (None). do a prostatectomy,20463,current_public_raw_rows_not_exact_training_probability,0.19202611555171503,0.3454759200096645,0.0005603810514471595,3.717590250924184e-05,3.8600452962416656e-05
cmr_versius:03,cmr_versius,cmr-surgical-60hz/prostatectomy,cmr_surgical/prostatectomy,CMR_STATE_PROMPT,1.6,19.2,arm left: 1. left instrument: Tool #0 (Pink). arm right: -1. right instrument: Tool #3 (None). do a prostatectomy,24348,current_public_raw_rows_not_exact_training_probability,0.19202611555171503,0.3454759200096645,0.0006667721175113835,4.4233928275180595e-05,4.5928936555193314e-05
cmr_versius:03,cmr_versius,cmr-surgical-60hz/prostatectomy,cmr_surgical/prostatectomy,CMR_STATE_PROMPT,1.6,19.2,arm left: 2. left instrument: Tool #2 (Orange). arm right: 3. right instrument: Tool #2 (Blue). do a prostatectomy,72839,current_public_raw_rows_not_exact_training_probability,0.19202611555171503,0.3454759200096645,0.0019947024095371964,0.00013232935360751926,0.0001374001071851374
cmr_versius:03,cmr_versius,cmr-surgical-60hz/prostatectomy,cmr_surgical/prostatectomy,CMR_STATE_PROMPT,1.6,19.2,arm left: 1. left instrument: Tool #0 (Pink). arm right: 3. right instrument: Tool #2 (Blue). do a prostatectomy,116102,current_public_raw_rows_not_exact_training_probability,0.19202611555171503,0.3454759200096645,0.00317946346259679,0.00021092687451145954,0.00021900942138701552
cmr_versius:03,cmr_versius,cmr-surgical-60hz/prostatectomy,cmr_surgical/prostatectomy,CMR_STATE_PROMPT,1.6,19.2,arm left: 3. left instrument: Tool #1 (Green). arm right: 2. right instrument: Tool #9 (Orange). do a prostatectomy,195214,current_public_raw_rows_not_exact_training_probability,0.19202611555171503,0.3454759200096645,0.005345952527840776,0.0003546526233904675,0.0003682426244736942
cmr_versius:03,cmr_versius,cmr-surgical-60hz/prostatectomy,cmr_surgical/prostatectomy,CMR_STATE_PROMPT,1.6,19.2,arm left: 3. left instrument: Tool #1 (Green). arm right: -1. right instrument: Tool #3 (None). do a prostatectomy,9097,current_public_raw_rows_not_exact_training_probability,0.19202611555171503,0.3454759200096645,0.00024912214362580315,1.6526862391954896e-05,1.7160158363832493e-05
cmr_versius:03,cmr_versius,cmr-surgical-60hz/prostatectomy,cmr_surgical/prostatectomy,CMR_STATE_PROMPT,1.6,19.2,arm left: 3. left instrument: Tool #1 (Green). arm right: 1. right instrument: Tool #0 (Blue). do a prostatectomy,13510,current_public_raw_rows_not_exact_training_probability,0.19202611555171503,0.3454759200096645,0.00036997253604315717,2.4544125636507712e-05,2.5484636637944045e-05
cmr_versius:03,cmr_versius,cmr-surgical-60hz/prostatectomy,cmr_surgical/prostatectomy,CMR_STATE_PROMPT,1.6,19.2,arm left: 3. left instrument: Tool #1 (Green). arm right: 0. right instrument: Tool #14 (White). do a prostatectomy,246,current_public_raw_rows_not_exact_training_probability,0.19202611555171503,0.3454759200096645,6.736731596344682e-06,4.469174616270094e-07,4.6404297653103144e-07
cmr_versius:03,cmr_versius,cmr-surgical-60hz/prostatectomy,cmr_surgical/prostatectomy,CMR_STATE_PROMPT,1.6,19.2,arm left: 3. left instrument: Tool #2 (Green). arm right: 2. right instrument: Tool #2 (Blue). do a prostatectomy,159515,current_public_raw_rows_not_exact_training_probability,0.19202611555171503,0.3454759200096645,0.004368332278824886,0.00028979690606273335,0.00030090168862336375
cmr_versius:03,cmr_versius,cmr-surgical-60hz/prostatectomy,cmr_surgical/prostatectomy,CMR_STATE_PROMPT,1.6,19.2,arm left: 1. left instrument: Tool #0 (Orange). arm right: 2. right instrument: Tool #2 (Blue). do a prostatectomy,645,current_public_raw_rows_not_exact_training_probability,0.19202611555171503,0.3454759200096645,1.7663381624562277e-05,1.171795783534232e-06,1.216698048221607e-06
cmr_versius:03,cmr_versius,cmr-surgical-60hz/prostatectomy,cmr_surgical/prostatectomy,CMR_STATE_PROMPT,1.6,19.2,arm left: 3. left instrument: Tool #18 (Green). arm right: 2. right instrument: Tool #9 (Blue). do a prostatectomy,465757,current_public_raw_rows_not_exact_training_probability,0.19202611555171503,0.3454759200096645,0.012754796333815896,0.0008461582771341911,0.0008785823765047301
cmr_versius:03,cmr_versius,cmr-surgical-60hz/prostatectomy,cmr_surgical/prostatectomy,CMR_STATE_PROMPT,1.6,19.2,arm left: 1. left instrument: Tool #0 (Orange). arm right: 2. right instrument: Tool #9 (Blue). do a prostatectomy,26411,current_public_raw_rows_not_exact_training_probability,0.19202611555171503,0.3454759200096645,0.0007232675536221927,4.798185804484124e-05,4.9820483955939316e-05
cmr_versius:03,cmr_versius,cmr-surgical-60hz/prostatectomy,cmr_surgical/prostatectomy,CMR_STATE_PROMPT,1.6,19.2,arm left: 1. left instrument: Tool #0 (Orange). arm right: -1. right instrument: Tool #3 (None). do a prostatectomy,1666,current_public_raw_rows_not_exact_training_probability,0.19202611555171503,0.3454759200096645,4.562355625817171e-05,3.02668492305121e-06,3.142665036181701e-06
cmr_versius:03,cmr_versius,cmr-surgical-60hz/prostatectomy,cmr_surgical/prostatectomy,CMR_STATE_PROMPT,1.6,19.2,arm left: 1. left instrument: Tool #0 (Orange). arm right: 3. right instrument: Tool #9 (Blue). do a prostatectomy,21915,current_public_raw_rows_not_exact_training_probability,0.19202611555171503,0.3454759200096645,0.0006001441989182671,3.9813805575430534e-05,4.133943833608762e-05
cmr_versius:03,cmr_versius,cmr-surgical-60hz/prostatectomy,cmr_surgical/prostatectomy,CMR_STATE_PROMPT,1.6,19.2,arm left: 1. left instrument: Tool #2 (Green). arm right: 0. right instrument: Tool #14 (White). do a prostatectomy,255,current_public_raw_rows_not_exact_training_probability,0.19202611555171503,0.3454759200096645,6.983197386454853e-06,4.632681004670219e-07,4.810201585992399e-07
cmr_versius:03,cmr_versius,cmr-surgical-60hz/prostatectomy,cmr_surgical/prostatectomy,CMR_STATE_PROMPT,1.6,19.2,arm left: 1. left instrument: Tool #1 (Green). arm right: -1. right instrument: Tool #3 (None). do a prostatectomy,3819,current_public_raw_rows_not_exact_training_probability,0.19202611555171503,0.3454759200096645,0.00010458365027008269,6.938121081111987e-06,7.203984257609793e-06
cmr_versius:03,cmr_versius,cmr-surgical-60hz/prostatectomy,cmr_surgical/prostatectomy,CMR_STATE_PROMPT,1.6,19.2,arm left: 1. left instrument: Tool #1 (Green). arm right: 3. right instrument: Tool #9 (Pink). do a prostatectomy,229189,current_public_raw_rows_not_exact_training_probability,0.19202611555171503,0.3454759200096645,0.006276360885506672,0.00041637628501151486,0.00043233148678118116
cmr_versius:03,cmr_versius,cmr-surgical-60hz/prostatectomy,cmr_surgical/prostatectomy,CMR_STATE_PROMPT,1.6,19.2,arm left: 2. left instrument: Tool #0 (Orange). arm right: 3. right instrument: Tool #9 (Pink). do a prostatectomy,9586,current_public_raw_rows_not_exact_training_probability,0.19202611555171503,0.3454759200096645,0.0002625134515551225,1.7415247102262244e-05,1.8082585256205153e-05
cmr_versius:03,cmr_versius,cmr-surgical-60hz/prostatectomy,cmr_surgical/prostatectomy,CMR_STATE_PROMPT,1.6,19.2,arm left: 2. left instrument: Tool #0 (Orange). arm right: 1. right instrument: Tool #2 (Green). do a prostatectomy,4130,current_public_raw_rows_not_exact_training_probability,0.19202611555171503,0.3454759200096645,0.0001131004125727786,7.503126489916865e-06,7.790640215744552e-06
cmr_versius:03,cmr_versius,cmr-surgical-60hz/prostatectomy,cmr_surgical/prostatectomy,CMR_STATE_PROMPT,1.6,19.2,arm left: 3. left instrument: Tool #2 (Pink). arm right: 1. right instrument: Tool #2 (Green). do a prostatectomy,374,current_public_raw_rows_not_exact_training_probability,0.19202611555171503,0.3454759200096645,1.0242022833467118e-05,6.794598806849654e-07,7.054962326122185e-07
cmr_versius:03,cmr_versius,cmr-surgical-60hz/prostatectomy,cmr_surgical/prostatectomy,CMR_STATE_PROMPT,1.6,19.2,arm left: 1. left instrument: Tool #18 (Green). arm right: 3. right instrument: Tool #2 (Pink). do a prostatectomy,4113,current_public_raw_rows_not_exact_training_probability,0.19202611555171503,0.3454759200096645,0.00011263486608034829,7.47224194988573e-06,7.75857220517127e-06
cmr_versius:03,cmr_versius,cmr-surgical-60hz/prostatectomy,cmr_surgical/prostatectomy,CMR_STATE_PROMPT,1.6,19.2,arm left: 1. left instrument: Tool #2 (Orange). arm right: 2. right instrument: Tool #0 (Blue). do a prostatectomy,788,current_public_raw_rows_not_exact_training_probability,0.19202611555171503,0.3454759200096645,2.1579449178535e-05,1.4315892673255422e-06,1.486446607749808e-06
cmr_versius:03,cmr_versius,cmr-surgical-60hz/prostatectomy,cmr_surgical/prostatectomy,CMR_STATE_PROMPT,1.6,19.2,arm left: 1. left instrument: Tool #18 (Cyan). arm right: -1. right instrument: Tool #3 (None). do a prostatectomy,3913,current_public_raw_rows_not_exact_training_probability,0.19202611555171503,0.3454759200096645,0.00010715784852234447,7.1088944201076735e-06,7.381301492544415e-06
cmr_versius:03,cmr_versius,cmr-surgical-60hz/prostatectomy,cmr_surgical/prostatectomy,CMR_STATE_PROMPT,1.6,19.2,arm left: 1. left instrument: Tool #18 (Cyan). arm right: 3. right instrument: Tool #9 (Blue). do a prostatectomy,212848,current_public_raw_rows_not_exact_training_probability,0.19202611555171503,0.3454759200096645,0.0058288611659299714,0.00038668897509099877,0.000401506583206004
cmr_versius:03,cmr_versius,cmr-surgical-60hz/prostatectomy,cmr_surgical/prostatectomy,CMR_STATE_PROMPT,1.6,19.2,arm left: 1. left instrument: Tool #2 (Cyan). arm right: 3. right instrument: Tool #2 (Blue). do a prostatectomy,69976,current_public_raw_rows_not_exact_training_probability,0.19202611555171503,0.3454759200096645,0.0019162989031943718,0.00012712803371874636,0.00013199947693388395
cmr_versius:03,cmr_versius,cmr-surgical-60hz/prostatectomy,cmr_surgical/prostatectomy,CMR_STATE_PROMPT,1.6,19.2,arm left: 1. left instrument: Tool #2 (Cyan). arm right: -1. right instrument: Tool #3 (None). do a prostatectomy,674,current_public_raw_rows_not_exact_training_probability,0.19202611555171503,0.3454759200096645,1.845754917047283e-05,1.22448117535205e-06,1.2714023015525007e-06
cmr_versius:03,cmr_versius,cmr-surgical-60hz/prostatectomy,cmr_surgical/prostatectomy,CMR_STATE_PROMPT,1.6,19.2,arm left: 1. left instrument: Tool #18 (Cyan). arm right: 3. right instrument: Tool #2 (Blue). do a prostatectomy,5277,current_public_raw_rows_not_exact_training_probability,0.19202611555171503,0.3454759200096645,0.00014451110826793043,9.586924573194018e-06,9.954287752659564e-06
cmr_versius:03,cmr_versius,cmr-surgical-60hz/prostatectomy,cmr_surgical/prostatectomy,CMR_STATE_PROMPT,1.6,19.2,arm left: 2. left instrument: Tool #18 (Blue). arm right: 1. right instrument: Tool #0 (Orange). do a prostatectomy,28793,current_public_raw_rows_not_exact_training_probability,0.19202611555171503,0.3454759200096645,0.0007884988327380181,5.2309327124497897e-05,5.4313778143325166e-05
cmr_versius:03,cmr_versius,cmr-surgical-60hz/prostatectomy,cmr_surgical/prostatectomy,CMR_STATE_PROMPT,1.6,19.2,arm left: 2. left instrument: Tool #18 (Blue). arm right: 3. right instrument: Tool #9 (Green). do a prostatectomy,526607,current_public_raw_rows_not_exact_training_probability,0.19202611555171503,0.3454759200096645,0.014421178925838553,0.0009567067630691648,0.0009933669908214508
cmr_versius:03,cmr_versius,cmr-surgical-60hz/prostatectomy,cmr_surgical/prostatectomy,CMR_STATE_PROMPT,1.6,19.2,arm left: 2. left instrument: Tool #2 (Blue). arm right: 1. right instrument: Tool #0 (Orange). do a prostatectomy,2016,current_public_raw_rows_not_exact_training_probability,0.19202611555171503,0.3454759200096645,5.520833698467837e-05,3.6625431001628088e-06,3.802888783278697e-06
cmr_versius:03,cmr_versius,cmr-surgical-60hz/prostatectomy,cmr_surgical/prostatectomy,CMR_STATE_PROMPT,1.6,19.2,arm left: 2. left instrument: Tool #18 (Blue). arm right: 0. right instrument: Tool #14 (White). do a prostatectomy,57,current_public_raw_rows_not_exact_training_probability,0.19202611555171503,0.3454759200096645,1.560950004031085e-06,1.0355404598674608e-07,1.0752215309865362e-07
cmr_versius:03,cmr_versius,cmr-surgical-60hz/prostatectomy,cmr_surgical/prostatectomy,CMR_STATE_PROMPT,1.6,19.2,arm left: 2. left instrument: Tool #18 (Orange). arm right: 1. right instrument: Tool #9 (Pink). do a prostatectomy,234892,current_public_raw_rows_not_exact_training_probability,0.19202611555171503,0.3454759200096645,0.006432538041173151,0.00042673713982313615,0.00044308936115173593
cmr_versius:03,cmr_versius,cmr-surgical-60hz/prostatectomy,cmr_surgical/prostatectomy,CMR_STATE_PROMPT,1.6,19.2,arm left: 3. left instrument: Tool #0 (Green). arm right: 1. right instrument: Tool #9 (Pink). do a prostatectomy,19331,current_public_raw_rows_not_exact_training_probability,0.19202611555171503,0.3454759200096645,0.0005293811320688579,3.511935549069804e-05,3.646510072894866e-05
cmr_versius:03,cmr_versius,cmr-surgical-60hz/prostatectomy,cmr_surgical/prostatectomy,CMR_STATE_PROMPT,1.6,19.2,arm left: 3. left instrument: Tool #0 (Green). arm right: 0. right instrument: Tool #14 (White). do a prostatectomy,1900,current_public_raw_rows_not_exact_training_probability,0.19202611555171503,0.3454759200096645,5.2031666801036164e-05,3.451801532891536e-06,3.584071769955121e-06
cmr_versius:03,cmr_versius,cmr-surgical-60hz/prostatectomy,cmr_surgical/prostatectomy,CMR_STATE_PROMPT,1.6,19.2,arm left: 2. left instrument: Tool #18 (Orange). arm right: 0. right instrument: Tool #14 (White). do a prostatectomy,879,current_public_raw_rows_not_exact_training_probability,0.19202611555171503,0.3454759200096645,2.407149216742673e-05,1.596912393374558e-06,1.6581047819950271e-06
cmr_versius:03,cmr_versius,cmr-surgical-60hz/prostatectomy,cmr_surgical/prostatectomy,CMR_STATE_PROMPT,1.6,19.2,arm left: 2. left instrument: Tool #18 (Orange). arm right: 1. right instrument: Tool #2 (Pink). do a prostatectomy,4731,current_public_raw_rows_not_exact_training_probability,0.19202611555171503,0.3454759200096645,0.00012955885033458006,8.594985816899925e-06,8.924338707188252e-06
cmr_versius:03,cmr_versius,cmr-surgical-60hz/prostatectomy,cmr_surgical/prostatectomy,CMR_STATE_PROMPT,1.6,19.2,arm left: 3. left instrument: Tool #0 (Green). arm right: 1. right instrument: Tool #2 (Pink). do a prostatectomy,24389,current_public_raw_rows_not_exact_training_probability,0.19202611555171503,0.3454759200096645,0.0006678949061107742,4.430841451878509e-05,4.600627705128182e-05
cmr_versius:03,cmr_versius,cmr-surgical-60hz/prostatectomy,cmr_surgical/prostatectomy,CMR_STATE_PROMPT,1.6,19.2,arm left: 2. left instrument: Tool #2 (Orange). arm right: 1. right instrument: Tool #2 (Pink). do a prostatectomy,88106,current_public_raw_rows_not_exact_training_probability,0.19202611555171503,0.3454759200096645,0.002412790544827417,0.0001600654872931272,0.00016619906703350837
cmr_versius:03,cmr_versius,cmr-surgical-60hz/prostatectomy,cmr_surgical/prostatectomy,CMR_STATE_PROMPT,1.6,19.2,arm left: 1. left instrument: Tool #18 (None). arm right: 2. right instrument: Tool #9 (None). do a prostatectomy,1,current_public_raw_rows_not_exact_training_probability,0.19202611555171503,0.3454759200096645,2.7385087790019035e-08,1.8167376488902821e-09,1.886353563134274e-09
cmr_versius:03,cmr_versius,cmr-surgical-60hz/prostatectomy,cmr_surgical/prostatectomy,CMR_STATE_PROMPT,1.6,19.2,arm left: 3. left instrument: Tool #13 (Orange). arm right: 1. right instrument: Tool #9 (Blue). do a prostatectomy,34214,current_public_raw_rows_not_exact_training_probability,0.19202611555171503,0.3454759200096645,0.0009369533936477112,6.215786191913212e-05,6.453970080907607e-05
cmr_versius:03,cmr_versius,cmr-surgical-60hz/prostatectomy,cmr_surgical/prostatectomy,CMR_STATE_PROMPT,1.6,19.2,arm left: 3. left instrument: Tool #13 (Orange). arm right: -1. right instrument: Tool #3 (None). do a prostatectomy,1801,current_public_raw_rows_not_exact_training_probability,0.19202611555171503,0.3454759200096645,4.932054310982428e-05,3.271944505651398e-06,3.3973227672048276e-06
cmr_versius:03,cmr_versius,cmr-surgical-60hz/prostatectomy,cmr_surgical/prostatectomy,CMR_STATE_PROMPT,1.6,19.2,arm left: 3. left instrument: Tool #13 (Orange). arm right: 1. right instrument: Tool #2 (Blue). do a prostatectomy,2791,current_public_raw_rows_not_exact_training_probability,0.19202611555171503,0.3454759200096645,7.643178002194313e-05,5.070514778052778e-06,5.26481279470776e-06
cmr_versius:03,cmr_versius,cmr-surgical-60hz/prostatectomy,cmr_surgical/prostatectomy,CMR_STATE_PROMPT,1.6,19.2,arm left: 3. left instrument: Tool #18 (Orange). arm right: 2. right instrument: Tool #9 (Blue). do a prostatectomy,155440,current_public_raw_rows_not_exact_training_probability,0.19202611555171503,0.3454759200096645,0.004256738046080559,0.0002823937001435055,0.0002932147978535916
cmr_versius:03,cmr_versius,cmr-surgical-60hz/prostatectomy,cmr_surgical/prostatectomy,CMR_STATE_PROMPT,1.6,19.2,arm left: 3. left instrument: Tool #18 (Orange). arm right: 1. right instrument: Tool #0 (Green). do a prostatectomy,12228,current_public_raw_rows_not_exact_training_probability,0.19202611555171503,0.3454759200096645,0.00033486485349635273,2.221506797063037e-05,2.3066331370005904e-05
cmr_versius:03,cmr_versius,cmr-surgical-60hz/prostatectomy,cmr_surgical/prostatectomy,CMR_STATE_PROMPT,1.6,19.2,arm left: 3. left instrument: Tool #2 (Orange). arm right: 2. right instrument: Tool #2 (Blue). do a prostatectomy,107421,current_public_raw_rows_not_exact_training_probability,0.19202611555171503,0.3454759200096645,0.002941733515491635,0.000195155774981443,0.0002026339861054469
cmr_versius:03,cmr_versius,cmr-surgical-60hz/prostatectomy,cmr_surgical/prostatectomy,CMR_STATE_PROMPT,1.6,19.2,arm left: 3. left instrument: Tool #2 (Orange). arm right: 1. right instrument: Tool #0 (Green). do a prostatectomy,1383,current_public_raw_rows_not_exact_training_probability,0.19202611555171503,0.3454759200096645,3.7873576413596326e-05,2.5125481684152603e-06,2.6088269778147015e-06
cmr_versius:03,cmr_versius,cmr-surgical-60hz/prostatectomy,cmr_surgical/prostatectomy,CMR_STATE_PROMPT,1.6,19.2,arm left: 2. left instrument: Tool #1 (Orange). arm right: 1. right instrument: Tool #9 (Green). do a prostatectomy,541838,current_public_raw_rows_not_exact_training_probability,0.19202611555171503,0.3454759200096645,0.014838281197968333,0.0009843774941994126,0.0010220980419415487
cmr_versius:03,cmr_versius,cmr-surgical-60hz/prostatectomy,cmr_surgical/prostatectomy,CMR_STATE_PROMPT,1.6,19.2,arm left: 3. left instrument: Tool #0 (Blue). arm right: 1. right instrument: Tool #9 (Green). do a prostatectomy,25830,current_public_raw_rows_not_exact_training_probability,0.19202611555171503,0.3454759200096645,0.0007073568176161917,4.692633347083599e-05,4.872451253575831e-05
cmr_versius:03,cmr_versius,cmr-surgical-60hz/prostatectomy,cmr_surgical/prostatectomy,CMR_STATE_PROMPT,1.6,19.2,arm left: 2. left instrument: Tool #2 (Orange). arm right: 1. right instrument: Tool #2 (Green). do a prostatectomy,330577,current_public_raw_rows_not_exact_training_probability,0.19202611555171503,0.3454759200096645,0.009052880166361122,0.0006005716817572028,0.000623585101840239
cmr_versius:03,cmr_versius,cmr-surgical-60hz/prostatectomy,cmr_surgical/prostatectomy,CMR_STATE_PROMPT,1.6,19.2,arm left: 3. left instrument: Tool #18 (Orange). arm right: 1. right instrument: Tool #9 (Blue). do a prostatectomy,240539,current_public_raw_rows_not_exact_training_probability,0.19202611555171503,0.3454759200096645,0.006587181631923389,0.0004369962573264196,0.00045374159972275525
cmr_versius:03,cmr_versius,cmr-surgical-60hz/prostatectomy,cmr_surgical/prostatectomy,CMR_STATE_PROMPT,1.6,19.2,arm left: 3. left instrument: Tool #2 (Orange). arm right: 0. right instrument: Tool #14 (White). do a prostatectomy,1229,current_public_raw_rows_not_exact_training_probability,0.19202611555171503,0.3454759200096645,3.3656272893933394e-05,2.232770570486157e-06,2.3183285290920233e-06
cmr_versius:03,cmr_versius,cmr-surgical-60hz/prostatectomy,cmr_surgical/prostatectomy,CMR_STATE_PROMPT,1.6,19.2,arm left: 3. left instrument: Tool #18 (Orange). arm right: 0. right instrument: Tool #14 (White). do a prostatectomy,1887,current_public_raw_rows_not_exact_training_probability,0.19202611555171503,0.3454759200096645,5.167566065976592e-05,3.4281839434559624e-06,3.5595491736343755e-06
cmr_versius:03,cmr_versius,cmr-surgical-60hz/prostatectomy,cmr_surgical/prostatectomy,CMR_STATE_PROMPT,1.6,19.2,arm left: 3. left instrument: Tool #2 (Orange). arm right: 1. right instrument: Tool #2 (Blue). do a prostatectomy,79372,current_public_raw_rows_not_exact_training_probability,0.19202611555171503,0.3454759200096645,0.0021736091880693907,0.00014419810066771947,0.0001497236550130936
cmr_versius:03,cmr_versius,cmr-surgical-60hz/prostatectomy,cmr_surgical/prostatectomy,CMR_STATE_PROMPT,1.6,19.2,arm left: 1. left instrument: Tool #18 (Pink). arm right: 3. right instrument: Tool #9 (Green). do a prostatectomy,243096,current_public_raw_rows_not_exact_training_probability,0.19202611555171503,0.3454759200096645,0.006657205301402467,0.000441641655494632,0.00045856500578368947
cmr_versius:03,cmr_versius,cmr-surgical-60hz/prostatectomy,cmr_surgical/prostatectomy,CMR_STATE_PROMPT,1.6,19.2,arm left: 1. left instrument: Tool #18 (Pink). arm right: 2. right instrument: Tool #0 (Blue). do a prostatectomy,18030,current_public_raw_rows_not_exact_training_probability,0.19202611555171503,0.3454759200096645,0.0004937531328540432,3.275577980949179e-05,3.401095474331097e-05
cmr_versius:03,cmr_versius,cmr-surgical-60hz/prostatectomy,cmr_surgical/prostatectomy,CMR_STATE_PROMPT,1.6,19.2,arm left: 1. left instrument: Tool #18 (Pink). arm right: 0. right instrument: Tool #14 (White). do a prostatectomy,52,current_public_raw_rows_not_exact_training_probability,0.19202611555171503,0.3454759200096645,1.4240245650809898e-06,9.447035774229467e-08,9.809038528298227e-08
cmr_versius:03,cmr_versius,cmr-surgical-60hz/prostatectomy,cmr_surgical/prostatectomy,CMR_STATE_PROMPT,1.6,19.2,arm left: 1. left instrument: Tool #2 (Pink). arm right: 3. right instrument: Tool #2 (Green). do a prostatectomy,93615,current_public_raw_rows_not_exact_training_probability,0.19202611555171503,0.3454759200096645,0.002563654993462632,0.00017007389500086375,0.0001765909888128151
cmr_versius:03,cmr_versius,cmr-surgical-60hz/prostatectomy,cmr_surgical/prostatectomy,CMR_STATE_PROMPT,1.6,19.2,arm left: 1. left instrument: Tool #2 (Pink). arm right: 2. right instrument: Tool #0 (Blue). do a prostatectomy,6942,current_public_raw_rows_not_exact_training_probability,0.19202611555171503,0.3454759200096645,0.00019010727943831213,1.2611792758596338e-05,1.309506643527813e-05
cmr_versius:03,cmr_versius,cmr-surgical-60hz/prostatectomy,cmr_surgical/prostatectomy,CMR_STATE_PROMPT,1.6,19.2,arm left: 1. left instrument: Tool #1 (Orange). arm right: 3. right instrument: Tool #9 (Pink). do a prostatectomy,507941,current_public_raw_rows_not_exact_training_probability,0.19202611555171503,0.3454759200096645,0.013910008877150057,0.0009227955381149787,0.0009581563152119863
cmr_versius:03,cmr_versius,cmr-surgical-60hz/prostatectomy,cmr_surgical/prostatectomy,CMR_STATE_PROMPT,1.6,19.2,arm left: 1. left instrument: Tool #18 (Blue). arm right: 0. right instrument: Tool #14 (White). do a prostatectomy,534,current_public_raw_rows_not_exact_training_probability,0.19202611555171503,0.3454759200096645,1.4623636879870163e-05,9.701379045074105e-07,1.0073128027137023e-06
cmr_versius:03,cmr_versius,cmr-surgical-60hz/prostatectomy,cmr_surgical/prostatectomy,CMR_STATE_PROMPT,1.6,19.2,arm left: 3. left instrument: Tool #18 (Pink). arm right: 2. right instrument: Tool #9 (Blue). do a prostatectomy,303938,current_public_raw_rows_not_exact_training_probability,0.19202611555171503,0.3454759200096645,0.008323368812722805,0.0005521756075284145,0.000573334529271905
cmr_versius:03,cmr_versius,cmr-surgical-60hz/prostatectomy,cmr_surgical/prostatectomy,CMR_STATE_PROMPT,1.6,19.2,arm left: 3. left instrument: Tool #18 (Pink). arm right: 1. right instrument: Tool #0 (Green). do a prostatectomy,22782,current_public_raw_rows_not_exact_training_probability,0.19202611555171503,0.3454759200096645,0.0006238870700322136,4.13889171170184e-05,4.297490687532503e-05
cmr_versius:03,cmr_versius,cmr-surgical-60hz/prostatectomy,cmr_surgical/prostatectomy,CMR_STATE_PROMPT,1.6,19.2,arm left: 3. left instrument: Tool #18 (Pink). arm right: 2. right instrument: Tool #2 (Blue). do a prostatectomy,13775,current_public_raw_rows_not_exact_training_probability,0.19202611555171503,0.3454759200096645,0.0003772295843075122,2.5025561113463634e-05,2.5984520332174626e-05
cmr_versius:03,cmr_versius,cmr-surgical-60hz/prostatectomy,cmr_surgical/prostatectomy,CMR_STATE_PROMPT,1.6,19.2,arm left: 3. left instrument: Tool #2 (Pink). arm right: 2. right instrument: Tool #2 (Blue). do a prostatectomy,86643,current_public_raw_rows_not_exact_training_probability,0.19202611555171503,0.3454759200096645,0.002372726161390619,0.0001574076001128007,0.00016343933177064292
cmr_versius:03,cmr_versius,cmr-surgical-60hz/prostatectomy,cmr_surgical/prostatectomy,CMR_STATE_PROMPT,1.6,19.2,arm left: 3. left instrument: Tool #2 (Pink). arm right: 1. right instrument: Tool #0 (Green). do a prostatectomy,17234,current_public_raw_rows_not_exact_training_probability,0.19202611555171503,0.3454759200096645,0.00047195460297318805,3.130965664097512e-05,3.250941730705608e-05
cmr_versius:03,cmr_versius,cmr-surgical-60hz/prostatectomy,cmr_surgical/prostatectomy,CMR_STATE_PROMPT,1.6,19.2,arm left: 2. left instrument: Tool #13 (Pink). arm right: 3. right instrument: Tool #9 (Green). do a prostatectomy,8372,current_public_raw_rows_not_exact_training_probability,0.19202611555171503,0.3454759200096645,0.00022926795497803934,1.5209727596509441e-05,1.5792552030560143e-05
cmr_versius:03,cmr_versius,cmr-surgical-60hz/prostatectomy,cmr_surgical/prostatectomy,CMR_STATE_PROMPT,1.6,19.2,arm left: 2. left instrument: Tool #13 (Pink). arm right: 3. right instrument: Tool #2 (Green). do a prostatectomy,15252,current_public_raw_rows_not_exact_training_probability,0.19202611555171503,0.3454759200096645,0.0004176773589733703,2.7708882620874584e-05,2.8770664544923953e-05
cmr_versius:03,cmr_versius,cmr-surgical-60hz/prostatectomy,cmr_surgical/prostatectomy,CMR_STATE_PROMPT,1.6,19.2,arm left: 1. left instrument: Tool #1 (Blue). arm right: 0. right instrument: Tool #14 (White). do a prostatectomy,332,current_public_raw_rows_not_exact_training_probability,0.19202611555171503,0.3454759200096645,9.09184914628632e-06,6.031568994315737e-07,6.262693829605791e-07
cmr_versius:03,cmr_versius,cmr-surgical-60hz/prostatectomy,cmr_surgical/prostatectomy,CMR_STATE_PROMPT,1.6,19.2,arm left: 2. left instrument: Tool #13 (Pink). arm right: 0. right instrument: Tool #14 (White). do a prostatectomy,711,current_public_raw_rows_not_exact_training_probability,0.19202611555171503,0.3454759200096645,1.9470797418703533e-05,1.2917004683609905e-06,1.341197383388469e-06
cmr_versius:03,cmr_versius,cmr-surgical-60hz/prostatectomy,cmr_surgical/prostatectomy,CMR_STATE_PROMPT,1.6,19.2,arm left: 2. left instrument: Tool #13 (Pink). arm right: -1. right instrument: Tool #3 (None). do a prostatectomy,76,current_public_raw_rows_not_exact_training_probability,0.19202611555171503,0.3454759200096645,2.0812666720414467e-06,1.3807206131566144e-07,1.4336287079820485e-07
cmr_versius:03,cmr_versius,cmr-surgical-60hz/prostatectomy,cmr_surgical/prostatectomy,CMR_STATE_PROMPT,1.6,19.2,arm left: 1. left instrument: Tool #1 (Blue). arm right: 3. right instrument: Tool #2 (Green). do a prostatectomy,402,current_public_raw_rows_not_exact_training_probability,0.19202611555171503,0.3454759200096645,1.1008805291587652e-05,7.303285348538935e-07,7.583141323799783e-07
cmr_versius:03,cmr_versius,cmr-surgical-60hz/prostatectomy,cmr_surgical/prostatectomy,CMR_STATE_PROMPT,1.6,19.2,arm left: 2. left instrument: Tool #18 (Blue). arm right: 1. right instrument: Tool #0 (Pink). do a prostatectomy,22849,current_public_raw_rows_not_exact_training_probability,0.19202611555171503,0.3454759200096645,0.0006257218709141449,4.151063853949406e-05,4.310129256405504e-05
cmr_versius:03,cmr_versius,cmr-surgical-60hz/prostatectomy,cmr_surgical/prostatectomy,CMR_STATE_PROMPT,1.6,19.2,arm left: 2. left instrument: Tool #2 (Blue). arm right: 1. right instrument: Tool #0 (Pink). do a prostatectomy,4330,current_public_raw_rows_not_exact_training_probability,0.19202611555171503,0.3454759200096645,0.00011857743013078242,7.866474019694921e-06,8.167910928371406e-06
cmr_versius:03,cmr_versius,cmr-surgical-60hz/prostatectomy,cmr_surgical/prostatectomy,CMR_STATE_PROMPT,1.6,19.2,arm left: -1. left instrument: Tool #3 (None). arm right: 1. right instrument: Tool #0 (Pink). do a prostatectomy,5993,current_public_raw_rows_not_exact_training_probability,0.19202611555171503,0.3454759200096645,0.00016411883112558406,1.088770872979946e-05,1.1304916903863704e-05
cmr_versius:03,cmr_versius,cmr-surgical-60hz/prostatectomy,cmr_surgical/prostatectomy,CMR_STATE_PROMPT,1.6,19.2,arm left: 1. left instrument: Tool #2 (Blue). arm right: 2. right instrument: Tool #2 (Green). do a prostatectomy,179756,current_public_raw_rows_not_exact_training_probability,0.19202611555171503,0.3454759200096645,0.004922633840782661,0.00032656949281392153,0.00033908337109476457
cmr_versius:03,cmr_versius,cmr-surgical-60hz/prostatectomy,cmr_surgical/prostatectomy,CMR_STATE_PROMPT,1.6,19.2,arm left: 3. left instrument: Tool #0 (Orange). arm right: 2. right instrument: Tool #2 (Green). do a prostatectomy,1482,current_public_raw_rows_not_exact_training_probability,0.19202611555171503,0.3454759200096645,4.058470010480821e-05,2.6924051956553982e-06,2.7955759805649948e-06
cmr_versius:03,cmr_versius,cmr-surgical-60hz/prostatectomy,cmr_surgical/prostatectomy,CMR_STATE_PROMPT,1.6,19.2,arm left: 1. left instrument: Tool #18 (Blue). arm right: 2. right instrument: Tool #2 (Green). do a prostatectomy,26195,current_public_raw_rows_not_exact_training_probability,0.19202611555171503,0.3454759200096645,0.0007173523746595486,4.758944271268094e-05,4.9413031586302316e-05
cmr_versius:03,cmr_versius,cmr-surgical-60hz/prostatectomy,cmr_surgical/prostatectomy,CMR_STATE_PROMPT,1.6,19.2,arm left: 3. left instrument: Tool #0 (Orange). arm right: 2. right instrument: Tool #9 (Green). do a prostatectomy,51872,current_public_raw_rows_not_exact_training_probability,0.19202611555171503,0.3454759200096645,0.0014205192738438674,9.423781532323671e-05,9.784893202690107e-05
cmr_versius:03,cmr_versius,cmr-surgical-60hz/prostatectomy,cmr_surgical/prostatectomy,CMR_STATE_PROMPT,1.6,19.2,arm left: 1. left instrument: Tool #18 (Blue). arm right: 2. right instrument: Tool #9 (Green). do a prostatectomy,579272,current_public_raw_rows_not_exact_training_probability,0.19202611555171503,0.3454759200096645,0.015863414574299906,0.0010523852513479714,0.0010927118012239172
cmr_versius:03,cmr_versius,cmr-surgical-60hz/prostatectomy,cmr_surgical/prostatectomy,CMR_STATE_PROMPT,1.6,19.2,arm left: 1. left instrument: Tool #0 (Blue). arm right: 3. right instrument: Tool #9 (Green). do a prostatectomy,34465,current_public_raw_rows_not_exact_training_probability,0.19202611555171503,0.3454759200096645,0.000943827050683006,6.261386306900357e-05,6.501317555342276e-05
cmr_versius:03,cmr_versius,cmr-surgical-60hz/prostatectomy,cmr_surgical/prostatectomy,CMR_STATE_PROMPT,1.6,19.2,arm left: 2. left instrument: Tool #1 (Orange). arm right: 3. right instrument: Tool #9 (Green). do a prostatectomy,501153,current_public_raw_rows_not_exact_training_probability,0.19202611555171503,0.3454759200096645,0.01372411890123141,0.0009104635229543116,0.000945351747225431
cmr_versius:03,cmr_versius,cmr-surgical-60hz/prostatectomy,cmr_surgical/prostatectomy,CMR_STATE_PROMPT,1.6,19.2,arm left: 2. left instrument: Tool #2 (Orange). arm right: 3. right instrument: Tool #2 (Green). do a prostatectomy,205796,current_public_raw_rows_not_exact_training_probability,0.19202611555171503,0.3454759200096645,0.005635741526834757,0.0003738773411910245,0.0003882040178787811
cmr_versius:03,cmr_versius,cmr-surgical-60hz/prostatectomy,cmr_surgical/prostatectomy,CMR_STATE_PROMPT,1.6,19.2,arm left: 3. left instrument: Tool #18 (Orange). arm right: 2. right instrument: Tool #9 (Green). do a prostatectomy,180768,current_public_raw_rows_not_exact_training_probability,0.19202611555171503,0.3454759200096645,0.0049503475496261605,0.0003284080313145985,0.0003409923609006565
cmr_versius:03,cmr_versius,cmr-surgical-60hz/prostatectomy,cmr_surgical/prostatectomy,CMR_STATE_PROMPT,1.6,19.2,arm left: 3. left instrument: Tool #18 (Orange). arm right: 1. right instrument: Tool #0 (Blue). do a prostatectomy,17509,current_public_raw_rows_not_exact_training_probability,0.19202611555171503,0.3454759200096645,0.0004794855021154433,3.180925949441995e-05,3.302816453691801e-05
cmr_versius:03,cmr_versius,cmr-surgical-60hz/prostatectomy,cmr_surgical/prostatectomy,CMR_STATE_PROMPT,1.6,19.2,arm left: 3. left instrument: Tool #2 (Orange). arm right: 2. right instrument: Tool #2 (Green). do a prostatectomy,105566,current_public_raw_rows_not_exact_training_probability,0.19202611555171503,0.3454759200096645,0.002890934177641149,0.0001917857266427515,0.0001991348002458328
cmr_versius:03,cmr_versius,cmr-surgical-60hz/prostatectomy,cmr_surgical/prostatectomy,CMR_STATE_PROMPT,1.6,19.2,arm left: 1. left instrument: Tool #1 (Orange). arm right: 2. right instrument: Tool #0 (Green). do a prostatectomy,12435,current_public_raw_rows_not_exact_training_probability,0.19202611555171503,0.3454759200096645,0.0003405335666688867,2.2591132663950657e-05,2.34568065575747e-05
cmr_versius:03,cmr_versius,cmr-surgical-60hz/prostatectomy,cmr_surgical/prostatectomy,CMR_STATE_PROMPT,1.6,19.2,arm left: 1. left instrument: Tool #2 (Orange). arm right: 0. right instrument: Tool #14 (White). do a prostatectomy,206,current_public_raw_rows_not_exact_training_probability,0.19202611555171503,0.3454759200096645,5.6413280847439206e-06,3.7424795567139807e-07,3.885888340056605e-07
cmr_versius:03,cmr_versius,cmr-surgical-60hz/prostatectomy,cmr_surgical/prostatectomy,CMR_STATE_PROMPT,1.6,19.2,arm left: 2. left instrument: Tool #0 (Pink). arm right: -1. right instrument: Tool #3 (None). do a prostatectomy,5574,current_public_raw_rows_not_exact_training_probability,0.19202611555171503,0.3454759200096645,0.0001526444793415661,1.0126495654914433e-05,1.0514534760910446e-05
cmr_versius:03,cmr_versius,cmr-surgical-60hz/prostatectomy,cmr_surgical/prostatectomy,CMR_STATE_PROMPT,1.6,19.2,arm left: 2. left instrument: Tool #0 (Pink). arm right: 3. right instrument: Tool #9 (Green). do a prostatectomy,45946,current_public_raw_rows_not_exact_training_probability,0.19202611555171503,0.3454759200096645,0.0012582352436002146,8.34718280159129e-05,8.667040081176737e-05
cmr_versius:03,cmr_versius,cmr-surgical-60hz/prostatectomy,cmr_surgical/prostatectomy,CMR_STATE_PROMPT,1.6,19.2,arm left: -1. left instrument: Tool #3 (None). arm right: 3. right instrument: Tool #2 (Cyan). do a prostatectomy,2617,current_public_raw_rows_not_exact_training_probability,0.19202611555171503,0.3454759200096645,7.166677474647981e-05,4.754402427145868e-06,4.936587274722395e-06
cmr_versius:03,cmr_versius,cmr-surgical-60hz/prostatectomy,cmr_surgical/prostatectomy,CMR_STATE_PROMPT,1.6,19.2,arm left: 2. left instrument: Tool #2 (Orange). arm right: 3. right instrument: Tool #2 (Cyan). do a prostatectomy,43448,current_public_raw_rows_not_exact_training_probability,0.19202611555171503,0.3454759200096645,0.001189827294300747,7.893361736898498e-05,8.195828961105794e-05
cmr_versius:03,cmr_versius,cmr-surgical-60hz/prostatectomy,cmr_surgical/prostatectomy,CMR_STATE_PROMPT,1.6,19.2,arm left: 1. left instrument: Tool #0 (Green). arm right: 3. right instrument: Tool #2 (Cyan). do a prostatectomy,490,current_public_raw_rows_not_exact_training_probability,0.19202611555171503,0.3454759200096645,1.3418693017109327e-05,8.902014479562383e-07,9.243132459357944e-07
cmr_versius:03,cmr_versius,cmr-surgical-60hz/prostatectomy,cmr_surgical/prostatectomy,CMR_STATE_PROMPT,1.6,19.2,arm left: 2. left instrument: Tool #18 (Orange). arm right: 3. right instrument: Tool #9 (Cyan). do a prostatectomy,370961,current_public_raw_rows_not_exact_training_probability,0.19202611555171503,0.3454759200096645,0.01015879955167325,0.0006739388149699879,0.0006997636041338535
cmr_versius:03,cmr_versius,cmr-surgical-60hz/prostatectomy,cmr_surgical/prostatectomy,CMR_STATE_PROMPT,1.6,19.2,arm left: 1. left instrument: Tool #0 (Green). arm right: 3. right instrument: Tool #9 (Cyan). do a prostatectomy,41365,current_public_raw_rows_not_exact_training_probability,0.19202611555171503,0.3454759200096645,0.0011327841564341373,7.514935284634652e-05,7.802901513904926e-05
cmr_versius:03,cmr_versius,cmr-surgical-60hz/prostatectomy,cmr_surgical/prostatectomy,CMR_STATE_PROMPT,1.6,19.2,arm left: 1. left instrument: Tool #0 (Green). arm right: -1. right instrument: Tool #3 (None). do a prostatectomy,425,current_public_raw_rows_not_exact_training_probability,0.19202611555171503,0.3454759200096645,1.163866231075809e-05,7.721135007783698e-07,8.017002643320666e-07
cmr_versius:03,cmr_versius,cmr-surgical-60hz/prostatectomy,cmr_surgical/prostatectomy,CMR_STATE_PROMPT,1.6,19.2,arm left: 2. left instrument: Tool #1 (Pink). arm right: -1. right instrument: Tool #3 (None). do a prostatectomy,2340,current_public_raw_rows_not_exact_training_probability,0.19202611555171503,0.3454759200096645,6.408110542864453e-05,4.251166098403259e-06,4.414067337734201e-06
cmr_versius:03,cmr_versius,cmr-surgical-60hz/prostatectomy,cmr_surgical/prostatectomy,CMR_STATE_PROMPT,1.6,19.2,arm left: 3. left instrument: Tool #4 (Green). arm right: -1. right instrument: Tool #3 (None). do a prostatectomy,2656,current_public_raw_rows_not_exact_training_probability,0.19202611555171503,0.3454759200096645,7.273479317029055e-05,4.82525519545259e-06,5.010155063684633e-06
cmr_versius:03,cmr_versius,cmr-surgical-60hz/prostatectomy,cmr_surgical/prostatectomy,CMR_STATE_PROMPT,1.6,19.2,arm left: 2. left instrument: Tool #1 (Pink). arm right: 1. right instrument: Tool #9 (Blue). do a prostatectomy,280729,current_public_raw_rows_not_exact_training_probability,0.19202611555171503,0.3454759200096645,0.007687788310204253,0.00051001094343532,0.0005295541494251216
cmr_versius:03,cmr_versius,cmr-surgical-60hz/prostatectomy,cmr_surgical/prostatectomy,CMR_STATE_PROMPT,1.6,19.2,arm left: 3. left instrument: Tool #4 (Green). arm right: 1. right instrument: Tool #9 (Blue). do a prostatectomy,12638,current_public_raw_rows_not_exact_training_probability,0.19202611555171503,0.3454759200096645,0.0003460927394902605,2.2959930406675384e-05,2.3839736330890958e-05
cmr_versius:03,cmr_versius,cmr-surgical-60hz/prostatectomy,cmr_surgical/prostatectomy,CMR_STATE_PROMPT,1.6,19.2,arm left: 3. left instrument: Tool #4 (Green). arm right: 0. right instrument: Tool #14 (White). do a prostatectomy,155,current_public_raw_rows_not_exact_training_probability,0.19202611555171503,0.3454759200096645,4.24468860745295e-06,2.815943355779937e-07,2.923848022858125e-07
cmr_versius:03,cmr_versius,cmr-surgical-60hz/prostatectomy,cmr_surgical/prostatectomy,CMR_STATE_PROMPT,1.6,19.2,arm left: 2. left instrument: Tool #1 (Pink). arm right: 0. right instrument: Tool #14 (White). do a prostatectomy,576,current_public_raw_rows_not_exact_training_probability,0.19202611555171503,0.3454759200096645,1.5773810567050962e-05,1.0464408857608025e-06,1.086539652365342e-06
cmr_versius:03,cmr_versius,cmr-surgical-60hz/prostatectomy,cmr_surgical/prostatectomy,CMR_STATE_PROMPT,1.6,19.2,arm left: 3. left instrument: Tool #4 (Green). arm right: 1. right instrument: Tool #2 (Blue). do a prostatectomy,2942,current_public_raw_rows_not_exact_training_probability,0.19202611555171503,0.3454759200096645,8.056692827823599e-05,5.344842163035209e-06,5.549652182741034e-06
cmr_versius:03,cmr_versius,cmr-surgical-60hz/prostatectomy,cmr_surgical/prostatectomy,CMR_STATE_PROMPT,1.6,19.2,arm left: 2. left instrument: Tool #2 (Pink). arm right: 1. right instrument: Tool #2 (Blue). do a prostatectomy,79057,current_public_raw_rows_not_exact_training_probability,0.19202611555171503,0.3454759200096645,0.002164982885415535,0.00014362582830831905,0.00014912945364070634
cmr_versius:03,cmr_versius,cmr-surgical-60hz/prostatectomy,cmr_surgical/prostatectomy,CMR_STATE_PROMPT,1.6,19.2,arm left: 3. left instrument: Tool #18 (Pink). arm right: 2. right instrument: Tool #9 (Orange). do a prostatectomy,205355,current_public_raw_rows_not_exact_training_probability,0.19202611555171503,0.3454759200096645,0.005623664703119358,0.00037307615988786387,0.00038737213595743886
cmr_versius:03,cmr_versius,cmr-surgical-60hz/prostatectomy,cmr_surgical/prostatectomy,CMR_STATE_PROMPT,1.6,19.2,arm left: 3. left instrument: Tool #2 (Pink). arm right: 2. right instrument: Tool #2 (Orange). do a prostatectomy,83684,current_public_raw_rows_not_exact_training_probability,0.19202611555171503,0.3454759200096645,0.0022916936866199528,0.00015203187340973436,0.0001578576115773286
cmr_versius:03,cmr_versius,cmr-surgical-60hz/prostatectomy,cmr_surgical/prostatectomy,CMR_STATE_PROMPT,1.6,19.2,arm left: 1. left instrument: Tool #0 (Orange). arm right: 3. right instrument: Tool #2 (Blue). do a prostatectomy,192,current_public_raw_rows_not_exact_training_probability,0.19202611555171503,0.3454759200096645,5.257936855683654e-06,3.4881362858693416e-07,3.6217988412178066e-07
cmr_versius:03,cmr_versius,cmr-surgical-60hz/prostatectomy,cmr_surgical/prostatectomy,CMR_STATE_PROMPT,1.6,19.2,arm left: 2. left instrument: Tool #0 (Pink). arm right: 3. right instrument: Tool #9 (Blue). do a prostatectomy,20788,current_public_raw_rows_not_exact_training_probability,0.19202611555171503,0.3454759200096645,0.0005692812049789157,3.7766342245131185e-05,3.9213517870435295e-05
cmr_versius:03,cmr_versius,cmr-surgical-60hz/prostatectomy,cmr_surgical/prostatectomy,CMR_STATE_PROMPT,1.6,19.2,arm left: 2. left instrument: Tool #0 (Pink). arm right: 3. right instrument: Tool #2 (Blue). do a prostatectomy,23376,current_public_raw_rows_not_exact_training_probability,0.19202611555171503,0.3454759200096645,0.000640153812179485,4.246805928045924e-05,4.40954008918268e-05
cmr_versius:03,cmr_versius,cmr-surgical-60hz/prostatectomy,cmr_surgical/prostatectomy,CMR_STATE_PROMPT,1.6,19.2,arm left: 2. left instrument: Tool #0 (Pink). arm right: 0. right instrument: Tool #14 (White). do a prostatectomy,428,current_public_raw_rows_not_exact_training_probability,0.19202611555171503,0.3454759200096645,1.1720817574128147e-05,7.775637137250408e-07,8.073593250214695e-07
cmr_versius:03,cmr_versius,cmr-surgical-60hz/prostatectomy,cmr_surgical/prostatectomy,CMR_STATE_PROMPT,1.6,19.2,arm left: 2. left instrument: Tool #0 (Cyan). arm right: 3. right instrument: Tool #2 (Orange). do a prostatectomy,723,current_public_raw_rows_not_exact_training_probability,0.19202611555171503,0.3454759200096645,1.9799418472183763e-05,1.313501320147674e-06,1.3638336261460803e-06
cmr_versius:03,cmr_versius,cmr-surgical-60hz/prostatectomy,cmr_surgical/prostatectomy,CMR_STATE_PROMPT,1.6,19.2,arm left: 2. left instrument: Tool #0 (Cyan). arm right: 3. right instrument: Tool #9 (Orange). do a prostatectomy,37310,current_public_raw_rows_not_exact_training_probability,0.19202611555171503,0.3454759200096645,0.0010217376254456102,6.778248168009643e-05,7.037985144053978e-05
cmr_versius:03,cmr_versius,cmr-surgical-60hz/prostatectomy,cmr_surgical/prostatectomy,CMR_STATE_PROMPT,1.6,19.2,arm left: 1. left instrument: Tool #18 (Green). arm right: 3. right instrument: Tool #2 (Orange). do a prostatectomy,4702,current_public_raw_rows_not_exact_training_probability,0.19202611555171503,0.3454759200096645,0.0001287646827886695,8.542300425082107e-06,8.869634453857358e-06
cmr_versius:03,cmr_versius,cmr-surgical-60hz/prostatectomy,cmr_surgical/prostatectomy,CMR_STATE_PROMPT,1.6,19.2,arm left: 2. left instrument: Tool #18 (Orange). arm right: 1. right instrument: Tool #9 (Green). do a prostatectomy,164396,current_public_raw_rows_not_exact_training_probability,0.19202611555171503,0.3454759200096645,0.0045019988923279694,0.00029866440252696686,0.0003101089803650222
cmr_versius:03,cmr_versius,cmr-surgical-60hz/prostatectomy,cmr_surgical/prostatectomy,CMR_STATE_PROMPT,1.6,19.2,arm left: 3. left instrument: Tool #0 (Pink). arm right: 1. right instrument: Tool #9 (Green). do a prostatectomy,10406,current_public_raw_rows_not_exact_training_probability,0.19202611555171503,0.3454759200096645,0.00028496922354293805,1.8904971974352276e-05,1.9629395177975258e-05
cmr_versius:03,cmr_versius,cmr-surgical-60hz/prostatectomy,cmr_surgical/prostatectomy,CMR_STATE_PROMPT,1.6,19.2,arm left: -1. left instrument: Tool #3 (None). arm right: 3. right instrument: Tool #0 (Pink). do a prostatectomy,189,current_public_raw_rows_not_exact_training_probability,0.19202611555171503,0.3454759200096645,5.175781592313598e-06,3.4336341564026334e-07,3.5652082343237785e-07
cmr_versius:03,cmr_versius,cmr-surgical-60hz/prostatectomy,cmr_surgical/prostatectomy,CMR_STATE_PROMPT,1.6,19.2,arm left: 3. left instrument: Tool #0 (Pink). arm right: 1. right instrument: Tool #2 (Green). do a prostatectomy,4561,current_public_raw_rows_not_exact_training_probability,0.19202611555171503,0.3454759200096645,0.00012490338541027682,8.286140416588577e-06,8.603658601455425e-06
cmr_versius:03,cmr_versius,cmr-surgical-60hz/prostatectomy,cmr_surgical/prostatectomy,CMR_STATE_PROMPT,1.6,19.2,arm left: 3. left instrument: Tool #0 (Blue). arm right: 1. right instrument: Tool #2 (Green). do a prostatectomy,3427,current_public_raw_rows_not_exact_training_probability,0.19202611555171503,0.3454759200096645,9.384869585639522e-05,6.225959922746996e-06,6.4645336608611575e-06
cmr_versius:03,cmr_versius,cmr-surgical-60hz/prostatectomy,cmr_surgical/prostatectomy,CMR_STATE_PROMPT,1.6,19.2,arm left: 3. left instrument: Tool #2 (Blue). arm right: 2. right instrument: Tool #2 (Green). do a prostatectomy,55456,current_public_raw_rows_not_exact_training_probability,0.19202611555171503,0.3454759200096645,0.0015186674284832955,0.00010074900305685949,0.00010460962319717431
cmr_versius:03,cmr_versius,cmr-surgical-60hz/prostatectomy,cmr_surgical/prostatectomy,CMR_STATE_PROMPT,1.6,19.2,arm left: 1. left instrument: Tool #0 (Orange). arm right: 2. right instrument: Tool #2 (Green). do a prostatectomy,213,current_public_raw_rows_not_exact_training_probability,0.19202611555171503,0.3454759200096645,5.8330236992740545e-06,3.8696511921363013e-07,4.0179330894760046e-07
cmr_versius:03,cmr_versius,cmr-surgical-60hz/prostatectomy,cmr_surgical/prostatectomy,CMR_STATE_PROMPT,1.6,19.2,arm left: 3. left instrument: Tool #18 (Blue). arm right: 2. right instrument: Tool #2 (Green). do a prostatectomy,9714,current_public_raw_rows_not_exact_training_probability,0.19202611555171503,0.3454759200096645,0.0002660187427922449,1.76477895213202e-05,1.832403851228634e-05
cmr_versius:03,cmr_versius,cmr-surgical-60hz/prostatectomy,cmr_surgical/prostatectomy,CMR_STATE_PROMPT,1.6,19.2,arm left: 3. left instrument: Tool #18 (Blue). arm right: 2. right instrument: Tool #9 (Green). do a prostatectomy,196486,current_public_raw_rows_not_exact_training_probability,0.19202611555171503,0.3454759200096645,0.00538078635950968,0.000356963513679856,0.00037064206620600104
cmr_versius:03,cmr_versius,cmr-surgical-60hz/prostatectomy,cmr_surgical/prostatectomy,CMR_STATE_PROMPT,1.6,19.2,arm left: 1. left instrument: Tool #0 (Orange). arm right: 2. right instrument: Tool #9 (Green). do a prostatectomy,10574,current_public_raw_rows_not_exact_training_probability,0.19202611555171503,0.3454759200096645,0.00028956991829166124,1.9210183899365842e-05,1.9946302576581817e-05
cmr_versius:03,cmr_versius,cmr-surgical-60hz/prostatectomy,cmr_surgical/prostatectomy,CMR_STATE_PROMPT,1.6,19.2,arm left: 2. left instrument: Tool #18 (Green). arm right: 1. right instrument: Tool #9 (Orange). do a prostatectomy,190799,current_public_raw_rows_not_exact_training_probability,0.19202611555171503,0.3454759200096645,0.0052250473652478415,0.00034663172667061693,0.0003599143734924564
cmr_versius:03,cmr_versius,cmr-surgical-60hz/prostatectomy,cmr_surgical/prostatectomy,CMR_STATE_PROMPT,1.6,19.2,arm left: 3. left instrument: Tool #0 (Blue). arm right: 1. right instrument: Tool #9 (Orange). do a prostatectomy,12968,current_public_raw_rows_not_exact_training_probability,0.19202611555171503,0.3454759200096645,0.00035512981846096684,2.3559453830809178e-05,2.4462233006725267e-05
cmr_versius:03,cmr_versius,cmr-surgical-60hz/prostatectomy,cmr_surgical/prostatectomy,CMR_STATE_PROMPT,1.6,19.2,arm left: 2. left instrument: Tool #2 (Green). arm right: 1. right instrument: Tool #2 (Orange). do a prostatectomy,71549,current_public_raw_rows_not_exact_training_probability,0.19202611555171503,0.3454759200096645,0.001959375646288072,0.00012998576204045078,0.00013496671108869418
cmr_versius:03,cmr_versius,cmr-surgical-60hz/prostatectomy,cmr_surgical/prostatectomy,CMR_STATE_PROMPT,1.6,19.2,arm left: 3. left instrument: Tool #0 (Blue). arm right: 1. right instrument: Tool #2 (Orange). do a prostatectomy,4047,current_public_raw_rows_not_exact_training_probability,0.19202611555171503,0.3454759200096645,0.00011082745028620703,7.352337265058972e-06,7.634072870004408e-06
cmr_versius:03,cmr_versius,cmr-surgical-60hz/prostatectomy,cmr_surgical/prostatectomy,CMR_STATE_PROMPT,1.6,19.2,arm left: 1. left instrument: Tool #2 (Pink). arm right: 2. right instrument: Tool #2 (Orange). do a prostatectomy,210265,current_public_raw_rows_not_exact_training_probability,0.19202611555171503,0.3454759200096645,0.005758125484168352,0.0003819963417439152,0.0003966341319524282
cmr_versius:03,cmr_versius,cmr-surgical-60hz/prostatectomy,cmr_surgical/prostatectomy,CMR_STATE_PROMPT,1.6,19.2,arm left: 1. left instrument: Tool #18 (Pink). arm right: 2. right instrument: Tool #9 (Orange). do a prostatectomy,74440,current_public_raw_rows_not_exact_training_probability,0.19202611555171503,0.3454759200096645,0.0020385459350890167,0.0001352379505833926,0.00014042015923971537
cmr_versius:03,cmr_versius,cmr-surgical-60hz/prostatectomy,cmr_surgical/prostatectomy,CMR_STATE_PROMPT,1.6,19.2,arm left: 1. left instrument: Tool #0 (Pink). arm right: 3. right instrument: Tool #8 (Blue). do a prostatectomy,175333,current_public_raw_rows_not_exact_training_probability,0.19202611555171503,0.3454759200096645,0.0048015095974874075,0.00031853406219287984,0.0003307400292850217
cmr_versius:03,cmr_versius,cmr-surgical-60hz/prostatectomy,cmr_surgical/prostatectomy,CMR_STATE_PROMPT,1.6,19.2,arm left: 1. left instrument: Tool #0 (Pink). arm right: 2. right instrument: Tool #0 (Green). do a prostatectomy,53314,current_public_raw_rows_not_exact_training_probability,0.19202611555171503,0.3454759200096645,0.0014600085704370748,9.68575510129365e-05,0.0001005690538649407
cmr_versius:03,cmr_versius,cmr-surgical-60hz/prostatectomy,cmr_surgical/prostatectomy,CMR_STATE_PROMPT,1.6,19.2,arm left: -1. left instrument: Tool #3 (None). arm right: 3. right instrument: Tool #8 (Blue). do a prostatectomy,3185,current_public_raw_rows_not_exact_training_probability,0.19202611555171503,0.3454759200096645,8.722150461121063e-05,5.786309411715549e-06,6.008036098582664e-06
cmr_versius:03,cmr_versius,cmr-surgical-60hz/prostatectomy,cmr_surgical/prostatectomy,CMR_STATE_PROMPT,1.6,19.2,arm left: 2. left instrument: Tool #0 (Green). arm right: 3. right instrument: Tool #8 (Blue). do a prostatectomy,1361,current_public_raw_rows_not_exact_training_probability,0.19202611555171503,0.3454759200096645,3.7271104482215905e-05,2.472579940139674e-06,2.567327199425747e-06
cmr_versius:03,cmr_versius,cmr-surgical-60hz/prostatectomy,cmr_surgical/prostatectomy,CMR_STATE_PROMPT,1.6,19.2,arm left: 1. left instrument: Tool #0 (Pink). arm right: 0. right instrument: Tool #14 (White). do a prostatectomy,21811,current_public_raw_rows_not_exact_training_probability,0.19202611555171503,0.3454759200096645,0.0005972961497881052,3.9624864859945946e-05,4.114325756552166e-05
cmr_versius:03,cmr_versius,cmr-surgical-60hz/prostatectomy,cmr_surgical/prostatectomy,CMR_STATE_PROMPT,1.6,19.2,arm left: 3. left instrument: Tool #18 (Pink). arm right: 1. right instrument: Tool #9 (Blue). do a prostatectomy,246963,current_public_raw_rows_not_exact_training_probability,0.19202611555171503,0.3454759200096645,0.0067631034358864705,0.00044866697998289075,0.0004658595350123298
cmr_versius:03,cmr_versius,cmr-surgical-60hz/prostatectomy,cmr_surgical/prostatectomy,CMR_STATE_PROMPT,1.6,19.2,arm left: 3. left instrument: Tool #18 (Pink). arm right: 2. right instrument: Tool #0 (Green). do a prostatectomy,19919,current_public_raw_rows_not_exact_training_probability,0.19202611555171503,0.3454759200096645,0.0005454835636893891,3.618759722824553e-05,3.757427662407161e-05
cmr_versius:03,cmr_versius,cmr-surgical-60hz/prostatectomy,cmr_surgical/prostatectomy,CMR_STATE_PROMPT,1.6,19.2,arm left: 3. left instrument: Tool #2 (Pink). arm right: 1. right instrument: Tool #2 (Blue). do a prostatectomy,109547,current_public_raw_rows_not_exact_training_probability,0.19202611555171503,0.3454759200096645,0.002999954212133215,0.00019901815922298373,0.00020664437378067034
cmr_versius:03,cmr_versius,cmr-surgical-60hz/prostatectomy,cmr_surgical/prostatectomy,CMR_STATE_PROMPT,1.6,19.2,arm left: 3. left instrument: Tool #18 (Pink). arm right: 1. right instrument: Tool #2 (Blue). do a prostatectomy,2427,current_public_raw_rows_not_exact_training_probability,0.19202611555171503,0.3454759200096645,6.64636080663762e-05,4.409222273856715e-06,4.5781800977268845e-06
cmr_versius:03,cmr_versius,cmr-surgical-60hz/prostatectomy,cmr_surgical/prostatectomy,CMR_STATE_PROMPT,1.6,19.2,arm left: 2. left instrument: Tool #1 (Orange). arm right: 1. right instrument: Tool #0 (Blue). do a prostatectomy,19198,current_public_raw_rows_not_exact_training_probability,0.19202611555171503,0.3454759200096645,0.0005257389153927854,3.487772938339564e-05,3.62142157050518e-05
cmr_versius:03,cmr_versius,cmr-surgical-60hz/prostatectomy,cmr_surgical/prostatectomy,CMR_STATE_PROMPT,1.6,19.2,arm left: 2. left instrument: Tool #2 (Orange). arm right: 1. right instrument: Tool #0 (Blue). do a prostatectomy,228,current_public_raw_rows_not_exact_training_probability,0.19202611555171503,0.3454759200096645,6.24380001612434e-06,4.142161839469843e-07,4.300886123946145e-07
cmr_versius:03,cmr_versius,cmr-surgical-60hz/prostatectomy,cmr_surgical/prostatectomy,CMR_STATE_PROMPT,1.6,19.2,arm left: 2. left instrument: Tool #2 (Blue). arm right: 0. right instrument: Tool #14 (White). do a prostatectomy,1135,current_public_raw_rows_not_exact_training_probability,0.19202611555171503,0.3454759200096645,3.1082074641671606e-05,2.0619972314904703e-06,2.1410112941574016e-06
cmr_versius:03,cmr_versius,cmr-surgical-60hz/prostatectomy,cmr_surgical/prostatectomy,CMR_STATE_PROMPT,1.6,19.2,arm left: 3. left instrument: Tool #0 (Orange). arm right: 1. right instrument: Tool #9 (Blue). do a prostatectomy,25281,current_public_raw_rows_not_exact_training_probability,0.19202611555171503,0.3454759200096645,0.0006923224044194712,4.5928944501595226e-05,4.768890442959759e-05
cmr_versius:03,cmr_versius,cmr-surgical-60hz/prostatectomy,cmr_surgical/prostatectomy,CMR_STATE_PROMPT,1.6,19.2,arm left: 3. left instrument: Tool #0 (Orange). arm right: 1. right instrument: Tool #2 (Blue). do a prostatectomy,845,current_public_raw_rows_not_exact_training_probability,0.19202611555171503,0.3454759200096645,2.3140399182566083e-05,1.5351433133122884e-06,1.5939687608484618e-06
cmr_versius:03,cmr_versius,cmr-surgical-60hz/prostatectomy,cmr_surgical/prostatectomy,CMR_STATE_PROMPT,1.6,19.2,arm left: 3. left instrument: Tool #2 (Green). arm right: 1. right instrument: Tool #0 (Pink). do a prostatectomy,1485,current_public_raw_rows_not_exact_training_probability,0.19202611555171503,0.3454759200096645,4.0666855368178265e-05,2.697855408602069e-06,2.8012350412543974e-06
cmr_versius:03,cmr_versius,cmr-surgical-60hz/prostatectomy,cmr_surgical/prostatectomy,CMR_STATE_PROMPT,1.6,19.2,arm left: 3. left instrument: Tool #18 (Green). arm right: 1. right instrument: Tool #0 (Pink). do a prostatectomy,15765,current_public_raw_rows_not_exact_training_probability,0.19202611555171503,0.3454759200096645,0.00043172590900965004,2.8640869034755294e-05,2.973836392281183e-05
cmr_versius:03,cmr_versius,cmr-surgical-60hz/prostatectomy,cmr_surgical/prostatectomy,CMR_STATE_PROMPT,1.6,19.2,arm left: 3. left instrument: Tool #0 (Green). arm right: 1. right instrument: Tool #9 (Blue). do a prostatectomy,24218,current_public_raw_rows_not_exact_training_probability,0.19202611555171503,0.3454759200096645,0.000663212056098681,4.399775238082485e-05,4.568371059198585e-05
cmr_versius:03,cmr_versius,cmr-surgical-60hz/prostatectomy,cmr_surgical/prostatectomy,CMR_STATE_PROMPT,1.6,19.2,arm left: 2. left instrument: Tool #18 (Orange). arm right: 1. right instrument: Tool #9 (Blue). do a prostatectomy,231548,current_public_raw_rows_not_exact_training_probability,0.19202611555171503,0.3454759200096645,0.006340962307603327,0.00042066196912524703,0.0004367813948366149
cmr_versius:03,cmr_versius,cmr-surgical-60hz/prostatectomy,cmr_surgical/prostatectomy,CMR_STATE_PROMPT,1.6,19.2,arm left: 3. left instrument: Tool #0 (Green). arm right: 1. right instrument: Tool #2 (Blue). do a prostatectomy,550,current_public_raw_rows_not_exact_training_probability,0.19202611555171503,0.3454759200096645,1.5061798284510469e-05,9.992057068896553e-07,1.037494459723851e-06
cmr_versius:03,cmr_versius,cmr-surgical-60hz/prostatectomy,cmr_surgical/prostatectomy,CMR_STATE_PROMPT,1.6,19.2,arm left: 3. left instrument: Tool #0 (Cyan). arm right: 1. right instrument: Tool #9 (Blue). do a prostatectomy,20470,current_public_raw_rows_not_exact_training_probability,0.19202611555171503,0.3454759200096645,0.0005605727470616896,3.718861967278407e-05,3.861365743735859e-05
cmr_versius:03,cmr_versius,cmr-surgical-60hz/prostatectomy,cmr_surgical/prostatectomy,CMR_STATE_PROMPT,1.6,19.2,arm left: 3. left instrument: Tool #0 (Cyan). arm right: 1. right instrument: Tool #2 (Blue). do a prostatectomy,302,current_public_raw_rows_not_exact_training_probability,0.19202611555171503,0.3454759200096645,8.270296512585749e-06,5.486547699648653e-07,5.696787760665509e-07
cmr_versius:03,cmr_versius,cmr-surgical-60hz/prostatectomy,cmr_surgical/prostatectomy,CMR_STATE_PROMPT,1.6,19.2,arm left: 0. left instrument: Tool #17 (White). arm right: 1. right instrument: Tool #2 (Blue). do a prostatectomy,58699,current_public_raw_rows_not_exact_training_probability,0.19202611555171503,0.3454759200096645,0.0016074772681863273,0.00010664068325221066,0.00011072706780241876
cmr_versius:03,cmr_versius,cmr-surgical-60hz/prostatectomy,cmr_surgical/prostatectomy,CMR_STATE_PROMPT,1.6,19.2,arm left: 0. left instrument: Tool #17 (White). arm right: -1. right instrument: Tool #3 (None). do a prostatectomy,2227,current_public_raw_rows_not_exact_training_probability,0.19202611555171503,0.3454759200096645,6.0986590508372386e-05,4.045874744078658e-06,4.200909385100029e-06
cmr_versius:03,cmr_versius,cmr-surgical-60hz/prostatectomy,cmr_surgical/prostatectomy,CMR_STATE_PROMPT,1.6,19.2,arm left: 2. left instrument: Tool #0 (Cyan). arm right: 3. right instrument: Tool #9 (Green). do a prostatectomy,23368,current_public_raw_rows_not_exact_training_probability,0.19202611555171503,0.3454759200096645,0.0006399347314771647,4.245352537926811e-05,4.4080310063321716e-05
cmr_versius:03,cmr_versius,cmr-surgical-60hz/prostatectomy,cmr_surgical/prostatectomy,CMR_STATE_PROMPT,1.6,19.2,arm left: 2. left instrument: Tool #0 (Cyan). arm right: 3. right instrument: Tool #2 (Green). do a prostatectomy,255,current_public_raw_rows_not_exact_training_probability,0.19202611555171503,0.3454759200096645,6.983197386454853e-06,4.632681004670219e-07,4.810201585992399e-07
cmr_versius:03,cmr_versius,cmr-surgical-60hz/prostatectomy,cmr_surgical/prostatectomy,CMR_STATE_PROMPT,1.6,19.2,arm left: 3. left instrument: Tool #18 (Blue). arm right: 1. right instrument: Tool #2 (Orange). do a prostatectomy,1869,current_public_raw_rows_not_exact_training_probability,0.19202611555171503,0.3454759200096645,5.1182729079545575e-05,3.3954826657759373e-06,3.5255948094979587e-06
jhu_imerse_dvrk:00,jhu_imerse_dvrk,Surgical/JHU/LSCR/ARCADE/Cholecystectomy,jhu/lcsr/arcade/cholecystectomy,TASK_INDEX,2.9144,34.98,grasp,21548,current_public_raw_rows_not_exact_training_probability,0.3497755694774489,0.035507737042552556,0.11903591296037476,0.0014783949640373986,0.0015350458608237585
jhu_imerse_dvrk:00,jhu_imerse_dvrk,Surgical/JHU/LSCR/ARCADE/Cholecystectomy,jhu/lcsr/arcade/cholecystectomy,TASK_INDEX,2.9144,34.98,dissect,159473,current_public_raw_rows_not_exact_training_probability,0.3497755694774489,0.035507737042552556,0.8809640870396253,0.010941343980876931,0.011360607414291223
jhu_imerse_dvrk:01,jhu_imerse_dvrk,Surgical/JHU/LSCR/ARCADE/cautery,jhu/lcsr/arcade/cautery,TASK_INDEX,2.9144,34.98,nan,5288,current_public_raw_rows_not_exact_training_probability,0.3497755694774489,0.001037254868114848,1.0,0.00036280641218812713,0.00037670885984945397
jhu_imerse_dvrk:02,jhu_imerse_dvrk,Surgical/JHU/srth_porcine_chole_fix,jhu/imerse/srth_porcine_chole,TASK_INDEX,2.9144,34.98,clipping third clip right tube,133996,current_public_raw_rows_not_exact_training_probability,0.3497755694774489,0.3684516421109784,0.07133544471258145,0.00919338275483364,0.009545665730784312
jhu_imerse_dvrk:02,jhu_imerse_dvrk,Surgical/JHU/srth_porcine_chole_fix,jhu/imerse/srth_porcine_chole,TASK_INDEX,2.9144,34.98,going back first clip right tube,54919,current_public_raw_rows_not_exact_training_probability,0.3497755694774489,0.3684516421109784,0.02923722564979746,0.003767958651845642,0.003912343773462966
jhu_imerse_dvrk:02,jhu_imerse_dvrk,Surgical/JHU/srth_porcine_chole_fix,jhu/imerse/srth_porcine_chole,TASK_INDEX,2.9144,34.98,clipping first clip right tube,139154,current_public_raw_rows_not_exact_training_probability,0.3497755694774489,0.3684516421109784,0.07408140894903249,0.009547269947357535,0.009913113593701006
jhu_imerse_dvrk:02,jhu_imerse_dvrk,Surgical/JHU/srth_porcine_chole_fix,jhu/imerse/srth_porcine_chole,TASK_INDEX,2.9144,34.98,clipping first clip left tube,183911,current_public_raw_rows_not_exact_training_probability,0.3497755694774489,0.3684516421109784,0.09790869109925346,0.0126180200589884,0.013101532360774005
jhu_imerse_dvrk:02,jhu_imerse_dvrk,Surgical/JHU/srth_porcine_chole_fix,jhu/imerse/srth_porcine_chole,TASK_INDEX,2.9144,34.98,grabbing gallbladder,109002,current_public_raw_rows_not_exact_training_probability,0.3497755694774489,0.3684516421109784,0.05802939001582736,0.0074785598603120725,0.007765132212804498
jhu_imerse_dvrk:02,jhu_imerse_dvrk,Surgical/JHU/srth_porcine_chole_fix,jhu/imerse/srth_porcine_chole,TASK_INDEX,2.9144,34.98,clipping third clip left tube,182673,current_public_raw_rows_not_exact_training_probability,0.3497755694774489,0.3684516421109784,0.09724961709290868,0.012533081644032102,0.013013339174598963
jhu_imerse_dvrk:02,jhu_imerse_dvrk,Surgical/JHU/srth_porcine_chole_fix,jhu/imerse/srth_porcine_chole,TASK_INDEX,2.9144,34.98,going back third clip right tube,55907,current_public_raw_rows_not_exact_training_probability,0.3497755694774489,0.3684516421109784,0.029763207166977303,0.003835744721293802,0.003982727350151934
jhu_imerse_dvrk:02,jhu_imerse_dvrk,Surgical/JHU/srth_porcine_chole_fix,jhu/imerse/srth_porcine_chole,TASK_INDEX,2.9144,34.98,go back from the cut left tube,68858,current_public_raw_rows_not_exact_training_probability,0.3497755694774489,0.3684516421109784,0.03665793047567788,0.004724304827997364,0.004905336359968552
jhu_imerse_dvrk:02,jhu_imerse_dvrk,Surgical/JHU/srth_porcine_chole_fix,jhu/imerse/srth_porcine_chole,TASK_INDEX,2.9144,34.98,go to the cutting position right tube,126256,current_public_raw_rows_not_exact_training_probability,0.3497755694774489,0.3684516421109784,0.06721490124803489,0.008662346137901698,0.008994280221095436
jhu_imerse_dvrk:02,jhu_imerse_dvrk,Surgical/JHU/srth_porcine_chole_fix,jhu/imerse/srth_porcine_chole,TASK_INDEX,2.9144,34.98,go back from the cut right tube,51637,current_public_raw_rows_not_exact_training_probability,0.3497755694774489,0.3684516421109784,0.02748998745204012,0.0035427826600148114,0.003678539220129776
jhu_imerse_dvrk:02,jhu_imerse_dvrk,Surgical/JHU/srth_porcine_chole_fix,jhu/imerse/srth_porcine_chole,TASK_INDEX,2.9144,34.98,clipping second clip right tube,134294,current_public_raw_rows_not_exact_training_probability,0.3497755694774489,0.3684516421109784,0.07149409095966605,0.00921382835067934,0.009566894785291713
jhu_imerse_dvrk:02,jhu_imerse_dvrk,Surgical/JHU/srth_porcine_chole_fix,jhu/imerse/srth_porcine_chole,TASK_INDEX,2.9144,34.98,go to the cutting position left tube,166999,current_public_raw_rows_not_exact_training_probability,0.3497755694774489,0.3684516421109784,0.08890525039222356,0.011457698190053904,0.011896747898260016
jhu_imerse_dvrk:02,jhu_imerse_dvrk,Surgical/JHU/srth_porcine_chole_fix,jhu/imerse/srth_porcine_chole,TASK_INDEX,2.9144,34.98,going back third clip left tube,77746,current_public_raw_rows_not_exact_training_probability,0.3497755694774489,0.3684516421109784,0.041389634650469846,0.005334105015502673,0.005538503596417483
jhu_imerse_dvrk:02,jhu_imerse_dvrk,Surgical/JHU/srth_porcine_chole_fix,jhu/imerse/srth_porcine_chole,TASK_INDEX,2.9144,34.98,clipping second clip left tube,173842,current_public_raw_rows_not_exact_training_probability,0.3497755694774489,0.3684516421109784,0.09254825800564631,0.011927192191302647,0.012384232529112854
jhu_imerse_dvrk:02,jhu_imerse_dvrk,Surgical/JHU/srth_porcine_chole_fix,jhu/imerse/srth_porcine_chole,TASK_INDEX,2.9144,34.98,going back second clip left tube,78946,current_public_raw_rows_not_exact_training_probability,0.3497755694774489,0.3684516421109784,0.04202847859846156,0.005416436273941734,0.005623989721950643
jhu_imerse_dvrk:02,jhu_imerse_dvrk,Surgical/JHU/srth_porcine_chole_fix,jhu/imerse/srth_porcine_chole,TASK_INDEX,2.9144,34.98,going back first clip left tube,80186,current_public_raw_rows_not_exact_training_probability,0.3497755694774489,0.3684516421109784,0.04268861734471966,0.005501511907662096,0.005712325385001573
jhu_imerse_dvrk:02,jhu_imerse_dvrk,Surgical/JHU/srth_porcine_chole_fix,jhu/imerse/srth_porcine_chole,TASK_INDEX,2.9144,34.98,going back second clip right tube,60067,current_public_raw_rows_not_exact_training_probability,0.3497755694774489,0.3684516421109784,0.031977866186681914,0.004121159750549212,0.004279079252000218
jhu_imerse_dvrk:03,jhu_imerse_dvrk,Surgical/JHU/cao_cautery_combined,jhu/imerse/cao_cautery_combined,TASK_INDEX,2.9144,34.98,resect home out,45450,current_public_raw_rows_not_exact_training_probability,0.3497755694774489,0.010346656539962558,0.8616440433760522,0.0031182964133794214,0.0032377870045683975
jhu_imerse_dvrk:03,jhu_imerse_dvrk,Surgical/JHU/cao_cautery_combined,jhu/imerse/cao_cautery_combined,TASK_INDEX,2.9144,34.98,retract home in,6339,current_public_raw_rows_not_exact_training_probability,0.3497755694774489,0.010346656539962558,0.12017517251838933,0.00043491487270433784,0.0004515804581289125
jhu_imerse_dvrk:03,jhu_imerse_dvrk,Surgical/JHU/cao_cautery_combined,jhu/imerse/cao_cautery_combined,TASK_INDEX,2.9144,34.98,resect home in,959,current_public_raw_rows_not_exact_training_probability,0.3497755694774489,0.010346656539962558,0.018180784105558505,6.579639736921596e-05,6.831766198858292e-05
jhu_imerse_dvrk:05,jhu_imerse_dvrk,Surgical/JHU/srt_needle_pickup+handover,jhu/imerse/srt_needle_pickup_handover,TASK_INDEX,2.9144,34.98,pick up the needle and hand it to the other arm,58305,current_public_raw_rows_not_exact_training_probability,0.3497755694774489,0.011436676453372962,1.0,0.004000270019407858,0.004153557124342363
jhu_imerse_dvrk:07,jhu_imerse_dvrk,Surgical/JHU/srt_tissue_lift,jhu/imerse/srt_tissue_lift,TASK_INDEX,2.9144,34.98,lift the tissue,27487,current_public_raw_rows_not_exact_training_probability,0.3497755694774489,0.005391646096798946,1.0,0.0018858660839287161,0.001958130943774951
jhu_imerse_dvrk:09,jhu_imerse_dvrk,Surgical/JHU/Imerse/Wound_Closure/point_labeled,jhu/imerse/wound_closure/point_labeled/fausto_0_1_jesse_0_1_2_labeled,TASK_INDEX,2.9144,34.98,Wound Closure,1883971,current_public_raw_rows_not_exact_training_probability,0.3497755694774489,0.3695457812286684,1.0,0.12925808607724623,0.13421115117235924
jhu_imerse_dvrk:10,jhu_imerse_dvrk,Surgical/JHU/suturebot,jhu/imerse/suturebot,TASK_INDEX,2.9144,34.98,knot tying,238484,current_public_raw_rows_not_exact_training_probability,0.3497755694774489,0.10128024869009304,0.4618793261725937,0.01636223986465078,0.016989227634708243
jhu_imerse_dvrk:10,jhu_imerse_dvrk,Surgical/JHU/suturebot,jhu/imerse/suturebot,TASK_INDEX,2.9144,34.98,needle pickup,114731,current_public_raw_rows_not_exact_training_probability,0.3497755694774489,0.10128024869009304,0.22220307010578425,0.007871623009976554,0.008173257223787388
jhu_imerse_dvrk:10,jhu_imerse_dvrk,Surgical/JHU/suturebot,jhu/imerse/suturebot,TASK_INDEX,2.9144,34.98,needle throw,163119,current_public_raw_rows_not_exact_training_probability,0.3497755694774489,0.10128024869009304,0.31591760372162203,0.011191493787767608,0.011620342759036137
jhu_imerse_dvrk:11,jhu_imerse_dvrk,Surgical/JHU/Imerse/NephFat_extracted/nephfat,jhu/imerse/nephfat/nephfat,TASK_INDEX,2.9144,34.98,scissors placing,176509,current_public_raw_rows_not_exact_training_probability,0.3497755694774489,0.09700235696945826,0.3569263434608968,0.012110173413183462,0.012574225443110303
jhu_imerse_dvrk:11,jhu_imerse_dvrk,Surgical/JHU/Imerse/NephFat_extracted/nephfat,jhu/imerse/nephfat/nephfat,TASK_INDEX,2.9144,34.98,cut,89681,current_public_raw_rows_not_exact_training_probability,0.3497755694774489,0.09700235696945826,0.18134775794954755,0.006152957990061165,0.006388734353282695
jhu_imerse_dvrk:11,jhu_imerse_dvrk,Surgical/JHU/Imerse/NephFat_extracted/nephfat,jhu/imerse/nephfat/nephfat,TASK_INDEX,2.9144,34.98,flap grasp,219846,current_public_raw_rows_not_exact_training_probability,0.3497755694774489,0.09700235696945826,0.44455993124715637,0.015083498202328105,0.0156614856283024
jhu_imerse_dvrk:11,jhu_imerse_dvrk,Surgical/JHU/Imerse/NephFat_extracted/nephfat,jhu/imerse/nephfat/nephfat,TASK_INDEX,2.9144,34.98,remove cap,8489,current_public_raw_rows_not_exact_training_probability,0.3497755694774489,0.09700235696945826,0.017165967342399273,0.0005824250440743215,0.0006047430997091557
jhu_imerse_dvrk_mono:00,jhu_imerse_dvrk_mono,Surgical/JHU/suturebot,jhu/imerse/suturebot,TASK_INDEX,0.3102,3.72,knot tying,238484,current_public_raw_rows_not_exact_training_probability,0.03722906315258875,1.0,0.4618793261725937,0.017195334602954627,0.017854245888162618
jhu_imerse_dvrk_mono:00,jhu_imerse_dvrk_mono,Surgical/JHU/suturebot,jhu/imerse/suturebot,TASK_INDEX,0.3102,3.72,needle pickup,114731,current_public_raw_rows_not_exact_training_probability,0.03722906315258875,1.0,0.22220307010578425,0.008272412129667346,0.008589404257706117
jhu_imerse_dvrk_mono:00,jhu_imerse_dvrk_mono,Surgical/JHU/suturebot,jhu/imerse/suturebot,TASK_INDEX,0.3102,3.72,needle throw,163119,current_public_raw_rows_not_exact_training_probability,0.03722906315258875,1.0,0.31591760372162203,0.011761316419966772,0.012212000532661303
jhu_lscr_dvrk_smarts:00,jhu_lscr_dvrk_smarts,Surgical/JHU/LSCR/SMARTS/offline_recorder_extracted/offline_data_part1,jhu/lcsr/smarts/SurgSync-stitch-coldcut/P1,TASK_INDEX,0.0619,0.74,perform a simple interrupted stitch on ex-vivo tissue (occasionally on silicon suturing training phantom) ; without cutting the suture thread tail at the end,27880,current_public_raw_rows_not_exact_training_probability,0.0074290103454069745,0.5155447706867266,0.5249086869751854,0.0020103936756121956,0.002087430331842429
jhu_lscr_dvrk_smarts:00,jhu_lscr_dvrk_smarts,Surgical/JHU/LSCR/SMARTS/offline_recorder_extracted/offline_data_part1,jhu/lcsr/smarts/SurgSync-stitch-coldcut/P1,TASK_INDEX,0.0619,0.74,perform cold-cut dissection on ex-vivo tissue by cutting along pre-defined traces using non-energy surigal instruments,25234,current_public_raw_rows_not_exact_training_probability,0.0074290103454069745,0.5155447706867266,0.47509131302481455,0.0018195937593399622,0.0018893191174215154
jhu_lscr_dvrk_smarts:01,jhu_lscr_dvrk_smarts,Surgical/JHU/LSCR/SMARTS/offline_recorder_extracted/offline_data_part2,jhu/lcsr/smarts/SurgSync-stitch-coldcut/P2,TASK_INDEX,0.0619,0.74,perform cold-cut dissection on ex-vivo tissue by cutting along pre-defined traces using non-energy surigal instruments,17893,current_public_raw_rows_not_exact_training_probability,0.0074290103454069745,0.3147391409851978,0.5518102757046814,0.0012902429712241398,0.001339684036142632
jhu_lscr_dvrk_smarts:01,jhu_lscr_dvrk_smarts,Surgical/JHU/LSCR/SMARTS/offline_recorder_extracted/offline_data_part2,jhu/lcsr/smarts/SurgSync-stitch-coldcut/P2,TASK_INDEX,0.0619,0.74,perform a simple interrupted stitch on ex-vivo tissue (occasionally on silicon suturing training phantom) ; without cutting the suture thread tail at the end,12414,current_public_raw_rows_not_exact_training_probability,0.0074290103454069745,0.3147391409851978,0.3828409301178067,0.0008951587908554446,0.0009294605501969838
jhu_lscr_dvrk_smarts:01,jhu_lscr_dvrk_smarts,Surgical/JHU/LSCR/SMARTS/offline_recorder_extracted/offline_data_part2,jhu/lcsr/smarts/SurgSync-stitch-coldcut/P2,TASK_INDEX,0.0619,0.74,perform cold-cut dissection to partially peel skin from the underlying fat layer using non-energy instruments,2119,current_public_raw_rows_not_exact_training_probability,0.0074290103454069745,0.3147391409851978,0.06534879417751187,0.00015279857240395415,0.0001586536898555992
jhu_lscr_dvrk_smarts:02,jhu_lscr_dvrk_smarts,Surgical/JHU/LSCR/SMARTS/offline_recorder_extracted/offline_data_part3,jhu/lcsr/smarts/SurgSync-stitch-coldcut/P3,TASK_INDEX,0.0619,0.74,perform cold-cut dissection on ex-vivo tissue by cutting along pre-defined traces using non-energy surigal instruments,6767,current_public_raw_rows_not_exact_training_probability,0.0074290103454069745,0.16971608832807572,0.38701744352301976,0.0004879603300885125,0.0005066585744468335
jhu_lscr_dvrk_smarts:02,jhu_lscr_dvrk_smarts,Surgical/JHU/LSCR/SMARTS/offline_recorder_extracted/offline_data_part3,jhu/lcsr/smarts/SurgSync-stitch-coldcut/P3,TASK_INDEX,0.0619,0.74,perform a simple interrupted stitch on ex-vivo tissue (occasionally on silicon suturing training phantom) ; without cutting the suture thread tail at the end,10718,current_public_raw_rows_not_exact_training_probability,0.0074290103454069745,0.16971608832807572,0.6129825564769803,0.000772862245882766,0.000802477700742007
stanford_dvrk_real:00,stanford_dvrk_real,Surgical/Stanford/Collaborative Haptics and Robotics in Medicine Lab/Real Robot (dVRK)/Needle Transfer,stanford/collaborative_haptics_and_robotics_in_medicine_lab/real_robot_dvrk/needle_transfer,TASK_INDEX,0.5253,6.3,Needle Transfer,313882,current_public_raw_rows_not_exact_training_probability,0.06304457406207244,0.3589532464888837,1.0,0.022630054533089774,0.023497219881193146
stanford_dvrk_real:01,stanford_dvrk_real,Surgical/Stanford/Collaborative Haptics and Robotics in Medicine Lab/Real Robot (dVRK)/Tissue Retraction,stanford/collaborative_haptics_and_robotics_in_medicine_lab/real_robot_dvrk/tissue_retraction,TASK_INDEX,0.5253,6.3,Tissue Retraction,291826,current_public_raw_rows_not_exact_training_probability,0.06304457406207244,0.3337301600915789,1.0,0.02103987579464084,0.02184610678232288
stanford_dvrk_real:02,stanford_dvrk_real,Surgical/Stanford/Collaborative Haptics and Robotics in Medicine Lab/Real Robot (dVRK)/Peg Transfer,stanford/collaborative_haptics_and_robotics_in_medicine_lab/real_robot_dvrk/peg_transfer,TASK_INDEX,0.5253,6.3,Peg Transfer,268729,current_public_raw_rows_not_exact_training_probability,0.06304457406207244,0.3073165934195374,1.0,0.019374643734341827,0.02011706437913978
obuda_dvrk:00,obuda_dvrk,Surgical/Obuda/FRS_Dome_1,obuda/frs_dome_1,TASK_INDEX,0.6949,8.34,Knot tying,56520,current_public_raw_rows_not_exact_training_probability,0.08339934231055422,0.12194000411428019,0.400629439033726,0.0040742876740941444,0.0042304110755650975
obuda_dvrk:00,obuda_dvrk,Surgical/Obuda/FRS_Dome_1,obuda/frs_dome_1,TASK_INDEX,0.6949,8.34,Suturing,84558,current_public_raw_rows_not_exact_training_probability,0.08339934231055422,0.12194000411428019,0.599370560966274,0.006095428470383098,0.006329000349038102
obuda_dvrk:01,obuda_dvrk,Surgical/Obuda/NeedleThreading_1,obuda/needlethreading_1,TASK_INDEX,0.6949,8.34,NeedleThreading,103067,current_public_raw_rows_not_exact_training_probability,0.08339934231055422,0.08908540243019121,1.0,0.007429663972148995,0.007714362673837012
obuda_dvrk:02,obuda_dvrk,Surgical/Obuda/PegTransfer_1,obuda/pegtransfer_1,TASK_INDEX,0.6949,8.34,Peg Transfer,134832,current_public_raw_rows_not_exact_training_probability,0.08339934231055422,0.11654130789163884,1.0,0.009719468430174481,0.010091910582813043
obuda_dvrk:03,obuda_dvrk,Surgical/Obuda/Rollercoaster_1,obuda/rollercoaster_1,TASK_INDEX,0.6949,8.34,Rollercoaster,130268,current_public_raw_rows_not_exact_training_probability,0.08339934231055422,0.11259643924608409,1.0,0.00939046897963369,0.009750304139980789
obuda_dvrk:04,obuda_dvrk,Surgical/Obuda/Seaspike_1,obuda/seaspike_1,TASK_INDEX,0.6949,8.34,Seaspike,89269,current_public_raw_rows_not_exact_training_probability,0.08339934231055422,0.07715917596845488,1.0,0.006435024528993458,0.006681609453372624
obuda_dvrk:05,obuda_dvrk,Surgical/Obuda/NeedleThreading_2,obuda/needlethreading_2,TASK_INDEX,0.6949,8.34,NeedleThreading,102221,current_public_raw_rows_not_exact_training_probability,0.08339934231055422,0.08835416691876717,1.0,0.007368679411422109,0.007651041234170911
obuda_dvrk:06,obuda_dvrk,Surgical/Obuda/PegTransfer_2,obuda/pegtransfer_2,TASK_INDEX,0.6949,8.34,PegTransfer,78140,current_public_raw_rows_not_exact_training_probability,0.08339934231055422,0.06753988518046651,1.0,0.005632782003781255,0.005848625644809922
obuda_dvrk:07,obuda_dvrk,Surgical/Obuda/Pork_1,obuda/pork_1,TASK_INDEX,0.6949,8.34,Dissection,165486,current_public_raw_rows_not_exact_training_probability,0.08339934231055422,0.14303692652898234,1.0,0.011929185598640193,0.012386302322203923
obuda_dvrk:08,obuda_dvrk,Surgical/Obuda/Seaspike_2,obuda/seaspike_2,TASK_INDEX,0.6949,8.34,Seaspike,67658,current_public_raw_rows_not_exact_training_probability,0.08339934231055422,0.05847982533324805,1.0,0.004877178971228975,0.0050640685164646745
obuda_dvrk:09,obuda_dvrk,Surgical/Obuda/Seaspike_3,obuda/seaspike_3,TASK_INDEX,0.6949,8.34,Seaspike,102948,current_public_raw_rows_not_exact_training_probability,0.08339934231055422,0.0889825454256292,1.0,0.00742108576561649,0.007705455757382797
obuda_dvrk:10,obuda_dvrk,Surgical/Obuda/Skinphantom_1,obuda/skinphantom_1,TASK_INDEX,0.6949,8.34,NeedleInsertion,9338,current_public_raw_rows_not_exact_training_probability,0.08339934231055422,0.03628432096225753,0.2224445556111389,0.0006731369126095387,0.0006989309735248917
obuda_dvrk:10,obuda_dvrk,Surgical/Obuda/Skinphantom_1,obuda/skinphantom_1,TASK_INDEX,0.6949,8.34,SuturePulling,9463,current_public_raw_rows_not_exact_training_probability,0.08339934231055422,0.03628432096225753,0.2254222349269873,0.0006821476337571283,0.0007082869782036892
obuda_dvrk:10,obuda_dvrk,Surgical/Obuda/Skinphantom_1,obuda/skinphantom_1,TASK_INDEX,0.6949,8.34,DoubleKnot,10824,current_public_raw_rows_not_exact_training_probability,0.08339934231055422,0.03628432096225753,0.2578432073179447,0.0007802563656120847,0.0008101551571464369
obuda_dvrk:10,obuda_dvrk,Surgical/Obuda/Skinphantom_1,obuda/skinphantom_1,TASK_INDEX,0.6949,8.34,SingleKnot,12354,current_public_raw_rows_not_exact_training_probability,0.08339934231055422,0.03628432096225753,0.2942900021439291,0.0008905475924585822,0.0009246726544149189
rob_surgical_bitrack:00,rob_surgical_bitrack,Surgical/Rob Surgical/all_merged_data,rob_surgical/all_merged_data,ROB_TOOL_PROMPT,0.6031,7.24,left tool: mono_hook. right tool: none. aux tool: bi_maryland_forceps. The surgery process is a hemicolectomy.,1911,current_public_raw_rows_not_exact_training_probability,0.07238184393077458,1.0,0.001903600704063306,0.00013778612906802283,0.00014306598185858413
rob_surgical_bitrack:00,rob_surgical_bitrack,Surgical/Rob Surgical/all_merged_data,rob_surgical/all_merged_data,ROB_TOOL_PROMPT,0.6031,7.24,left tool: mono_hook. right tool: forceps. aux tool: bi_maryland_forceps. The surgery process is a hemicolectomy.,10340,current_public_raw_rows_not_exact_training_probability,0.07238184393077458,1.0,0.010299964039777385,0.0007455303896197571,0.0007740985098994033
rob_surgical_bitrack:00,rob_surgical_bitrack,Surgical/Rob Surgical/all_merged_data,rob_surgical/all_merged_data,ROB_TOOL_PROMPT,0.6031,7.24,left tool: mono_hook. right tool: forceps. aux tool: bi_maryland_forceps. The surgery process is a hemicolectomy.Identify the inferior mesenteric artery and vein,14400,current_public_raw_rows_not_exact_training_probability,0.07238184393077458,1.0,0.014344243923867926,0.0010382628250023699,0.0010780482149469446
rob_surgical_bitrack:00,rob_surgical_bitrack,Surgical/Rob Surgical/all_merged_data,rob_surgical/all_merged_data,ROB_TOOL_PROMPT,0.6031,7.24,left tool: mono_hook. right tool: forceps. aux tool: bi_maryland_forceps. The surgery process is a hemicolectomy.Artery coagulation,1410,current_public_raw_rows_not_exact_training_probability,0.07238184393077458,1.0,0.0014045405508787345,0.00010166323494814871,0.000105558887713555
rob_surgical_bitrack:00,rob_surgical_bitrack,Surgical/Rob Surgical/all_merged_data,rob_surgical/all_merged_data,ROB_TOOL_PROMPT,0.6031,7.24,left tool: mono_hook. right tool: forceps. aux tool: bi_maryland_forceps. The surgery process is a hemicolectomy.Resect the lymphatic tissue around the mesenteric artery and vein,49710,current_public_raw_rows_not_exact_training_probability,0.07238184393077458,1.0,0.0495175253788524,0.003584169793810264,0.0037215122753480982
rob_surgical_bitrack:00,rob_surgical_bitrack,Surgical/Rob Surgical/all_merged_data,rob_surgical/all_merged_data,ROB_TOOL_PROMPT,0.6031,7.24,left tool: mono_hook. right tool: forceps. aux tool: bi_maryland_forceps. The surgery process is a hemicolectomy.Dissection and staple of the mesocolon while separating it from the retroperitoneum,14303,current_public_raw_rows_not_exact_training_probability,0.07238184393077458,1.0,0.01424761950299187,0.0010312689712506176,0.001070786362387927
rob_surgical_bitrack:00,rob_surgical_bitrack,Surgical/Rob Surgical/all_merged_data,rob_surgical/all_merged_data,ROB_TOOL_PROMPT,0.6031,7.24,left tool: mono_hook. right tool: none. aux tool: bi_maryland_forceps. The surgery process is a hemicolectomy.Dissection and staple of the mesocolon while separating it from the retroperitoneum,577,current_public_raw_rows_not_exact_training_probability,0.07238184393077458,1.0,0.0005747658850049856,4.16026145851644e-05,4.31967930572491e-05
rob_surgical_bitrack:00,rob_surgical_bitrack,Surgical/Rob Surgical/all_merged_data,rob_surgical/all_merged_data,ROB_TOOL_PROMPT,0.6031,7.24,left tool: mono_hook. right tool: forceps. aux tool: bi_maryland_forceps. The surgery process is a hemicolectomy.Preparing the colon part for anastomosis,2328,current_public_raw_rows_not_exact_training_probability,0.07238184393077458,1.0,0.0023189861010253147,0.0001678524900420498,0.00017428446141642273
rob_surgical_bitrack:00,rob_surgical_bitrack,Surgical/Rob Surgical/all_merged_data,rob_surgical/all_merged_data,ROB_TOOL_PROMPT,0.6031,7.24,left tool: none. right tool: forceps. aux tool: bi_maryland_forceps. The surgery process is a hemicolectomy.Preparing the colon part for anastomosis,400,current_public_raw_rows_not_exact_training_probability,0.07238184393077458,1.0,0.0003984512201074424,2.8840634027843605e-05,2.994578374852624e-05
rob_surgical_bitrack:00,rob_surgical_bitrack,Surgical/Rob Surgical/all_merged_data,rob_surgical/all_merged_data,ROB_TOOL_PROMPT,0.6031,7.24,left tool: bi_maryland_forceps. right tool: forceps. aux tool: bi_maryland_forceps. The surgery process is a hemicolectomy.Preparing the colon part for anastomosis,23972,current_public_raw_rows_not_exact_training_probability,0.07238184393077458,1.0,0.02387918162103902,0.0017284191972886673,0.0017946508200491777
rob_surgical_bitrack:00,rob_surgical_bitrack,Surgical/Rob Surgical/all_merged_data,rob_surgical/all_merged_data,ROB_TOOL_PROMPT,0.6031,7.24,left tool: bi_maryland_forceps. right tool: forceps. aux tool: bi_maryland_forceps. The surgery process is a hemicolectomy.Create the first penetrating hole inside the colon for anastomosis,311,current_public_raw_rows_not_exact_training_probability,0.07238184393077458,1.0,0.00030979582363353645,2.2423592956648404e-05,2.3282846864479152e-05
rob_surgical_bitrack:00,rob_surgical_bitrack,Surgical/Rob Surgical/all_merged_data,rob_surgical/all_merged_data,ROB_TOOL_PROMPT,0.6031,7.24,left tool: none. right tool: forceps. aux tool: bi_maryland_forceps. The surgery process is a hemicolectomy.Create the first penetrating hole inside the colon for anastomosis,387,current_public_raw_rows_not_exact_training_probability,0.07238184393077458,1.0,0.0003855015554539505,2.7903313421938688e-05,2.8972545776699137e-05
rob_surgical_bitrack:00,rob_surgical_bitrack,Surgical/Rob Surgical/all_merged_data,rob_surgical/all_merged_data,ROB_TOOL_PROMPT,0.6031,7.24,left tool: mono_hook. right tool: forceps. aux tool: bi_maryland_forceps. The surgery process is a hemicolectomy.Create the first penetrating hole inside the colon for anastomosis,2302,current_public_raw_rows_not_exact_training_probability,0.07238184393077458,1.0,0.002293086771718331,0.00016597784883023994,0.0001723379854727685
rob_surgical_bitrack:00,rob_surgical_bitrack,Surgical/Rob Surgical/all_merged_data,rob_surgical/all_merged_data,ROB_TOOL_PROMPT,0.6031,7.24,left tool: mono_hook. right tool: forceps. aux tool: bi_maryland_forceps. The surgery process is a hemicolectomy.Create the second penetrating hole inside the colon for anastomosis,3030,current_public_raw_rows_not_exact_training_probability,0.07238184393077458,1.0,0.003018267992313876,0.0002184678027609153,0.00022683931189508626
rob_surgical_bitrack:00,rob_surgical_bitrack,Surgical/Rob Surgical/all_merged_data,rob_surgical/all_merged_data,ROB_TOOL_PROMPT,0.6031,7.24,left tool: none. right tool: forceps. aux tool: bi_maryland_forceps. The surgery process is a hemicolectomy.,16379,current_public_raw_rows_not_exact_training_probability,0.07238184393077458,1.0,0.016315581335349497,0.001180951861855126,0.0012262049800427783
rob_surgical_bitrack:00,rob_surgical_bitrack,Surgical/Rob Surgical/all_merged_data,rob_surgical/all_merged_data,ROB_TOOL_PROMPT,0.6031,7.24,left tool: none. right tool: forceps. aux tool: bi_maryland_forceps. The surgery process is a hemicolectomy.Lateral to lateral approximation,6270,current_public_raw_rows_not_exact_training_probability,0.07238184393077458,1.0,0.006245722875184159,0.0004520769383864485,0.0004694001602581488
rob_surgical_bitrack:00,rob_surgical_bitrack,Surgical/Rob Surgical/all_merged_data,rob_surgical/all_merged_data,ROB_TOOL_PROMPT,0.6031,7.24,left tool: forceps. right tool: forceps. aux tool: bi_maryland_forceps. The surgery process is a hemicolectomy.,4249,current_public_raw_rows_not_exact_training_probability,0.07238184393077458,1.0,0.004232548085591307,0.0003063596349607687,0.00031809908786872
rob_surgical_bitrack:00,rob_surgical_bitrack,Surgical/Rob Surgical/all_merged_data,rob_surgical/all_merged_data,ROB_TOOL_PROMPT,0.6031,7.24,left tool: forceps. right tool: forceps. aux tool: bi_maryland_forceps. The surgery process is a hemicolectomy.Suturing,157783,current_public_raw_rows_not_exact_training_probability,0.07238184393077458,1.0,0.15717207215553144,0.011376404397038119,0.011812338992984289
rob_surgical_bitrack:00,rob_surgical_bitrack,Surgical/Rob Surgical/all_merged_data,rob_surgical/all_merged_data,ROB_TOOL_PROMPT,0.6031,7.24,left tool: forceps. right tool: forceps. aux tool: bi_maryland_forceps. The surgery process is a hemicolectomy.SuturingPause in the surgery,51900,current_public_raw_rows_not_exact_training_probability,0.07238184393077458,1.0,0.05169904580894065,0.0037420722651127078,0.0038854654413712796
rob_surgical_bitrack:00,rob_surgical_bitrack,Surgical/Rob Surgical/all_merged_data,rob_surgical/all_merged_data,ROB_TOOL_PROMPT,0.6031,7.24,left tool: forceps. right tool: none. aux tool: bi_maryland_forceps. The surgery process is a hemicolectomy.Suturing,2822,current_public_raw_rows_not_exact_training_probability,0.07238184393077458,1.0,0.002811073357858006,0.00020347067306643665,0.00021126750434585263
rob_surgical_bitrack:00,rob_surgical_bitrack,Surgical/Rob Surgical/all_merged_data,rob_surgical/all_merged_data,ROB_TOOL_PROMPT,0.6031,7.24,left tool: none. right tool: forceps. aux tool: bi_maryland_forceps. The surgery process is a hemicolectomy.Suturing,5174,current_public_raw_rows_not_exact_training_probability,0.07238184393077458,1.0,0.0051539665320897675,0.0003730536011501571,0.00038734871278718695
rob_surgical_bitrack:00,rob_surgical_bitrack,Surgical/Rob Surgical/all_merged_data,rob_surgical/all_merged_data,ROB_TOOL_PROMPT,0.6031,7.24,left tool: none. right tool: forceps. aux tool: none. The surgery process is a hemicolectomy.,532,current_public_raw_rows_not_exact_training_probability,0.07238184393077458,1.0,0.0005299401227428983,3.835804325703199e-05,3.98278923855399e-05
rob_surgical_bitrack:00,rob_surgical_bitrack,Surgical/Rob Surgical/all_merged_data,rob_surgical/all_merged_data,ROB_TOOL_PROMPT,0.6031,7.24,left tool: none. right tool: none. aux tool: none. The surgery process is a hemicolectomy.,8677,current_public_raw_rows_not_exact_training_probability,0.07238184393077458,1.0,0.008643403092180693,0.0006256254536489974,0.0006495989139649054
rob_surgical_bitrack:00,rob_surgical_bitrack,Surgical/Rob Surgical/all_merged_data,rob_surgical/all_merged_data,ROB_TOOL_PROMPT,0.6031,7.24,left tool: mono_hook. right tool: bi_maryland_forceps. aux tool: bi_maryland_forceps. The surgery process is a hemicolectomy.,3963,current_public_raw_rows_not_exact_training_probability,0.07238184393077458,1.0,0.003947655463214485,0.0002857385816308605,0.0002966878524885237
rob_surgical_bitrack:00,rob_surgical_bitrack,Surgical/Rob Surgical/all_merged_data,rob_surgical/all_merged_data,ROB_TOOL_PROMPT,0.6031,7.24,left tool: mono_hook. right tool: bi_maryland_forceps. aux tool: bi_maryland_forceps. The surgery process is a hemicolectomy.Identify the inferior mesenteric artery and vein,13920,current_public_raw_rows_not_exact_training_probability,0.07238184393077458,1.0,0.013866102459738995,0.0010036540641689576,0.0010421132744487132
rob_surgical_bitrack:00,rob_surgical_bitrack,Surgical/Rob Surgical/all_merged_data,rob_surgical/all_merged_data,ROB_TOOL_PROMPT,0.6031,7.24,left tool: mono_hook. right tool: bi_maryland_forceps. aux tool: bi_maryland_forceps. The surgery process is a hemicolectomy.Identify the inferior mesenteric artery and veinArtery coagulation,2,current_public_raw_rows_not_exact_training_probability,0.07238184393077458,1.0,1.992256100537212e-06,1.4420317013921804e-07,1.497289187426312e-07
rob_surgical_bitrack:00,rob_surgical_bitrack,Surgical/Rob Surgical/all_merged_data,rob_surgical/all_merged_data,ROB_TOOL_PROMPT,0.6031,7.24,left tool: mono_hook. right tool: bi_maryland_forceps. aux tool: bi_maryland_forceps. The surgery process is a hemicolectomy.Artery coagulation,17848,current_public_raw_rows_not_exact_training_probability,0.07238184393077458,1.0,0.01777889344119408,0.0012868690903223817,0.0013361808708592408
rob_surgical_bitrack:00,rob_surgical_bitrack,Surgical/Rob Surgical/all_merged_data,rob_surgical/all_merged_data,ROB_TOOL_PROMPT,0.6031,7.24,left tool: mono_hook. right tool: bi_maryland_forceps. aux tool: bi_maryland_forceps. The surgery process is a hemicolectomy.Artery coagulationResect the lymphatic tissue around the mesenteric artery and vein,2,current_public_raw_rows_not_exact_training_probability,0.07238184393077458,1.0,1.992256100537212e-06,1.4420317013921804e-07,1.497289187426312e-07
rob_surgical_bitrack:00,rob_surgical_bitrack,Surgical/Rob Surgical/all_merged_data,rob_surgical/all_merged_data,ROB_TOOL_PROMPT,0.6031,7.24,left tool: mono_hook. right tool: bi_maryland_forceps. aux tool: bi_maryland_forceps. The surgery process is a hemicolectomy.Resect the lymphatic tissue around the mesenteric artery and vein,6508,current_public_raw_rows_not_exact_training_probability,0.07238184393077458,1.0,0.006482801351148087,0.00046923711563301543,0.0004872179015885219
rob_surgical_bitrack:00,rob_surgical_bitrack,Surgical/Rob Surgical/all_merged_data,rob_surgical/all_merged_data,ROB_TOOL_PROMPT,0.6031,7.24,left tool: mono_hook. right tool: bi_maryland_forceps. aux tool: bi_maryland_forceps. The surgery process is a hemicolectomy.Resect the lymphatic tissue around the mesenteric artery and veinDissection and staple of the mesocolon while separating it from the retroperitoneum,2,current_public_raw_rows_not_exact_training_probability,0.07238184393077458,1.0,1.992256100537212e-06,1.4420317013921804e-07,1.497289187426312e-07
rob_surgical_bitrack:00,rob_surgical_bitrack,Surgical/Rob Surgical/all_merged_data,rob_surgical/all_merged_data,ROB_TOOL_PROMPT,0.6031,7.24,left tool: mono_hook. right tool: bi_maryland_forceps. aux tool: bi_maryland_forceps. The surgery process is a hemicolectomy.Dissection and staple of the mesocolon while separating it from the retroperitoneum,4888,current_public_raw_rows_not_exact_training_probability,0.07238184393077458,1.0,0.004869073909712945,0.0003524325478202488,0.0003659374774069906
rob_surgical_bitrack:00,rob_surgical_bitrack,Surgical/Rob Surgical/all_merged_data,rob_surgical/all_merged_data,ROB_TOOL_PROMPT,0.6031,7.24,left tool: mono_hook. right tool: bi_maryland_forceps. aux tool: bi_maryland_forceps. The surgery process is a hemicolectomy.Dissection and staple of the mesocolon while separating it from the retroperitoneumPreparing the colon part for anastomosis,2,current_public_raw_rows_not_exact_training_probability,0.07238184393077458,1.0,1.992256100537212e-06,1.4420317013921804e-07,1.497289187426312e-07
rob_surgical_bitrack:00,rob_surgical_bitrack,Surgical/Rob Surgical/all_merged_data,rob_surgical/all_merged_data,ROB_TOOL_PROMPT,0.6031,7.24,left tool: mono_hook. right tool: bi_maryland_forceps. aux tool: bi_maryland_forceps. The surgery process is a hemicolectomy.Preparing the colon part for anastomosis,4408,current_public_raw_rows_not_exact_training_probability,0.07238184393077458,1.0,0.004390932445584015,0.00031782378698683655,0.0003300025369087592
rob_surgical_bitrack:00,rob_surgical_bitrack,Surgical/Rob Surgical/all_merged_data,rob_surgical/all_merged_data,ROB_TOOL_PROMPT,0.6031,7.24,left tool: mono_hook. right tool: bi_maryland_forceps. aux tool: bi_maryland_forceps. The surgery process is a hemicolectomy.Preparing the colon part for anastomosisCreate the first penetrating hole inside the colon for anastomosis,2,current_public_raw_rows_not_exact_training_probability,0.07238184393077458,1.0,1.992256100537212e-06,1.4420317013921804e-07,1.497289187426312e-07
rob_surgical_bitrack:00,rob_surgical_bitrack,Surgical/Rob Surgical/all_merged_data,rob_surgical/all_merged_data,ROB_TOOL_PROMPT,0.6031,7.24,left tool: mono_hook. right tool: bi_maryland_forceps. aux tool: bi_maryland_forceps. The surgery process is a hemicolectomy.Create the first penetrating hole inside the colon for anastomosis,11968,current_public_raw_rows_not_exact_training_probability,0.07238184393077458,1.0,0.011921660505614676,0.0008629117701130807,0.0008959778497559051
rob_surgical_bitrack:00,rob_surgical_bitrack,Surgical/Rob Surgical/all_merged_data,rob_surgical/all_merged_data,ROB_TOOL_PROMPT,0.6031,7.24,left tool: mono_hook. right tool: bi_maryland_forceps. aux tool: bi_maryland_forceps. The surgery process is a hemicolectomy.Create the first penetrating hole inside the colon for anastomosisCreate the second penetrating hole inside the colon for anastomosis,2,current_public_raw_rows_not_exact_training_probability,0.07238184393077458,1.0,1.992256100537212e-06,1.4420317013921804e-07,1.497289187426312e-07
rob_surgical_bitrack:00,rob_surgical_bitrack,Surgical/Rob Surgical/all_merged_data,rob_surgical/all_merged_data,ROB_TOOL_PROMPT,0.6031,7.24,left tool: mono_hook. right tool: bi_maryland_forceps. aux tool: bi_maryland_forceps. The surgery process is a hemicolectomy.Create the second penetrating hole inside the colon for anastomosis,4768,current_public_raw_rows_not_exact_training_probability,0.07238184393077458,1.0,0.0047495385436807135,0.0003437803576118958,0.0003569537422824328
rob_surgical_bitrack:00,rob_surgical_bitrack,Surgical/Rob Surgical/all_merged_data,rob_surgical/all_merged_data,ROB_TOOL_PROMPT,0.6031,7.24,left tool: mono_hook. right tool: bi_maryland_forceps. aux tool: bi_maryland_forceps. The surgery process is a hemicolectomy.Create the second penetrating hole inside the colon for anastomosisLateral to lateral approximation,2,current_public_raw_rows_not_exact_training_probability,0.07238184393077458,1.0,1.992256100537212e-06,1.4420317013921804e-07,1.497289187426312e-07
rob_surgical_bitrack:00,rob_surgical_bitrack,Surgical/Rob Surgical/all_merged_data,rob_surgical/all_merged_data,ROB_TOOL_PROMPT,0.6031,7.24,left tool: mono_hook. right tool: bi_maryland_forceps. aux tool: bi_maryland_forceps. The surgery process is a hemicolectomy.Lateral to lateral approximation,7383,current_public_raw_rows_not_exact_training_probability,0.07238184393077458,1.0,0.007354413395133118,0.0005323260025689233,0.000552724303538423
rob_surgical_bitrack:00,rob_surgical_bitrack,Surgical/Rob Surgical/all_merged_data,rob_surgical/all_merged_data,ROB_TOOL_PROMPT,0.6031,7.24,left tool: none. right tool: bi_maryland_forceps. aux tool: bi_maryland_forceps. The surgery process is a hemicolectomy.Lateral to lateral approximation,1287,current_public_raw_rows_not_exact_training_probability,0.07238184393077458,1.0,0.001282016800695696,9.279473998458681e-05,9.635055921088319e-05
rob_surgical_bitrack:00,rob_surgical_bitrack,Surgical/Rob Surgical/all_merged_data,rob_surgical/all_merged_data,ROB_TOOL_PROMPT,0.6031,7.24,left tool: none. right tool: bi_maryland_forceps. aux tool: bi_maryland_forceps. The surgery process is a hemicolectomy.,3588,current_public_raw_rows_not_exact_training_probability,0.07238184393077458,1.0,0.003574107444363758,0.00025870048722975714,0.0002686136802242804
rob_surgical_bitrack:00,rob_surgical_bitrack,Surgical/Rob Surgical/all_merged_data,rob_surgical/all_merged_data,ROB_TOOL_PROMPT,0.6031,7.24,left tool: none. right tool: bi_maryland_forceps. aux tool: none. The surgery process is a hemicolectomy.,2596,current_public_raw_rows_not_exact_training_probability,0.07238184393077458,1.0,0.002585948418497301,0.00018717571484070498,0.00019434813652793528
rob_surgical_bitrack:00,rob_surgical_bitrack,Surgical/Rob Surgical/all_merged_data,rob_surgical/all_merged_data,ROB_TOOL_PROMPT,0.6031,7.24,left tool: forceps. right tool: bi_maryland_forceps. aux tool: none. The surgery process is a hemicolectomy.,355,current_public_raw_rows_not_exact_training_probability,0.07238184393077458,1.0,0.0003536254578453551,2.55960626997112e-05,2.6576883076817038e-05
rob_surgical_bitrack:00,rob_surgical_bitrack,Surgical/Rob Surgical/all_merged_data,rob_surgical/all_merged_data,ROB_TOOL_PROMPT,0.6031,7.24,left tool: forceps. right tool: bi_maryland_forceps. aux tool: forceps. The surgery process is a hemicolectomy.,1984,current_public_raw_rows_not_exact_training_probability,0.07238184393077458,1.0,0.0019763180517329143,0.0001430495447781043,0.00014853108739269015
rob_surgical_bitrack:00,rob_surgical_bitrack,Surgical/Rob Surgical/all_merged_data,rob_surgical/all_merged_data,ROB_TOOL_PROMPT,0.6031,7.24,left tool: forceps. right tool: bi_maryland_forceps. aux tool: forceps. The surgery process is a hemicolectomy.Suturing,104430,current_public_raw_rows_not_exact_training_probability,0.07238184393077458,1.0,0.10402565228955052,0.007529568528819269,0.007818095492146487
rob_surgical_bitrack:00,rob_surgical_bitrack,Surgical/Rob Surgical/all_merged_data,rob_surgical/all_merged_data,ROB_TOOL_PROMPT,0.6031,7.24,left tool: forceps. right tool: bi_maryland_forceps. aux tool: bi_maryland_forceps. The surgery process is a hemicolectomy.,1312,current_public_raw_rows_not_exact_training_probability,0.07238184393077458,1.0,0.001306920001952411,9.459727961132703e-05,9.822217069516607e-05
rob_surgical_bitrack:00,rob_surgical_bitrack,Surgical/Rob Surgical/all_merged_data,rob_surgical/all_merged_data,ROB_TOOL_PROMPT,0.6031,7.24,left tool: none. right tool: none. aux tool: none. The surgery process is a hysterectomy.Urinary bladder mobilization,3900,current_public_raw_rows_not_exact_training_probability,0.07238184393077458,1.0,0.003884899396047563,0.00028119618177147515,0.00029197139154813086
rob_surgical_bitrack:00,rob_surgical_bitrack,Surgical/Rob Surgical/all_merged_data,rob_surgical/all_merged_data,ROB_TOOL_PROMPT,0.6031,7.24,left tool: none. right tool: none. aux tool: none. The surgery process is a hysterectomy.Urinary bladder mobilizationIdentification of uterus and ovaries,1,current_public_raw_rows_not_exact_training_probability,0.07238184393077458,1.0,9.96128050268606e-07,7.210158506960902e-08,7.48644593713156e-08
rob_surgical_bitrack:00,rob_surgical_bitrack,Surgical/Rob Surgical/all_merged_data,rob_surgical/all_merged_data,ROB_TOOL_PROMPT,0.6031,7.24,left tool: none. right tool: none. aux tool: none. The surgery process is a hysterectomy.Identification of uterus and ovaries,317,current_public_raw_rows_not_exact_training_probability,0.07238184393077458,1.0,0.00031577259193514806,2.2856202467066055e-05,2.3732033620707044e-05
rob_surgical_bitrack:00,rob_surgical_bitrack,Surgical/Rob Surgical/all_merged_data,rob_surgical/all_merged_data,ROB_TOOL_PROMPT,0.6031,7.24,left tool: none. right tool: none. aux tool: mono_round_scissors. The surgery process is a hysterectomy.Identification of uterus and ovaries,2022,current_public_raw_rows_not_exact_training_probability,0.07238184393077458,1.0,0.0020141709176431212,0.00014578940501074942,0.00015137593684880015
rob_surgical_bitrack:00,rob_surgical_bitrack,Surgical/Rob Surgical/all_merged_data,rob_surgical/all_merged_data,ROB_TOOL_PROMPT,0.6031,7.24,left tool: none. right tool: none. aux tool: mono_round_scissors. The surgery process is a hysterectomy.Identification of uterus and ovariesCoagulation and dissection of the ovarian vessels,1,current_public_raw_rows_not_exact_training_probability,0.07238184393077458,1.0,9.96128050268606e-07,7.210158506960902e-08,7.48644593713156e-08
rob_surgical_bitrack:00,rob_surgical_bitrack,Surgical/Rob Surgical/all_merged_data,rob_surgical/all_merged_data,ROB_TOOL_PROMPT,0.6031,7.24,left tool: none. right tool: none. aux tool: mono_round_scissors. The surgery process is a hysterectomy.Coagulation and dissection of the ovarian vessels,32,current_public_raw_rows_not_exact_training_probability,0.07238184393077458,1.0,3.187609760859539e-05,2.3072507222274886e-06,2.3956626998820994e-06
rob_surgical_bitrack:00,rob_surgical_bitrack,Surgical/Rob Surgical/all_merged_data,rob_surgical/all_merged_data,ROB_TOOL_PROMPT,0.6031,7.24,left tool: bi_maryland_forceps. right tool: none. aux tool: mono_round_scissors. The surgery process is a hysterectomy.Coagulation and dissection of the ovarian vessels,1520,current_public_raw_rows_not_exact_training_probability,0.07238184393077458,1.0,0.001514114636408281,0.0001095944093058057,0.00011379397824439971
rob_surgical_bitrack:00,rob_surgical_bitrack,Surgical/Rob Surgical/all_merged_data,rob_surgical/all_merged_data,ROB_TOOL_PROMPT,0.6031,7.24,left tool: bi_maryland_forceps. right tool: bi_maryland_forceps. aux tool: mono_round_scissors. The surgery process is a hysterectomy.Coagulation and dissection of the ovarian vessels,6067,current_public_raw_rows_not_exact_training_probability,0.07238184393077458,1.0,0.0060435088809796325,0.0004374403166173179,0.0004542026750057718
rob_surgical_bitrack:00,rob_surgical_bitrack,Surgical/Rob Surgical/all_merged_data,rob_surgical/all_merged_data,ROB_TOOL_PROMPT,0.6031,7.24,left tool: bi_maryland_forceps. right tool: bi_maryland_forceps. aux tool: mono_round_scissors. The surgery process is a hysterectomy.Coagulation and dissection of the ovarian vesselsError: Surgeon cut an artery/vessel,1,current_public_raw_rows_not_exact_training_probability,0.07238184393077458,1.0,9.96128050268606e-07,7.210158506960902e-08,7.48644593713156e-08
rob_surgical_bitrack:00,rob_surgical_bitrack,Surgical/Rob Surgical/all_merged_data,rob_surgical/all_merged_data,ROB_TOOL_PROMPT,0.6031,7.24,left tool: bi_maryland_forceps. right tool: bi_maryland_forceps. aux tool: mono_round_scissors. The surgery process is a hysterectomy.Error: Surgeon cut an artery/vessel,4139,current_public_raw_rows_not_exact_training_probability,0.07238184393077458,1.0,0.00412297400006176,0.00029842846060311175,0.00030986399733787533
rob_surgical_bitrack:00,rob_surgical_bitrack,Surgical/Rob Surgical/all_merged_data,rob_surgical/all_merged_data,ROB_TOOL_PROMPT,0.6031,7.24,left tool: bi_maryland_forceps. right tool: bi_maryland_forceps. aux tool: mono_round_scissors. The surgery process is a hysterectomy.Error: Surgeon cut an artery/vesselDissection of the broad ligament,1,current_public_raw_rows_not_exact_training_probability,0.07238184393077458,1.0,9.96128050268606e-07,7.210158506960902e-08,7.48644593713156e-08
rob_surgical_bitrack:00,rob_surgical_bitrack,Surgical/Rob Surgical/all_merged_data,rob_surgical/all_merged_data,ROB_TOOL_PROMPT,0.6031,7.24,left tool: bi_maryland_forceps. right tool: bi_maryland_forceps. aux tool: mono_round_scissors. The surgery process is a hysterectomy.Dissection of the broad ligament,9299,current_public_raw_rows_not_exact_training_probability,0.07238184393077458,1.0,0.009262994739447767,0.0006704726395622943,0.0006961646076938639
rob_surgical_bitrack:00,rob_surgical_bitrack,Surgical/Rob Surgical/all_merged_data,rob_surgical/all_merged_data,ROB_TOOL_PROMPT,0.6031,7.24,left tool: bi_maryland_forceps. right tool: bi_maryland_forceps. aux tool: mono_round_scissors. The surgery process is a hysterectomy.Dissection of the broad ligamentPelvic lymphadenectomy,1,current_public_raw_rows_not_exact_training_probability,0.07238184393077458,1.0,9.96128050268606e-07,7.210158506960902e-08,7.48644593713156e-08
rob_surgical_bitrack:00,rob_surgical_bitrack,Surgical/Rob Surgical/all_merged_data,rob_surgical/all_merged_data,ROB_TOOL_PROMPT,0.6031,7.24,left tool: bi_maryland_forceps. right tool: bi_maryland_forceps. aux tool: mono_round_scissors. The surgery process is a hysterectomy.Pelvic lymphadenectomy,35098,current_public_raw_rows_not_exact_training_probability,0.07238184393077458,1.0,0.03496210230832753,0.002530621432773137,0.0026275927950144347
rob_surgical_bitrack:00,rob_surgical_bitrack,Surgical/Rob Surgical/all_merged_data,rob_surgical/all_merged_data,ROB_TOOL_PROMPT,0.6031,7.24,left tool: bi_maryland_forceps. right tool: bi_maryland_forceps. aux tool: mono_round_scissors. The surgery process is a hysterectomy.Pelvic lymphadenectomyCoagulation of the utterine vessels,1,current_public_raw_rows_not_exact_training_probability,0.07238184393077458,1.0,9.96128050268606e-07,7.210158506960902e-08,7.48644593713156e-08
rob_surgical_bitrack:00,rob_surgical_bitrack,Surgical/Rob Surgical/all_merged_data,rob_surgical/all_merged_data,ROB_TOOL_PROMPT,0.6031,7.24,left tool: bi_maryland_forceps. right tool: bi_maryland_forceps. aux tool: mono_round_scissors. The surgery process is a hysterectomy.Coagulation of the utterine vessels,14699,current_public_raw_rows_not_exact_training_probability,0.07238184393077458,1.0,0.014642086210898238,0.0010598211989381828,0.0011004326882989679
rob_surgical_bitrack:00,rob_surgical_bitrack,Surgical/Rob Surgical/all_merged_data,rob_surgical/all_merged_data,ROB_TOOL_PROMPT,0.6031,7.24,left tool: bi_maryland_forceps. right tool: bi_maryland_forceps. aux tool: mono_round_scissors. The surgery process is a hysterectomy.Coagulation of the utterine vesselsPelvic lymphadenectomy,1,current_public_raw_rows_not_exact_training_probability,0.07238184393077458,1.0,9.96128050268606e-07,7.210158506960902e-08,7.48644593713156e-08
rob_surgical_bitrack:00,rob_surgical_bitrack,Surgical/Rob Surgical/all_merged_data,rob_surgical/all_merged_data,ROB_TOOL_PROMPT,0.6031,7.24,left tool: bi_maryland_forceps. right tool: bi_maryland_forceps. aux tool: mono_round_scissors. The surgery process is a hysterectomy.Pelvic lymphadenectomyDissection of the vesicouterine fold,1,current_public_raw_rows_not_exact_training_probability,0.07238184393077458,1.0,9.96128050268606e-07,7.210158506960902e-08,7.48644593713156e-08
rob_surgical_bitrack:00,rob_surgical_bitrack,Surgical/Rob Surgical/all_merged_data,rob_surgical/all_merged_data,ROB_TOOL_PROMPT,0.6031,7.24,left tool: bi_maryland_forceps. right tool: bi_maryland_forceps. aux tool: mono_round_scissors. The surgery process is a hysterectomy.Dissection of the vesicouterine fold,2999,current_public_raw_rows_not_exact_training_probability,0.07238184393077458,1.0,0.0029873880227555493,0.00021623265362375743,0.0002245185136545755
rob_surgical_bitrack:00,rob_surgical_bitrack,Surgical/Rob Surgical/all_merged_data,rob_surgical/all_merged_data,ROB_TOOL_PROMPT,0.6031,7.24,left tool: bi_maryland_forceps. right tool: bi_maryland_forceps. aux tool: mono_round_scissors. The surgery process is a hysterectomy.Dissection of the vesicouterine foldUterus neck dissection,1,current_public_raw_rows_not_exact_training_probability,0.07238184393077458,1.0,9.96128050268606e-07,7.210158506960902e-08,7.48644593713156e-08
rob_surgical_bitrack:00,rob_surgical_bitrack,Surgical/Rob Surgical/all_merged_data,rob_surgical/all_merged_data,ROB_TOOL_PROMPT,0.6031,7.24,left tool: bi_maryland_forceps. right tool: bi_maryland_forceps. aux tool: mono_round_scissors. The surgery process is a hysterectomy.Uterus neck dissection,13980,current_public_raw_rows_not_exact_training_probability,0.07238184393077458,1.0,0.013925870142755111,0.001007980159273134,0.001046605142010992
rob_surgical_bitrack:00,rob_surgical_bitrack,Surgical/Rob Surgical/all_merged_data,rob_surgical/all_merged_data,ROB_TOOL_PROMPT,0.6031,7.24,left tool: bi_maryland_forceps. right tool: bi_maryland_forceps. aux tool: mono_round_scissors. The surgery process is a hysterectomy.,10169,current_public_raw_rows_not_exact_training_probability,0.07238184393077458,1.0,0.010129626143181454,0.000733201018572854,0.0007612966873469083
rob_surgical_bitrack:00,rob_surgical_bitrack,Surgical/Rob Surgical/all_merged_data,rob_surgical/all_merged_data,ROB_TOOL_PROMPT,0.6031,7.24,left tool: bi_maryland_forceps. right tool: bi_maryland_forceps. aux tool: mono_round_scissors. The surgery process is a hysterectomy.Suturing the uterus stump,5745,current_public_raw_rows_not_exact_training_probability,0.07238184393077458,1.0,0.005722755648793141,0.0004142236062249038,0.00043009631908820815
rob_surgical_bitrack:00,rob_surgical_bitrack,Surgical/Rob Surgical/all_merged_data,rob_surgical/all_merged_data,ROB_TOOL_PROMPT,0.6031,7.24,left tool: bi_maryland_forceps. right tool: none. aux tool: mono_round_scissors. The surgery process is a hysterectomy.Suturing the uterus stump,262,current_public_raw_rows_not_exact_training_probability,0.07238184393077458,1.0,0.00026098554917037474,1.889061528823756e-05,1.9614488355284684e-05
rob_surgical_bitrack:00,rob_surgical_bitrack,Surgical/Rob Surgical/all_merged_data,rob_surgical/all_merged_data,ROB_TOOL_PROMPT,0.6031,7.24,left tool: bi_maryland_forceps. right tool: forceps. aux tool: mono_round_scissors. The surgery process is a hysterectomy.Suturing the uterus stump,856,current_public_raw_rows_not_exact_training_probability,0.07238184393077458,1.0,0.0008526856110299267,6.171895681958532e-05,6.408397722184616e-05
rob_surgical_bitrack:00,rob_surgical_bitrack,Surgical/Rob Surgical/all_merged_data,rob_surgical/all_merged_data,ROB_TOOL_PROMPT,0.6031,7.24,left tool: bi_maryland_forceps. right tool: forceps. aux tool: none. The surgery process is a hysterectomy.Suturing the uterus stump,422,current_public_raw_rows_not_exact_training_probability,0.07238184393077458,1.0,0.0004203660372133517,3.0426868899375003e-05,3.159280185469518e-05
rob_surgical_bitrack:00,rob_surgical_bitrack,Surgical/Rob Surgical/all_merged_data,rob_surgical/all_merged_data,ROB_TOOL_PROMPT,0.6031,7.24,left tool: bi_maryland_forceps. right tool: forceps. aux tool: forceps. The surgery process is a hysterectomy.Suturing the uterus stump,30605,current_public_raw_rows_not_exact_training_probability,0.07238184393077458,1.0,0.030486498978470684,0.0022066690110553837,0.0022912267790591136
rob_surgical_bitrack:00,rob_surgical_bitrack,Surgical/Rob Surgical/all_merged_data,rob_surgical/all_merged_data,ROB_TOOL_PROMPT,0.6031,7.24,left tool: mono_hook. right tool: bi_maryland_forceps. aux tool: bi_maryland_forceps. The surgery process is a hemicolectomy InVivo 2.,300,current_public_raw_rows_not_exact_training_probability,0.07238184393077458,1.0,0.0002988384150805818,2.1630475520882705e-05,2.245933781139468e-05
rob_surgical_bitrack:00,rob_surgical_bitrack,Surgical/Rob Surgical/all_merged_data,rob_surgical/all_merged_data,ROB_TOOL_PROMPT,0.6031,7.24,left tool: mono_hook. right tool: bi_maryland_forceps. aux tool: bi_maryland_forceps. The surgery process is a hemicolectomy InVivo 2.Identify the inferior mesenteric artery and vein,21480,current_public_raw_rows_not_exact_training_probability,0.07238184393077458,1.0,0.021396830519769656,0.0015487420472952017,0.0016080885872958592
rob_surgical_bitrack:00,rob_surgical_bitrack,Surgical/Rob Surgical/all_merged_data,rob_surgical/all_merged_data,ROB_TOOL_PROMPT,0.6031,7.24,left tool: mono_hook. right tool: bi_maryland_forceps. aux tool: bi_maryland_forceps. The surgery process is a hemicolectomy InVivo 2.Identify the inferior mesenteric artery and veinArtery coagulation,1,current_public_raw_rows_not_exact_training_probability,0.07238184393077458,1.0,9.96128050268606e-07,7.210158506960902e-08,7.48644593713156e-08
rob_surgical_bitrack:00,rob_surgical_bitrack,Surgical/Rob Surgical/all_merged_data,rob_surgical/all_merged_data,ROB_TOOL_PROMPT,0.6031,7.24,left tool: mono_hook. right tool: bi_maryland_forceps. aux tool: bi_maryland_forceps. The surgery process is a hemicolectomy InVivo 2.Artery coagulation,5279,current_public_raw_rows_not_exact_training_probability,0.07238184393077458,1.0,0.005258559977367971,0.000380624267582466,0.0003952094810211751
rob_surgical_bitrack:00,rob_surgical_bitrack,Surgical/Rob Surgical/all_merged_data,rob_surgical/all_merged_data,ROB_TOOL_PROMPT,0.6031,7.24,left tool: mono_hook. right tool: bi_maryland_forceps. aux tool: bi_maryland_forceps. The surgery process is a hemicolectomy InVivo 2.Artery coagulationResect the lymphatic tissue around the mesenteric artery and vein,1,current_public_raw_rows_not_exact_training_probability,0.07238184393077458,1.0,9.96128050268606e-07,7.210158506960902e-08,7.48644593713156e-08
rob_surgical_bitrack:00,rob_surgical_bitrack,Surgical/Rob Surgical/all_merged_data,rob_surgical/all_merged_data,ROB_TOOL_PROMPT,0.6031,7.24,left tool: mono_hook. right tool: bi_maryland_forceps. aux tool: bi_maryland_forceps. The surgery process is a hemicolectomy InVivo 2.Resect the lymphatic tissue around the mesenteric artery and vein,7379,current_public_raw_rows_not_exact_training_probability,0.07238184393077458,1.0,0.0073504288829320434,0.000532037596228645,0.0005524248457009379
rob_surgical_bitrack:00,rob_surgical_bitrack,Surgical/Rob Surgical/all_merged_data,rob_surgical/all_merged_data,ROB_TOOL_PROMPT,0.6031,7.24,left tool: mono_hook. right tool: bi_maryland_forceps. aux tool: bi_maryland_forceps. The surgery process is a hemicolectomy InVivo 2.Resect the lymphatic tissue around the mesenteric artery and veinDissection and staple of the mesocolon while separating it from the retroperitoneum,1,current_public_raw_rows_not_exact_training_probability,0.07238184393077458,1.0,9.96128050268606e-07,7.210158506960902e-08,7.48644593713156e-08
rob_surgical_bitrack:00,rob_surgical_bitrack,Surgical/Rob Surgical/all_merged_data,rob_surgical/all_merged_data,ROB_TOOL_PROMPT,0.6031,7.24,left tool: mono_hook. right tool: bi_maryland_forceps. aux tool: bi_maryland_forceps. The surgery process is a hemicolectomy InVivo 2.Dissection and staple of the mesocolon while separating it from the retroperitoneum,11015,current_public_raw_rows_not_exact_training_probability,0.07238184393077458,1.0,0.010972350473708694,0.0007941989595417432,0.0008246320199750413
rob_surgical_bitrack:00,rob_surgical_bitrack,Surgical/Rob Surgical/all_merged_data,rob_surgical/all_merged_data,ROB_TOOL_PROMPT,0.6031,7.24,left tool: mono_hook. right tool: bi_maryland_forceps. aux tool: none. The surgery process is a hemicolectomy InVivo 2.Dissection and staple of the mesocolon while separating it from the retroperitoneum,594,current_public_raw_rows_not_exact_training_probability,0.07238184393077458,1.0,0.0005917000618595519,4.282834153134775e-05,4.446948886656146e-05
rob_surgical_bitrack:00,rob_surgical_bitrack,Surgical/Rob Surgical/all_merged_data,rob_surgical/all_merged_data,ROB_TOOL_PROMPT,0.6031,7.24,left tool: mono_hook. right tool: bi_maryland_forceps. aux tool: bi_maryland_forceps. The surgery process is a hemicolectomy InVivo 2.Dissection and staple of the mesocolon while separating it from the retroperitoneumPreparing the colon part for anastomosis,1,current_public_raw_rows_not_exact_training_probability,0.07238184393077458,1.0,9.96128050268606e-07,7.210158506960902e-08,7.48644593713156e-08
rob_surgical_bitrack:00,rob_surgical_bitrack,Surgical/Rob Surgical/all_merged_data,rob_surgical/all_merged_data,ROB_TOOL_PROMPT,0.6031,7.24,left tool: mono_hook. right tool: bi_maryland_forceps. aux tool: bi_maryland_forceps. The surgery process is a hemicolectomy InVivo 2.Preparing the colon part for anastomosis,9524,current_public_raw_rows_not_exact_training_probability,0.07238184393077458,1.0,0.009487123550758203,0.0006866954962029563,0.0007130091110524098
rob_surgical_bitrack:00,rob_surgical_bitrack,Surgical/Rob Surgical/all_merged_data,rob_surgical/all_merged_data,ROB_TOOL_PROMPT,0.6031,7.24,left tool: none. right tool: bi_maryland_forceps. aux tool: bi_maryland_forceps. The surgery process is a hemicolectomy InVivo 2.Preparing the colon part for anastomosis,490,current_public_raw_rows_not_exact_training_probability,0.07238184393077458,1.0,0.0004881027446316169,3.532977668410842e-05,3.668358509194465e-05
rob_surgical_bitrack:00,rob_surgical_bitrack,Surgical/Rob Surgical/all_merged_data,rob_surgical/all_merged_data,ROB_TOOL_PROMPT,0.6031,7.24,left tool: bi_maryland_forceps. right tool: bi_maryland_forceps. aux tool: bi_maryland_forceps. The surgery process is a hemicolectomy InVivo 2.Preparing the colon part for anastomosis,5735,current_public_raw_rows_not_exact_training_probability,0.07238184393077458,1.0,0.005712794368290455,0.0004135025903742077,0.000429347674494495
rob_surgical_bitrack:00,rob_surgical_bitrack,Surgical/Rob Surgical/all_merged_data,rob_surgical/all_merged_data,ROB_TOOL_PROMPT,0.6031,7.24,left tool: mono_hook. right tool: bi_maryland_forceps. aux tool: bi_maryland_forceps. The surgery process is a hemicolectomy InVivo 2.Preparing the colon part for anastomosisCreate the first penetrating hole inside the colon for anastomosis,1,current_public_raw_rows_not_exact_training_probability,0.07238184393077458,1.0,9.96128050268606e-07,7.210158506960902e-08,7.48644593713156e-08
rob_surgical_bitrack:00,rob_surgical_bitrack,Surgical/Rob Surgical/all_merged_data,rob_surgical/all_merged_data,ROB_TOOL_PROMPT,0.6031,7.24,left tool: mono_hook. right tool: bi_maryland_forceps. aux tool: bi_maryland_forceps. The surgery process is a hemicolectomy InVivo 2.Create the first penetrating hole inside the colon for anastomosis,3629,current_public_raw_rows_not_exact_training_probability,0.07238184393077458,1.0,0.003614948694424771,0.0002616566522176111,0.0002716831230585043
rob_surgical_bitrack:00,rob_surgical_bitrack,Surgical/Rob Surgical/all_merged_data,rob_surgical/all_merged_data,ROB_TOOL_PROMPT,0.6031,7.24,left tool: mono_hook. right tool: bi_maryland_forceps. aux tool: bi_maryland_forceps. The surgery process is a hemicolectomy InVivo 2.Create the first penetrating hole inside the colon for anastomosisCreate the second penetrating hole inside the colon for anastomosis,1,current_public_raw_rows_not_exact_training_probability,0.07238184393077458,1.0,9.96128050268606e-07,7.210158506960902e-08,7.48644593713156e-08
rob_surgical_bitrack:00,rob_surgical_bitrack,Surgical/Rob Surgical/all_merged_data,rob_surgical/all_merged_data,ROB_TOOL_PROMPT,0.6031,7.24,left tool: mono_hook. right tool: bi_maryland_forceps. aux tool: bi_maryland_forceps. The surgery process is a hemicolectomy InVivo 2.Create the second penetrating hole inside the colon for anastomosis,4139,current_public_raw_rows_not_exact_training_probability,0.07238184393077458,1.0,0.00412297400006176,0.00029842846060311175,0.00030986399733787533
rob_surgical_bitrack:00,rob_surgical_bitrack,Surgical/Rob Surgical/all_merged_data,rob_surgical/all_merged_data,ROB_TOOL_PROMPT,0.6031,7.24,left tool: mono_hook. right tool: bi_maryland_forceps. aux tool: bi_maryland_forceps. The surgery process is a hemicolectomy InVivo 2.Create the second penetrating hole inside the colon for anastomosisLateral to lateral approximation,1,current_public_raw_rows_not_exact_training_probability,0.07238184393077458,1.0,9.96128050268606e-07,7.210158506960902e-08,7.48644593713156e-08
rob_surgical_bitrack:00,rob_surgical_bitrack,Surgical/Rob Surgical/all_merged_data,rob_surgical/all_merged_data,ROB_TOOL_PROMPT,0.6031,7.24,left tool: mono_hook. right tool: bi_maryland_forceps. aux tool: bi_maryland_forceps. The surgery process is a hemicolectomy InVivo 2.Lateral to lateral approximation,9479,current_public_raw_rows_not_exact_training_probability,0.07238184393077458,1.0,0.009442297788496116,0.0006834509248748239,0.0007096402103807007
rob_surgical_bitrack:00,rob_surgical_bitrack,Surgical/Rob Surgical/all_merged_data,rob_surgical/all_merged_data,ROB_TOOL_PROMPT,0.6031,7.24,left tool: mono_hook. right tool: bi_maryland_forceps. aux tool: bi_maryland_forceps. The surgery process is a hemicolectomy InVivo 2.Lateral to lateral approximationSuturing,1,current_public_raw_rows_not_exact_training_probability,0.07238184393077458,1.0,9.96128050268606e-07,7.210158506960902e-08,7.48644593713156e-08
rob_surgical_bitrack:00,rob_surgical_bitrack,Surgical/Rob Surgical/all_merged_data,rob_surgical/all_merged_data,ROB_TOOL_PROMPT,0.6031,7.24,left tool: mono_hook. right tool: bi_maryland_forceps. aux tool: bi_maryland_forceps. The surgery process is a hemicolectomy InVivo 2.Suturing,1678,current_public_raw_rows_not_exact_training_probability,0.07238184393077458,1.0,0.0016715028683507208,0.00012098645974680392,0.00012562256282506757
rob_surgical_bitrack:00,rob_surgical_bitrack,Surgical/Rob Surgical/all_merged_data,rob_surgical/all_merged_data,ROB_TOOL_PROMPT,0.6031,7.24,left tool: none. right tool: bi_maryland_forceps. aux tool: bi_maryland_forceps. The surgery process is a hemicolectomy InVivo 2.Suturing,533,current_public_raw_rows_not_exact_training_probability,0.07238184393077458,1.0,0.0005309362507931669,3.84301448421016e-05,3.990275684491121e-05
rob_surgical_bitrack:00,rob_surgical_bitrack,Surgical/Rob Surgical/all_merged_data,rob_surgical/all_merged_data,ROB_TOOL_PROMPT,0.6031,7.24,left tool: forceps. right tool: bi_maryland_forceps. aux tool: bi_maryland_forceps. The surgery process is a hemicolectomy InVivo 2.Suturing,1125,current_public_raw_rows_not_exact_training_probability,0.07238184393077458,1.0,0.0011206440565521816,8.111428320331014e-05,8.422251679273005e-05
rob_surgical_bitrack:00,rob_surgical_bitrack,Surgical/Rob Surgical/all_merged_data,rob_surgical/all_merged_data,ROB_TOOL_PROMPT,0.6031,7.24,left tool: forceps. right tool: none. aux tool: bi_maryland_forceps. The surgery process is a hemicolectomy InVivo 2.Suturing,254,current_public_raw_rows_not_exact_training_probability,0.07238184393077458,1.0,0.0002530165247682259,1.8313802607680687e-05,1.901557268031416e-05
rob_surgical_bitrack:00,rob_surgical_bitrack,Surgical/Rob Surgical/all_merged_data,rob_surgical/all_merged_data,ROB_TOOL_PROMPT,0.6031,7.24,left tool: forceps. right tool: forceps. aux tool: bi_maryland_forceps. The surgery process is a hemicolectomy InVivo 2.Suturing,90159,current_public_raw_rows_not_exact_training_probability,0.07238184393077458,1.0,0.08980990888416725,0.0065006068082908795,0.006749704792458444
rob_surgical_bitrack:00,rob_surgical_bitrack,Surgical/Rob Surgical/all_merged_data,rob_surgical/all_merged_data,ROB_TOOL_PROMPT,0.6031,7.24,left tool: mono_hook. right tool: bi_maryland_forceps. aux tool: bi_maryland_forceps. The surgery process is a hemicolectomy 2025-10-10_01.,1500,current_public_raw_rows_not_exact_training_probability,0.07238184393077458,1.0,0.0014941920754029088,0.00010815237760441352,0.0001122966890569734
rob_surgical_bitrack:00,rob_surgical_bitrack,Surgical/Rob Surgical/all_merged_data,rob_surgical/all_merged_data,ROB_TOOL_PROMPT,0.6031,7.24,left tool: mono_hook. right tool: bi_maryland_forceps. aux tool: bi_maryland_forceps. The surgery process is a hemicolectomy 2025-10-10_01.Identify the inferior mesenteric artery and vein,15660,current_public_raw_rows_not_exact_training_probability,0.07238184393077458,1.0,0.015599365267206369,0.001129110822190077,0.0011723774337548023
rob_surgical_bitrack:00,rob_surgical_bitrack,Surgical/Rob Surgical/all_merged_data,rob_surgical/all_merged_data,ROB_TOOL_PROMPT,0.6031,7.24,left tool: mono_hook. right tool: bi_maryland_forceps. aux tool: bi_maryland_forceps. The surgery process is a hemicolectomy 2025-10-10_01.Identify the inferior mesenteric artery and veinArtery coagulation,1,current_public_raw_rows_not_exact_training_probability,0.07238184393077458,1.0,9.96128050268606e-07,7.210158506960902e-08,7.48644593713156e-08
rob_surgical_bitrack:00,rob_surgical_bitrack,Surgical/Rob Surgical/all_merged_data,rob_surgical/all_merged_data,ROB_TOOL_PROMPT,0.6031,7.24,left tool: mono_hook. right tool: bi_maryland_forceps. aux tool: bi_maryland_forceps. The surgery process is a hemicolectomy 2025-10-10_01.Artery coagulation,4859,current_public_raw_rows_not_exact_training_probability,0.07238184393077458,1.0,0.004840186196255156,0.0003503416018532302,0.0003637664080852225
rob_surgical_bitrack:00,rob_surgical_bitrack,Surgical/Rob Surgical/all_merged_data,rob_surgical/all_merged_data,ROB_TOOL_PROMPT,0.6031,7.24,left tool: mono_hook. right tool: bi_maryland_forceps. aux tool: bi_maryland_forceps. The surgery process is a hemicolectomy 2025-10-10_01.Artery coagulationResect the lymphatic tissue around the mesenteric artery and vein,1,current_public_raw_rows_not_exact_training_probability,0.07238184393077458,1.0,9.96128050268606e-07,7.210158506960902e-08,7.48644593713156e-08
rob_surgical_bitrack:00,rob_surgical_bitrack,Surgical/Rob Surgical/all_merged_data,rob_surgical/all_merged_data,ROB_TOOL_PROMPT,0.6031,7.24,left tool: mono_hook. right tool: bi_maryland_forceps. aux tool: bi_maryland_forceps. The surgery process is a hemicolectomy 2025-10-10_01.Resect the lymphatic tissue around the mesenteric artery and vein,31589,current_public_raw_rows_not_exact_training_probability,0.07238184393077458,1.0,0.031466688979934994,0.002277616970763879,0.0023648934070804885
rob_surgical_bitrack:00,rob_surgical_bitrack,Surgical/Rob Surgical/all_merged_data,rob_surgical/all_merged_data,ROB_TOOL_PROMPT,0.6031,7.24,left tool: mono_hook. right tool: bi_maryland_forceps. aux tool: bi_maryland_forceps. The surgery process is a hemicolectomy 2025-10-10_01.Resect the lymphatic tissue around the mesenteric artery and veinDissection and staple of the mesocolon while separating it from the retroperitoneum,1,current_public_raw_rows_not_exact_training_probability,0.07238184393077458,1.0,9.96128050268606e-07,7.210158506960902e-08,7.48644593713156e-08
rob_surgical_bitrack:00,rob_surgical_bitrack,Surgical/Rob Surgical/all_merged_data,rob_surgical/all_merged_data,ROB_TOOL_PROMPT,0.6031,7.24,left tool: mono_hook. right tool: bi_maryland_forceps. aux tool: bi_maryland_forceps. The surgery process is a hemicolectomy 2025-10-10_01.Dissection and staple of the mesocolon while separating it from the retroperitoneum,3119,current_public_raw_rows_not_exact_training_probability,0.07238184393077458,1.0,0.003106923388787782,0.00022488484383211053,0.00023350224877913338
rob_surgical_bitrack:00,rob_surgical_bitrack,Surgical/Rob Surgical/all_merged_data,rob_surgical/all_merged_data,ROB_TOOL_PROMPT,0.6031,7.24,left tool: mono_hook. right tool: bi_maryland_forceps. aux tool: bi_maryland_forceps. The surgery process is a hemicolectomy 2025-10-10_01.Dissection and staple of the mesocolon while separating it from the retroperitoneumPreparing the colon part for anastomosis,1,current_public_raw_rows_not_exact_training_probability,0.07238184393077458,1.0,9.96128050268606e-07,7.210158506960902e-08,7.48644593713156e-08
rob_surgical_bitrack:00,rob_surgical_bitrack,Surgical/Rob Surgical/all_merged_data,rob_surgical/all_merged_data,ROB_TOOL_PROMPT,0.6031,7.24,left tool: mono_hook. right tool: bi_maryland_forceps. aux tool: bi_maryland_forceps. The surgery process is a hemicolectomy 2025-10-10_01.Preparing the colon part for anastomosis,6144,current_public_raw_rows_not_exact_training_probability,0.07238184393077458,1.0,0.006120210740850315,0.0004429921386676778,0.0004599672383773631
rob_surgical_bitrack:00,rob_surgical_bitrack,Surgical/Rob Surgical/all_merged_data,rob_surgical/all_merged_data,ROB_TOOL_PROMPT,0.6031,7.24,left tool: mono_hook. right tool: none. aux tool: bi_maryland_forceps. The surgery process is a hemicolectomy 2025-10-10_01.Preparing the colon part for anastomosis,1685,current_public_raw_rows_not_exact_training_probability,0.07238184393077458,1.0,0.001678475764702601,0.00012149117084229118,0.00012614661404066678
rob_surgical_bitrack:00,rob_surgical_bitrack,Surgical/Rob Surgical/all_merged_data,rob_surgical/all_merged_data,ROB_TOOL_PROMPT,0.6031,7.24,left tool: mono_hook. right tool: none. aux tool: bi_maryland_forceps. The surgery process is a hemicolectomy 2025-10-10_01.Preparing the colon part for anastomosisCreate the first penetrating hole inside the colon for anastomosis,1,current_public_raw_rows_not_exact_training_probability,0.07238184393077458,1.0,9.96128050268606e-07,7.210158506960902e-08,7.48644593713156e-08
rob_surgical_bitrack:00,rob_surgical_bitrack,Surgical/Rob Surgical/all_merged_data,rob_surgical/all_merged_data,ROB_TOOL_PROMPT,0.6031,7.24,left tool: mono_hook. right tool: none. aux tool: bi_maryland_forceps. The surgery process is a hemicolectomy 2025-10-10_01.Create the first penetrating hole inside the colon for anastomosis,430,current_public_raw_rows_not_exact_training_probability,0.07238184393077458,1.0,0.00042833506161550053,3.100368157993187e-05,3.2191717529665706e-05
rob_surgical_bitrack:00,rob_surgical_bitrack,Surgical/Rob Surgical/all_merged_data,rob_surgical/all_merged_data,ROB_TOOL_PROMPT,0.6031,7.24,left tool: mono_hook. right tool: bi_maryland_forceps. aux tool: bi_maryland_forceps. The surgery process is a hemicolectomy 2025-10-10_01.Create the first penetrating hole inside the colon for anastomosis,2179,current_public_raw_rows_not_exact_training_probability,0.07238184393077458,1.0,0.002170563021535292,0.00015710935386667801,0.00016312965697009665
rob_surgical_bitrack:00,rob_surgical_bitrack,Surgical/Rob Surgical/all_merged_data,rob_surgical/all_merged_data,ROB_TOOL_PROMPT,0.6031,7.24,left tool: mono_hook. right tool: bi_maryland_forceps. aux tool: bi_maryland_forceps. The surgery process is a hemicolectomy 2025-10-10_01.Create the first penetrating hole inside the colon for anastomosisCreate the second penetrating hole inside the colon for anastomosis,1,current_public_raw_rows_not_exact_training_probability,0.07238184393077458,1.0,9.96128050268606e-07,7.210158506960902e-08,7.48644593713156e-08
rob_surgical_bitrack:00,rob_surgical_bitrack,Surgical/Rob Surgical/all_merged_data,rob_surgical/all_merged_data,ROB_TOOL_PROMPT,0.6031,7.24,left tool: mono_hook. right tool: bi_maryland_forceps. aux tool: bi_maryland_forceps. The surgery process is a hemicolectomy 2025-10-10_01.Create the second penetrating hole inside the colon for anastomosis,3569,current_public_raw_rows_not_exact_training_probability,0.07238184393077458,1.0,0.0035551810114086545,0.00025733055711343455,0.00026719125549622537
rob_surgical_bitrack:00,rob_surgical_bitrack,Surgical/Rob Surgical/all_merged_data,rob_surgical/all_merged_data,ROB_TOOL_PROMPT,0.6031,7.24,left tool: mono_hook. right tool: bi_maryland_forceps. aux tool: bi_maryland_forceps. The surgery process is a hemicolectomy 2025-10-10_01.Create the second penetrating hole inside the colon for anastomosisLateral to lateral approximation,1,current_public_raw_rows_not_exact_training_probability,0.07238184393077458,1.0,9.96128050268606e-07,7.210158506960902e-08,7.48644593713156e-08
rob_surgical_bitrack:00,rob_surgical_bitrack,Surgical/Rob Surgical/all_merged_data,rob_surgical/all_merged_data,ROB_TOOL_PROMPT,0.6031,7.24,left tool: mono_hook. right tool: bi_maryland_forceps. aux tool: bi_maryland_forceps. The surgery process is a hemicolectomy 2025-10-10_01.Lateral to lateral approximation,5189,current_public_raw_rows_not_exact_training_probability,0.07238184393077458,1.0,0.005168908452843796,0.00037413512492620116,0.00038847167967775666
rob_surgical_bitrack:00,rob_surgical_bitrack,Surgical/Rob Surgical/all_merged_data,rob_surgical/all_merged_data,ROB_TOOL_PROMPT,0.6031,7.24,left tool: mono_hook. right tool: bi_maryland_forceps. aux tool: bi_maryland_forceps. The surgery process is a hemicolectomy 2025-10-10_01.Lateral to lateral approximationSuturing,1,current_public_raw_rows_not_exact_training_probability,0.07238184393077458,1.0,9.96128050268606e-07,7.210158506960902e-08,7.48644593713156e-08
rob_surgical_bitrack:00,rob_surgical_bitrack,Surgical/Rob Surgical/all_merged_data,rob_surgical/all_merged_data,ROB_TOOL_PROMPT,0.6031,7.24,left tool: mono_hook. right tool: bi_maryland_forceps. aux tool: bi_maryland_forceps. The surgery process is a hemicolectomy 2025-10-10_01.Suturing,1279,current_public_raw_rows_not_exact_training_probability,0.07238184393077458,1.0,0.001274047776293547,9.221792730402992e-05,9.575164353591265e-05
rob_surgical_bitrack:00,rob_surgical_bitrack,Surgical/Rob Surgical/all_merged_data,rob_surgical/all_merged_data,ROB_TOOL_PROMPT,0.6031,7.24,left tool: none. right tool: bi_maryland_forceps. aux tool: bi_maryland_forceps. The surgery process is a hemicolectomy 2025-10-10_01.Suturing,595,current_public_raw_rows_not_exact_training_probability,0.07238184393077458,1.0,0.0005926961899098205,4.290044311641736e-05,4.4544353325932774e-05
rob_surgical_bitrack:00,rob_surgical_bitrack,Surgical/Rob Surgical/all_merged_data,rob_surgical/all_merged_data,ROB_TOOL_PROMPT,0.6031,7.24,left tool: forceps. right tool: bi_maryland_forceps. aux tool: bi_maryland_forceps. The surgery process is a hemicolectomy 2025-10-10_01.Suturing,2142,current_public_raw_rows_not_exact_training_probability,0.07238184393077458,1.0,0.002133706283675354,0.0001544415952191025,0.000160359671973358
rob_surgical_bitrack:00,rob_surgical_bitrack,Surgical/Rob Surgical/all_merged_data,rob_surgical/all_merged_data,ROB_TOOL_PROMPT,0.6031,7.24,left tool: forceps. right tool: bi_maryland_forceps. aux tool: none. The surgery process is a hemicolectomy 2025-10-10_01.Suturing,357,current_public_raw_rows_not_exact_training_probability,0.07238184393077458,1.0,0.00035561771394589234,2.5740265869850418e-05,2.672661199555967e-05
rob_surgical_bitrack:00,rob_surgical_bitrack,Surgical/Rob Surgical/all_merged_data,rob_surgical/all_merged_data,ROB_TOOL_PROMPT,0.6031,7.24,left tool: forceps. right tool: bi_maryland_forceps. aux tool: forceps. The surgery process is a hemicolectomy 2025-10-10_01.Suturing,38256,current_public_raw_rows_not_exact_training_probability,0.07238184393077458,1.0,0.03810787469107579,0.0027583182384229624,0.00286401475770905
jhu_imerse_star_il:00,jhu_imerse_star_il,Surgical/JHU/Imerse/star_IL_extracted/star_IL,jhu/imerse/star_il/star_il,TASK_INDEX,0.0704,0.85,suture throw,216140,current_public_raw_rows_not_exact_training_probability,0.008449149084275461,1.0,1.0,0.008449149084275461,0.008772913629169939
hamlyn_dvrk_30hz:00,hamlyn_dvrk_30hz,Surgical/Hamlyn/Suturing-2,hamlyn/suturing_2,TASK_INDEX,0.3272,3.93,"Make first right-to-left suture, shift needle holder, create second parallel suture.",251355,current_public_raw_rows_not_exact_training_probability,0.03926934063032572,0.46156346348423444,1.0,0.01812529287007531,0.018819839402350436
hamlyn_dvrk_30hz:01,hamlyn_dvrk_30hz,Surgical/Hamlyn/peg_transfer,hamlyn/peg_transfer,TASK_INDEX,0.3272,3.93,Move the orange cylinder peg to right.,19062,current_public_raw_rows_not_exact_training_probability,0.03926934063032572,0.18764610070642504,0.18654036227700196,0.001374567176660005,0.0014272394767862343
hamlyn_dvrk_30hz:01,hamlyn_dvrk_30hz,Surgical/Hamlyn/peg_transfer,hamlyn/peg_transfer,TASK_INDEX,0.3272,3.93,Move the black triangular peg to right.,21619,current_public_raw_rows_not_exact_training_probability,0.03926934063032572,0.18764610070642504,0.2115631146819067,0.0015589532993501545,0.0016186911262533626
hamlyn_dvrk_30hz:01,hamlyn_dvrk_30hz,Surgical/Hamlyn/peg_transfer,hamlyn/peg_transfer,TASK_INDEX,0.3272,3.93,Move the orange triangular peg to right.,22864,current_public_raw_rows_not_exact_training_probability,0.03926934063032572,0.18764610070642504,0.22374666053411882,0.0016487306645238881,0.0017119086872962156
hamlyn_dvrk_30hz:01,hamlyn_dvrk_30hz,Surgical/Hamlyn/peg_transfer,hamlyn/peg_transfer,TASK_INDEX,0.3272,3.93,Move the white triangular peg to right.,18903,current_public_raw_rows_not_exact_training_probability,0.03926934063032572,0.18764610070642504,0.18498439136093633,0.0013631016336378176,0.0014153345834482316
hamlyn_dvrk_30hz:01,hamlyn_dvrk_30hz,Surgical/Hamlyn/peg_transfer,hamlyn/peg_transfer,TASK_INDEX,0.3272,3.93,Move the green cylinder peg to right.,19739,current_public_raw_rows_not_exact_training_probability,0.03926934063032572,0.18764610070642504,0.1931654711460362,0.0014233858724211437,0.0014779288654015047
hamlyn_dvrk_30hz:02,hamlyn_dvrk_30hz,Surgical/Hamlyn/Suturing-1,hamlyn/suturing_1,TASK_INDEX,0.3272,3.93,Drive needle from right edge through both layers to left side.,100067,current_public_raw_rows_not_exact_training_probability,0.03926934063032572,0.18375314237026075,1.0,0.007215864739630508,0.007492370828012178
hamlyn_dvrk_30hz:03,hamlyn_dvrk_30hz,Surgical/Hamlyn/needle_grasp_and_handover,hamlyn/needle_grasp_and_handover,TASK_INDEX,0.3272,3.93,Using the right hand instrument to grasp the needle from the table.,9997,current_public_raw_rows_not_exact_training_probability,0.03926934063032572,0.08553857793170061,0.21461079386887638,0.0007208870037283637,0.0007485108094340564
hamlyn_dvrk_30hz:03,hamlyn_dvrk_30hz,Surgical/Hamlyn/needle_grasp_and_handover,hamlyn/needle_grasp_and_handover,TASK_INDEX,0.3272,3.93,"Use the left-hand to grasp the needle from the table, then transfer the needle to the right hand.",36585,current_public_raw_rows_not_exact_training_probability,0.03926934063032572,0.08553857793170061,0.7853892061311236,0.00263815655010525,0.002739248570885761
hamlyn_dvrk_30hz:04,hamlyn_dvrk_30hz,Surgical/Hamlyn/knot_tying,hamlyn/knot_tying,TASK_INDEX,0.3272,3.93,Tie a surgical knot in the suture.,30222,current_public_raw_rows_not_exact_training_probability,0.03926934063032572,0.055496691903564814,1.0,0.0021793184982173263,0.0022628282167366266
hamlyn_dvrk_30hz:05,hamlyn_dvrk_30hz,Surgical/Hamlyn/Tissue_Retraction,hamlyn/tissue_retraction,TASK_INDEX,0.3272,3.93,Retract the partially dissected tissue flap using the right instrument (left-side grasp).,950,current_public_raw_rows_not_exact_training_probability,0.03926934063032572,0.026002023603814366,0.067090395480226,6.850481679923433e-05,7.112986585599217e-05
hamlyn_dvrk_30hz:05,hamlyn_dvrk_30hz,Surgical/Hamlyn/Tissue_Retraction,hamlyn/tissue_retraction,TASK_INDEX,0.3272,3.93,Retract the partially dissected tissue flap using the right instrument (center grasp).,2528,current_public_raw_rows_not_exact_training_probability,0.03926934063032572,0.026002023603814366,0.17853107344632768,0.0001822949230194362,0.00018928031671994547
hamlyn_dvrk_30hz:05,hamlyn_dvrk_30hz,Surgical/Hamlyn/Tissue_Retraction,hamlyn/tissue_retraction,TASK_INDEX,0.3272,3.93,Retract the partially dissected tissue flap using the right instrument (right-side grasp).,1550,current_public_raw_rows_not_exact_training_probability,0.03926934063032572,0.026002023603814366,0.1094632768361582,0.00011177101688296128,0.0001160539916597767
hamlyn_dvrk_30hz:05,hamlyn_dvrk_30hz,Surgical/Hamlyn/Tissue_Retraction,hamlyn/tissue_retraction,TASK_INDEX,0.3272,3.93,Retract the partially dissected tissue flap using the left instrument (left-side grasp).,1860,current_public_raw_rows_not_exact_training_probability,0.03926934063032572,0.026002023603814366,0.13135593220338984,0.00013412522025955354,0.00013926478999173205
hamlyn_dvrk_30hz:05,hamlyn_dvrk_30hz,Surgical/Hamlyn/Tissue_Retraction,hamlyn/tissue_retraction,TASK_INDEX,0.3272,3.93,Retract the partially dissected tissue flap using the left instrument (center grasp).,2361,current_public_raw_rows_not_exact_training_probability,0.03926934063032572,0.026002023603814366,0.16673728813559321,0.00017025249732946553,0.00017677643503789212
hamlyn_dvrk_30hz:05,hamlyn_dvrk_30hz,Surgical/Hamlyn/Tissue_Retraction,hamlyn/tissue_retraction,TASK_INDEX,0.3272,3.93,Retract the partially dissected tissue flap using the left instrument (right-side grasp).,812,current_public_raw_rows_not_exact_training_probability,0.03926934063032572,0.026002023603814366,0.05734463276836158,5.855359077997713e-05,6.0797316921121725e-05
hamlyn_dvrk_30hz:05,hamlyn_dvrk_30hz,Surgical/Hamlyn/Tissue_Retraction,hamlyn/tissue_retraction,TASK_INDEX,0.3272,3.93,Lift the intact tissue block using the right instrument (left-side grasp).,554,current_public_raw_rows_not_exact_training_probability,0.03926934063032572,0.026002023603814366,0.03912429378531074,3.994912474397455e-05,4.147994282549438e-05
hamlyn_dvrk_30hz:05,hamlyn_dvrk_30hz,Surgical/Hamlyn/Tissue_Retraction,hamlyn/tissue_retraction,TASK_INDEX,0.3272,3.93,Lift the intact tissue block using the right instrument (center grasp).,734,current_public_raw_rows_not_exact_training_probability,0.03926934063032572,0.026002023603814366,0.05183615819209039,5.2928984769092625e-05,5.495718056662973e-05
hamlyn_dvrk_30hz:05,hamlyn_dvrk_30hz,Surgical/Hamlyn/Tissue_Retraction,hamlyn/tissue_retraction,TASK_INDEX,0.3272,3.93,Lift the intact tissue block using the right instrument (right-side grasp).,567,current_public_raw_rows_not_exact_training_probability,0.03926934063032572,0.026002023603814366,0.04004237288135593,4.088655907912196e-05,4.245329888457638e-05
hamlyn_dvrk_30hz:05,hamlyn_dvrk_30hz,Surgical/Hamlyn/Tissue_Retraction,hamlyn/tissue_retraction,TASK_INDEX,0.3272,3.93,Lift the intact tissue block using the left instrument (left-side grasp).,551,current_public_raw_rows_not_exact_training_probability,0.03926934063032572,0.026002023603814366,0.03891242937853107,3.973279374355591e-05,4.1255322196475457e-05
hamlyn_dvrk_30hz:05,hamlyn_dvrk_30hz,Surgical/Hamlyn/Tissue_Retraction,hamlyn/tissue_retraction,TASK_INDEX,0.3272,3.93,Lift the intact tissue block using the left instrument (center grasp).,891,current_public_raw_rows_not_exact_training_probability,0.03926934063032572,0.026002023603814366,0.06292372881355932,6.42503071243345e-05,6.671232681862001e-05
hamlyn_dvrk_30hz:05,hamlyn_dvrk_30hz,Surgical/Hamlyn/Tissue_Retraction,hamlyn/tissue_retraction,TASK_INDEX,0.3272,3.93,Re-orient and grasp the intact tissue block at the center using the right instrument.,243,current_public_raw_rows_not_exact_training_probability,0.03926934063032572,0.026002023603814366,0.017161016949152542,1.7522811033909413e-05,1.8194270950532734e-05
hamlyn_dvrk_30hz:05,hamlyn_dvrk_30hz,Surgical/Hamlyn/Tissue_Retraction,hamlyn/tissue_retraction,TASK_INDEX,0.3272,3.93,Re-orient and grasp the intact tissue block at the right region using the right instrument.,187,current_public_raw_rows_not_exact_training_probability,0.03926934063032572,0.026002023603814366,0.013206214689265536,1.348463235942823e-05,1.400135254217951e-05
hamlyn_dvrk_30hz:05,hamlyn_dvrk_30hz,Surgical/Hamlyn/Tissue_Retraction,hamlyn/tissue_retraction,TASK_INDEX,0.3272,3.93,Retract the partially dissected tissue flap from the left side using the right instrument.,203,current_public_raw_rows_not_exact_training_probability,0.03926934063032572,0.026002023603814366,0.014336158192090396,1.4638397694994283e-05,1.5199329230280431e-05
hamlyn_dvrk_30hz:05,hamlyn_dvrk_30hz,Surgical/Hamlyn/Tissue_Retraction,hamlyn/tissue_retraction,TASK_INDEX,0.3272,3.93,Retract the partially dissected tissue flap from the right side using the right instrument.,169,current_public_raw_rows_not_exact_training_probability,0.03926934063032572,0.026002023603814366,0.011935028248587571,1.2186646356916423e-05,1.2653628768065975e-05
ucsd_dvrk:00,ucsd_dvrk,Surgical/UCSD/surgical_learning_dataset,ucsd/surgical_learning_dataset,TASK_INDEX,0.1892,2.27,retraction,90656,current_public_raw_rows_not_exact_training_probability,0.022707088163990304,0.9164446504952098,0.31411900042965446,0.0065367502694192595,0.006787233241723075
ucsd_dvrk:00,ucsd_dvrk,Surgical/UCSD/surgical_learning_dataset,ucsd/surgical_learning_dataset,TASK_INDEX,0.1892,2.27,dissection,197948,current_public_raw_rows_not_exact_training_probability,0.022707088163990304,0.9164446504952098,0.6858809995703455,0.01427303920679275,0.01481997050093319
ucsd_dvrk:01,ucsd_dvrk,Surgical/UCSD/surgical_learning_dataset2,ucsd/surgical_learning_dataset2,TASK_INDEX,0.1892,2.27,Retraction,26313,current_public_raw_rows_not_exact_training_probability,0.022707088163990304,0.08355534950479016,1.0,0.0018972986877782937,0.0019700016357379465
ucb_dvrk:00,ucb_dvrk,Surgical/UCBerkeley/debridement_lerobot,ucberkeley/debridement_lerobot,TASK_INDEX,0.1333,1.6,surgical_debridement,221950,current_public_raw_rows_not_exact_training_probability,0.01599817575190226,1.0,1.0,0.01599817575190226,0.016611212880232287
turin_mitic_ex_vivo:00,turin_mitic_ex_vivo,Surgical/Turin/mitic_lerobot_ex_vivo,turin/mitic_lerobot_ex_vivo,DIRECT_TEXT:instruction.text,0.5661,6.8,Perform base knot tying on ex vivo tissue,76598,current_public_raw_rows_not_exact_training_probability,0.06794124000864118,0.3895333396804081,0.1970670714451105,0.005215454561307127,0.005415306552983071
turin_mitic_ex_vivo:00,turin_mitic_ex_vivo,Surgical/Turin/mitic_lerobot_ex_vivo,turin/mitic_lerobot_ex_vivo,DIRECT_TEXT:instruction.text,0.5661,6.8,Finish the knot tying on ex vivo tissue,99522,current_public_raw_rows_not_exact_training_probability,0.06794124000864118,0.3895333396804081,0.2560446628418534,0.006776318818381784,0.007035981863312112
turin_mitic_ex_vivo:00,turin_mitic_ex_vivo,Surgical/Turin/mitic_lerobot_ex_vivo,turin/mitic_lerobot_ex_vivo,DIRECT_TEXT:instruction.text,0.5661,6.8,Extract the needle from the tissue,54170,current_public_raw_rows_not_exact_training_probability,0.06794124000864118,0.3895333396804081,0.13936556124417918,0.003688362275594756,0.003829697328586817
turin_mitic_ex_vivo:00,turin_mitic_ex_vivo,Surgical/Turin/mitic_lerobot_ex_vivo,turin/mitic_lerobot_ex_vivo,DIRECT_TEXT:instruction.text,0.5661,6.8,Insert the needle into the tissue,81449,current_public_raw_rows_not_exact_training_probability,0.06794124000864118,0.3895333396804081,0.20954745426946925,0.005545752611868511,0.005758261357136194
turin_mitic_ex_vivo:00,turin_mitic_ex_vivo,Surgical/Turin/mitic_lerobot_ex_vivo,turin/mitic_lerobot_ex_vivo,DIRECT_TEXT:instruction.text,0.5661,6.8,Position the needle for suturing,48520,current_public_raw_rows_not_exact_training_probability,0.06794124000864118,0.3895333396804081,0.12482955568705138,0.003303661392133239,0.003430255019070193
turin_mitic_ex_vivo:00,turin_mitic_ex_vivo,Surgical/Turin/mitic_lerobot_ex_vivo,turin/mitic_lerobot_ex_vivo,DIRECT_TEXT:instruction.text,0.5661,6.8,Lift the tissue flap to expose the workspace,28431,current_public_raw_rows_not_exact_training_probability,0.06794124000864118,0.3895333396804081,0.07314569451233631,0.0019358284633087409,0.0020100078410384306
turin_mitic_ex_vivo:01,turin_mitic_ex_vivo,Surgical/Turin/mitic_lerobot_plastic_pad,turin/mitic_lerobot_plastic_pad,DIRECT_TEXT:instruction.text,0.5661,6.8,Extract the needle from the plastic phantom,51082,current_public_raw_rows_not_exact_training_probability,0.06794124000864118,0.15017112047583017,0.34089665389800194,0.003478104518403753,0.00361138266455366
turin_mitic_ex_vivo:01,turin_mitic_ex_vivo,Surgical/Turin/mitic_lerobot_plastic_pad,turin/mitic_lerobot_plastic_pad,DIRECT_TEXT:instruction.text,0.5661,6.8,Grasp the needle from the plastic phantom,17512,current_public_raw_rows_not_exact_training_probability,0.06794124000864118,0.15017112047583017,0.1168666497604207,0.001192368472774882,0.0012380590662398436
turin_mitic_ex_vivo:01,turin_mitic_ex_vivo,Surgical/Turin/mitic_lerobot_plastic_pad,turin/mitic_lerobot_plastic_pad,DIRECT_TEXT:instruction.text,0.5661,6.8,Insert the needle into the plastic phantom,34587,current_public_raw_rows_not_exact_training_probability,0.06794124000864118,0.15017112047583017,0.2308169720913471,0.002354982204651944,0.0024452232140268087
turin_mitic_ex_vivo:01,turin_mitic_ex_vivo,Surgical/Turin/mitic_lerobot_plastic_pad,turin/mitic_lerobot_plastic_pad,DIRECT_TEXT:instruction.text,0.5661,6.8,Position the needle for suturing,16737,current_public_raw_rows_not_exact_training_probability,0.06794124000864118,0.15017112047583017,0.11169467319781642,0.001139599767521311,0.0011832683069698641
turin_mitic_ex_vivo:01,turin_mitic_ex_vivo,Surgical/Turin/mitic_lerobot_plastic_pad,turin/mitic_lerobot_plastic_pad,DIRECT_TEXT:instruction.text,0.5661,6.8,Transfer the needle from left to right arms,5918,current_public_raw_rows_not_exact_training_probability,0.06794124000864118,0.15017112047583017,0.039493880383860765,0.0004029486421814614,0.0004183893075609522
turin_mitic_ex_vivo:01,turin_mitic_ex_vivo,Surgical/Turin/mitic_lerobot_plastic_pad,turin/mitic_lerobot_plastic_pad,DIRECT_TEXT:instruction.text,0.5661,6.8,Transfer the needle from right to left arms,7225,current_public_raw_rows_not_exact_training_probability,0.06794124000864118,0.15017112047583017,0.048216168599762424,0.0004919405102671609,0.0005107912719040013
turin_mitic_ex_vivo:01,turin_mitic_ex_vivo,Surgical/Turin/mitic_lerobot_plastic_pad,turin/mitic_lerobot_plastic_pad,DIRECT_TEXT:instruction.text,0.5661,6.8,Lift the plastic phantom to expose the workspace,16785,current_public_raw_rows_not_exact_training_probability,0.06794124000864118,0.15017112047583017,0.11201500206879063,0.0011428680228144355,0.001186661799156908
turin_mitic_ex_vivo:02,turin_mitic_ex_vivo,Surgical/Turin/mitic_lerobot_plastic_pad_3DMED,turin/mitic_lerobot_plastic_pad_3dmed,DIRECT_TEXT:instruction.text,0.5661,6.8,Perform base knot tying on the plastic phantom,41081,current_public_raw_rows_not_exact_training_probability,0.06794124000864118,0.24375673332765438,0.16889844549786415,0.002797149910350898,0.002904334427832287
turin_mitic_ex_vivo:02,turin_mitic_ex_vivo,Surgical/Turin/mitic_lerobot_plastic_pad_3DMED,turin/mitic_lerobot_plastic_pad_3dmed,DIRECT_TEXT:instruction.text,0.5661,6.8,Finish the knot tying on the plastic phantom,55045,current_public_raw_rows_not_exact_training_probability,0.06794124000864118,0.24375673332765438,0.2263093627815762,0.0037479398460423356,0.0038915578632464707
turin_mitic_ex_vivo:02,turin_mitic_ex_vivo,Surgical/Turin/mitic_lerobot_plastic_pad_3DMED,turin/mitic_lerobot_plastic_pad_3dmed,DIRECT_TEXT:instruction.text,0.5661,6.8,Extract the needle from the plastic phantom,46195,current_public_raw_rows_not_exact_training_probability,0.06794124000864118,0.24375673332765438,0.1899238988771898,0.003145355276372526,0.0032658827412602545
turin_mitic_ex_vivo:02,turin_mitic_ex_vivo,Surgical/Turin/mitic_lerobot_plastic_pad_3DMED,turin/mitic_lerobot_plastic_pad_3dmed,DIRECT_TEXT:instruction.text,0.5661,6.8,Insert the needle into the plastic phantom,30003,current_public_raw_rows_not_exact_training_probability,0.06794124000864118,0.24375673332765438,0.12335288966365031,0.002042863824158565,0.0021211447101641178
turin_mitic_ex_vivo:02,turin_mitic_ex_vivo,Surgical/Turin/mitic_lerobot_plastic_pad_3DMED,turin/mitic_lerobot_plastic_pad_3dmed,DIRECT_TEXT:instruction.text,0.5661,6.8,Position the needle for suturing,52747,current_public_raw_rows_not_exact_training_probability,0.06794124000864118,0.24375673332765438,0.21686147622199656,0.0035914721238840056,0.003729094424791745
turin_mitic_ex_vivo:02,turin_mitic_ex_vivo,Surgical/Turin/mitic_lerobot_plastic_pad_3DMED,turin/mitic_lerobot_plastic_pad_3dmed,DIRECT_TEXT:instruction.text,0.5661,6.8,Lift the plastic phantom to expose the workspace,18158,current_public_raw_rows_not_exact_training_probability,0.06794124000864118,0.24375673332765438,0.07465392695772297,0.0012363537419281811,0.0012837298152571426
turin_mitic_ex_vivo:03,turin_mitic_ex_vivo,Surgical/Turin/mitic_lerobot_plastic_tube,turin/mitic_lerobot_plastic_tube,DIRECT_TEXT:instruction.text,0.5661,6.8,Perform base knot tying on the plastic phantom,30275,current_public_raw_rows_not_exact_training_probability,0.06794124000864118,0.21653880651610738,0.1401166288702735,0.0020613839374862696,0.0021403744992240328
turin_mitic_ex_vivo:03,turin_mitic_ex_vivo,Surgical/Turin/mitic_lerobot_plastic_tube,turin/mitic_lerobot_plastic_tube,DIRECT_TEXT:instruction.text,0.5661,6.8,Finish the knot tying on the plastic phantom,47579,current_public_raw_rows_not_exact_training_probability,0.06794124000864118,0.21653880651610738,0.2202017864580923,0.003239589970657613,0.0033637284326533535
turin_mitic_ex_vivo:03,turin_mitic_ex_vivo,Surgical/Turin/mitic_lerobot_plastic_tube,turin/mitic_lerobot_plastic_tube,DIRECT_TEXT:instruction.text,0.5661,6.8,Extract the needle from the plastic phantom,29231,current_public_raw_rows_not_exact_training_probability,0.06794124000864118,0.21653880651610738,0.1352848613875133,0.0019902993848608143,0.002066566044155829
turin_mitic_ex_vivo:03,turin_mitic_ex_vivo,Surgical/Turin/mitic_lerobot_plastic_tube,turin/mitic_lerobot_plastic_tube,DIRECT_TEXT:instruction.text,0.5661,6.8,Insert the needle into the plastic phantom,29451,current_public_raw_rows_not_exact_training_probability,0.06794124000864118,0.21653880651610738,0.13630304993752024,0.002005278888287634,0.002082119550013113
turin_mitic_ex_vivo:03,turin_mitic_ex_vivo,Surgical/Turin/mitic_lerobot_plastic_tube,turin/mitic_lerobot_plastic_tube,DIRECT_TEXT:instruction.text,0.5661,6.8,Position the needle for suturing,61291,current_public_raw_rows_not_exact_training_probability,0.06794124000864118,0.21653880651610738,0.28366270190216136,0.004173221566060148,0.004333136034085557
turin_mitic_ex_vivo:03,turin_mitic_ex_vivo,Surgical/Turin/mitic_lerobot_plastic_tube,turin/mitic_lerobot_plastic_tube,DIRECT_TEXT:instruction.text,0.5661,6.8,Lift the plastic phantom to expose the workspace,18243,current_public_raw_rows_not_exact_training_probability,0.06794124000864118,0.21653880651610738,0.0844309714444393,0.001242141277343089,0.0012897391243383662
tud_tundra_ur5e:00,tud_tundra_ur5e,Surgical/TUD/260131_TUNDRA_dataset/grasping_retraction,tud/260131_tundra_dataset/grasping_retraction,TASK_INDEX,0.0287,0.34,Remain positioned until the surgeon picks up the omentum and positions it for your robotic grasp.,295,current_public_raw_rows_not_exact_training_probability,0.003444468447708888,1.0,0.006177622348334136,2.1278625260698216e-05,2.209400493441371e-05
tud_tundra_ur5e:00,tud_tundra_ur5e,Surgical/TUD/260131_TUNDRA_dataset/grasping_retraction,tud/260131_tundra_dataset/grasping_retraction,TASK_INDEX,0.0287,0.34,Approach the omentum grasped by the surgeon  and open your gripper to receive and take over the hold.,147,current_public_raw_rows_not_exact_training_probability,0.003444468447708888,1.0,0.0030783406278139594,1.0603247163805553e-05,1.1009555001216325e-05
tud_tundra_ur5e:00,tud_tundra_ur5e,Surgical/TUD/260131_TUNDRA_dataset/grasping_retraction,tud/260131_tundra_dataset/grasping_retraction,TASK_INDEX,0.0287,0.34,Close down on the omentum for hold. Keep position awaiting surgeon's counterpart grasp.,441,current_public_raw_rows_not_exact_training_probability,0.003444468447708888,1.0,0.009235021883441878,3.180974149141666e-05,3.302866500364898e-05
tud_tundra_ur5e:00,tud_tundra_ur5e,Surgical/TUD/260131_TUNDRA_dataset/grasping_retraction,tud/260131_tundra_dataset/grasping_retraction,TASK_INDEX,0.0287,0.34,"Pull back on small intestine post-surgeon's end grasp, continuing till fully straight in camera.",5852,current_public_raw_rows_not_exact_training_probability,0.003444468447708888,1.0,0.12254727451678428,0.00042211022042578294,0.00043828514195318316
tud_tundra_ur5e:00,tud_tundra_ur5e,Surgical/TUD/260131_TUNDRA_dataset/grasping_retraction,tud/260131_tundra_dataset/grasping_retraction,TASK_INDEX,0.0287,0.34,Stay stationary with secure grip,4848,current_public_raw_rows_not_exact_training_probability,0.003444468447708888,1.0,0.10152241743974201,0.00034969076360632194,0.00036309063024419553
tud_tundra_ur5e:00,tud_tundra_ur5e,Surgical/TUD/260131_TUNDRA_dataset/grasping_retraction,tud/260131_tundra_dataset/grasping_retraction,TASK_INDEX,0.0287,0.34,Remain positioned until the surgeon picks up the small intestine and positions it for your robotic grasp.,6993,current_public_raw_rows_not_exact_training_probability,0.003444468447708888,1.0,0.14644106129457835,0.0005044116150781785,0.0005237402593435766
tud_tundra_ur5e:00,tud_tundra_ur5e,Surgical/TUD/260131_TUNDRA_dataset/grasping_retraction,tud/260131_tundra_dataset/grasping_retraction,TASK_INDEX,0.0287,0.34,Approach the small intestine grasped by the surgeon  and open your gripper to receive and take over the hold.,4871,current_public_raw_rows_not_exact_training_probability,0.003444468447708888,1.0,0.10200406257198501,0.0003513497750673255,0.00036481321367976
tud_tundra_ur5e:00,tud_tundra_ur5e,Surgical/TUD/260131_TUNDRA_dataset/grasping_retraction,tud/260131_tundra_dataset/grasping_retraction,TASK_INDEX,0.0287,0.34,Close down on the small intestine for hold. Keep position awaiting surgeon's counterpart grasp.,15078,current_public_raw_rows_not_exact_training_probability,0.003444468447708888,1.0,0.3157497958243461,0.0010875902090874837,0.0011292657844104742
tud_tundra_ur5e:00,tud_tundra_ur5e,Surgical/TUD/260131_TUNDRA_dataset/grasping_retraction,tud/260131_tundra_dataset/grasping_retraction,TASK_INDEX,0.0287,0.34,"Pull back on gallbladder post-surgeon's end grasp, continuing till fully straight in camera.",1274,current_public_raw_rows_not_exact_training_probability,0.003444468447708888,1.0,0.02667895210772098,9.189480875298145e-05,9.541614334387481e-05
tud_tundra_ur5e:00,tud_tundra_ur5e,Surgical/TUD/260131_TUNDRA_dataset/grasping_retraction,tud/260131_tundra_dataset/grasping_retraction,TASK_INDEX,0.0287,0.34,Correct the previous movement or position of the grasper.,1398,current_public_raw_rows_not_exact_training_probability,0.003444468447708888,1.0,0.02927564760329194,0.00010083904445578342,0.00010470311490952667
tud_tundra_ur5e:00,tud_tundra_ur5e,Surgical/TUD/260131_TUNDRA_dataset/grasping_retraction,tud/260131_tundra_dataset/grasping_retraction,TASK_INDEX,0.0287,0.34,Stop the grasper movement and stay,212,current_public_raw_rows_not_exact_training_probability,0.003444468447708888,1.0,0.004439511653718091,1.5291757814467872e-05,1.587772557998545e-05
tud_tundra_ur5e:00,tud_tundra_ur5e,Surgical/TUD/260131_TUNDRA_dataset/grasping_retraction,tud/260131_tundra_dataset/grasping_retraction,TASK_INDEX,0.0287,0.34,Remain positioned until the surgeon picks up the gallbladder and positions it for your robotic grasp.,577,current_public_raw_rows_not_exact_training_probability,0.003444468447708888,1.0,0.012083010491487446,4.1619548391263975e-05,4.3214375753073604e-05
tud_tundra_ur5e:00,tud_tundra_ur5e,Surgical/TUD/260131_TUNDRA_dataset/grasping_retraction,tud/260131_tundra_dataset/grasping_retraction,TASK_INDEX,0.0287,0.34,Approach the gallbladder grasped by the surgeon  and open your gripper to receive and take over the hold.,786,current_public_raw_rows_not_exact_training_probability,0.003444468447708888,1.0,0.016459698867086883,5.6694913406470505e-05,5.886741653711585e-05
tud_tundra_ur5e:00,tud_tundra_ur5e,Surgical/TUD/260131_TUNDRA_dataset/grasping_retraction,tud/260131_tundra_dataset/grasping_retraction,TASK_INDEX,0.0287,0.34,Close down on the gallbladder for hold. Keep position awaiting surgeon's counterpart grasp.,828,current_public_raw_rows_not_exact_training_probability,0.003444468447708888,1.0,0.017339224760748017,5.972441259612924e-05,6.201300368032052e-05
tud_tundra_ur5e:00,tud_tundra_ur5e,Surgical/TUD/260131_TUNDRA_dataset/grasping_retraction,tud/260131_tundra_dataset/grasping_retraction,TASK_INDEX,0.0287,0.34,"Pull back on omentum post-surgeon's end grasp, continuing till fully straight in camera.",267,current_public_raw_rows_not_exact_training_probability,0.003444468447708888,1.0,0.005591271752560048,1.9258959134259063e-05,1.9996946838943932e-05
tud_tundra_ur5e:00,tud_tundra_ur5e,Surgical/TUD/260131_TUNDRA_dataset/grasping_retraction,tud/260131_tundra_dataset/grasping_retraction,TASK_INDEX,0.0287,0.34,"Pull back on stomach post-surgeon's end grasp, continuing till fully straight in camera.",176,current_public_raw_rows_not_exact_training_probability,0.003444468447708888,1.0,0.003685632316294264,1.2695044223331817e-05,1.3181508028667162e-05
tud_tundra_ur5e:00,tud_tundra_ur5e,Surgical/TUD/260131_TUNDRA_dataset/grasping_retraction,tud/260131_tundra_dataset/grasping_retraction,TASK_INDEX,0.0287,0.34,Remain positioned until the surgeon picks up the colon and positions it for your robotic grasp.,625,current_public_raw_rows_not_exact_training_probability,0.003444468447708888,1.0,0.013088182941385881,4.5081833179445376e-05,4.6809332488164644e-05
tud_tundra_ur5e:00,tud_tundra_ur5e,Surgical/TUD/260131_TUNDRA_dataset/grasping_retraction,tud/260131_tundra_dataset/grasping_retraction,TASK_INDEX,0.0287,0.34,Approach the colon grasped by the surgeon  and open your gripper to receive and take over the hold.,634,current_public_raw_rows_not_exact_training_probability,0.003444468447708888,1.0,0.013276652775741839,4.5731011577229396e-05,4.748338687599422e-05
tud_tundra_ur5e:00,tud_tundra_ur5e,Surgical/TUD/260131_TUNDRA_dataset/grasping_retraction,tud/260131_tundra_dataset/grasping_retraction,TASK_INDEX,0.0287,0.34,Close down on the colon for hold. Keep position awaiting surgeon's counterpart grasp.,1132,current_public_raw_rows_not_exact_training_probability,0.003444468447708888,1.0,0.02370531694343811,8.165221625461148e-05,8.478106300256382e-05
tud_tundra_ur5e:00,tud_tundra_ur5e,Surgical/TUD/260131_TUNDRA_dataset/grasping_retraction,tud/260131_tundra_dataset/grasping_retraction,TASK_INDEX,0.0287,0.34,Remain positioned until the surgeon picks up the stomach and positions it for your robotic grasp.,320,current_public_raw_rows_not_exact_training_probability,0.003444468447708888,1.0,0.006701149665989572,2.3081898587876035e-05,2.39663782339403e-05
tud_tundra_ur5e:00,tud_tundra_ur5e,Surgical/TUD/260131_TUNDRA_dataset/grasping_retraction,tud/260131_tundra_dataset/grasping_retraction,TASK_INDEX,0.0287,0.34,Approach the stomach grasped by the surgeon  and open your gripper to receive and take over the hold.,292,current_public_raw_rows_not_exact_training_probability,0.003444468447708888,1.0,0.006114799070215484,2.1062232461436882e-05,2.1869320138470523e-05
tud_tundra_ur5e:00,tud_tundra_ur5e,Surgical/TUD/260131_TUNDRA_dataset/grasping_retraction,tud/260131_tundra_dataset/grasping_retraction,TASK_INDEX,0.0287,0.34,Close down on the stomach for hold. Keep position awaiting surgeon's counterpart grasp.,442,current_public_raw_rows_not_exact_training_probability,0.003444468447708888,1.0,0.009255962976148096,3.1881872424503776e-05,3.310355993563004e-05
tud_tundra_ur5e:00,tud_tundra_ur5e,Surgical/TUD/260131_TUNDRA_dataset/grasping_retraction,tud/260131_tundra_dataset/grasping_retraction,TASK_INDEX,0.0287,0.34,"Pull back on colon post-surgeon's end grasp, continuing till fully straight in camera.",265,current_public_raw_rows_not_exact_training_probability,0.003444468447708888,1.0,0.005549389567147614,1.911469726808484e-05,1.984715697498181e-05
